-- Generated by Craft v2.6.2987 on Jul 26, 2017, 10:45:18 AM.

--
-- Disable foreign key checks and autocommit.
--

SET FOREIGN_KEY_CHECKS = 0;
SET SQL_MODE = "NO_AUTO_VALUE_ON_ZERO";
SET AUTOCOMMIT = 0;
SET NAMES utf8;


DROP TABLE IF EXISTS `craft_assetfiles`;


--
-- Schema for table `craft_assetfiles`
--
CREATE TABLE `craft_assetfiles` (
  `id` int(11) NOT NULL,
  `sourceId` int(11) DEFAULT NULL,
  `folderId` int(11) NOT NULL,
  `filename` varchar(255) COLLATE utf8_unicode_ci NOT NULL,
  `kind` varchar(50) COLLATE utf8_unicode_ci NOT NULL DEFAULT 'unknown',
  `width` int(11) unsigned DEFAULT NULL,
  `height` int(11) unsigned DEFAULT NULL,
  `size` bigint(20) unsigned DEFAULT NULL,
  `dateModified` datetime DEFAULT NULL,
  `dateCreated` datetime NOT NULL,
  `dateUpdated` datetime NOT NULL,
  `uid` char(36) COLLATE utf8_unicode_ci NOT NULL DEFAULT '0',
  PRIMARY KEY (`id`),
  UNIQUE KEY `craft_assetfiles_filename_folderId_unq_idx` (`filename`,`folderId`),
  KEY `craft_assetfiles_sourceId_fk` (`sourceId`),
  KEY `craft_assetfiles_folderId_fk` (`folderId`)
) ENGINE=InnoDB DEFAULT CHARSET=utf8 COLLATE=utf8_unicode_ci;

--
-- Data for table `craft_assetfiles`
--

INSERT INTO `craft_assetfiles` (`id`, `sourceId`, `folderId`, `filename`, `kind`, `width`, `height`, `size`, `dateModified`, `dateCreated`, `dateUpdated`, `uid`) VALUES
 ('53', '2', '2', 'pos1.jpg', 'image', '551', '480', '54118', '2017-03-01 11:57:59', '2017-03-01 12:11:03', '2017-07-25 14:12:14', '249b071c-5466-4d3c-b76d-0165e1d230d7'),
 ('54', '2', '2', 'pos2.jpg', 'image', '551', '480', '60678', '2017-03-01 11:58:31', '2017-03-01 12:11:03', '2017-07-25 14:12:15', '12eb74d9-6cc0-4354-ae0f-4d50c812447c'),
 ('55', '1', '1', 'draw1.jpg', 'image', '600', '673', '81415', '2017-03-01 12:07:19', '2017-03-01 12:14:44', '2017-07-25 14:12:16', 'f903343c-d86b-4218-805b-500f7ee5d7f6'),
 ('56', '1', '1', 'draw2.jpg', 'image', '300', '471', '28810', '2017-03-01 12:07:51', '2017-03-01 12:14:45', '2017-07-25 14:12:15', 'f8e23044-684d-4595-b05f-6fc09435e8ad'),
 ('58', '3', '3', 'hero1.jpg', 'image', '800', '487', '167597', '2017-03-02 16:55:57', '2017-03-02 16:59:04', '2017-07-25 14:12:17', '8255eb41-560b-4c37-a49a-86da0fe9632c'),
 ('59', '2', '2', 'pos3.jpg', 'image', '600', '184', '25567', '2017-03-02 17:18:31', '2017-03-02 17:19:19', '2017-07-25 14:12:14', '16ebb5e9-6069-4431-ab26-e5d53b55b22a'),
 ('60', '2', '2', 'pos4.jpg', 'image', '600', '184', '26184', '2017-03-02 17:19:00', '2017-03-02 17:19:19', '2017-07-25 14:12:15', 'cc9975f9-3156-425b-9765-0025292642ef'),
 ('114', '1', '1', 'av-mounts.jpg', 'image', '600', '256', '33881', '2017-07-25 09:35:52', '2017-07-25 09:35:52', '2017-07-25 14:12:15', 'e12c4c1b-6ab3-4082-981f-e504189053f1'),
 ('115', '1', '1', 'flexible.jpg', 'image', '300', '682', '42629', '2017-07-25 09:35:52', '2017-07-25 09:35:52', '2017-07-25 14:12:15', '63fa2163-187e-4c5e-a97b-e0497c385d72'),
 ('116', '1', '1', 'mating-flanges.jpg', 'image', '300', '722', '45033', '2017-07-25 09:35:52', '2017-07-25 09:35:52', '2017-07-25 14:12:16', 'cf64f8fc-128c-408b-8d18-c07cfad7db32'),
 ('117', '1', '1', 'mounting-feet.jpg', 'image', '600', '290', '29686', '2017-07-25 09:35:53', '2017-07-25 09:35:53', '2017-07-25 14:12:16', 'a0b09669-b12d-4eed-bcea-3dd15b44c4cf'),
 ('122', '1', '1', 'long-cased.jpg', 'image', '600', '1200', '131903', '2017-07-25 10:16:07', '2017-07-25 10:16:07', '2017-07-25 14:12:16', 'a521795a-9ecf-43fe-9c4d-6418cb893a1d'),
 ('123', '1', '1', 'short-cased.jpg', 'image', '600', '1205', '145309', '2017-07-25 10:29:08', '2017-07-25 10:29:08', '2017-07-25 14:12:17', '01fc7053-bdb0-4b0b-a0c3-78d1733c9c29'),
 ('125', '1', '1', 'long-1.jpg', 'image', '600', '626', '72827', '2017-07-25 14:11:03', '2017-07-25 14:12:16', '2017-07-25 14:12:16', '180dd089-3580-4ef0-b154-72485b73caed'),
 ('126', '1', '1', 'long-2.jpg', 'image', '600', '551', '60078', '2017-07-25 14:11:37', '2017-07-25 14:12:16', '2017-07-25 14:12:16', '3f248088-7f67-4867-af76-c9ca20a2e341'),
 ('127', '1', '1', 'short-1.jpg', 'image', '600', '603', '71985', '2017-07-25 14:08:11', '2017-07-25 14:12:17', '2017-07-25 14:12:17', '123c9322-5d7f-46bb-88fa-6624a71c651b'),
 ('128', '1', '1', 'short-2.jpg', 'image', '600', '630', '79313', '2017-07-25 14:07:26', '2017-07-25 14:12:17', '2017-07-25 14:12:17', '296bb0f4-365d-4467-9a7b-2d7118cbc211');



DROP TABLE IF EXISTS `craft_assetfolders`;


--
-- Schema for table `craft_assetfolders`
--
CREATE TABLE `craft_assetfolders` (
  `id` int(11) NOT NULL AUTO_INCREMENT,
  `parentId` int(11) DEFAULT NULL,
  `sourceId` int(11) DEFAULT NULL,
  `name` varchar(255) COLLATE utf8_unicode_ci NOT NULL,
  `path` varchar(255) COLLATE utf8_unicode_ci DEFAULT NULL,
  `dateCreated` datetime NOT NULL,
  `dateUpdated` datetime NOT NULL,
  `uid` char(36) COLLATE utf8_unicode_ci NOT NULL DEFAULT '0',
  PRIMARY KEY (`id`),
  UNIQUE KEY `craft_assetfolders_name_parentId_sourceId_unq_idx` (`name`,`parentId`,`sourceId`),
  KEY `craft_assetfolders_parentId_fk` (`parentId`),
  KEY `craft_assetfolders_sourceId_fk` (`sourceId`)
) ENGINE=InnoDB AUTO_INCREMENT=4 DEFAULT CHARSET=utf8 COLLATE=utf8_unicode_ci;

--
-- Data for table `craft_assetfolders`
--

INSERT INTO `craft_assetfolders` (`id`, `parentId`, `sourceId`, `name`, `path`, `dateCreated`, `dateUpdated`, `uid`) VALUES
 ('1', NULL, '1', 'Drawings', '', '2017-02-28 16:54:33', '2017-02-28 16:54:33', '7135c9d8-5eac-425b-b64e-8cf6bf243739'),
 ('2', NULL, '2', 'Fans', '', '2017-02-28 16:55:09', '2017-02-28 16:55:09', '6a05e0ee-6f16-4d18-95b0-658aeb5e1a99'),
 ('3', NULL, '3', 'General', '', '2017-03-02 16:58:47', '2017-03-02 16:58:47', '1c18353f-7dd8-45d3-8dfd-80853bc02fdf');



DROP TABLE IF EXISTS `craft_assetindexdata`;


--
-- Schema for table `craft_assetindexdata`
--
CREATE TABLE `craft_assetindexdata` (
  `id` int(11) NOT NULL AUTO_INCREMENT,
  `sessionId` varchar(36) COLLATE utf8_unicode_ci NOT NULL DEFAULT '',
  `sourceId` int(10) NOT NULL,
  `offset` int(10) NOT NULL,
  `uri` varchar(255) COLLATE utf8_unicode_ci DEFAULT NULL,
  `size` varchar(255) COLLATE utf8_unicode_ci DEFAULT NULL,
  `recordId` int(10) DEFAULT NULL,
  `dateCreated` datetime NOT NULL,
  `dateUpdated` datetime NOT NULL,
  `uid` char(36) COLLATE utf8_unicode_ci NOT NULL DEFAULT '0',
  PRIMARY KEY (`id`),
  UNIQUE KEY `craft_assetindexdata_sessionId_sourceId_offset_unq_idx` (`sessionId`,`sourceId`,`offset`),
  KEY `craft_assetindexdata_sourceId_fk` (`sourceId`)
) ENGINE=InnoDB DEFAULT CHARSET=utf8 COLLATE=utf8_unicode_ci;

DROP TABLE IF EXISTS `craft_assetsources`;


--
-- Schema for table `craft_assetsources`
--
CREATE TABLE `craft_assetsources` (
  `id` int(11) NOT NULL AUTO_INCREMENT,
  `name` varchar(255) COLLATE utf8_unicode_ci NOT NULL,
  `handle` varchar(255) COLLATE utf8_unicode_ci NOT NULL,
  `type` varchar(150) COLLATE utf8_unicode_ci NOT NULL,
  `settings` text COLLATE utf8_unicode_ci,
  `sortOrder` smallint(6) unsigned DEFAULT NULL,
  `fieldLayoutId` int(10) DEFAULT NULL,
  `dateCreated` datetime NOT NULL,
  `dateUpdated` datetime NOT NULL,
  `uid` char(36) COLLATE utf8_unicode_ci NOT NULL DEFAULT '0',
  PRIMARY KEY (`id`),
  UNIQUE KEY `craft_assetsources_name_unq_idx` (`name`),
  UNIQUE KEY `craft_assetsources_handle_unq_idx` (`handle`),
  KEY `craft_assetsources_fieldLayoutId_fk` (`fieldLayoutId`)
) ENGINE=InnoDB AUTO_INCREMENT=4 DEFAULT CHARSET=utf8 COLLATE=utf8_unicode_ci;

--
-- Data for table `craft_assetsources`
--

INSERT INTO `craft_assetsources` (`id`, `name`, `handle`, `type`, `settings`, `sortOrder`, `fieldLayoutId`, `dateCreated`, `dateUpdated`, `uid`) VALUES
 ('1', 'Drawings', 'drawings', 'Local', '{\"path\":\"img\\/drawings\\/\",\"publicURLs\":\"1\",\"url\":\"http:\\/\\/victoriafans:8888\\/img\\/drawings\\/\"}', '1', '48', '2017-02-28 16:54:33', '2017-03-01 12:10:58', '97f1d3a7-ddd4-4455-b3cd-927bbab12ae0'),
 ('2', 'Fans', 'fans', 'Local', '{\"path\":\"img\\/fans\\/\",\"publicURLs\":\"1\",\"url\":\"http:\\/\\/victoriafans:8888\\/img\\/fans\\/\"}', '2', '47', '2017-02-28 16:55:09', '2017-03-01 12:10:52', 'd5a9c26a-f5fe-469c-af09-21310fa8120e'),
 ('3', 'General', 'general', 'Local', '{\"path\":\"img\\/general\\/\",\"publicURLs\":\"1\",\"url\":\"http:\\/\\/victoriafans:8888\\/img\\/general\\/\"}', '3', '53', '2017-03-02 16:58:47', '2017-03-02 16:58:59', 'aec444dc-de0b-42fa-a3a2-a8429e2a61b2');



DROP TABLE IF EXISTS `craft_assettransformindex`;


--
-- Schema for table `craft_assettransformindex`
--
CREATE TABLE `craft_assettransformindex` (
  `id` int(11) NOT NULL AUTO_INCREMENT,
  `fileId` int(11) NOT NULL,
  `filename` varchar(255) COLLATE utf8_unicode_ci DEFAULT NULL,
  `format` varchar(255) COLLATE utf8_unicode_ci DEFAULT NULL,
  `location` varchar(255) COLLATE utf8_unicode_ci NOT NULL,
  `sourceId` int(11) DEFAULT NULL,
  `fileExists` tinyint(1) DEFAULT NULL,
  `inProgress` tinyint(1) DEFAULT NULL,
  `dateIndexed` datetime DEFAULT NULL,
  `dateCreated` datetime NOT NULL,
  `dateUpdated` datetime NOT NULL,
  `uid` char(36) COLLATE utf8_unicode_ci NOT NULL DEFAULT '0',
  PRIMARY KEY (`id`),
  KEY `craft_assettransformindex_sourceId_fileId_location_idx` (`sourceId`,`fileId`,`location`)
) ENGINE=InnoDB DEFAULT CHARSET=utf8 COLLATE=utf8_unicode_ci;

DROP TABLE IF EXISTS `craft_assettransforms`;


--
-- Schema for table `craft_assettransforms`
--
CREATE TABLE `craft_assettransforms` (
  `id` int(11) NOT NULL AUTO_INCREMENT,
  `name` varchar(255) COLLATE utf8_unicode_ci NOT NULL,
  `handle` varchar(255) COLLATE utf8_unicode_ci NOT NULL,
  `mode` enum('stretch','fit','crop') COLLATE utf8_unicode_ci NOT NULL DEFAULT 'crop',
  `position` enum('top-left','top-center','top-right','center-left','center-center','center-right','bottom-left','bottom-center','bottom-right') COLLATE utf8_unicode_ci NOT NULL DEFAULT 'center-center',
  `height` int(10) DEFAULT NULL,
  `width` int(10) DEFAULT NULL,
  `format` varchar(255) COLLATE utf8_unicode_ci DEFAULT NULL,
  `quality` int(10) DEFAULT NULL,
  `dimensionChangeTime` datetime DEFAULT NULL,
  `dateCreated` datetime NOT NULL,
  `dateUpdated` datetime NOT NULL,
  `uid` char(36) COLLATE utf8_unicode_ci NOT NULL DEFAULT '0',
  PRIMARY KEY (`id`),
  UNIQUE KEY `craft_assettransforms_name_unq_idx` (`name`),
  UNIQUE KEY `craft_assettransforms_handle_unq_idx` (`handle`)
) ENGINE=InnoDB AUTO_INCREMENT=2 DEFAULT CHARSET=utf8 COLLATE=utf8_unicode_ci;

--
-- Data for table `craft_assettransforms`
--

INSERT INTO `craft_assettransforms` (`id`, `name`, `handle`, `mode`, `position`, `height`, `width`, `format`, `quality`, `dimensionChangeTime`, `dateCreated`, `dateUpdated`, `uid`) VALUES
 ('1', 'Diagram Thumb', 'diagramThumb', 'crop', 'center-center', '250', '250', 'jpg', NULL, '2017-07-26 09:39:43', '2017-07-26 09:38:16', '2017-07-26 09:39:43', '8e6fc5fd-8d26-4e4f-8c9f-68ca36416d26');



DROP TABLE IF EXISTS `craft_categories`;


--
-- Schema for table `craft_categories`
--
CREATE TABLE `craft_categories` (
  `id` int(11) NOT NULL,
  `groupId` int(11) NOT NULL,
  `dateCreated` datetime NOT NULL,
  `dateUpdated` datetime NOT NULL,
  `uid` char(36) COLLATE utf8_unicode_ci NOT NULL DEFAULT '0',
  PRIMARY KEY (`id`),
  KEY `craft_categories_groupId_fk` (`groupId`)
) ENGINE=InnoDB DEFAULT CHARSET=utf8 COLLATE=utf8_unicode_ci;

--
-- Data for table `craft_categories`
--

INSERT INTO `craft_categories` (`id`, `groupId`, `dateCreated`, `dateUpdated`, `uid`) VALUES
 ('4', '1', '2017-02-27 15:10:36', '2017-07-24 16:20:00', '3c5ca52e-e408-4d77-974f-fd46c3537f60'),
 ('5', '1', '2017-02-27 15:10:49', '2017-07-24 16:36:34', '5f89a3af-b20a-4a1f-8361-177683fc2cee'),
 ('6', '1', '2017-02-27 15:11:01', '2017-03-24 16:26:53', 'b0a5d603-fad4-42fa-8270-84b108cabb42'),
 ('7', '1', '2017-02-27 15:11:11', '2017-05-10 15:47:40', 'd932e98d-7eb9-442f-a0a7-c1063b95644f');



DROP TABLE IF EXISTS `craft_categorygroups`;


--
-- Schema for table `craft_categorygroups`
--
CREATE TABLE `craft_categorygroups` (
  `id` int(11) NOT NULL AUTO_INCREMENT,
  `structureId` int(11) NOT NULL,
  `fieldLayoutId` int(11) DEFAULT NULL,
  `name` varchar(255) COLLATE utf8_unicode_ci NOT NULL,
  `handle` varchar(255) COLLATE utf8_unicode_ci NOT NULL,
  `hasUrls` tinyint(1) unsigned NOT NULL DEFAULT '1',
  `template` varchar(500) COLLATE utf8_unicode_ci DEFAULT NULL,
  `dateCreated` datetime NOT NULL,
  `dateUpdated` datetime NOT NULL,
  `uid` char(36) COLLATE utf8_unicode_ci NOT NULL DEFAULT '0',
  PRIMARY KEY (`id`),
  UNIQUE KEY `craft_categorygroups_name_unq_idx` (`name`),
  UNIQUE KEY `craft_categorygroups_handle_unq_idx` (`handle`),
  KEY `craft_categorygroups_structureId_fk` (`structureId`),
  KEY `craft_categorygroups_fieldLayoutId_fk` (`fieldLayoutId`)
) ENGINE=InnoDB AUTO_INCREMENT=2 DEFAULT CHARSET=utf8 COLLATE=utf8_unicode_ci;

--
-- Data for table `craft_categorygroups`
--

INSERT INTO `craft_categorygroups` (`id`, `structureId`, `fieldLayoutId`, `name`, `handle`, `hasUrls`, `template`, `dateCreated`, `dateUpdated`, `uid`) VALUES
 ('1', '1', '67', 'Product Application', 'catGrp_productApplication', '1', 'by_application', '2017-02-27 15:10:11', '2017-05-10 16:17:39', 'c8ac94d9-2ef2-45be-8384-689fa1937dca');



DROP TABLE IF EXISTS `craft_categorygroups_i18n`;


--
-- Schema for table `craft_categorygroups_i18n`
--
CREATE TABLE `craft_categorygroups_i18n` (
  `id` int(11) NOT NULL AUTO_INCREMENT,
  `groupId` int(11) NOT NULL,
  `locale` char(12) COLLATE utf8_unicode_ci NOT NULL,
  `urlFormat` text COLLATE utf8_unicode_ci,
  `nestedUrlFormat` text COLLATE utf8_unicode_ci,
  `dateCreated` datetime NOT NULL,
  `dateUpdated` datetime NOT NULL,
  `uid` char(36) COLLATE utf8_unicode_ci NOT NULL DEFAULT '0',
  PRIMARY KEY (`id`),
  UNIQUE KEY `craft_categorygroups_i18n_groupId_locale_unq_idx` (`groupId`,`locale`),
  KEY `craft_categorygroups_i18n_locale_fk` (`locale`)
) ENGINE=InnoDB AUTO_INCREMENT=2 DEFAULT CHARSET=utf8 COLLATE=utf8_unicode_ci;

--
-- Data for table `craft_categorygroups_i18n`
--

INSERT INTO `craft_categorygroups_i18n` (`id`, `groupId`, `locale`, `urlFormat`, `nestedUrlFormat`, `dateCreated`, `dateUpdated`, `uid`) VALUES
 ('1', '1', 'en', 'fans-by-application/{slug}', '{slug}', '2017-02-27 15:10:11', '2017-03-01 10:25:50', '7f7f965b-fff7-4709-af2b-f4434e1d90ee');



DROP TABLE IF EXISTS `craft_content`;


--
-- Schema for table `craft_content`
--
CREATE TABLE `craft_content` (
  `id` int(11) NOT NULL AUTO_INCREMENT,
  `elementId` int(11) NOT NULL,
  `locale` char(12) COLLATE utf8_unicode_ci NOT NULL,
  `title` varchar(255) COLLATE utf8_unicode_ci DEFAULT NULL,
  `field_body` text COLLATE utf8_unicode_ci,
  `field_fd_product_global_ShortIntroduction` text COLLATE utf8_unicode_ci,
  `field_fd_specialNote` text COLLATE utf8_unicode_ci,
  `field_fd_product_Individual_Short_Summary` text COLLATE utf8_unicode_ci,
  `field_fd_positioning` text COLLATE utf8_unicode_ci,
  `field_catFd_categoryIntroduction` text COLLATE utf8_unicode_ci,
  `field_fd_productRangeIntroduction` text COLLATE utf8_unicode_ci,
  `field_textOverMap` text COLLATE utf8_unicode_ci,
  `field_introTitle` text COLLATE utf8_unicode_ci,
  `field_introText` text COLLATE utf8_unicode_ci,
  `field_expandedText` text COLLATE utf8_unicode_ci,
  `field_secondaryTitle` text COLLATE utf8_unicode_ci,
  `field_secondaryText` text COLLATE utf8_unicode_ci,
  `field_globalMetaDescription` text COLLATE utf8_unicode_ci,
  `field_globalMetaTitle` text COLLATE utf8_unicode_ci,
  `field_globalSeoOgDescription` text COLLATE utf8_unicode_ci,
  `field_globalSeoOgTitle` text COLLATE utf8_unicode_ci,
  `field_globalSeoTwitterHandle` text COLLATE utf8_unicode_ci,
  `field_globalSeoTwitterDescription` text COLLATE utf8_unicode_ci,
  `field_globalSeoTwitterTitle` text COLLATE utf8_unicode_ci,
  `field_seo_metaDescription` text COLLATE utf8_unicode_ci,
  `field_seo_metaOgDescription` text COLLATE utf8_unicode_ci,
  `field_seo_metaOgTitle` text COLLATE utf8_unicode_ci,
  `field_seo_metaTitle` text COLLATE utf8_unicode_ci,
  `field_seo_metaTwitterDescription` text COLLATE utf8_unicode_ci,
  `field_seo_metaTwitterTitle` text COLLATE utf8_unicode_ci,
  `dateCreated` datetime NOT NULL,
  `dateUpdated` datetime NOT NULL,
  `uid` char(36) COLLATE utf8_unicode_ci NOT NULL DEFAULT '0',
  PRIMARY KEY (`id`),
  UNIQUE KEY `craft_content_elementId_locale_unq_idx` (`elementId`,`locale`),
  KEY `craft_content_title_idx` (`title`),
  KEY `craft_content_locale_fk` (`locale`)
) ENGINE=InnoDB AUTO_INCREMENT=66 DEFAULT CHARSET=utf8 COLLATE=utf8_unicode_ci;

--
-- Data for table `craft_content`
--

INSERT INTO `craft_content` (`id`, `elementId`, `locale`, `title`, `field_body`, `field_fd_product_global_ShortIntroduction`, `field_fd_specialNote`, `field_fd_product_Individual_Short_Summary`, `field_fd_positioning`, `field_catFd_categoryIntroduction`, `field_fd_productRangeIntroduction`, `field_textOverMap`, `field_introTitle`, `field_introText`, `field_expandedText`, `field_secondaryTitle`, `field_secondaryText`, `field_globalMetaDescription`, `field_globalMetaTitle`, `field_globalSeoOgDescription`, `field_globalSeoOgTitle`, `field_globalSeoTwitterHandle`, `field_globalSeoTwitterDescription`, `field_globalSeoTwitterTitle`, `field_seo_metaDescription`, `field_seo_metaOgDescription`, `field_seo_metaOgTitle`, `field_seo_metaTitle`, `field_seo_metaTwitterDescription`, `field_seo_metaTwitterTitle`, `dateCreated`, `dateUpdated`, `uid`) VALUES
 ('1', '1', 'en', NULL, NULL, NULL, NULL, NULL, NULL, NULL, NULL, NULL, NULL, NULL, NULL, NULL, NULL, NULL, NULL, NULL, NULL, NULL, NULL, NULL, NULL, NULL, NULL, NULL, NULL, NULL, '2017-02-27 15:05:18', '2017-02-27 15:05:18', 'd48ca024-d652-4438-a3dc-962962d1f6c3'),
 ('2', '2', 'en', 'Welcome to Victoriafans!', '<p>It’s true, this site doesn’t have a whole lot of content yet, but don’t worry. Our web developers have just installed the CMS, and they’re setting things up for the content editors this very moment. Soon Victoriafans will be an oasis of fresh perspectives, sharp analyses, and astute opinions that will keep you coming back again and again.</p>', NULL, NULL, NULL, NULL, NULL, NULL, NULL, NULL, NULL, NULL, NULL, NULL, NULL, NULL, NULL, NULL, NULL, NULL, NULL, NULL, NULL, NULL, NULL, NULL, NULL, '2017-02-27 15:05:21', '2017-03-02 17:00:07', 'dad32780-537e-4516-b84f-11244b4888f3'),
 ('4', '4', 'en', 'General Ventilation', NULL, NULL, NULL, NULL, NULL, '<p>This is General Ventilation, Lorem ipsum dolor sit amet, consectetur adipisicing elit. Ipsam minus totam in explicabo voluptate quas consequatur mollitia, ducimus adipisci aliquid animi vero veritatis fugit! Enim commodi optio, itaque nisi fugit!</p>', NULL, NULL, NULL, NULL, NULL, NULL, NULL, NULL, NULL, NULL, NULL, NULL, NULL, NULL, NULL, NULL, NULL, NULL, NULL, NULL, '2017-02-27 15:10:36', '2017-07-24 16:20:00', 'bc052df8-01ea-4e6a-abd0-020f9b1eabc9'),
 ('5', '5', 'en', 'Fume Control', NULL, NULL, NULL, NULL, NULL, '<p>There are a number of factors to take into account when installing a fume control system: The type of substance in the contaminated area, flammability or combustibility, required airflow, pressure, resistance and of course the mounting position and space available.  Our advisory team are always happy to chat through your particular circumstance and ensure you order the correct product.</p>', NULL, NULL, NULL, NULL, NULL, NULL, NULL, NULL, NULL, NULL, NULL, NULL, NULL, NULL, NULL, NULL, NULL, NULL, NULL, NULL, '2017-02-27 15:10:49', '2017-07-24 16:36:34', '230df4f4-69d8-4aa4-9295-4d030d7a75e9'),
 ('6', '6', 'en', 'Emergency Smoke Extraction', NULL, NULL, NULL, NULL, NULL, '<p>In the event of a fire in densely populated buildings such as Hospitals, Stores, Sports Centres and Shopping Malls, it is essential that adequate emergency smoke ventilation is provided.  This not only keeps escapes routes clear but also minimises damage to buildings and contents and assists the Fire Service in fighting fire.</p>\n<p>The type of fan can be used as part of a Roof Extract unit incorporating a Victoria fabricated steel Vertical Jet Roof Extract Cowl.</p>', NULL, NULL, NULL, NULL, NULL, NULL, NULL, NULL, NULL, NULL, NULL, NULL, NULL, NULL, NULL, NULL, NULL, NULL, NULL, NULL, '2017-02-27 15:11:01', '2017-03-24 16:26:53', '9448227d-ccd3-444f-95fe-b694d9c55e45'),
 ('7', '7', 'en', ' Roof Extract Fans', NULL, NULL, NULL, NULL, NULL, '<p>As their suggests this range of fans is used on flat or sloping roofs and is suitable for exhausting warm and contaminated air up to a maximum ambient temperatures of 60°C using an axial or propeller type fan upto 600°C using axials or bifurcated fans.</p>\n<p>Air volumes from 0.5 – 50m³/sec</p>\n<p>Both LOW PROFILE and VERTICAL JET models can be fitted with single or three phase motor in TEFC or flameproof enclosures.</p>', NULL, NULL, NULL, NULL, NULL, NULL, NULL, NULL, NULL, NULL, NULL, NULL, NULL, NULL, NULL, NULL, NULL, NULL, NULL, NULL, '2017-02-27 15:11:11', '2017-05-10 15:47:40', 'aa12e500-e50d-4db9-9162-be5313669573'),
 ('16', '17', 'en', 'Axial Flow Fans', NULL, '<p>Our Axial Fans can be supplied as both cased and plate mounted versions. These fans are suitable for most applications including general ventilation for large, medium and small industrial spaces.  The size of space and purpose will determine which variant and size of fan is most appropriate to your specific requirement.  Our experts are on hand to assist you with choosing the correct fan.</p>', 'All Long and Short cased fans can be supplied with 304 or 316 Stainless Steel Casings', NULL, NULL, NULL, NULL, NULL, NULL, NULL, NULL, NULL, NULL, NULL, NULL, NULL, NULL, NULL, NULL, NULL, '', '', '', '', '', '', '2017-02-27 16:02:49', '2017-07-24 16:29:19', 'a04c4c22-b132-4391-83c8-3ee736a6d647'),
 ('17', '18', 'en', 'Plate Mounted Axial', NULL, '<p>This is all about the plate mounted axial fan</p>', NULL, '<p>Plate Mounted Axial fans are designed for Clean Air Supply and extraction of poor quality air. </p>', 'Wall or roof mounting where ducting is not required.', NULL, NULL, NULL, NULL, NULL, NULL, NULL, NULL, NULL, NULL, NULL, NULL, NULL, NULL, NULL, '', '', '', '', '', '', '2017-02-27 16:03:13', '2017-07-25 09:57:05', '7b15f80a-3636-4dcb-ae81-7385b3ae81b0'),
 ('18', '19', 'en', 'Bifurcated Fans', NULL, '<p>Bifurcated fans are used to exhaust a wide variety of hot gases, paint fumes, smoke, steam and dust in suspension.</p>', 'For the foodstuffs and chemical industries these fans can be constructed from stainless steel of aluminium at competitive cost.', NULL, NULL, NULL, NULL, NULL, NULL, NULL, NULL, NULL, NULL, NULL, NULL, NULL, NULL, NULL, NULL, NULL, '', '', '', '', '', '', '2017-02-27 16:07:43', '2017-07-25 09:40:54', 'bf7d1aa7-647f-4330-aeed-664b9b96ede4'),
 ('19', '20', 'en', 'Centrifugal Fans', NULL, '<p>Praesent non elit nec sem interdum suscipit quis imperdiet felis. Praesent nulla ligula, consectetur sit amet tortor commodo, tristique viverra ex. Pellentesque laoreet erat sit amet sagittis tempor.</p>', 'Since forward curved and paddle blade fans have overloading power characteristics it is important that the static selection pressure is achieved.  Any reduction in the requirements could easily overload the motor.', NULL, NULL, NULL, NULL, NULL, NULL, NULL, NULL, NULL, NULL, NULL, NULL, NULL, NULL, NULL, NULL, NULL, NULL, NULL, NULL, NULL, NULL, NULL, '2017-02-27 16:08:02', '2017-03-27 14:32:13', '0ff74193-578b-44d5-992a-b97b9f8bb30e'),
 ('20', '21', 'en', 'Flameproof Fans EXD Zone 1 & 2', NULL, '<p>Morbi quis pulvinar nisi. Proin et magna enim. Donec quis mi vitae diam fringilla placerat et hendrerit massa. Vestibulum sit amet urna posuere diam lacinia egestas.</p>', '', NULL, NULL, NULL, NULL, NULL, NULL, NULL, NULL, NULL, NULL, NULL, NULL, NULL, NULL, NULL, NULL, NULL, '', '', '', '', '', '', '2017-02-27 16:08:22', '2017-07-25 09:58:01', 'd557dd43-ea08-4191-8080-54d751ec3b91'),
 ('21', '22', 'en', 'Conical Bifurcated', NULL, '', NULL, '<p>Conical Sed ultrices hendrerit velit non efficitur. Mauris nisl neque, aliquam ut eros eget, tristique mollis nunc. Mauris vitae mi posuere, suscipit eros eget, pellentesque arcu. Pellentesque efficitur mauris a magna congue faucibus.</p>', '', NULL, NULL, NULL, NULL, NULL, NULL, NULL, NULL, NULL, NULL, NULL, NULL, NULL, NULL, NULL, NULL, NULL, NULL, NULL, NULL, NULL, '2017-02-27 16:09:02', '2017-03-24 11:50:58', '8b72e471-6f95-49f0-a0e6-6dfed8072bf1'),
 ('22', '23', 'en', 'Cylindrical Bifurcated', NULL, '', NULL, '<p>Curabitur magna sapien, consectetur eget nulla tincidunt, euismod ultrices mi. Praesent id venenatis felis, at accumsan elit. Vivamus bibendum ullamcorper arcu ut efficitur.</p>', '', NULL, NULL, NULL, NULL, NULL, NULL, NULL, NULL, NULL, NULL, NULL, NULL, NULL, NULL, NULL, '', '', '', '', '', '', '2017-02-27 16:09:23', '2017-07-25 14:29:03', '826c6e3d-51e0-49b9-bb90-49da942de0f2'),
 ('23', '24', 'en', 'Long Cased Axial', NULL, '', NULL, '<p>Long Cased Axial Mauris tristique nunc eu orci sollicitudin ultricies. Duis ultricies eros scelerisque bibendum viverra. Suspendisse volutpat sagittis pretium. Suspendisse porttitor faucibus quam, in dapibus odio semper ac. Pellentesque a sapien tincidunt, consequat tortor sit amet, tempor magna. Nullam blandit vitae lectus id efficitur.</p>', '', NULL, NULL, NULL, NULL, NULL, NULL, NULL, NULL, NULL, NULL, NULL, NULL, NULL, NULL, NULL, '', '', '', '', '', '', '2017-02-27 16:09:41', '2017-07-25 14:12:42', '00602024-205d-4eb4-bf49-cbfed71fcb7b'),
 ('24', '25', 'en', 'Short Cased Axial', NULL, '', NULL, '<p>Short Cased Axial Pellentesque id mollis lacus. Aenean quis urna mauris. Aenean laoreet ipsum non laoreet vehicula. Sed egestas interdum venenatis. Sed vel nisl eu nulla lacinia consectetur.</p>', '', NULL, NULL, NULL, NULL, NULL, NULL, NULL, NULL, NULL, NULL, NULL, NULL, NULL, NULL, NULL, '', '', '', '', '', '', '2017-02-27 16:10:05', '2017-07-25 14:12:54', '0042d1bb-0e3f-4c47-807d-dfc2075f2f2c'),
 ('26', '27', 'en', 'Roof Extract Axial', NULL, '', NULL, '<p>Roof Extract Axial Vestibulum fringilla purus vel odio volutpat, id congue velit pellentesque. Ut ullamcorper, dolor eu mattis tincidunt, dui metus blandit nisi, pharetra tristique ante tortor id elit. Curabitur orci justo, commodo vel suscipit quis, mollis quis magna.</p>', '', NULL, NULL, NULL, NULL, NULL, NULL, NULL, NULL, NULL, NULL, NULL, NULL, NULL, NULL, NULL, NULL, NULL, NULL, NULL, NULL, NULL, '2017-02-27 16:10:40', '2017-03-24 11:49:15', 'f3acfde0-19c5-4a22-980b-398d381de6f3'),
 ('27', '28', 'en', 'Man Cooler Axial', NULL, '<p>This range of fans are used to provide ventilation in factories or confined spaces where a fixed installation would not provide enough flexibility.  These fans are useful in welding and paint fume exhausts, grain and hay drying, brick cooling, steel billet cooling and ships hold ventilation. Flexible or canvas hose can be fitted to the inlet of the fan to give \'point\' extract from remote locations.</p>', '', '<p>As an alternative to fixed installations, this flexible range is ideal in the ventilation of factories or confined spaces such as ships\' holds.  Man Cooler Fans are also useful for cooling bricks and drying grain.  These fans can be aimed at distinct locations by fitting a flexible or canvas hose.</p>', '', NULL, NULL, NULL, NULL, NULL, NULL, NULL, NULL, NULL, NULL, NULL, NULL, NULL, NULL, NULL, '', '', '', '', '', '', '2017-02-27 16:10:56', '2017-07-26 10:26:24', 'f7732f24-0c45-4fcf-b29c-f16c129efb71'),
 ('29', '30', 'en', 'High Pressure Centrifugal Blowers', NULL, '', NULL, '<p>High Pressure Centrifugal Blowers..Fusce volutpat odio vel purus tincidunt semper. Aliquam at maximus mi. Integer congue dapibus congue. Etiam tempus est sit amet erat maximus, vel ultricies tortor vestibulum.  </p>', '', NULL, NULL, NULL, NULL, NULL, NULL, NULL, NULL, NULL, NULL, NULL, NULL, NULL, NULL, NULL, NULL, NULL, NULL, NULL, NULL, NULL, '2017-02-27 16:17:30', '2017-03-24 11:52:17', '10181127-7ab7-43ed-b718-35b1e6fb1977'),
 ('30', '31', 'en', 'Plate Mounted Axial', NULL, '', NULL, '<p>Flameproof Plate Mounted Axial Morbi ut dapibus eros, eu vehicula nisl. Integer elementum vestibulum orci. Fusce hendrerit rutrum pharetra. Nam ornare efficitur metus, a vestibulum turpis vulputate vitae. Nulla in ipsum sagittis, pulvinar dui sit amet, commodo nunc.</p>', '', NULL, NULL, NULL, NULL, NULL, NULL, NULL, NULL, NULL, NULL, NULL, NULL, NULL, NULL, NULL, NULL, NULL, NULL, NULL, NULL, NULL, '2017-02-27 16:17:46', '2017-03-24 11:51:45', '82d8c2d6-f4a3-4e27-8d30-e86cc60e1722'),
 ('31', '32', 'en', 'Paddle Bladed Centrifugal Fans', NULL, '', NULL, '<p>Paddle Nullam mattis magna quis metus semper viverra non at eros. Vestibulum rhoncus pharetra nibh, at scelerisque turpis elementum quis. Curabitur elit dolor, fringilla quis lacus ac, efficitur lobortis enim.</p>', '', NULL, NULL, NULL, NULL, NULL, NULL, NULL, NULL, NULL, NULL, NULL, NULL, NULL, NULL, NULL, NULL, NULL, NULL, NULL, NULL, NULL, '2017-02-27 16:18:09', '2017-03-24 11:52:44', '9f43fb66-7646-4e86-80af-b1e371c25b0b'),
 ('32', '33', 'en', 'Forward Curved Centrifugal Fans', NULL, '', NULL, '<p>Forward Pellentesque tincidunt lacinia semper. Sed lacinia eget est non commodo. Aliquam leo dolor, molestie ac ex at, ultricies consectetur neque. Fusce eget dignissim eros, id mollis est. Aenean at vehicula ante, eu imperdiet lorem.</p>', '', NULL, NULL, NULL, NULL, NULL, NULL, NULL, NULL, NULL, NULL, NULL, NULL, NULL, NULL, NULL, NULL, NULL, NULL, NULL, NULL, NULL, '2017-02-27 16:18:18', '2017-03-24 11:53:10', '1c718a7c-ff32-4552-bcf6-81e6fb1f4ba7'),
 ('33', '34', 'en', 'Backward Curved Centrifugal Fans', NULL, '', NULL, '<p>urabitur sit amet auctor risus. Donec lobortis bibendum tortor, sit amet aliquam metus consequat sed. Donec pretium faucibus dignissim. Vivamus lectus magna, blandit a dui at, porta dapibus risus.</p>', '', NULL, NULL, NULL, NULL, NULL, NULL, NULL, NULL, NULL, NULL, NULL, NULL, NULL, NULL, NULL, NULL, NULL, NULL, NULL, NULL, NULL, '2017-02-27 16:18:46', '2017-03-07 17:19:18', '75c07ca5-ea49-49d7-aef6-0e17f3479c04'),
 ('34', '35', 'en', 'Aerofoil Centrifugal Fans', NULL, '', NULL, '<p>Aerofoil Duis at leo sed mauris aliquam facilisis eu et neque. Mauris ut massa orci. Vestibulum vitae arcu sed lectus sagittis porttitor eget id sapien. Nulla vehicula nibh quis tortor bibendum posuere vitae in diam.</p>', '', NULL, NULL, NULL, NULL, NULL, NULL, NULL, NULL, NULL, NULL, NULL, NULL, NULL, NULL, NULL, NULL, NULL, NULL, NULL, NULL, NULL, '2017-02-27 16:19:40', '2017-03-24 11:53:44', 'e3fa9cbb-49c6-415c-a9c6-926a36dceb91'),
 ('37', '53', 'en', 'Pos1', NULL, NULL, NULL, NULL, NULL, NULL, NULL, NULL, NULL, NULL, NULL, NULL, NULL, NULL, NULL, NULL, NULL, NULL, NULL, NULL, NULL, NULL, NULL, NULL, NULL, NULL, '2017-03-01 12:11:03', '2017-07-25 14:12:14', '44487c06-de65-4934-8e38-1384d17c7250'),
 ('38', '54', 'en', 'Pos2', NULL, NULL, NULL, NULL, NULL, NULL, NULL, NULL, NULL, NULL, NULL, NULL, NULL, NULL, NULL, NULL, NULL, NULL, NULL, NULL, NULL, NULL, NULL, NULL, NULL, NULL, '2017-03-01 12:11:03', '2017-07-25 14:12:15', '1057a3ba-3380-4a30-8e86-93647652e7b1'),
 ('39', '55', 'en', 'Draw1', NULL, NULL, NULL, NULL, NULL, NULL, NULL, NULL, NULL, NULL, NULL, NULL, NULL, NULL, NULL, NULL, NULL, NULL, NULL, NULL, NULL, NULL, NULL, NULL, NULL, NULL, '2017-03-01 12:14:44', '2017-07-25 14:12:15', 'b04523a5-8c4a-4ecd-9c4f-f5401f264cac'),
 ('40', '56', 'en', 'Draw2', NULL, NULL, NULL, NULL, NULL, NULL, NULL, NULL, NULL, NULL, NULL, NULL, NULL, NULL, NULL, NULL, NULL, NULL, NULL, NULL, NULL, NULL, NULL, NULL, NULL, NULL, '2017-03-01 12:14:45', '2017-07-25 14:12:15', '2a5d33c8-9f20-4161-8950-cc31492fd417'),
 ('41', '57', 'en', 'Product Range', NULL, NULL, NULL, NULL, NULL, NULL, '<p>Curabitur convallis, arcu a posuere viverra, justo erat consequat mauris, vel dapibus ex purus rhoncus erat. Etiam egestas purus nibh, eu tincidunt nisl elementum in. Suspendisse potenti. Phasellus molestie viverra quam, ut suscipit massa eleifend id. Orci varius natoque penatibus et magnis dis parturient montes, nascetur ridiculus mus. Maecenas volutpat sodales pellentesque. Donec ullamcorper urna mauris, ut semper mi sagittis vel. Pellentesque habitant morbi tristique senectus et netus et malesuada fames ac turpis egestas.</p>', NULL, NULL, NULL, NULL, NULL, NULL, NULL, NULL, NULL, NULL, NULL, NULL, NULL, NULL, NULL, NULL, NULL, NULL, NULL, '2017-03-01 13:02:16', '2017-03-01 13:37:06', '141e493a-3ea9-4ca4-9f82-b0c74179fd7f'),
 ('42', '58', 'en', 'Hero1', NULL, NULL, NULL, NULL, NULL, NULL, NULL, NULL, NULL, NULL, NULL, NULL, NULL, NULL, NULL, NULL, NULL, NULL, NULL, NULL, NULL, NULL, NULL, NULL, NULL, NULL, '2017-03-02 16:59:04', '2017-07-25 14:12:17', 'fc00a6f6-9e7d-45a9-a135-0dae4f92051e'),
 ('43', '59', 'en', 'Pos3', NULL, NULL, NULL, NULL, NULL, NULL, NULL, NULL, NULL, NULL, NULL, NULL, NULL, NULL, NULL, NULL, NULL, NULL, NULL, NULL, NULL, NULL, NULL, NULL, NULL, NULL, '2017-03-02 17:19:19', '2017-07-25 14:12:14', '8c9e9c12-93ac-45d8-b0ca-9802b9b87ec2'),
 ('44', '60', 'en', 'Pos4', NULL, NULL, NULL, NULL, NULL, NULL, NULL, NULL, NULL, NULL, NULL, NULL, NULL, NULL, NULL, NULL, NULL, NULL, NULL, NULL, NULL, NULL, NULL, NULL, NULL, NULL, '2017-03-02 17:19:19', '2017-07-25 14:12:15', '1192d93f-055a-4e62-beb1-2f41affc95bf'),
 ('46', '62', 'en', 'Company Background', NULL, NULL, NULL, NULL, NULL, NULL, NULL, 'Victoria Fans are proud suppliers to over 1000 organisations across 30 Countries', 'More about us', '<p>Since 1984, Victoria Fans Ltd have produced approximately 40,000 fans of all types for projects in both the UK and abroad. We are well respected in the trade and regularly product fans for other fan suppliers.</p>', '<p>Since 1984, Victoria Fans Ltd have produced approximately 40,000 fans of all types for projects in both the UK and abroad. We are well respected in the trade and regularly product fans for other fan suppliers.</p>\n<p>In the UK Victoria fans are sold directly to the ‘trade’ through a network of professional Fans &amp; Heating &amp; Ventilation distributors carefully selected to know both our products and the local area in which the enquirer trades.</p><p>In other parts of the world there is a Victoria Fans agent with considerable expertise and long association with strategic partners in Europe, the Middle East &amp; Far East.</p>\n<p>Victoria Fans are happy to make dimensional and performance modification to their range of products and can fabricated exact copies of obsolete equipment. We also welcome the opportunity to discuss new or different fan applications with original equipment manufacturers, Consultants or H &amp; V Engineers.</p>', 'STANDARDS AND CERTIFICATION', '<p>We produce fans of high quality and can provide Certificates of Conformity and Test Certificates when requested. Fan performance to BS848 and AMCA 210 and ATEX for Explosion proof fans</p>\n<p>CE Certificates are supplied as appropriate and O &amp; M instructions are available for all the type of fans we supply.</p><p>We are members of The Federation of Environmental Trade Associations Ltd (FETA) and the Fan Manufacturers Association (FMA).<br /></p>', NULL, NULL, NULL, NULL, NULL, NULL, NULL, NULL, NULL, NULL, NULL, NULL, NULL, '2017-03-09 14:05:31', '2017-03-09 14:14:34', 'cc4a45cc-85f4-4aea-a941-3c7bc8a48696'),
 ('47', '96', 'en', NULL, NULL, NULL, NULL, NULL, NULL, NULL, NULL, NULL, NULL, NULL, NULL, NULL, NULL, NULL, NULL, NULL, NULL, NULL, NULL, NULL, NULL, NULL, NULL, NULL, NULL, NULL, '2017-03-27 14:53:01', '2017-03-27 14:54:52', '3a345e4b-39e3-41b0-8a95-ab8d866b7716'),
 ('48', '107', 'en', NULL, NULL, NULL, NULL, NULL, NULL, NULL, NULL, NULL, NULL, NULL, NULL, NULL, NULL, NULL, NULL, NULL, NULL, NULL, NULL, NULL, NULL, NULL, NULL, NULL, NULL, NULL, '2017-07-24 15:31:23', '2017-07-24 15:31:23', 'ce1e0972-5c15-4d21-b025-6c557976fb2b'),
 ('49', '108', 'en', 'Axial & Bifurcated Ancillaries', NULL, '<p>The following ancillaries can be provided as optional extras for Axial and Bifurcated Fans</p>', '', NULL, NULL, NULL, NULL, NULL, NULL, NULL, NULL, NULL, NULL, NULL, NULL, NULL, NULL, NULL, NULL, NULL, '', '', '', '', '', '', '2017-07-25 09:23:03', '2017-07-25 09:25:57', '6ab73a8e-dd52-4e30-a750-f58449cb7512'),
 ('50', '110', 'en', 'Mounting Feet', NULL, '', '', '', '', NULL, NULL, NULL, NULL, NULL, NULL, NULL, NULL, NULL, NULL, NULL, NULL, NULL, NULL, NULL, '', '', '', '', '', '', '2017-07-25 09:23:49', '2017-07-25 15:22:04', 'c6628620-4633-466c-8460-03c4c8abd069'),
 ('51', '111', 'en', 'A. V. Mounts', NULL, '', '', '', '', NULL, NULL, NULL, NULL, NULL, NULL, NULL, NULL, NULL, NULL, NULL, NULL, NULL, NULL, NULL, '', '', '', '', '', '', '2017-07-25 09:24:04', '2017-07-25 15:21:40', '676e60bd-3df6-40d0-855f-6f8752493a22'),
 ('52', '112', 'en', 'Mating Flanges', NULL, '', '', '', '', NULL, NULL, NULL, NULL, NULL, NULL, NULL, NULL, NULL, NULL, NULL, NULL, NULL, NULL, NULL, '', '', '', '', '', '', '2017-07-25 09:26:48', '2017-07-25 15:21:32', 'a10bafe8-474d-4c22-a1dc-94bd560ff62c'),
 ('53', '113', 'en', 'Flexible Connections', NULL, '', '', '', '', NULL, NULL, NULL, NULL, NULL, NULL, NULL, NULL, NULL, NULL, NULL, NULL, NULL, NULL, NULL, '', '', '', '', '', '', '2017-07-25 09:27:09', '2017-07-25 15:21:17', '07541a33-b6fd-4bce-b731-c662312e0ad9'),
 ('54', '114', 'en', 'Av Mounts', NULL, NULL, NULL, NULL, NULL, NULL, NULL, NULL, NULL, NULL, NULL, NULL, NULL, NULL, NULL, NULL, NULL, NULL, NULL, NULL, NULL, NULL, NULL, NULL, NULL, NULL, '2017-07-25 09:35:52', '2017-07-25 14:12:15', '19440a3f-745b-4326-8e76-59de181131bb'),
 ('55', '115', 'en', 'Flexible', NULL, NULL, NULL, NULL, NULL, NULL, NULL, NULL, NULL, NULL, NULL, NULL, NULL, NULL, NULL, NULL, NULL, NULL, NULL, NULL, NULL, NULL, NULL, NULL, NULL, NULL, '2017-07-25 09:35:52', '2017-07-25 14:12:15', '62a7f81b-425c-4758-ac21-6d314f2c62f4'),
 ('56', '116', 'en', 'Mating Flanges', NULL, NULL, NULL, NULL, NULL, NULL, NULL, NULL, NULL, NULL, NULL, NULL, NULL, NULL, NULL, NULL, NULL, NULL, NULL, NULL, NULL, NULL, NULL, NULL, NULL, NULL, '2017-07-25 09:35:52', '2017-07-25 14:12:16', '15dd23a2-8f5f-4628-bdd3-e2e297f59ecf'),
 ('57', '117', 'en', 'Mounting Feet', NULL, NULL, NULL, NULL, NULL, NULL, NULL, NULL, NULL, NULL, NULL, NULL, NULL, NULL, NULL, NULL, NULL, NULL, NULL, NULL, NULL, NULL, NULL, NULL, NULL, NULL, '2017-07-25 09:35:53', '2017-07-25 14:12:16', '05ec6ce4-22b6-48e4-8ed8-6b5df2c21c21'),
 ('58', '118', 'en', 'Anti-Vibration Mountings', NULL, '', '', '', '', NULL, NULL, NULL, NULL, NULL, NULL, NULL, NULL, NULL, NULL, NULL, NULL, NULL, NULL, NULL, '', '', '', '', '', '', '2017-07-25 09:51:59', '2017-07-25 15:21:05', 'd9779622-d4f9-4dd5-82f9-def97b9d9d2a'),
 ('59', '119', 'en', 'Silencers', NULL, '<p>In both commercial and industrial applications the use of duct mounted silencers to reduce noise emission from fans is become more commonplace as increasing legislation calls for better and more comfortable working environments.</p>\n<p>At Victoria Industrial Fans we have a special acoustic service whereby engineers and consultants can call upon our expertise in selecting the correct method of acoustic treatment to give guaranteed noise levels in hospitals, offices, factories, etc.  Simply call our office for more details.</p>\n<p>Quite the most commonly used silencers are what is known as CYLINDRICAL (STT) and POD (STP) type silencers.  The tabulation shows the pressure losses*</p>\n<p>The length of the silencer is a function of its diameter i.e. 1 x diameter long or 2 x diameter long.  Obviously the longer the attenuator the greater the pressure drop and the greater the acoustic performance.<br /></p>\n<p>POD type silencers give better attenuation that CYLINDRICAL type silencers.</p>', '*Through POD type silencers.  The losses through CYLINDRICAL silencers are considerably less.', '<p>In both commercial and industrial applications the use of duct mounted silencers to reduce noise emission from fans is become more commonplace as increasing legislation calls for better and more comfortable working environments.</p>\n<p>At Victoria Industrial Fans we have a special acoustic service whereby engineers and consultants can call upon our expertise in selecting the correct method of acoustic treatment to give guaranteed noise levels in hospitals, offices, factories, etc.  Simply call our office for more details.</p>\n<p>Quite the most commonly used silencers are what is known as CYLINDRICAL (STT) and POD (STP) type silencers.  The tabulation shows the pressure losses*</p>\n<p>*Through POD type silencers.  The losses through CYLINDRICAL silencers are considerably less.</p>\n<p>The length of the silencer is a function of its diameter i.e. 1 x diameter long or 2 x diameter long.  Obviously the longer the attenuator the greater the pressure drop and the greater the acoustic performance.</p>\n<p>POD type silencers give better attenuation that CYLINDRICAL type silencers.</p>', '', NULL, NULL, NULL, NULL, NULL, NULL, NULL, NULL, NULL, NULL, NULL, NULL, NULL, NULL, NULL, '', '', '', '', '', '', '2017-07-25 09:52:07', '2017-07-25 16:11:39', 'b6afd944-3244-41ad-9b1c-cf0b36bca745'),
 ('60', '122', 'en', 'Long Cased', NULL, NULL, NULL, NULL, NULL, NULL, NULL, NULL, NULL, NULL, NULL, NULL, NULL, NULL, NULL, NULL, NULL, NULL, NULL, NULL, NULL, NULL, NULL, NULL, NULL, NULL, '2017-07-25 10:16:07', '2017-07-25 14:12:16', '91eeec86-0ef7-4aaf-aede-ae5817f8faea'),
 ('61', '123', 'en', 'Short Cased', NULL, NULL, NULL, NULL, NULL, NULL, NULL, NULL, NULL, NULL, NULL, NULL, NULL, NULL, NULL, NULL, NULL, NULL, NULL, NULL, NULL, NULL, NULL, NULL, NULL, NULL, '2017-07-25 10:29:08', '2017-07-25 14:12:17', '2128002c-71b6-4815-b204-223e19844cee'),
 ('62', '125', 'en', 'Long 1', NULL, NULL, NULL, NULL, NULL, NULL, NULL, NULL, NULL, NULL, NULL, NULL, NULL, NULL, NULL, NULL, NULL, NULL, NULL, NULL, NULL, NULL, NULL, NULL, NULL, NULL, '2017-07-25 14:12:16', '2017-07-25 14:12:16', '8e029fc0-aefb-4604-bb0b-60730a94de6d'),
 ('63', '126', 'en', 'Long 2', NULL, NULL, NULL, NULL, NULL, NULL, NULL, NULL, NULL, NULL, NULL, NULL, NULL, NULL, NULL, NULL, NULL, NULL, NULL, NULL, NULL, NULL, NULL, NULL, NULL, NULL, '2017-07-25 14:12:16', '2017-07-25 14:12:16', 'da4c5072-5451-431b-8933-6e4c9b84c09b'),
 ('64', '127', 'en', 'Short 1', NULL, NULL, NULL, NULL, NULL, NULL, NULL, NULL, NULL, NULL, NULL, NULL, NULL, NULL, NULL, NULL, NULL, NULL, NULL, NULL, NULL, NULL, NULL, NULL, NULL, NULL, '2017-07-25 14:12:17', '2017-07-25 14:12:17', 'f27ca3a4-655a-44a0-9921-f0ed022e0b56'),
 ('65', '128', 'en', 'Short 2', NULL, NULL, NULL, NULL, NULL, NULL, NULL, NULL, NULL, NULL, NULL, NULL, NULL, NULL, NULL, NULL, NULL, NULL, NULL, NULL, NULL, NULL, NULL, NULL, NULL, NULL, '2017-07-25 14:12:17', '2017-07-25 14:12:17', '8fbc6978-81fe-4c25-bd2a-c454a8423d35');



DROP TABLE IF EXISTS `craft_cpnav_layouts`;


--
-- Schema for table `craft_cpnav_layouts`
--
CREATE TABLE `craft_cpnav_layouts` (
  `id` int(11) NOT NULL AUTO_INCREMENT,
  `name` varchar(255) COLLATE utf8_unicode_ci DEFAULT NULL,
  `isDefault` tinyint(1) unsigned NOT NULL DEFAULT '0',
  `permissions` text COLLATE utf8_unicode_ci,
  `dateCreated` datetime NOT NULL,
  `dateUpdated` datetime NOT NULL,
  `uid` char(36) COLLATE utf8_unicode_ci NOT NULL DEFAULT '0',
  PRIMARY KEY (`id`)
) ENGINE=InnoDB AUTO_INCREMENT=2 DEFAULT CHARSET=utf8 COLLATE=utf8_unicode_ci;

--
-- Data for table `craft_cpnav_layouts`
--

INSERT INTO `craft_cpnav_layouts` (`id`, `name`, `isDefault`, `permissions`, `dateCreated`, `dateUpdated`, `uid`) VALUES
 ('1', 'Default', '1', NULL, '2017-03-27 14:44:43', '2017-03-27 14:44:43', '185d4cd3-ba1b-4f80-9b9c-3723aefb3809');



DROP TABLE IF EXISTS `craft_cpnav_navs`;


--
-- Schema for table `craft_cpnav_navs`
--
CREATE TABLE `craft_cpnav_navs` (
  `id` int(11) NOT NULL AUTO_INCREMENT,
  `layoutId` int(11) DEFAULT NULL,
  `handle` varchar(255) COLLATE utf8_unicode_ci DEFAULT NULL,
  `prevLabel` varchar(255) COLLATE utf8_unicode_ci DEFAULT NULL,
  `currLabel` varchar(255) COLLATE utf8_unicode_ci DEFAULT NULL,
  `enabled` tinyint(1) unsigned NOT NULL DEFAULT '1',
  `order` int(10) DEFAULT '0',
  `prevUrl` varchar(255) COLLATE utf8_unicode_ci DEFAULT NULL,
  `url` varchar(255) COLLATE utf8_unicode_ci DEFAULT NULL,
  `icon` varchar(255) COLLATE utf8_unicode_ci DEFAULT NULL,
  `customIcon` varchar(255) COLLATE utf8_unicode_ci DEFAULT NULL,
  `manualNav` tinyint(1) unsigned NOT NULL DEFAULT '0',
  `newWindow` tinyint(1) unsigned NOT NULL DEFAULT '0',
  `dateCreated` datetime NOT NULL,
  `dateUpdated` datetime NOT NULL,
  `uid` char(36) COLLATE utf8_unicode_ci NOT NULL DEFAULT '0',
  PRIMARY KEY (`id`),
  KEY `craft_cpnav_navs_layoutId_fk` (`layoutId`)
) ENGINE=InnoDB AUTO_INCREMENT=9 DEFAULT CHARSET=utf8 COLLATE=utf8_unicode_ci;

--
-- Data for table `craft_cpnav_navs`
--

INSERT INTO `craft_cpnav_navs` (`id`, `layoutId`, `handle`, `prevLabel`, `currLabel`, `enabled`, `order`, `prevUrl`, `url`, `icon`, `customIcon`, `manualNav`, `newWindow`, `dateCreated`, `dateUpdated`, `uid`) VALUES
 ('1', '1', 'dashboard', 'Dashboard', 'Dashboard', '0', '1', 'dashboard', 'dashboard', 'gauge', NULL, '0', '0', '2017-03-27 14:44:43', '2017-03-27 14:46:41', 'bc24e96a-f16f-479e-ba35-5e161d93b610'),
 ('2', '1', 'entries', 'Entries', 'Entries', '0', '2', 'entries', 'entries', 'section', NULL, '0', '0', '2017-03-27 14:44:43', '2017-03-27 14:46:41', 'bd2b8c90-9641-4c14-9461-57ab93054b7f'),
 ('3', '1', 'categories', 'Categories', 'Categories', '1', '5', 'categories', 'categories', 'categories', NULL, '0', '0', '2017-03-27 14:44:43', '2017-03-27 14:46:41', '4749ac5d-8ca9-4f40-9e10-c44911d0d116'),
 ('4', '1', 'assets', 'Assets', 'Assets', '0', '3', 'assets', 'assets', 'assets', NULL, '0', '0', '2017-03-27 14:44:43', '2017-03-27 14:46:41', 'e2ac7f8b-8f41-47d5-8228-5ef9dc4d6dcf'),
 ('5', '1', 'settings', 'Settings', 'Settings', '1', '6', 'settings', 'settings', 'settings', NULL, '0', '0', '2017-03-27 14:44:43', '2017-03-27 14:46:41', 'ea52968b-a772-4d69-95c4-6bb758ede6a5'),
 ('6', '1', 'productRange', 'Product Range', 'Product Range', '1', '4', '/entries/productSpecifications', 'entries/productSpecifications', NULL, '', '1', '0', '2017-03-27 14:46:09', '2017-03-27 14:48:46', 'd9e62c0d-17de-45b1-bc73-ed0e42c9d1a9'),
 ('7', '1', 'fieldmanager', 'Field Manager', 'Field Manager', '1', '4', 'fieldmanager', 'fieldmanager', 'iconSvg-fieldmanager', NULL, '0', '0', '2017-07-24 14:27:40', '2017-07-24 14:27:40', '1d009a74-a886-493a-93b2-6a3c31b9a52c'),
 ('8', '1', 'globals', 'Globals', 'Globals', '1', '2', 'globals/globalSeo', 'globals/globalSeo', 'globe', NULL, '0', '0', '2017-07-24 15:31:23', '2017-07-24 15:31:23', '9d279668-d426-40b9-8234-f3257e3c2a7e');



DROP TABLE IF EXISTS `craft_deprecationerrors`;


--
-- Schema for table `craft_deprecationerrors`
--
CREATE TABLE `craft_deprecationerrors` (
  `id` int(11) NOT NULL AUTO_INCREMENT,
  `key` varchar(255) COLLATE utf8_unicode_ci NOT NULL,
  `fingerprint` varchar(255) COLLATE utf8_unicode_ci NOT NULL,
  `lastOccurrence` datetime NOT NULL,
  `file` varchar(255) COLLATE utf8_unicode_ci NOT NULL,
  `line` smallint(6) unsigned NOT NULL,
  `class` varchar(255) COLLATE utf8_unicode_ci DEFAULT NULL,
  `method` varchar(255) COLLATE utf8_unicode_ci DEFAULT NULL,
  `template` varchar(255) COLLATE utf8_unicode_ci DEFAULT NULL,
  `templateLine` smallint(6) unsigned DEFAULT NULL,
  `message` varchar(255) COLLATE utf8_unicode_ci DEFAULT NULL,
  `traces` text COLLATE utf8_unicode_ci,
  `dateCreated` datetime NOT NULL,
  `dateUpdated` datetime NOT NULL,
  `uid` char(36) COLLATE utf8_unicode_ci NOT NULL DEFAULT '0',
  PRIMARY KEY (`id`),
  UNIQUE KEY `craft_deprecationerrors_key_fingerprint_unq_idx` (`key`,`fingerprint`)
) ENGINE=InnoDB DEFAULT CHARSET=utf8 COLLATE=utf8_unicode_ci;

DROP TABLE IF EXISTS `craft_elementindexsettings`;


--
-- Schema for table `craft_elementindexsettings`
--
CREATE TABLE `craft_elementindexsettings` (
  `id` int(11) NOT NULL AUTO_INCREMENT,
  `type` varchar(150) COLLATE utf8_unicode_ci NOT NULL,
  `settings` text COLLATE utf8_unicode_ci,
  `dateCreated` datetime NOT NULL,
  `dateUpdated` datetime NOT NULL,
  `uid` char(36) COLLATE utf8_unicode_ci NOT NULL DEFAULT '0',
  PRIMARY KEY (`id`),
  UNIQUE KEY `craft_elementindexsettings_type_unq_idx` (`type`)
) ENGINE=InnoDB AUTO_INCREMENT=3 DEFAULT CHARSET=utf8 COLLATE=utf8_unicode_ci;

--
-- Data for table `craft_elementindexsettings`
--

INSERT INTO `craft_elementindexsettings` (`id`, `type`, `settings`, `dateCreated`, `dateUpdated`, `uid`) VALUES
 ('1', 'Category', '{\"sources\":{\"group:2\":{\"tableAttributes\":{\"1\":\"id\"}}}}', '2017-02-27 15:25:02', '2017-02-27 15:25:02', 'da701616-fc68-48f0-aff3-675f7e63845a'),
 ('2', 'Entry', '{\"sources\":{\"section:3\":{\"tableAttributes\":{\"1\":\"link\"}},\"*\":{\"tableAttributes\":{\"1\":\"section\",\"2\":\"postDate\",\"3\":\"expiryDate\",\"4\":\"link\"}},\"singles\":{\"tableAttributes\":{\"1\":\"link\"}}},\"sourceOrder\":[[\"key\",\"section:3\"],[\"key\",\"*\"],[\"key\",\"singles\"]]}', '2017-02-27 15:59:17', '2017-03-27 14:49:27', '55737b50-5e06-4dbe-a5b6-f04b9775737e');



DROP TABLE IF EXISTS `craft_elements`;


--
-- Schema for table `craft_elements`
--
CREATE TABLE `craft_elements` (
  `id` int(11) NOT NULL AUTO_INCREMENT,
  `type` varchar(150) COLLATE utf8_unicode_ci NOT NULL,
  `enabled` tinyint(1) unsigned NOT NULL DEFAULT '1',
  `archived` tinyint(1) unsigned NOT NULL DEFAULT '0',
  `dateCreated` datetime NOT NULL,
  `dateUpdated` datetime NOT NULL,
  `uid` char(36) COLLATE utf8_unicode_ci NOT NULL DEFAULT '0',
  PRIMARY KEY (`id`),
  KEY `craft_elements_type_idx` (`type`),
  KEY `craft_elements_enabled_idx` (`enabled`),
  KEY `craft_elements_archived_dateCreated_idx` (`archived`,`dateCreated`)
) ENGINE=InnoDB AUTO_INCREMENT=142 DEFAULT CHARSET=utf8 COLLATE=utf8_unicode_ci;

--
-- Data for table `craft_elements`
--

INSERT INTO `craft_elements` (`id`, `type`, `enabled`, `archived`, `dateCreated`, `dateUpdated`, `uid`) VALUES
 ('1', 'User', '1', '0', '2017-02-27 15:05:18', '2017-02-27 15:05:18', 'aaeafed3-05e1-4cac-8f1c-6c3242ae3812'),
 ('2', 'Entry', '1', '0', '2017-02-27 15:05:21', '2017-03-02 17:00:07', '5868b4ff-d750-46d2-8aa4-df616c231458'),
 ('4', 'Category', '1', '0', '2017-02-27 15:10:36', '2017-07-24 16:20:00', 'dcc7a471-59f5-4075-b12c-5b8fc5576ab9'),
 ('5', 'Category', '1', '0', '2017-02-27 15:10:49', '2017-07-24 16:36:34', '2bf88202-e0fa-4802-b2cb-e52aa3a035c0'),
 ('6', 'Category', '1', '0', '2017-02-27 15:11:01', '2017-03-24 16:26:53', '62fdd9f5-0b93-4d69-9a20-4ab0d0fec8a6'),
 ('7', 'Category', '1', '0', '2017-02-27 15:11:11', '2017-05-10 15:47:40', '99004536-cc9b-4260-883e-2dbfb34ad503'),
 ('16', 'SuperTable_Block', '1', '0', '2017-02-27 15:56:17', '2017-02-27 15:58:41', 'dcde74bc-b6ee-44e8-8f47-450269f7cf70'),
 ('17', 'Entry', '1', '0', '2017-02-27 16:02:49', '2017-07-24 16:29:19', '91774913-8f25-4748-bbfe-e57f2fd97130'),
 ('18', 'Entry', '1', '0', '2017-02-27 16:03:13', '2017-07-25 09:57:05', 'd488b310-9264-413c-81b9-214d30e66491'),
 ('19', 'Entry', '1', '0', '2017-02-27 16:07:43', '2017-07-25 09:40:54', 'b5b2121d-91f6-4fa7-ae99-aee7105c24a8'),
 ('20', 'Entry', '1', '0', '2017-02-27 16:08:02', '2017-03-27 14:32:13', '0a60867c-7ffb-418f-906b-505fbe0ca073'),
 ('21', 'Entry', '1', '0', '2017-02-27 16:08:22', '2017-07-25 09:58:01', '7d932d6c-c0c3-4100-b560-17bdbc86ba91'),
 ('22', 'Entry', '1', '0', '2017-02-27 16:09:02', '2017-03-24 11:50:58', '85e5a9af-eb59-45c6-bc74-62f831593482'),
 ('23', 'Entry', '1', '0', '2017-02-27 16:09:23', '2017-07-25 14:29:03', '8ad937a4-5c01-4939-9aaf-8a1f2cc7f533'),
 ('24', 'Entry', '1', '0', '2017-02-27 16:09:41', '2017-07-25 14:12:42', 'c47fd443-f8b9-4a57-9fd3-467aaf0716d0'),
 ('25', 'Entry', '1', '0', '2017-02-27 16:10:05', '2017-07-25 14:12:54', '3cf34b37-9705-4128-b6bb-61b1d2780e60'),
 ('27', 'Entry', '1', '0', '2017-02-27 16:10:40', '2017-03-24 11:49:15', 'ea986100-0c3e-45bb-9daf-d7b9c81e16c0'),
 ('28', 'Entry', '1', '0', '2017-02-27 16:10:56', '2017-07-26 10:26:24', '9c582623-d55b-4ad5-ac0a-e36381590e6f'),
 ('30', 'Entry', '1', '0', '2017-02-27 16:17:30', '2017-03-24 11:52:17', 'f89670e0-f3a8-4f6c-b0d5-a00ef835eccb'),
 ('31', 'Entry', '1', '0', '2017-02-27 16:17:46', '2017-03-24 11:51:45', '37fbf6f7-b83f-4a2f-b939-e10b6a69f600'),
 ('32', 'Entry', '1', '0', '2017-02-27 16:18:09', '2017-03-24 11:52:44', 'e2106bd0-b72f-4af4-83a7-1908b45aed1e'),
 ('33', 'Entry', '1', '0', '2017-02-27 16:18:18', '2017-03-24 11:53:10', '3e46ad8d-9730-4b43-ba0b-0844ba4af7f6'),
 ('34', 'Entry', '1', '0', '2017-02-27 16:18:46', '2017-03-07 17:19:18', '0709241d-ef00-4bbc-a227-15f213869564'),
 ('35', 'Entry', '1', '0', '2017-02-27 16:19:40', '2017-03-24 11:53:44', '08a1bde3-5230-4995-bdbe-39b1ab49ac3c'),
 ('36', 'SuperTable_Block', '1', '0', '2017-02-28 10:02:46', '2017-07-24 16:29:19', '485ec3d2-f12a-425c-91b2-055d72600cbc'),
 ('37', 'SuperTable_Block', '1', '0', '2017-02-28 10:02:46', '2017-07-24 16:29:19', '123fed90-0451-4a49-b973-d1f97deb6643'),
 ('38', 'SuperTable_Block', '1', '0', '2017-02-28 10:02:46', '2017-07-24 16:29:19', '53e53cee-bb09-4e69-a34b-70e56f54d565'),
 ('41', 'SuperTable_Block', '1', '0', '2017-02-28 10:05:05', '2017-07-24 16:29:19', 'fb667031-b361-4875-8e9e-1a23ad21f2ba'),
 ('42', 'SuperTable_Block', '1', '0', '2017-02-28 10:05:05', '2017-07-24 16:29:19', '19b80d89-7180-4f21-8ad7-a9578b5568e8'),
 ('43', 'SuperTable_Block', '1', '0', '2017-02-28 10:05:05', '2017-07-24 16:29:19', '4d6f50c5-1935-45f3-beb7-483fca1f49cf'),
 ('44', 'SuperTable_Block', '1', '0', '2017-02-28 10:05:05', '2017-07-24 16:29:19', '02c5249c-7259-463e-95cf-96231799e763'),
 ('45', 'SuperTable_Block', '1', '0', '2017-02-28 17:05:42', '2017-07-25 09:57:05', 'aada5484-b898-474d-a1e8-439a00906e32'),
 ('46', 'SuperTable_Block', '1', '0', '2017-02-28 17:07:33', '2017-07-25 09:57:05', 'dd2bd66a-08bd-4f24-95e1-f7d7f8a7f561'),
 ('47', 'SuperTable_Block', '1', '0', '2017-02-28 17:07:33', '2017-07-25 09:57:05', 'bd06dc60-1f1d-40f7-b9fe-ec8e7b83010c'),
 ('48', 'SuperTable_Block', '1', '0', '2017-02-28 17:15:35', '2017-07-25 09:57:05', 'a845e5c6-360f-44af-9a5f-3812258c3176'),
 ('49', 'SuperTable_Block', '1', '0', '2017-03-01 10:51:25', '2017-07-25 09:57:05', 'f521cc0c-8310-4cec-89c5-c14f01de3cbb'),
 ('50', 'SuperTable_Block', '1', '0', '2017-03-01 11:07:54', '2017-07-25 09:57:05', 'f2fc6893-99c8-4cb8-8752-4d445c87d3d3'),
 ('53', 'Asset', '1', '0', '2017-03-01 12:11:03', '2017-07-25 14:12:14', 'd7e646df-0f23-40a1-8538-2f6b6e940743'),
 ('54', 'Asset', '1', '0', '2017-03-01 12:11:03', '2017-07-25 14:12:14', 'ae6472c8-129d-4a87-b526-5eac1490507c'),
 ('55', 'Asset', '1', '0', '2017-03-01 12:14:44', '2017-07-25 14:12:15', '34cafcf1-9633-4e49-bcfc-63809b7ed08f'),
 ('56', 'Asset', '1', '0', '2017-03-01 12:14:45', '2017-07-25 14:12:15', '89dd8254-d7a7-46e3-9f3b-5403b2aca2cf'),
 ('57', 'Entry', '1', '0', '2017-03-01 13:02:16', '2017-03-01 13:37:06', '9597aefc-3d2b-4476-b662-9289b4c62a80'),
 ('58', 'Asset', '1', '0', '2017-03-02 16:59:04', '2017-07-25 14:12:17', '00b1f5dd-0d4f-4db5-9c00-56d2f6ccd943'),
 ('59', 'Asset', '1', '0', '2017-03-02 17:19:19', '2017-07-25 14:12:14', '6227d704-baa4-421a-9198-aa539f63449b'),
 ('60', 'Asset', '1', '0', '2017-03-02 17:19:19', '2017-07-25 14:12:15', 'c5a22c87-73de-4eaf-91f7-797408862085'),
 ('62', 'Entry', '1', '0', '2017-03-09 14:05:31', '2017-03-09 14:14:34', '59958a68-8c96-4c16-b8ae-85a84629d074'),
 ('63', 'SuperTable_Block', '1', '0', '2017-03-23 15:46:37', '2017-07-24 16:29:19', 'af8d33d5-6439-424c-93f1-0644c30d2a50'),
 ('64', 'SuperTable_Block', '1', '0', '2017-03-23 15:50:37', '2017-07-24 16:29:19', '7986720f-699a-4d10-87ee-84ccdafb348e'),
 ('65', 'SuperTable_Block', '1', '0', '2017-03-23 15:50:37', '2017-07-24 16:29:19', '85620118-848e-4c0d-990b-f94f06a9f3d5'),
 ('66', 'SuperTable_Block', '1', '0', '2017-03-23 15:50:37', '2017-07-24 16:29:19', 'c49f50c0-1db0-4d7b-b5f9-5d1413df3978'),
 ('67', 'SuperTable_Block', '1', '0', '2017-03-23 16:22:43', '2017-07-25 09:40:54', '3cab9949-2d7a-4344-bad5-db5b0f60ba25'),
 ('68', 'SuperTable_Block', '1', '0', '2017-03-23 16:22:43', '2017-07-25 09:40:54', 'dd29a9ca-842b-4ed5-9d42-f4d6c2243b7e'),
 ('69', 'SuperTable_Block', '1', '0', '2017-03-23 16:22:43', '2017-07-25 09:40:54', '0b546930-3912-4db6-adcd-79be64bfc79e'),
 ('70', 'SuperTable_Block', '1', '0', '2017-03-23 16:22:43', '2017-07-25 09:40:54', '03292839-7685-4569-b9e0-0ebf8379b85f'),
 ('71', 'SuperTable_Block', '1', '0', '2017-03-23 16:22:43', '2017-07-25 09:40:54', '84db96cc-4cf6-4b6b-a8bd-f6c3cde2d4e0'),
 ('72', 'SuperTable_Block', '1', '0', '2017-03-23 16:22:43', '2017-07-25 09:40:54', 'e5d7548e-0835-464a-9458-e84de0ecde28'),
 ('73', 'SuperTable_Block', '1', '0', '2017-03-23 16:22:43', '2017-07-25 09:40:54', 'e9bd3624-3185-45cc-b3d4-b52e1f71a06a'),
 ('74', 'SuperTable_Block', '1', '0', '2017-03-23 16:22:43', '2017-07-25 09:40:54', '4caabbb4-80cb-4ef2-b418-446bf120f0c9'),
 ('75', 'SuperTable_Block', '1', '0', '2017-03-23 16:22:43', '2017-07-25 09:40:54', 'cb81c0e7-155b-445b-a348-3f54958f066f'),
 ('76', 'SuperTable_Block', '1', '0', '2017-03-23 16:28:11', '2017-03-27 14:32:13', 'b5862697-395a-42ed-8c3e-f3cc920f90e6'),
 ('77', 'SuperTable_Block', '1', '0', '2017-03-23 16:28:11', '2017-03-27 14:32:13', '7e71c03c-d30a-4745-9331-b0d7b77ad383'),
 ('78', 'SuperTable_Block', '1', '0', '2017-03-24 16:24:44', '2017-03-24 16:26:53', '646c5c58-74c0-4bca-944c-2443082b4eb7'),
 ('79', 'SuperTable_Block', '1', '0', '2017-03-24 16:24:44', '2017-03-24 16:26:53', '526dede4-f2de-4a43-b94c-a63a34dd50b1'),
 ('80', 'SuperTable_Block', '1', '0', '2017-03-24 16:24:44', '2017-03-24 16:26:53', 'dc047b5a-bd90-48f7-8205-09e905eba9d0'),
 ('81', 'SuperTable_Block', '1', '0', '2017-03-24 16:24:44', '2017-03-24 16:26:53', '77952c6f-9274-45c4-afa9-df39fd6a161c'),
 ('82', 'SuperTable_Block', '1', '0', '2017-03-24 16:24:44', '2017-03-24 16:26:53', 'c218ca6e-ba81-4c0d-a4b8-8003a6e253b7'),
 ('83', 'SuperTable_Block', '1', '0', '2017-03-27 14:19:34', '2017-05-10 15:47:40', '9e957272-a2bb-4e3d-a3e6-54a91133c493'),
 ('84', 'SuperTable_Block', '1', '0', '2017-03-27 14:23:23', '2017-05-10 15:47:40', 'ab8197af-3118-4f5f-adcb-033b747161bd'),
 ('85', 'SuperTable_Block', '1', '0', '2017-03-27 14:23:23', '2017-05-10 15:47:40', '799d0f48-32f1-4684-bbc2-6c9e75773b09'),
 ('86', 'SuperTable_Block', '1', '0', '2017-03-27 14:23:23', '2017-05-10 15:47:40', 'e3fffd14-e3a8-46e5-b415-37669d7a464e'),
 ('87', 'SuperTable_Block', '1', '0', '2017-03-27 14:23:23', '2017-05-10 15:47:40', '12349082-f87f-4aa3-9703-db808fdea61f'),
 ('88', 'SuperTable_Block', '1', '0', '2017-03-27 14:32:13', '2017-03-27 14:32:13', '97fd7b48-6650-437e-aef8-61d03e5b2762'),
 ('89', 'SuperTable_Block', '1', '0', '2017-03-27 14:32:13', '2017-03-27 14:32:13', 'f1f9b820-cd03-42e3-a2d0-2e2a4ce74ff0'),
 ('90', 'SuperTable_Block', '1', '0', '2017-03-27 14:32:13', '2017-03-27 14:32:13', 'f117262a-0177-4e79-a293-0de93f756d67'),
 ('91', 'SuperTable_Block', '1', '0', '2017-03-27 14:32:13', '2017-03-27 14:32:13', '15388838-0f67-447e-90a6-e4739d5b0944'),
 ('92', 'SuperTable_Block', '1', '0', '2017-03-27 14:32:13', '2017-03-27 14:32:13', '33bb785c-1d52-485d-a163-dffe68c331c1'),
 ('96', 'User', '1', '0', '2017-03-27 14:53:01', '2017-03-27 14:54:52', 'eee06221-ce6b-4277-a835-ed536b75a8bb'),
 ('107', 'GlobalSet', '1', '0', '2017-07-24 15:31:23', '2017-07-24 15:31:23', '4a7f50c3-3e53-4f54-b577-3f62b3dff557'),
 ('108', 'Entry', '1', '0', '2017-07-25 09:23:03', '2017-07-25 09:25:57', 'c6d10785-ce91-4a34-a6fc-12eb8e051f92'),
 ('110', 'Entry', '1', '0', '2017-07-25 09:23:49', '2017-07-25 15:22:04', '33f003bd-444d-4f26-b0cd-d3d2806fbae2'),
 ('111', 'Entry', '1', '0', '2017-07-25 09:24:04', '2017-07-25 15:21:40', '293e2811-6b6a-40c4-affa-b7c3ce4fad71'),
 ('112', 'Entry', '1', '0', '2017-07-25 09:26:48', '2017-07-25 15:21:32', 'dfb2c34c-f618-4931-b7a8-45682d66d6b1'),
 ('113', 'Entry', '1', '0', '2017-07-25 09:27:09', '2017-07-25 15:21:17', '51c5a0d1-b23e-4024-82e8-55cd38d0a22e'),
 ('114', 'Asset', '1', '0', '2017-07-25 09:35:52', '2017-07-25 14:12:15', 'c2cff242-cc8f-4c46-bf3c-b76d462c5120'),
 ('115', 'Asset', '1', '0', '2017-07-25 09:35:52', '2017-07-25 14:12:15', '79f3f865-4a8a-46f7-b436-54824f02366f'),
 ('116', 'Asset', '1', '0', '2017-07-25 09:35:52', '2017-07-25 14:12:16', 'ec7f3469-fbd7-4daa-8c89-0bc8a81500c6'),
 ('117', 'Asset', '1', '0', '2017-07-25 09:35:53', '2017-07-25 14:12:16', 'f80d05b2-55b0-4356-859b-27c2ac4f30ac'),
 ('118', 'Entry', '1', '0', '2017-07-25 09:51:59', '2017-07-25 15:21:05', 'ea4ddae5-91e9-4ec8-9cf0-9a8c6bbaf47c'),
 ('119', 'Entry', '1', '0', '2017-07-25 09:52:07', '2017-07-25 16:11:39', '38388a98-b64b-4a32-893a-911f375c3852'),
 ('120', 'SuperTable_Block', '1', '0', '2017-07-25 10:11:38', '2017-07-25 14:12:42', '552307fe-fd36-48b2-9200-f05314541878'),
 ('121', 'SuperTable_Block', '1', '0', '2017-07-25 10:11:38', '2017-07-25 14:12:42', 'c822f705-73b0-40a9-8f13-b443797e1c33'),
 ('122', 'Asset', '1', '0', '2017-07-25 10:16:07', '2017-07-25 14:12:16', 'c06097c5-d7c5-4fd3-8a1c-294fa48bff00'),
 ('123', 'Asset', '1', '0', '2017-07-25 10:29:08', '2017-07-25 14:12:17', '1fc65e3d-2801-462e-b920-8d13f22ec4a8'),
 ('124', 'SuperTable_Block', '1', '0', '2017-07-25 10:37:10', '2017-07-25 14:12:54', '1c16754e-4147-4cc0-ad9c-caccf6bce27a'),
 ('125', 'Asset', '1', '0', '2017-07-25 14:12:16', '2017-07-25 14:12:16', '6c75b61b-29b4-4d75-bda9-3cad00a02d5b'),
 ('126', 'Asset', '1', '0', '2017-07-25 14:12:16', '2017-07-25 14:12:16', '17bf3dde-22a5-4be8-a197-ef4dac99b811'),
 ('127', 'Asset', '1', '0', '2017-07-25 14:12:17', '2017-07-25 14:12:17', '6f66ca73-de23-42bd-87c2-5dbd0126ba8f'),
 ('128', 'Asset', '1', '0', '2017-07-25 14:12:17', '2017-07-25 14:12:17', '1ff55349-1a3e-4a52-9bec-928c396f68a4'),
 ('129', 'SuperTable_Block', '1', '0', '2017-07-25 14:29:03', '2017-07-25 14:29:03', '925a6274-8dbe-400b-9053-30837adaa605'),
 ('130', 'SuperTable_Block', '1', '0', '2017-07-25 14:36:50', '2017-07-26 10:26:24', '1ed3a0ec-0505-4118-a630-b15a4acf9210');
INSERT INTO `craft_elements` (`id`, `type`, `enabled`, `archived`, `dateCreated`, `dateUpdated`, `uid`) VALUES
 ('132', 'SuperTable_Block', '1', '0', '2017-07-25 15:02:25', '2017-07-25 15:09:21', 'd20e6023-50c9-437c-9b88-26dfc21336a9'),
 ('133', 'SuperTable_Block', '1', '0', '2017-07-25 15:02:25', '2017-07-25 15:09:21', '42f2f742-b835-45ee-82bd-1d2a9954782b'),
 ('134', 'SuperTable_Block', '1', '0', '2017-07-25 15:09:21', '2017-07-25 15:09:21', 'c30208b2-8982-408d-8eec-4dac2abce474'),
 ('135', 'MatrixBlock', '1', '0', '2017-07-25 15:27:34', '2017-07-25 16:11:39', '788825e5-547a-4e9e-b1ef-5516c76fdedf'),
 ('136', 'MatrixBlock', '1', '0', '2017-07-25 15:27:34', '2017-07-25 16:11:39', '3edb6e8b-7243-4aa5-ae53-0d7e4e56cab2'),
 ('137', 'MatrixBlock', '1', '0', '2017-07-25 15:27:34', '2017-07-25 16:11:39', '4fd607d9-b83e-4c80-9727-b63d4dbb4d2e'),
 ('138', 'MatrixBlock', '1', '0', '2017-07-25 16:09:29', '2017-07-25 16:11:39', '44e25c64-ed8a-402a-b192-e3bc6040254c'),
 ('139', 'SuperTable_Block', '1', '0', '2017-07-26 10:23:02', '2017-07-26 10:26:24', '20b8171f-7f76-4b4f-9b5a-8f740d7d3f4e'),
 ('140', 'SuperTable_Block', '1', '0', '2017-07-26 10:26:09', '2017-07-26 10:26:24', 'f22cf26e-d5d5-4ee0-946d-249daf498db8'),
 ('141', 'SuperTable_Block', '1', '0', '2017-07-26 10:26:09', '2017-07-26 10:26:24', '46246a28-ecf1-417d-a8b9-86f269225c1b');



DROP TABLE IF EXISTS `craft_elements_i18n`;


--
-- Schema for table `craft_elements_i18n`
--
CREATE TABLE `craft_elements_i18n` (
  `id` int(11) NOT NULL AUTO_INCREMENT,
  `elementId` int(11) NOT NULL,
  `locale` char(12) COLLATE utf8_unicode_ci NOT NULL,
  `slug` varchar(255) COLLATE utf8_unicode_ci DEFAULT NULL,
  `uri` varchar(255) COLLATE utf8_unicode_ci DEFAULT NULL,
  `enabled` tinyint(1) unsigned NOT NULL DEFAULT '1',
  `dateCreated` datetime NOT NULL,
  `dateUpdated` datetime NOT NULL,
  `uid` char(36) COLLATE utf8_unicode_ci NOT NULL DEFAULT '0',
  PRIMARY KEY (`id`),
  UNIQUE KEY `craft_elements_i18n_elementId_locale_unq_idx` (`elementId`,`locale`),
  UNIQUE KEY `craft_elements_i18n_uri_locale_unq_idx` (`uri`,`locale`),
  KEY `craft_elements_i18n_slug_locale_idx` (`slug`,`locale`),
  KEY `craft_elements_i18n_enabled_idx` (`enabled`),
  KEY `craft_elements_i18n_locale_fk` (`locale`)
) ENGINE=InnoDB AUTO_INCREMENT=142 DEFAULT CHARSET=utf8 COLLATE=utf8_unicode_ci;

--
-- Data for table `craft_elements_i18n`
--

INSERT INTO `craft_elements_i18n` (`id`, `elementId`, `locale`, `slug`, `uri`, `enabled`, `dateCreated`, `dateUpdated`, `uid`) VALUES
 ('1', '1', 'en', '', NULL, '1', '2017-02-27 15:05:18', '2017-02-27 15:05:18', 'fcf70469-af4f-45e5-b76e-59dc13fb97b1'),
 ('2', '2', 'en', 'homepage', '__home__', '1', '2017-02-27 15:05:21', '2017-03-02 17:00:07', '6febb6ae-0de4-4da5-8f3e-7ccc5c39f60b'),
 ('4', '4', 'en', 'warm-air-extraction', 'fans-by-application/warm-air-extraction', '1', '2017-02-27 15:10:36', '2017-07-24 16:20:00', 'f4611ea6-4b87-4832-bebc-47a902356d2e'),
 ('5', '5', 'en', 'fume-control', 'fans-by-application/fume-control', '1', '2017-02-27 15:10:49', '2017-07-24 16:36:34', '1476b592-e922-49e9-8a4e-086109ce3df0'),
 ('6', '6', 'en', 'emergency-smoke-extraction', 'fans-by-application/emergency-smoke-extraction', '1', '2017-02-27 15:11:01', '2017-03-24 16:26:53', 'a8099383-f534-4a02-b1e4-4fbe5b90bb2b'),
 ('7', '7', 'en', 'roof-extract-fans', 'fans-by-application/roof-extract-fans', '1', '2017-02-27 15:11:11', '2017-05-10 15:47:40', 'fb8c5106-7f87-4e76-bc2a-120038c55747'),
 ('16', '16', 'en', '', NULL, '1', '2017-02-27 15:56:17', '2017-02-27 15:58:41', '262c6cd9-efd0-4efa-937a-12a821b5e86f'),
 ('17', '17', 'en', 'axial-flow-fans', 'axial-flow-fans', '1', '2017-02-27 16:02:49', '2017-07-24 16:29:19', '5468495e-7ba1-4a55-9c56-e7daca12c91d'),
 ('18', '18', 'en', 'plate-mounted-axial-flow-fan', 'axial-flow-fans/plate-mounted-axial-flow-fan', '1', '2017-02-27 16:03:13', '2017-07-25 09:57:05', 'bafb5542-17a6-4a00-a395-08eedd287be4'),
 ('19', '19', 'en', 'bifurcated-fans', 'bifurcated-fans', '1', '2017-02-27 16:07:43', '2017-07-25 09:40:54', 'ee76e451-cf12-480b-b4cf-9e9d7aee139b'),
 ('20', '20', 'en', 'centrifugal-fans', 'centrifugal-fans', '1', '2017-02-27 16:08:02', '2017-03-27 14:32:13', '85fa651b-bd9e-4dd8-82e1-d1e53fa8eff0'),
 ('21', '21', 'en', 'flameproof-fans', 'flameproof-fans', '1', '2017-02-27 16:08:22', '2017-07-25 09:58:01', '8cab1aea-07e1-4176-84ab-3f98dc65c530'),
 ('22', '22', 'en', 'conical-bifurcated-fans', 'bifurcated-fans/conical-bifurcated-fans', '1', '2017-02-27 16:09:02', '2017-07-25 09:40:55', '126c4e7d-424a-422e-ad9b-baaba201831f'),
 ('23', '23', 'en', 'cylindrical-bifurcated-fans', 'bifurcated-fans/cylindrical-bifurcated-fans', '1', '2017-02-27 16:09:23', '2017-07-25 14:29:03', 'af68f67c-3bbc-4951-b481-e16eaabe59fb'),
 ('24', '24', 'en', 'long-cased-axial-flow-fans', 'axial-flow-fans/long-cased-axial-flow-fans', '1', '2017-02-27 16:09:41', '2017-07-25 14:12:42', '767ae989-47a8-482e-81f0-8cbc24ea213c'),
 ('25', '25', 'en', 'short-cased-axial-flow-fans', 'axial-flow-fans/short-cased-axial-flow-fans', '1', '2017-02-27 16:10:05', '2017-07-25 14:12:54', '9255b6ab-d4c5-41f5-9a13-9c238d403bad'),
 ('27', '27', 'en', 'roof-extract-axial-flow-fans', 'axial-flow-fans/roof-extract-axial-flow-fans', '1', '2017-02-27 16:10:40', '2017-03-24 11:49:15', 'bf4086f1-6ae7-42db-8151-18f726a601e0'),
 ('28', '28', 'en', 'man-cooler-axial-flow-fans', 'axial-flow-fans/man-cooler-axial-flow-fans', '1', '2017-02-27 16:10:56', '2017-07-26 10:26:24', 'b929f195-87ee-4f60-b6fd-ccc905c361ff'),
 ('30', '30', 'en', 'high-pressure-blowers', 'centrifugal-fans/high-pressure-blowers', '1', '2017-02-27 16:17:30', '2017-03-27 14:32:14', 'b9cef114-cc80-4add-a0f1-bea71f7e93e5'),
 ('31', '31', 'en', 'product-specification-1', 'flameproof-fans/product-specification-1', '1', '2017-02-27 16:17:46', '2017-07-25 09:58:02', '87c5da36-b8d6-4aac-a1e6-a66084b94997'),
 ('32', '32', 'en', 'paddle-bladed', 'centrifugal-fans/paddle-bladed', '1', '2017-02-27 16:18:09', '2017-03-24 11:52:44', '52958507-1bc8-448a-9305-9a64f4a4e7c7'),
 ('33', '33', 'en', 'forward-curved', 'centrifugal-fans/forward-curved', '1', '2017-02-27 16:18:18', '2017-03-24 11:53:10', 'f52f43b6-3ae8-4d39-bb7f-62a8ad6abe6b'),
 ('34', '34', 'en', 'backward-curved-centrifugal-fans', 'centrifugal-fans/backward-curved-centrifugal-fans', '1', '2017-02-27 16:18:46', '2017-03-07 17:19:18', '5dd7479e-a531-4ea6-a1b3-b3e8553e5711'),
 ('35', '35', 'en', 'aerofoil-centrifugal-fans', 'centrifugal-fans/aerofoil-centrifugal-fans', '1', '2017-02-27 16:19:40', '2017-03-24 11:53:44', 'b960f3cb-394b-423f-ac61-5d54fe9c5a06'),
 ('36', '36', 'en', '', NULL, '1', '2017-02-28 10:02:46', '2017-07-24 16:29:19', '520473e5-e088-4f16-899a-bf656f4573ee'),
 ('37', '37', 'en', '', NULL, '1', '2017-02-28 10:02:46', '2017-07-24 16:29:19', 'b123cdf9-9768-4a71-a342-371f7590f144'),
 ('38', '38', 'en', '', NULL, '1', '2017-02-28 10:02:46', '2017-07-24 16:29:19', '68519f13-cd9b-4f36-b448-26f9db6b4343'),
 ('41', '41', 'en', '', NULL, '1', '2017-02-28 10:05:05', '2017-07-24 16:29:19', 'b78470e2-cf5f-4923-89e7-f4c3f4734dab'),
 ('42', '42', 'en', '', NULL, '1', '2017-02-28 10:05:05', '2017-07-24 16:29:19', '0dba619c-882f-488b-8df7-37a4c4b32d7f'),
 ('43', '43', 'en', '', NULL, '1', '2017-02-28 10:05:05', '2017-07-24 16:29:19', '088f8d59-3097-462f-b9da-c83e818bd3e5'),
 ('44', '44', 'en', '', NULL, '1', '2017-02-28 10:05:05', '2017-07-24 16:29:19', 'f51c76ff-da2c-45a1-b840-575c2376bab4'),
 ('45', '45', 'en', '', NULL, '1', '2017-02-28 17:05:42', '2017-07-25 09:57:05', 'f280c1d3-2d6c-40c6-a97a-a72f1a0e413f'),
 ('46', '46', 'en', '', NULL, '1', '2017-02-28 17:07:33', '2017-07-25 09:57:05', '59d9438c-96fb-4e1c-adaf-fe1b12596759'),
 ('47', '47', 'en', '', NULL, '1', '2017-02-28 17:07:33', '2017-07-25 09:57:05', 'dfa9213f-5b97-4866-9d22-c28931cde01b'),
 ('48', '48', 'en', '', NULL, '1', '2017-02-28 17:15:35', '2017-07-25 09:57:05', 'fe799d5b-8c1c-455f-b17e-445bd8402bc5'),
 ('49', '49', 'en', '', NULL, '1', '2017-03-01 10:51:25', '2017-07-25 09:57:05', '473e12dc-3115-4e74-a662-c5ff7d115288'),
 ('50', '50', 'en', '', NULL, '1', '2017-03-01 11:07:54', '2017-07-25 09:57:05', '08400509-c597-4061-9587-77495e14990a'),
 ('53', '53', 'en', 'pos1', NULL, '1', '2017-03-01 12:11:03', '2017-07-25 14:12:14', 'f4547bc5-910f-4298-8d53-55bf5e0e10e8'),
 ('54', '54', 'en', 'pos2', NULL, '1', '2017-03-01 12:11:03', '2017-07-25 14:12:15', 'fce2b8a5-a3a7-4526-b661-c041a8c39f70'),
 ('55', '55', 'en', 'draw1', NULL, '1', '2017-03-01 12:14:44', '2017-07-25 14:12:15', '41fdb8c4-76d1-434e-901b-cf7b74611713'),
 ('56', '56', 'en', 'draw2', NULL, '1', '2017-03-01 12:14:45', '2017-07-25 14:12:15', '1b8affff-e9fb-40bc-b751-0f4c52b0ca29'),
 ('57', '57', 'en', 'product-range', 'product-range', '1', '2017-03-01 13:02:16', '2017-03-01 13:37:06', 'd7c27a69-70ba-4ff6-9800-7ee07518e4d3'),
 ('58', '58', 'en', 'hero1', NULL, '1', '2017-03-02 16:59:04', '2017-07-25 14:12:17', '377152a3-2588-4e53-b47b-0e011c587da9'),
 ('59', '59', 'en', 'pos3', NULL, '1', '2017-03-02 17:19:19', '2017-07-25 14:12:14', '7bc92f5c-e6ef-482d-9354-f721633fac4e'),
 ('60', '60', 'en', 'pos4', NULL, '1', '2017-03-02 17:19:19', '2017-07-25 14:12:15', 'd7fc65ce-58cb-4e00-8a47-e7c7497f5c35'),
 ('62', '62', 'en', 'company-background', 'company-background', '1', '2017-03-09 14:05:31', '2017-03-09 14:14:34', '02a176c3-2196-437f-9e5e-19cac4e291a2'),
 ('63', '63', 'en', '', NULL, '1', '2017-03-23 15:46:37', '2017-07-24 16:29:19', 'caf6ff12-d041-4e57-9dcb-1d97cb8d0cec'),
 ('64', '64', 'en', '', NULL, '1', '2017-03-23 15:50:37', '2017-07-24 16:29:19', '9ce2d44e-770f-4612-9495-b11fed8db8ea'),
 ('65', '65', 'en', '', NULL, '1', '2017-03-23 15:50:37', '2017-07-24 16:29:19', '1dc5f16c-7d69-457b-a633-5b451b22c361'),
 ('66', '66', 'en', '', NULL, '1', '2017-03-23 15:50:37', '2017-07-24 16:29:19', '6e22b83c-5bba-4809-8881-a88ef5bb5c9e'),
 ('67', '67', 'en', '', NULL, '1', '2017-03-23 16:22:43', '2017-07-25 09:40:54', 'bb6fbf42-a2f8-442c-b419-24a20d0cac54'),
 ('68', '68', 'en', '', NULL, '1', '2017-03-23 16:22:43', '2017-07-25 09:40:54', 'cab74467-1a4f-413e-9f1c-38259070363d'),
 ('69', '69', 'en', '', NULL, '1', '2017-03-23 16:22:43', '2017-07-25 09:40:54', '52b4b0dd-e6ac-4e73-9ea0-edd34901f993'),
 ('70', '70', 'en', '', NULL, '1', '2017-03-23 16:22:43', '2017-07-25 09:40:54', 'c361f67b-7dd1-4f34-8492-1b5f5fd5d279'),
 ('71', '71', 'en', '', NULL, '1', '2017-03-23 16:22:43', '2017-07-25 09:40:54', '3359818b-e352-4e57-9eb0-4769c3d02a7f'),
 ('72', '72', 'en', '', NULL, '1', '2017-03-23 16:22:43', '2017-07-25 09:40:54', '33065542-891b-4af5-928e-05d6a019c823'),
 ('73', '73', 'en', '', NULL, '1', '2017-03-23 16:22:43', '2017-07-25 09:40:54', '96db5733-4a3d-4045-aa64-c2402c381d8f'),
 ('74', '74', 'en', '', NULL, '1', '2017-03-23 16:22:43', '2017-07-25 09:40:54', '72a93cca-642e-454e-b67e-1b0e932e4ce1'),
 ('75', '75', 'en', '', NULL, '1', '2017-03-23 16:22:43', '2017-07-25 09:40:54', 'ed0e62cf-d283-4ae0-8b3b-f20a29606c84'),
 ('76', '76', 'en', '', NULL, '1', '2017-03-23 16:28:11', '2017-03-27 14:32:13', 'bc9f76fc-32aa-4e12-b415-b426b6df1fb4'),
 ('77', '77', 'en', '', NULL, '1', '2017-03-23 16:28:11', '2017-03-27 14:32:13', '02fed995-0509-48ee-88b4-773d98af348a'),
 ('78', '78', 'en', '', NULL, '1', '2017-03-24 16:24:44', '2017-03-24 16:26:53', '5a633835-ad29-4be9-9891-e14837d5131b'),
 ('79', '79', 'en', '', NULL, '1', '2017-03-24 16:24:44', '2017-03-24 16:26:53', '5721c8a3-a665-4706-9766-2220ac783a5e'),
 ('80', '80', 'en', '', NULL, '1', '2017-03-24 16:24:44', '2017-03-24 16:26:53', 'eb06ce31-4867-4f78-b419-6844be4caa55'),
 ('81', '81', 'en', '', NULL, '1', '2017-03-24 16:24:44', '2017-03-24 16:26:53', '2ac57d0f-50f6-4637-9879-ef3bb1ba17db'),
 ('82', '82', 'en', '', NULL, '1', '2017-03-24 16:24:44', '2017-03-24 16:26:53', '23de4de4-413a-42ca-8e5d-5cf9673f54ec'),
 ('83', '83', 'en', '', NULL, '1', '2017-03-27 14:19:34', '2017-05-10 15:47:40', '4c33c9ff-7189-4ad2-8818-8d8b6a0a9070'),
 ('84', '84', 'en', '', NULL, '1', '2017-03-27 14:23:23', '2017-05-10 15:47:40', 'e239d7de-ddbb-4109-a7c6-9f9fd0cb6261'),
 ('85', '85', 'en', '', NULL, '1', '2017-03-27 14:23:23', '2017-05-10 15:47:40', '8cedb60f-ebdc-4087-bceb-204abf8267b8'),
 ('86', '86', 'en', '', NULL, '1', '2017-03-27 14:23:23', '2017-05-10 15:47:40', '142d56f0-a99d-48d6-a57e-b2b2182e967f'),
 ('87', '87', 'en', '', NULL, '1', '2017-03-27 14:23:23', '2017-05-10 15:47:40', '4b1d1eca-6cab-4d20-9cf0-a634eb5dd592'),
 ('88', '88', 'en', '', NULL, '1', '2017-03-27 14:32:13', '2017-03-27 14:32:13', '122f28d6-90bb-49ca-b977-fba1744cd32a'),
 ('89', '89', 'en', '', NULL, '1', '2017-03-27 14:32:13', '2017-03-27 14:32:13', 'ec5e9f69-4379-47a5-9ec8-9fdf23cba547'),
 ('90', '90', 'en', '', NULL, '1', '2017-03-27 14:32:13', '2017-03-27 14:32:13', '0a553cd3-52c2-4302-92b1-dc12bdd4a93d'),
 ('91', '91', 'en', '', NULL, '1', '2017-03-27 14:32:13', '2017-03-27 14:32:13', 'ef04a4ed-25f4-4468-b970-02e1618f02bd'),
 ('92', '92', 'en', '', NULL, '1', '2017-03-27 14:32:13', '2017-03-27 14:32:13', '4cf70e96-4dfd-4281-a005-148c2ee750df'),
 ('96', '96', 'en', '', NULL, '1', '2017-03-27 14:53:01', '2017-03-27 14:54:52', '8878fa96-c2f1-48eb-888b-839d9dfc9fe8'),
 ('107', '107', 'en', '', NULL, '1', '2017-07-24 15:31:23', '2017-07-24 15:31:23', '6dcdb473-1747-4920-822e-27805f6b0c8d'),
 ('108', '108', 'en', 'axial-bifurcated-ancillaries', 'axial-bifurcated-ancillaries', '1', '2017-07-25 09:23:03', '2017-07-25 09:25:57', '16e0577b-02a7-494e-bcf8-705dfa83c93b'),
 ('110', '110', 'en', 'mounting-feet', 'axial-bifurcated-ancillaries/mounting-feet', '1', '2017-07-25 09:23:49', '2017-07-25 15:22:04', 'f7c17def-7b55-4d3e-8011-d75b9741c7d3'),
 ('111', '111', 'en', 'a-v-mounts', 'axial-bifurcated-ancillaries/a-v-mounts', '1', '2017-07-25 09:24:04', '2017-07-25 15:21:41', 'b088ed38-21f8-44d0-808c-39b25cc166cd'),
 ('112', '112', 'en', 'mating-flanges', 'axial-bifurcated-ancillaries/mating-flanges', '1', '2017-07-25 09:26:48', '2017-07-25 15:21:32', 'effa5fca-4dc5-4dc9-84d9-c17960e4b8df'),
 ('113', '113', 'en', 'flexible-connections', 'axial-bifurcated-ancillaries/flexible-connections', '1', '2017-07-25 09:27:09', '2017-07-25 15:21:17', '534887b9-b14a-4fe2-a1bb-94f524620f44'),
 ('114', '114', 'en', 'av-mounts', NULL, '1', '2017-07-25 09:35:52', '2017-07-25 14:12:15', '2561f813-afcd-4d8d-821f-6b321c0f1067'),
 ('115', '115', 'en', 'flexible', NULL, '1', '2017-07-25 09:35:52', '2017-07-25 14:12:15', '30e30c3a-5815-414a-b7f5-32b94569768a'),
 ('116', '116', 'en', 'mating-flanges', NULL, '1', '2017-07-25 09:35:52', '2017-07-25 14:12:16', 'cee28082-cb7e-49a2-8c5d-df47ebc93982'),
 ('117', '117', 'en', 'mounting-feet', NULL, '1', '2017-07-25 09:35:53', '2017-07-25 14:12:16', '7020c530-e7da-4fea-9071-40dd5b12037c'),
 ('118', '118', 'en', 'anti-vibration-mountings', 'axial-bifurcated-ancillaries/anti-vibration-mountings', '1', '2017-07-25 09:51:59', '2017-07-25 15:21:05', '3250dca2-f74d-441a-812f-9ee709dab5de'),
 ('119', '119', 'en', 'silencers', 'axial-bifurcated-ancillaries/silencers', '1', '2017-07-25 09:52:07', '2017-07-25 16:11:39', '13d97d2d-b9ec-4339-98ee-62da73128781'),
 ('120', '120', 'en', '', NULL, '1', '2017-07-25 10:11:38', '2017-07-25 14:12:42', 'c96f0c1d-8355-4ed4-a638-455bf9554da9'),
 ('121', '121', 'en', '', NULL, '1', '2017-07-25 10:11:38', '2017-07-25 14:12:42', '76a0feaa-281b-4c62-ba6a-7340660dfe0b'),
 ('122', '122', 'en', 'long-cased', NULL, '1', '2017-07-25 10:16:07', '2017-07-25 14:12:16', '37678978-b7b6-4b22-ae4b-1bf8b818e7fa'),
 ('123', '123', 'en', 'short-cased', NULL, '1', '2017-07-25 10:29:08', '2017-07-25 14:12:17', '5fa345a6-7d5f-461f-bb92-1494449279c6'),
 ('124', '124', 'en', '', NULL, '1', '2017-07-25 10:37:10', '2017-07-25 14:12:54', 'd2b23305-6195-4249-b427-495a28b6c119'),
 ('125', '125', 'en', 'long-1', NULL, '1', '2017-07-25 14:12:16', '2017-07-25 14:12:16', 'd74bfd0e-70f8-40c6-bbcc-243e5c8d58b9'),
 ('126', '126', 'en', 'long-2', NULL, '1', '2017-07-25 14:12:16', '2017-07-25 14:12:16', '0e360c3d-ad80-4b3b-bd4b-863fcb79b6ab'),
 ('127', '127', 'en', 'short-1', NULL, '1', '2017-07-25 14:12:17', '2017-07-25 14:12:17', 'a22f00e2-71c0-4ecd-a6c8-07e4ad849314'),
 ('128', '128', 'en', 'short-2', NULL, '1', '2017-07-25 14:12:17', '2017-07-25 14:12:17', '7513c2af-2786-4314-b2fd-df9a5dc8122e'),
 ('129', '129', 'en', '', NULL, '1', '2017-07-25 14:29:03', '2017-07-25 14:29:03', '05f49abd-f72c-4590-8491-8af875c42929'),
 ('130', '130', 'en', '', NULL, '1', '2017-07-25 14:36:50', '2017-07-26 10:26:24', '357d5115-c550-40d1-851b-b3b2248068a8');
INSERT INTO `craft_elements_i18n` (`id`, `elementId`, `locale`, `slug`, `uri`, `enabled`, `dateCreated`, `dateUpdated`, `uid`) VALUES
 ('132', '132', 'en', '', NULL, '1', '2017-07-25 15:02:25', '2017-07-25 15:09:21', 'd2c5211a-2c65-498d-bd27-3e1b9c3274b7'),
 ('133', '133', 'en', '', NULL, '1', '2017-07-25 15:02:25', '2017-07-25 15:09:21', '920a69f8-2ea6-45b8-b75c-626980f7ff0c'),
 ('134', '134', 'en', '', NULL, '1', '2017-07-25 15:09:21', '2017-07-25 15:09:21', 'af5eb243-6680-4b1a-8ef8-f3138f55c822'),
 ('135', '135', 'en', '', NULL, '1', '2017-07-25 15:27:34', '2017-07-25 16:11:39', '99113a30-f6ec-4cfe-b570-04ce176608a0'),
 ('136', '136', 'en', '', NULL, '1', '2017-07-25 15:27:34', '2017-07-25 16:11:39', 'eade35f9-4057-42a7-9436-effeaefc9afa'),
 ('137', '137', 'en', '', NULL, '1', '2017-07-25 15:27:34', '2017-07-25 16:11:39', 'f86bfdb9-f276-483f-888d-447af3d99f82'),
 ('138', '138', 'en', '', NULL, '1', '2017-07-25 16:09:29', '2017-07-25 16:11:39', '4376fd56-8a05-4485-9519-09d8104bcafa'),
 ('139', '139', 'en', '', NULL, '1', '2017-07-26 10:23:02', '2017-07-26 10:26:24', '6360a29a-7165-4b9e-a3a3-213634a5e29c'),
 ('140', '140', 'en', '', NULL, '1', '2017-07-26 10:26:09', '2017-07-26 10:26:24', 'f5e9288b-2105-43a3-b826-507f406efe05'),
 ('141', '141', 'en', '', NULL, '1', '2017-07-26 10:26:09', '2017-07-26 10:26:24', 'd1f5c4de-fc7a-4754-8ff6-ac4219e92ff4');



DROP TABLE IF EXISTS `craft_emailmessages`;


--
-- Schema for table `craft_emailmessages`
--
CREATE TABLE `craft_emailmessages` (
  `id` int(11) NOT NULL AUTO_INCREMENT,
  `key` char(150) COLLATE utf8_unicode_ci NOT NULL,
  `locale` char(12) COLLATE utf8_unicode_ci NOT NULL,
  `subject` varchar(1000) COLLATE utf8_unicode_ci NOT NULL,
  `body` text COLLATE utf8_unicode_ci NOT NULL,
  `dateCreated` datetime NOT NULL,
  `dateUpdated` datetime NOT NULL,
  `uid` char(36) COLLATE utf8_unicode_ci NOT NULL DEFAULT '0',
  PRIMARY KEY (`id`),
  UNIQUE KEY `craft_emailmessages_key_locale_unq_idx` (`key`,`locale`),
  KEY `craft_emailmessages_locale_fk` (`locale`)
) ENGINE=InnoDB DEFAULT CHARSET=utf8 COLLATE=utf8_unicode_ci;

DROP TABLE IF EXISTS `craft_entries`;


--
-- Schema for table `craft_entries`
--
CREATE TABLE `craft_entries` (
  `id` int(11) NOT NULL,
  `sectionId` int(11) NOT NULL,
  `typeId` int(11) DEFAULT NULL,
  `authorId` int(11) DEFAULT NULL,
  `postDate` datetime DEFAULT NULL,
  `expiryDate` datetime DEFAULT NULL,
  `dateCreated` datetime NOT NULL,
  `dateUpdated` datetime NOT NULL,
  `uid` char(36) COLLATE utf8_unicode_ci NOT NULL DEFAULT '0',
  PRIMARY KEY (`id`),
  KEY `craft_entries_sectionId_idx` (`sectionId`),
  KEY `craft_entries_typeId_idx` (`typeId`),
  KEY `craft_entries_postDate_idx` (`postDate`),
  KEY `craft_entries_expiryDate_idx` (`expiryDate`),
  KEY `craft_entries_authorId_fk` (`authorId`)
) ENGINE=InnoDB DEFAULT CHARSET=utf8 COLLATE=utf8_unicode_ci;

--
-- Data for table `craft_entries`
--

INSERT INTO `craft_entries` (`id`, `sectionId`, `typeId`, `authorId`, `postDate`, `expiryDate`, `dateCreated`, `dateUpdated`, `uid`) VALUES
 ('2', '1', NULL, NULL, '2017-02-27 15:05:21', NULL, '2017-02-27 15:05:21', '2017-03-02 17:00:07', '8cefd059-2a7a-49ee-91e4-7c276461fe5f'),
 ('17', '3', '4', '1', '2017-02-27 16:02:00', NULL, '2017-02-27 16:02:49', '2017-07-24 16:29:19', '555007c1-5b11-4b5c-8e6b-ccc03b116978'),
 ('18', '3', '3', '1', '2017-02-27 16:03:00', NULL, '2017-02-27 16:03:13', '2017-07-25 09:57:05', 'b51fa88c-9410-46ab-a9fc-68f4fe3ca434'),
 ('19', '3', '4', '1', '2017-02-27 16:07:00', NULL, '2017-02-27 16:07:43', '2017-07-25 09:40:54', '1722451a-14bc-4ce8-86e6-584bba30ad91'),
 ('20', '3', '4', '1', '2017-02-27 16:08:00', NULL, '2017-02-27 16:08:02', '2017-03-27 14:32:13', 'a7f71a00-9bc3-4c55-8e6c-bce04da03475'),
 ('21', '3', '4', '1', '2017-02-27 16:08:00', NULL, '2017-02-27 16:08:22', '2017-07-25 09:58:01', '50730ec9-9d82-4d17-ad74-29351e762bef'),
 ('22', '3', '3', '1', '2017-02-27 16:09:00', NULL, '2017-02-27 16:09:02', '2017-03-24 11:50:58', '61ad2557-38f8-4a88-b2d5-c130ad8cc769'),
 ('23', '3', '3', '1', '2017-02-27 16:09:00', NULL, '2017-02-27 16:09:23', '2017-07-25 14:29:03', '433d991e-b47b-44c8-94ce-4eaba57338f0'),
 ('24', '3', '3', '1', '2017-02-27 16:09:00', NULL, '2017-02-27 16:09:41', '2017-07-25 14:12:42', 'cdd0d1c8-a3f3-489e-9a76-bee5cbdfb362'),
 ('25', '3', '3', '1', '2017-02-27 16:10:00', NULL, '2017-02-27 16:10:05', '2017-07-25 14:12:54', '6b0cc2ee-ef05-4687-8d7b-f16ad5f48581'),
 ('27', '3', '3', '1', '2017-02-27 16:10:00', NULL, '2017-02-27 16:10:40', '2017-03-24 11:49:15', '6046f5fd-3e91-4d36-81ac-22735f17e6e6'),
 ('28', '3', '4', '1', '2017-02-27 16:10:00', NULL, '2017-02-27 16:10:56', '2017-07-26 10:26:24', 'dadc0355-13e9-44fe-ba2f-493173975095'),
 ('30', '3', '3', '1', '2017-02-27 16:17:00', NULL, '2017-02-27 16:17:30', '2017-03-24 11:52:18', 'b3efa1d6-92ee-4568-b3ce-063fb134adba'),
 ('31', '3', '3', '1', '2017-02-27 16:03:00', NULL, '2017-02-27 16:17:46', '2017-03-24 11:51:45', '862d9147-eaac-4738-99ac-950a6b8eddf5'),
 ('32', '3', '3', '1', '2017-02-27 16:18:00', NULL, '2017-02-27 16:18:09', '2017-03-24 11:52:44', 'ff3919f1-beb4-4d35-8ab6-c740c7a0fa6f'),
 ('33', '3', '3', '1', '2017-02-27 16:18:00', NULL, '2017-02-27 16:18:18', '2017-03-24 11:53:11', '796e495b-2846-4c08-966f-7607bdffedc4'),
 ('34', '3', '3', '1', '2017-02-27 16:18:00', NULL, '2017-02-27 16:18:46', '2017-03-07 17:19:18', 'dbc10b16-14cb-433f-a28e-9ba0af4cc33c'),
 ('35', '3', '3', '1', '2017-02-27 16:19:00', NULL, '2017-02-27 16:19:40', '2017-03-24 11:53:44', 'd4a72465-a9b6-44cf-9389-448c4cbfd1b1'),
 ('57', '4', '5', NULL, '2017-03-01 13:10:21', NULL, '2017-03-01 13:02:16', '2017-03-01 13:37:06', 'c41dd24b-de72-4b3c-90ae-38c6894290c6'),
 ('62', '6', NULL, NULL, '2017-03-09 14:05:31', NULL, '2017-03-09 14:05:31', '2017-03-09 14:14:34', 'be5d5fe6-5daf-4496-9264-f0c1a1aaa292'),
 ('108', '3', '4', '1', '2017-07-25 09:23:00', NULL, '2017-07-25 09:23:03', '2017-07-25 09:25:57', 'f9e91099-8b71-4572-a695-7f13f9b7480f'),
 ('110', '3', '8', '1', '2017-07-25 09:23:00', NULL, '2017-07-25 09:23:49', '2017-07-25 15:22:04', '72b88d89-e0af-43c8-88ba-0b942b357477'),
 ('111', '3', '8', '1', '2017-07-25 09:24:00', NULL, '2017-07-25 09:24:04', '2017-07-25 15:21:41', '298dbec5-9458-4909-8064-bfe5b82afc99'),
 ('112', '3', '8', '1', '2017-07-25 09:26:00', NULL, '2017-07-25 09:26:48', '2017-07-25 15:21:32', '79f8ec0f-4761-4572-990c-005fcf68a725'),
 ('113', '3', '8', '1', '2017-07-25 09:27:00', NULL, '2017-07-25 09:27:09', '2017-07-25 15:21:17', '71309d25-1d24-486e-90e0-1c928fa5af09'),
 ('118', '3', '8', '1', '2017-07-25 09:51:00', NULL, '2017-07-25 09:51:59', '2017-07-25 15:21:05', 'a357ec83-d9e5-49c4-9444-5665b14c4615'),
 ('119', '3', '8', '1', '2017-07-25 09:52:00', NULL, '2017-07-25 09:52:07', '2017-07-25 16:11:39', '2374d5d0-49a8-4cab-9d04-eaad7b2f2308');



DROP TABLE IF EXISTS `craft_entrydrafts`;


--
-- Schema for table `craft_entrydrafts`
--
CREATE TABLE `craft_entrydrafts` (
  `id` int(11) NOT NULL AUTO_INCREMENT,
  `entryId` int(11) NOT NULL,
  `sectionId` int(11) NOT NULL,
  `creatorId` int(11) NOT NULL,
  `locale` char(12) COLLATE utf8_unicode_ci NOT NULL,
  `name` varchar(255) COLLATE utf8_unicode_ci NOT NULL,
  `notes` tinytext COLLATE utf8_unicode_ci,
  `data` mediumtext COLLATE utf8_unicode_ci NOT NULL,
  `dateCreated` datetime NOT NULL,
  `dateUpdated` datetime NOT NULL,
  `uid` char(36) COLLATE utf8_unicode_ci NOT NULL DEFAULT '0',
  PRIMARY KEY (`id`),
  KEY `craft_entrydrafts_entryId_locale_idx` (`entryId`,`locale`),
  KEY `craft_entrydrafts_sectionId_fk` (`sectionId`),
  KEY `craft_entrydrafts_creatorId_fk` (`creatorId`),
  KEY `craft_entrydrafts_locale_fk` (`locale`)
) ENGINE=InnoDB DEFAULT CHARSET=utf8 COLLATE=utf8_unicode_ci;

DROP TABLE IF EXISTS `craft_entrytypes`;


--
-- Schema for table `craft_entrytypes`
--
CREATE TABLE `craft_entrytypes` (
  `id` int(11) NOT NULL AUTO_INCREMENT,
  `sectionId` int(11) NOT NULL,
  `fieldLayoutId` int(11) DEFAULT NULL,
  `name` varchar(255) COLLATE utf8_unicode_ci NOT NULL,
  `handle` varchar(255) COLLATE utf8_unicode_ci NOT NULL,
  `hasTitleField` tinyint(1) unsigned NOT NULL DEFAULT '1',
  `titleLabel` varchar(255) COLLATE utf8_unicode_ci DEFAULT 'Title',
  `titleFormat` varchar(255) COLLATE utf8_unicode_ci DEFAULT NULL,
  `sortOrder` smallint(6) unsigned DEFAULT NULL,
  `dateCreated` datetime NOT NULL,
  `dateUpdated` datetime NOT NULL,
  `uid` char(36) COLLATE utf8_unicode_ci NOT NULL DEFAULT '0',
  PRIMARY KEY (`id`),
  UNIQUE KEY `craft_entrytypes_name_sectionId_unq_idx` (`name`,`sectionId`),
  UNIQUE KEY `craft_entrytypes_handle_sectionId_unq_idx` (`handle`,`sectionId`),
  KEY `craft_entrytypes_sectionId_fk` (`sectionId`),
  KEY `craft_entrytypes_fieldLayoutId_fk` (`fieldLayoutId`)
) ENGINE=InnoDB AUTO_INCREMENT=9 DEFAULT CHARSET=utf8 COLLATE=utf8_unicode_ci;

--
-- Data for table `craft_entrytypes`
--

INSERT INTO `craft_entrytypes` (`id`, `sectionId`, `fieldLayoutId`, `name`, `handle`, `hasTitleField`, `titleLabel`, `titleFormat`, `sortOrder`, `dateCreated`, `dateUpdated`, `uid`) VALUES
 ('1', '1', '74', 'Homepage', 'homepage', '1', 'Title', NULL, '1', '2017-02-27 15:05:21', '2017-07-24 15:29:31', '50d7f025-b278-4d84-aeb3-91cd5260b6de'),
 ('3', '3', '76', 'Product Specification', 'secType_productSpecification', '1', 'Product Title', NULL, '1', '2017-02-27 15:32:41', '2017-07-24 15:30:02', '0221bae3-0c87-4976-b7f9-39a728c50154'),
 ('4', '3', '80', 'Product Group Overview', 'secType_productGroupOverview', '1', 'Product Group Title', NULL, '2', '2017-02-27 15:52:27', '2017-07-25 15:05:00', '7ef2438b-9479-4872-8d4a-37f826ef3c27'),
 ('5', '4', '75', 'Product Range', 'productRange', '1', 'Page Title', NULL, '1', '2017-03-01 13:02:16', '2017-07-24 15:29:43', 'f1051405-cb92-444c-bf33-e872553f6350'),
 ('7', '6', '73', 'Company Background', 'companyBackground', '0', NULL, '{section.name|raw}', '1', '2017-03-09 14:05:31', '2017-07-24 15:20:45', '34586046-77c6-44c7-aaa7-3725a4d6d15a'),
 ('8', '3', '83', 'Ancillaries', 'secType_ancillaries', '1', 'Product Title', NULL, '3', '2017-07-25 15:17:39', '2017-07-25 15:18:28', '3af3ad4e-3d45-44f3-bd52-035d079ec6c0');



DROP TABLE IF EXISTS `craft_entryversions`;


--
-- Schema for table `craft_entryversions`
--
CREATE TABLE `craft_entryversions` (
  `id` int(11) NOT NULL AUTO_INCREMENT,
  `entryId` int(11) NOT NULL,
  `sectionId` int(11) NOT NULL,
  `creatorId` int(11) DEFAULT NULL,
  `locale` char(12) COLLATE utf8_unicode_ci NOT NULL,
  `num` smallint(6) unsigned NOT NULL,
  `notes` tinytext COLLATE utf8_unicode_ci,
  `data` mediumtext COLLATE utf8_unicode_ci NOT NULL,
  `dateCreated` datetime NOT NULL,
  `dateUpdated` datetime NOT NULL,
  `uid` char(36) COLLATE utf8_unicode_ci NOT NULL DEFAULT '0',
  PRIMARY KEY (`id`),
  KEY `craft_entryversions_entryId_locale_idx` (`entryId`,`locale`),
  KEY `craft_entryversions_sectionId_fk` (`sectionId`),
  KEY `craft_entryversions_creatorId_fk` (`creatorId`),
  KEY `craft_entryversions_locale_fk` (`locale`)
) ENGINE=InnoDB AUTO_INCREMENT=173 DEFAULT CHARSET=utf8 COLLATE=utf8_unicode_ci;

--
-- Data for table `craft_entryversions`
--

INSERT INTO `craft_entryversions` (`id`, `entryId`, `sectionId`, `creatorId`, `locale`, `num`, `notes`, `data`, `dateCreated`, `dateUpdated`, `uid`) VALUES
 ('1', '2', '1', '1', 'en', '1', NULL, '{\"typeId\":\"1\",\"authorId\":null,\"title\":\"Homepage\",\"slug\":\"homepage\",\"postDate\":1488207921,\"expiryDate\":null,\"enabled\":1,\"parentId\":null,\"fields\":[]}', '2017-02-27 15:05:21', '2017-02-27 15:05:21', '272e929e-d0d9-4943-bed5-37ce5c1d5b1e'),
 ('2', '2', '1', '1', 'en', '2', NULL, '{\"typeId\":null,\"authorId\":null,\"title\":\"Welcome to Victoriafans!\",\"slug\":\"homepage\",\"postDate\":1488207921,\"expiryDate\":null,\"enabled\":\"1\",\"parentId\":null,\"fields\":{\"1\":\"<p>It\\u2019s true, this site doesn\\u2019t have a whole lot of content yet, but don\\u2019t worry. Our web developers have just installed the CMS, and they\\u2019re setting things up for the content editors this very moment. Soon Victoriafans will be an oasis of fresh perspectives, sharp analyses, and astute opinions that will keep you coming back again and again.<\\/p>\"}}', '2017-02-27 15:05:21', '2017-02-27 15:05:21', 'f2d7ceb1-c288-4f0f-9962-b50aa0cf6330'),
 ('9', '17', '3', '1', 'en', '1', '', '{\"typeId\":\"4\",\"authorId\":\"1\",\"title\":\"Axial Flow Fans\",\"slug\":\"axial-flow-fans\",\"postDate\":1488211369,\"expiryDate\":null,\"enabled\":1,\"parentId\":\"\",\"fields\":{\"4\":\"\",\"7\":\"\"}}', '2017-02-27 16:02:49', '2017-02-27 16:02:49', 'a7e3c4f4-bdce-4de3-992b-96ece3979ac1'),
 ('10', '18', '3', '1', 'en', '1', '', '{\"typeId\":\"3\",\"authorId\":\"1\",\"title\":\"Product Specification\",\"slug\":\"product-specification\",\"postDate\":1488211393,\"expiryDate\":null,\"enabled\":1,\"parentId\":\"\",\"fields\":{\"3\":\"\",\"9\":\"Plate Mounted Axial\"}}', '2017-02-27 16:03:13', '2017-02-27 16:03:13', '3b301595-cf5a-43c5-af4d-4982fa6f1ee3'),
 ('11', '18', '3', '1', 'en', '2', '', '{\"typeId\":\"3\",\"authorId\":\"1\",\"title\":\"Plate Mounted Axial\",\"slug\":\"product-specification\",\"postDate\":1488211380,\"expiryDate\":null,\"enabled\":1,\"parentId\":\"17\",\"fields\":{\"3\":\"\"}}', '2017-02-27 16:04:23', '2017-02-27 16:04:23', '9a26a1c6-324d-4d8b-9920-129cc31e5ada'),
 ('12', '19', '3', '1', 'en', '1', '', '{\"typeId\":\"4\",\"authorId\":\"1\",\"title\":\"Bifurcated Fans\",\"slug\":\"bifurcated-fans\",\"postDate\":1488211663,\"expiryDate\":null,\"enabled\":1,\"parentId\":\"\",\"fields\":{\"4\":\"\",\"7\":\"\"}}', '2017-02-27 16:07:43', '2017-02-27 16:07:43', '705c2bae-ce19-417b-b662-38215a2842e8'),
 ('13', '20', '3', '1', 'en', '1', '', '{\"typeId\":\"3\",\"authorId\":\"1\",\"title\":\"Centrifugal Fans\",\"slug\":\"centrifugal-fans\",\"postDate\":1488211682,\"expiryDate\":null,\"enabled\":1,\"parentId\":\"\",\"fields\":{\"3\":\"\"}}', '2017-02-27 16:08:02', '2017-02-27 16:08:02', '2130e9e9-9f97-4c4c-b05e-278618338ae5'),
 ('14', '21', '3', '1', 'en', '1', '', '{\"typeId\":\"4\",\"authorId\":\"1\",\"title\":\"Flameproof Fans\",\"slug\":\"flameproof-fans\",\"postDate\":1488211702,\"expiryDate\":null,\"enabled\":1,\"parentId\":\"\",\"fields\":{\"4\":\"\",\"7\":\"\"}}', '2017-02-27 16:08:22', '2017-02-27 16:08:22', '7b9e0db2-4140-42bb-8878-e5f4c660d211'),
 ('15', '20', '3', '1', 'en', '2', '', '{\"typeId\":\"4\",\"authorId\":\"1\",\"title\":\"Centrifugal Fans\",\"slug\":\"centrifugal-fans\",\"postDate\":1488211680,\"expiryDate\":null,\"enabled\":1,\"parentId\":\"\",\"fields\":{\"4\":\"\",\"7\":\"\"}}', '2017-02-27 16:08:33', '2017-02-27 16:08:33', 'aab8eeb1-1d25-404a-aa97-f768509c1552'),
 ('16', '22', '3', '1', 'en', '1', '', '{\"typeId\":\"3\",\"authorId\":\"1\",\"title\":\"Conical Bifurcated Fans\",\"slug\":\"conical-bifurcated-fans\",\"postDate\":1488211742,\"expiryDate\":null,\"enabled\":1,\"parentId\":\"\",\"fields\":{\"3\":\"\"}}', '2017-02-27 16:09:02', '2017-02-27 16:09:02', 'f221176f-dd93-4894-b159-1ffcab261969'),
 ('17', '23', '3', '1', 'en', '1', '', '{\"typeId\":\"3\",\"authorId\":\"1\",\"title\":\"Cylindrical Bifurcated Fans\",\"slug\":\"cylindrical-bifurcated-fans\",\"postDate\":1488211763,\"expiryDate\":null,\"enabled\":1,\"parentId\":\"\",\"fields\":{\"3\":\"\"}}', '2017-02-27 16:09:23', '2017-02-27 16:09:23', '36d51dc4-2ada-4823-925a-de29b194b798'),
 ('18', '24', '3', '1', 'en', '1', '', '{\"typeId\":\"3\",\"authorId\":\"1\",\"title\":\"Long Cased\",\"slug\":\"long-cased\",\"postDate\":1488211781,\"expiryDate\":null,\"enabled\":1,\"parentId\":\"\",\"fields\":{\"3\":\"\"}}', '2017-02-27 16:09:41', '2017-02-27 16:09:41', 'bd07b86b-3b38-47f7-8fd8-c69874ec693b'),
 ('19', '24', '3', '1', 'en', '2', '', '{\"typeId\":\"3\",\"authorId\":\"1\",\"title\":\"Long Cased Axial Flow Fans\",\"slug\":\"long-cased\",\"postDate\":1488211740,\"expiryDate\":null,\"enabled\":1,\"parentId\":\"\",\"fields\":{\"3\":\"\"}}', '2017-02-27 16:09:53', '2017-02-27 16:09:53', 'b20f200a-98b2-4a64-90ea-b5a1d5f3c209'),
 ('20', '25', '3', '1', 'en', '1', '', '{\"typeId\":\"3\",\"authorId\":\"1\",\"title\":\"Short Cased Axial Flow Fans\",\"slug\":\"short-cased-axial-flow-fans\",\"postDate\":1488211805,\"expiryDate\":null,\"enabled\":1,\"parentId\":\"\",\"fields\":{\"3\":\"\"}}', '2017-02-27 16:10:05', '2017-02-27 16:10:05', '3aeafcd1-cec1-4e2a-aec3-ac781908a689'),
 ('22', '27', '3', '1', 'en', '1', '', '{\"typeId\":\"3\",\"authorId\":\"1\",\"title\":\"Roof Extract Axial Flow Fans\",\"slug\":\"roof-extract-axial-flow-fans\",\"postDate\":1488211840,\"expiryDate\":null,\"enabled\":1,\"parentId\":\"\",\"fields\":{\"3\":\"\"}}', '2017-02-27 16:10:40', '2017-02-27 16:10:40', '4c32d38a-8875-431d-ae5e-63854866cd6f'),
 ('23', '28', '3', '1', 'en', '1', '', '{\"typeId\":\"3\",\"authorId\":\"1\",\"title\":\"Man Cooler Axial Flow Fans\",\"slug\":\"man-cooler-axial-flow-fans\",\"postDate\":1488211856,\"expiryDate\":null,\"enabled\":1,\"parentId\":\"\",\"fields\":{\"3\":\"\"}}', '2017-02-27 16:10:56', '2017-02-27 16:10:56', 'b09a6fac-fb9e-44fd-9826-15111ce36e0c'),
 ('25', '30', '3', '1', 'en', '1', '', '{\"typeId\":\"3\",\"authorId\":\"1\",\"title\":\"High Pressure Blowers\",\"slug\":\"high-pressure-blowers\",\"postDate\":1488212250,\"expiryDate\":null,\"enabled\":1,\"parentId\":\"\",\"fields\":{\"3\":\"\"}}', '2017-02-27 16:17:30', '2017-02-27 16:17:30', '0646c2af-f250-4f15-90d8-2634cd0909cb'),
 ('26', '31', '3', '1', 'en', '1', '', '{\"typeId\":\"3\",\"authorId\":\"1\",\"title\":\"Plate Mounted Axial\",\"slug\":\"product-specification-1\",\"postDate\":1488211380,\"expiryDate\":null,\"enabled\":1,\"parentId\":\"17\",\"fields\":{\"3\":\"\"}}', '2017-02-27 16:17:46', '2017-02-27 16:17:46', 'd316ef12-882a-4aa9-b397-8d17ef35c813'),
 ('27', '32', '3', '1', 'en', '1', '', '{\"typeId\":\"3\",\"authorId\":\"1\",\"title\":\"Paddle Bladed\",\"slug\":\"paddle-bladed\",\"postDate\":1488212289,\"expiryDate\":null,\"enabled\":1,\"parentId\":\"\",\"fields\":{\"3\":\"\"}}', '2017-02-27 16:18:09', '2017-02-27 16:18:09', '20812b94-3f0e-42d7-b90a-1627dec95681'),
 ('28', '33', '3', '1', 'en', '1', '', '{\"typeId\":\"3\",\"authorId\":\"1\",\"title\":\"Forward Curved\",\"slug\":\"forward-curved\",\"postDate\":1488212298,\"expiryDate\":null,\"enabled\":1,\"parentId\":\"\",\"fields\":{\"3\":\"\"}}', '2017-02-27 16:18:19', '2017-02-27 16:18:19', 'c3cc6767-bf45-41e9-8266-1c8d0b09623b'),
 ('29', '34', '3', '1', 'en', '1', '', '{\"typeId\":\"3\",\"authorId\":\"1\",\"title\":\"Backward Curved Centrifugal Fans\",\"slug\":\"backward-curved-centrifugal-fans\",\"postDate\":1488212326,\"expiryDate\":null,\"enabled\":1,\"parentId\":\"\",\"fields\":{\"3\":\"\"}}', '2017-02-27 16:18:46', '2017-02-27 16:18:46', '52fca6f4-6d91-42e7-8e54-3b1850ca1c91'),
 ('30', '33', '3', '1', 'en', '2', '', '{\"typeId\":\"3\",\"authorId\":\"1\",\"title\":\"Forward Curved Centrifugal Fans\",\"slug\":\"forward-curved\",\"postDate\":1488212280,\"expiryDate\":null,\"enabled\":1,\"parentId\":\"\",\"fields\":{\"3\":\"\"}}', '2017-02-27 16:18:52', '2017-02-27 16:18:52', '614bf6a9-1e34-41a4-9d5b-fbc55ce31c69'),
 ('31', '32', '3', '1', 'en', '2', '', '{\"typeId\":\"3\",\"authorId\":\"1\",\"title\":\"Paddle Bladed Centrifugal Fans\",\"slug\":\"paddle-bladed\",\"postDate\":1488212280,\"expiryDate\":null,\"enabled\":1,\"parentId\":\"\",\"fields\":{\"3\":\"\"}}', '2017-02-27 16:19:00', '2017-02-27 16:19:00', '82f49122-77ae-4d78-8e7f-2a12ef0eb06c'),
 ('32', '30', '3', '1', 'en', '2', '', '{\"typeId\":\"3\",\"authorId\":\"1\",\"title\":\"High Pressure Centrifugal Fan Blowers\",\"slug\":\"high-pressure-blowers\",\"postDate\":1488212220,\"expiryDate\":null,\"enabled\":1,\"parentId\":\"20\",\"fields\":{\"3\":\"\"}}', '2017-02-27 16:19:17', '2017-02-27 16:19:17', '1e1cb062-6d0f-4d84-960f-095b05451a9b'),
 ('33', '35', '3', '1', 'en', '1', '', '{\"typeId\":\"3\",\"authorId\":\"1\",\"title\":\"Aerofoil Centrifugal Fans\",\"slug\":\"aerofoil-centrifugal-fans\",\"postDate\":1488212380,\"expiryDate\":null,\"enabled\":1,\"parentId\":\"\",\"fields\":{\"3\":\"\"}}', '2017-02-27 16:19:40', '2017-02-27 16:19:40', 'cc11e429-259a-48c6-8bae-4f958c6adc3e'),
 ('34', '18', '3', '1', 'en', '3', '', '{\"typeId\":\"3\",\"authorId\":\"1\",\"title\":\"Plate Mounted Axial\",\"slug\":\"product-specification\",\"postDate\":1488211380,\"expiryDate\":null,\"enabled\":1,\"parentId\":\"17\",\"fields\":{\"10\":[\"4\"],\"3\":\"\"}}', '2017-02-27 16:40:38', '2017-02-27 16:40:38', 'cfd829ce-f1ed-490d-8259-3709a1fc24c1'),
 ('35', '18', '3', '1', 'en', '4', '', '{\"typeId\":\"3\",\"authorId\":\"1\",\"title\":\"Plate Mounted Axial\",\"slug\":\"product-specification\",\"postDate\":1488211380,\"expiryDate\":null,\"enabled\":1,\"parentId\":\"17\",\"fields\":{\"10\":[\"4\"],\"3\":\"<p>This is all about the plate mounted axial fan<\\/p>\"}}', '2017-02-27 18:06:22', '2017-02-27 18:06:22', 'bc90d180-04e2-4a4d-b658-9b40029679d1'),
 ('36', '18', '3', '1', 'en', '5', '', '{\"typeId\":\"3\",\"authorId\":\"1\",\"title\":\"Plate Mounted Axial\",\"slug\":\"product-specification\",\"postDate\":1488211380,\"expiryDate\":null,\"enabled\":1,\"parentId\":\"17\",\"fields\":{\"10\":[\"4\"],\"3\":\"<p>This is all about the plate mounted axial fan<\\/p>\"}}', '2017-02-27 18:09:21', '2017-02-27 18:09:21', 'b706255e-8eae-432d-a5cf-0f080d990054'),
 ('37', '17', '3', '1', 'en', '2', '', '{\"typeId\":\"4\",\"authorId\":\"1\",\"title\":\"Axial Flow Fans\",\"slug\":\"axial-flow-fans\",\"postDate\":1488211320,\"expiryDate\":null,\"enabled\":1,\"parentId\":\"\",\"fields\":{\"4\":\"\",\"3\":\"<p>Lipsum<\\/p>\",\"7\":\"\"}}', '2017-02-27 18:12:24', '2017-02-27 18:12:24', '8b4dcac8-a639-4c9a-9b3f-b5434c5b5b48'),
 ('38', '17', '3', '1', 'en', '3', '', '{\"typeId\":\"4\",\"authorId\":\"1\",\"title\":\"Axial Flow Fans\",\"slug\":\"axial-flow-fans\",\"postDate\":1488211320,\"expiryDate\":null,\"enabled\":1,\"parentId\":\"\",\"fields\":{\"4\":\"\",\"3\":\"<p>Lorem ipsum dolor sit amet, consectetur adipiscing elit. Nullam at lectus ipsum. Nam vehicula felis a mi commodo, id lacinia nisi ultricies. Nunc ut libero sit amet diam scelerisque gravida.<\\/p>\",\"7\":\"\"}}', '2017-02-27 18:13:36', '2017-02-27 18:13:36', '434bf573-58b1-4c58-bf3c-85256b2e0f3c'),
 ('39', '19', '3', '1', 'en', '2', '', '{\"typeId\":\"4\",\"authorId\":\"1\",\"title\":\"Bifurcated Fans\",\"slug\":\"bifurcated-fans\",\"postDate\":1488211620,\"expiryDate\":null,\"enabled\":1,\"parentId\":\"\",\"fields\":{\"4\":\"\",\"3\":\"<p>Aliquam a tortor et nibh interdum egestas. Proin orci erat, mattis a tincidunt nec, efficitur id neque. Suspendisse scelerisque semper vestibulum.<\\/p>\",\"7\":\"\"}}', '2017-02-27 18:13:54', '2017-02-27 18:13:54', 'e3860144-7060-4ad2-a460-e94c99c1e4e7'),
 ('40', '21', '3', '1', 'en', '2', '', '{\"typeId\":\"4\",\"authorId\":\"1\",\"title\":\"Flameproof Fans\",\"slug\":\"flameproof-fans\",\"postDate\":1488211680,\"expiryDate\":null,\"enabled\":1,\"parentId\":\"\",\"fields\":{\"4\":\"\",\"3\":\"<p>Morbi quis pulvinar nisi. Proin et magna enim. Donec quis mi vitae diam fringilla placerat et hendrerit massa. Vestibulum sit amet urna posuere diam lacinia egestas.<\\/p>\",\"7\":\"\"}}', '2017-02-27 18:14:11', '2017-02-27 18:14:11', 'aeda922d-a278-4738-becb-65eda290be3c'),
 ('41', '20', '3', '1', 'en', '3', '', '{\"typeId\":\"4\",\"authorId\":\"1\",\"title\":\"Centrifugal Fans\",\"slug\":\"centrifugal-fans\",\"postDate\":1488211680,\"expiryDate\":null,\"enabled\":1,\"parentId\":\"\",\"fields\":{\"4\":\"\",\"3\":\"<p>Praesent non elit nec sem interdum suscipit quis imperdiet felis. Praesent nulla ligula, consectetur sit amet tortor commodo, tristique viverra ex. Pellentesque laoreet erat sit amet sagittis tempor.<\\/p>\",\"7\":\"\"}}', '2017-02-27 18:14:24', '2017-02-27 18:14:24', '554f7c03-af43-415b-bc8c-a8da4a0ba8ef'),
 ('42', '17', '3', '1', 'en', '4', '', '{\"typeId\":\"4\",\"authorId\":\"1\",\"title\":\"Axial Flow Fans\",\"slug\":\"axial-flow-fans\",\"postDate\":1488211320,\"expiryDate\":null,\"enabled\":1,\"parentId\":\"\",\"fields\":{\"4\":{\"new1\":{\"type\":\"1\",\"fields\":{\"fd_St_Header\":\"Arrangement\",\"fd_st_text\":\"<p>Lorem ipsum dolor sit amet, consectetur adipiscing elit. Morbi odio nibh, feugiat at metus a, tempus cursus dui. Cras imperdiet, ligula sed tempus cursus, metus est laoreet quam, eu ultrices magna mauris eu quam. Vestibulum accumsan pharetra elit, eu cursus lacus congue eu. Nullam vitae libero sit amet felis maximus aliquet. Maecenas in vehicula tortor. Sed nec arcu a metus porttitor dignissim. Vivamus blandit ipsum sapien, et sagittis diam mollis vitae. Morbi dictum volutpat mattis. Suspendisse laoreet suscipit odio sit amet pretium. Fusce ut lorem lacus. Morbi in velit et elit sodales pharetra congue in dolor.<\\/p>\"}},\"new2\":{\"type\":\"1\",\"fields\":{\"fd_St_Header\":\"Standard Impellors\",\"fd_st_text\":\"<p>Praesent sed erat et erat dignissim sollicitudin. Ut facilisis sapien in eros sollicitudin tempus. Ut vitae erat tellus. Phasellus et est at augue gravida molestie ut luctus mi. Morbi volutpat massa tellus, sed tincidunt neque tincidunt eget. Sed quis fringilla purus. Orci varius natoque penatibus et magnis dis parturient montes, nascetur ridiculus mus. Curabitur viverra tellus aliquet ullamcorper gravida. Curabitur nec nisl vel orci ornare convallis. Fusce non odio semper, condimentum odio et, scelerisque dui. Nam leo nibh, elementum et ultricies ac, interdum non nisl. Proin eget malesuada massa, sed cursus quam. Nam pretium tincidunt dapibus. Orci varius natoque penatibus et magnis dis parturient montes, nascetur ridiculus mus. Phasellus venenatis arcu vitae nibh eleifend pellentesque.<\\/p>\"}},\"new3\":{\"type\":\"1\",\"fields\":{\"fd_St_Header\":\"Staging of Axial Flow Fans\",\"fd_st_text\":\"<p>Nulla et venenatis ligula, ut volutpat odio. Vivamus sodales sapien eu feugiat ultricies. Pellentesque molestie pellentesque nisl, sed faucibus dui elementum id. Nullam lobortis nisi vel egestas convallis. Mauris lobortis augue id viverra ornare. Etiam sit amet odio quis mi varius ullamcorper. Fusce est purus, egestas et aliquam in, ullamcorper ac erat. Maecenas purus odio, condimentum sit amet libero in, iaculis iaculis sem. Donec ullamcorper tortor non libero tristique cursus. Aliquam eleifend et quam semper luctus. Ut suscipit est vel sapien placerat, quis consequat arcu iaculis. Donec interdum viverra quam, ornare pulvinar sem auctor ac. Mauris ultricies scelerisque consectetur. Phasellus tellus mauris, egestas nec ex vitae, volutpat commodo purus.<\\/p>\"}},\"new4\":{\"type\":\"1\",\"fields\":{\"fd_St_Header\":\"Fractional Solidity Impellors\",\"fd_st_text\":\"<p>Donec ut ullamcorper nisi. Fusce faucibus interdum turpis sed volutpat. Donec velit ante, viverra nec facilisis eu, ultricies quis nunc. Sed id mi lectus. Mauris eget ligula nec nisl vestibulum convallis. In hac habitasse platea dictumst. Maecenas tempor efficitur ipsum vel viverra. Ut sed lacus vehicula, imperdiet tortor vitae, mattis sapien. Duis sem libero, dapibus eu ipsum sit amet, commodo accumsan turpis. Donec porttitor aliquam tincidunt. Cras pretium finibus sapien a facilisis. Pellentesque nec nulla et erat egestas porta.<\\/p>\"}},\"new5\":{\"type\":\"1\",\"fields\":{\"fd_St_Header\":\"Long Cased Type\",\"fd_st_text\":\"<p>Donec ut ullamcorper nisi. Fusce faucibus interdum turpis sed volutpat. Donec velit ante, viverra nec facilisis eu, ultricies quis nunc. Sed id mi lectus. Mauris eget ligula nec nisl vestibulum convallis. In hac habitasse platea dictumst. Maecenas tempor efficitur ipsum vel viverra. Ut sed lacus vehicula, imperdiet tortor vitae, mattis sapien. Duis sem libero, dapibus eu ipsum sit amet, commodo accumsan turpis. Donec porttitor aliquam tincidunt. Cras pretium finibus sapien a facilisis. Pellentesque nec nulla et erat egestas porta.<\\/p>\"}}},\"3\":\"<p>Lorem ipsum dolor sit amet, consectetur adipiscing elit. Nullam at lectus ipsum. Nam vehicula felis a mi commodo, id lacinia nisi ultricies. Nunc ut libero sit amet diam scelerisque gravida.<\\/p>\",\"7\":\"\"}}', '2017-02-28 10:02:46', '2017-02-28 10:02:46', 'f360aba2-ed3e-482f-b851-42f92870a1d4'),
 ('43', '17', '3', '1', 'en', '5', '', '{\"typeId\":\"4\",\"authorId\":\"1\",\"title\":\"Axial Flow Fans\",\"slug\":\"axial-flow-fans\",\"postDate\":1488211320,\"expiryDate\":null,\"enabled\":1,\"parentId\":\"\",\"fields\":{\"4\":{\"36\":{\"type\":\"1\",\"fields\":{\"fd_St_Header\":\"Arrangement\",\"fd_st_text\":\"<p>Lorem ipsum dolor sit amet, consectetur adipiscing elit. Morbi odio nibh, feugiat at metus a, tempus cursus dui. Cras imperdiet, ligula sed tempus cursus, metus est laoreet quam, eu ultrices magna mauris eu quam. Vestibulum accumsan pharetra elit, eu cursus lacus congue eu. Nullam vitae libero sit amet felis maximus aliquet. Maecenas in vehicula tortor. Sed nec arcu a metus porttitor dignissim. Vivamus blandit ipsum sapien, et sagittis diam mollis vitae. Morbi dictum volutpat mattis. Suspendisse laoreet suscipit odio sit amet pretium. Fusce ut lorem lacus. Morbi in velit et elit sodales pharetra congue in dolor.<\\/p>\"}},\"37\":{\"type\":\"1\",\"fields\":{\"fd_St_Header\":\"Standard Impellors\",\"fd_st_text\":\"<p>Praesent sed erat et erat dignissim sollicitudin. Ut facilisis sapien in eros sollicitudin tempus. Ut vitae erat tellus. Phasellus et est at augue gravida molestie ut luctus mi. Morbi volutpat massa tellus, sed tincidunt neque tincidunt eget. Sed quis fringilla purus. Orci varius natoque penatibus et magnis dis parturient montes, nascetur ridiculus mus. Curabitur viverra tellus aliquet ullamcorper gravida. Curabitur nec nisl vel orci ornare convallis. Fusce non odio semper, condimentum odio et, scelerisque dui. Nam leo nibh, elementum et ultricies ac, interdum non nisl. Proin eget malesuada massa, sed cursus quam. Nam pretium tincidunt dapibus. Orci varius natoque penatibus et magnis dis parturient montes, nascetur ridiculus mus. Phasellus venenatis arcu vitae nibh eleifend pellentesque.<\\/p>\"}},\"38\":{\"type\":\"1\",\"fields\":{\"fd_St_Header\":\"Staging of Axial Flow Fans\",\"fd_st_text\":\"<p>Nulla et venenatis ligula, ut volutpat odio. Vivamus sodales sapien eu feugiat ultricies. Pellentesque molestie pellentesque nisl, sed faucibus dui elementum id. Nullam lobortis nisi vel egestas convallis. Mauris lobortis augue id viverra ornare. Etiam sit amet odio quis mi varius ullamcorper. Fusce est purus, egestas et aliquam in, ullamcorper ac erat. Maecenas purus odio, condimentum sit amet libero in, iaculis iaculis sem. Donec ullamcorper tortor non libero tristique cursus. Aliquam eleifend et quam semper luctus. Ut suscipit est vel sapien placerat, quis consequat arcu iaculis. Donec interdum viverra quam, ornare pulvinar sem auctor ac. Mauris ultricies scelerisque consectetur. Phasellus tellus mauris, egestas nec ex vitae, volutpat commodo purus.<\\/p>\"}},\"39\":{\"type\":\"1\",\"fields\":{\"fd_St_Header\":\"Fractional Solidity Impellors\",\"fd_st_text\":\"<p>Donec ut ullamcorper nisi. Fusce faucibus interdum turpis sed volutpat. Donec velit ante, viverra nec facilisis eu, ultricies quis nunc. Sed id mi lectus. Mauris eget ligula nec nisl vestibulum convallis. In hac habitasse platea dictumst. Maecenas tempor efficitur ipsum vel viverra. Ut sed lacus vehicula, imperdiet tortor vitae, mattis sapien. Duis sem libero, dapibus eu ipsum sit amet, commodo accumsan turpis. Donec porttitor aliquam tincidunt. Cras pretium finibus sapien a facilisis. Pellentesque nec nulla et erat egestas porta.<\\/p>\"}},\"40\":{\"type\":\"1\",\"fields\":{\"fd_St_Header\":\"Long Cased Type\",\"fd_st_text\":\"<p>Donec ut ullamcorper nisi. Fusce faucibus interdum turpis sed volutpat. Donec velit ante, viverra nec facilisis eu, ultricies quis nunc. Sed id mi lectus. Mauris eget ligula nec nisl vestibulum convallis. In hac habitasse platea dictumst. Maecenas tempor efficitur ipsum vel viverra. Ut sed lacus vehicula, imperdiet tortor vitae, mattis sapien. Duis sem libero, dapibus eu ipsum sit amet, commodo accumsan turpis. Donec porttitor aliquam tincidunt. Cras pretium finibus sapien a facilisis. Pellentesque nec nulla et erat egestas porta.<\\/p>\"}},\"new1\":{\"type\":\"1\",\"fields\":{\"fd_St_Header\":\"Example of Coding\",\"fd_st_text\":\"<p>Mauris commodo vestibulum lacus vel venenatis. Donec mattis pretium dictum. Praesent at mollis arcu, in finibus felis. Aenean ornare tellus orci, sit amet sodales elit placerat in. Etiam et purus mi. Proin id feugiat odio. Integer mollis ornare arcu, eu vulputate turpis dapibus non. Cras tempus nibh augue, non tincidunt leo dignissim non. Nam tempus venenatis orci. Morbi interdum odio eu nisl euismod ultrices.<\\/p>\"}},\"new2\":{\"type\":\"1\",\"fields\":{\"fd_St_Header\":\"Motors\",\"fd_st_text\":\"<p>Curabitur hendrerit nec sem ac pulvinar. Integer vitae accumsan enim. Morbi eu vestibulum dui. Praesent id imperdiet nulla. Proin orci nisi, hendrerit tempor dolor quis, venenatis mattis sem. Proin ipsum mauris, placerat et felis non, efficitur vulputate justo. Ut accumsan, metus eu dignissim suscipit, quam velit fringilla orci, sed aliquet dui enim sed leo.&nbsp;<\\/p>\"}},\"new3\":{\"type\":\"1\",\"fields\":{\"fd_St_Header\":\"Extra Features Available\",\"fd_st_text\":\"<p>Ut ac porttitor dolor. Vivamus leo sem, aliquet lacinia ex vel, mollis consectetur nibh. Morbi enim augue, cursus non malesuada ac, tincidunt sit amet augue. Mauris fermentum, ligula nec pellentesque euismod, nisl sapien ultricies purus, eget porttitor est magna at elit. Orci varius natoque penatibus et magnis dis parturient montes, nascetur ridiculus mus. Aliquam sollicitudin euismod turpis ut tempus. Donec nibh augue, cursus aliquet odio vel, egestas eleifend ante.<\\/p>\"}},\"new4\":{\"type\":\"1\",\"fields\":{\"fd_St_Header\":\"Finish\",\"fd_st_text\":\"<p>Suspendisse tellus purus, semper vitae leo in, congue euismod lorem. Vivamus ut metus mollis, lobortis augue vel, pharetra ipsum. Vivamus id vulputate urna. Vestibulum ultricies maximus purus tempus convallis. Praesent justo est, aliquam sed pretium non, bibendum ut massa. Lorem ipsum dolor sit amet, consectetur adipiscing elit.<\\/p>\"}}},\"3\":\"<p>Lorem ipsum dolor sit amet, consectetur adipiscing elit. Nullam at lectus ipsum. Nam vehicula felis a mi commodo, id lacinia nisi ultricies. Nunc ut libero sit amet diam scelerisque gravida.<\\/p>\",\"7\":\"All Long and Short cased fans can be supplied with 304 or 316 Stainless Steel Casings\"}}', '2017-02-28 10:05:05', '2017-02-28 10:05:05', '01006d82-9491-4f35-a24c-4b9f48cb692e'),
 ('44', '17', '3', '1', 'en', '6', '', '{\"typeId\":\"4\",\"authorId\":\"1\",\"title\":\"Axial Flow Fans\",\"slug\":\"axial-flow-fans\",\"postDate\":1488211320,\"expiryDate\":null,\"enabled\":1,\"parentId\":\"\",\"fields\":{\"4\":{\"36\":{\"type\":\"1\",\"fields\":{\"fd_St_Header\":\"Arrangement\",\"fd_st_text\":\"<p>Lorem ipsum dolor sit amet, consectetur adipiscing elit. Morbi odio nibh, feugiat at metus a, tempus cursus dui. Cras imperdiet, ligula sed tempus cursus, metus est laoreet quam, eu ultrices magna mauris eu quam. Vestibulum accumsan pharetra elit, eu cursus lacus congue eu. Nullam vitae libero sit amet felis maximus aliquet. Maecenas in vehicula tortor. Sed nec arcu a metus porttitor dignissim. Vivamus blandit ipsum sapien, et sagittis diam mollis vitae. Morbi dictum volutpat mattis. Suspendisse laoreet suscipit odio sit amet pretium. Fusce ut lorem lacus. Morbi in velit et elit sodales pharetra congue in dolor.<\\/p>\"}},\"37\":{\"type\":\"1\",\"fields\":{\"fd_St_Header\":\"Standard Impellors\",\"fd_st_text\":\"<p>Praesent sed erat et erat dignissim sollicitudin. Ut facilisis sapien in eros sollicitudin tempus. Ut vitae erat tellus. Phasellus et est at augue gravida molestie ut luctus mi. Morbi volutpat massa tellus, sed tincidunt neque tincidunt eget. Sed quis fringilla purus. Orci varius natoque penatibus et magnis dis parturient montes, nascetur ridiculus mus. Curabitur viverra tellus aliquet ullamcorper gravida. Curabitur nec nisl vel orci ornare convallis. Fusce non odio semper, condimentum odio et, scelerisque dui. Nam leo nibh, elementum et ultricies ac, interdum non nisl. Proin eget malesuada massa, sed cursus quam. Nam pretium tincidunt dapibus. Orci varius natoque penatibus et magnis dis parturient montes, nascetur ridiculus mus. Phasellus venenatis arcu vitae nibh eleifend pellentesque.<\\/p>\"}},\"38\":{\"type\":\"1\",\"fields\":{\"fd_St_Header\":\"Staging of Axial Flow Fans\",\"fd_st_text\":\"<p>Nulla et venenatis ligula, ut volutpat odio. Vivamus sodales sapien eu feugiat ultricies. Pellentesque molestie pellentesque nisl, sed faucibus dui elementum id. Nullam lobortis nisi vel egestas convallis. Mauris lobortis augue id viverra ornare. Etiam sit amet odio quis mi varius ullamcorper. Fusce est purus, egestas et aliquam in, ullamcorper ac erat. Maecenas purus odio, condimentum sit amet libero in, iaculis iaculis sem. Donec ullamcorper tortor non libero tristique cursus. Aliquam eleifend et quam semper luctus. Ut suscipit est vel sapien placerat, quis consequat arcu iaculis. Donec interdum viverra quam, ornare pulvinar sem auctor ac. Mauris ultricies scelerisque consectetur. Phasellus tellus mauris, egestas nec ex vitae, volutpat commodo purus.<\\/p>\"}},\"39\":{\"type\":\"1\",\"fields\":{\"fd_St_Header\":\"Fractional Solidity Impellors\",\"fd_st_text\":\"<p>Donec ut ullamcorper nisi. Fusce faucibus interdum turpis sed volutpat. Donec velit ante, viverra nec facilisis eu, ultricies quis nunc. Sed id mi lectus. Mauris eget ligula nec nisl vestibulum convallis. In hac habitasse platea dictumst. Maecenas tempor efficitur ipsum vel viverra. Ut sed lacus vehicula, imperdiet tortor vitae, mattis sapien. Duis sem libero, dapibus eu ipsum sit amet, commodo accumsan turpis. Donec porttitor aliquam tincidunt. Cras pretium finibus sapien a facilisis. Pellentesque nec nulla et erat egestas porta.<\\/p>\"}},\"40\":{\"type\":\"1\",\"fields\":{\"fd_St_Header\":\"Long Cased Type\",\"fd_st_text\":\"<p>Donec ut ullamcorper nisi. Fusce faucibus interdum turpis sed volutpat. Donec velit ante, viverra nec facilisis eu, ultricies quis nunc. Sed id mi lectus. Mauris eget ligula nec nisl vestibulum convallis. In hac habitasse platea dictumst. Maecenas tempor efficitur ipsum vel viverra. Ut sed lacus vehicula, imperdiet tortor vitae, mattis sapien. Duis sem libero, dapibus eu ipsum sit amet, commodo accumsan turpis. Donec porttitor aliquam tincidunt. Cras pretium finibus sapien a facilisis. Pellentesque nec nulla et erat egestas porta.<\\/p>\"}},\"41\":{\"type\":\"1\",\"fields\":{\"fd_St_Header\":\"Example of Coding\",\"fd_st_text\":\"<p>Mauris commodo vestibulum lacus vel venenatis. Donec mattis pretium dictum. Praesent at mollis arcu, in finibus felis. Aenean ornare tellus orci, sit amet sodales elit placerat in. Etiam et purus mi. Proin id feugiat odio. Integer mollis ornare arcu, eu vulputate turpis dapibus non. Cras tempus nibh augue, non tincidunt leo dignissim non. Nam tempus venenatis orci. Morbi interdum odio eu nisl euismod ultrices.<\\/p>\"}},\"42\":{\"type\":\"1\",\"fields\":{\"fd_St_Header\":\"Motors\",\"fd_st_text\":\"<p>Curabitur hendrerit nec sem ac pulvinar. Integer vitae accumsan enim. Morbi eu vestibulum dui. Praesent id imperdiet nulla. Proin orci nisi, hendrerit tempor dolor quis, venenatis mattis sem. Proin ipsum mauris, placerat et felis non, efficitur vulputate justo. Ut accumsan, metus eu dignissim suscipit, quam velit fringilla orci, sed aliquet dui enim sed leo.&nbsp;<\\/p>\"}},\"43\":{\"type\":\"1\",\"fields\":{\"fd_St_Header\":\"Extra Features Available\",\"fd_st_text\":\"<p>Ut ac porttitor dolor. Vivamus leo sem, aliquet lacinia ex vel, mollis consectetur nibh. Morbi enim augue, cursus non malesuada ac, tincidunt sit amet augue. Mauris fermentum, ligula nec pellentesque euismod, nisl sapien ultricies purus, eget porttitor est magna at elit. Orci varius natoque penatibus et magnis dis parturient montes, nascetur ridiculus mus. Aliquam sollicitudin euismod turpis ut tempus. Donec nibh augue, cursus aliquet odio vel, egestas eleifend ante.<\\/p>\"}},\"44\":{\"type\":\"1\",\"fields\":{\"fd_St_Header\":\"Finish\",\"fd_st_text\":\"<p>Suspendisse tellus purus, semper vitae leo in, congue euismod lorem. Vivamus ut metus mollis, lobortis augue vel, pharetra ipsum. Vivamus id vulputate urna. Vestibulum ultricies maximus purus tempus convallis. Praesent justo est, aliquam sed pretium non, bibendum ut massa. Lorem ipsum dolor sit amet, consectetur adipiscing elit.<\\/p>\"}}},\"3\":\"<p>Lorem ipsum dolor sit amet, consectetur adipiscing elit. Nullam at lectus ipsum. Nam vehicula felis a mi commodo, id lacinia nisi ultricies. Nunc ut libero sit amet diam scelerisque gravida.<\\/p>\",\"7\":\"All Long and Short cased fans can be supplied with 304 or 316 Stainless Steel Casings\"}}', '2017-02-28 10:05:17', '2017-02-28 10:05:17', 'c9bad62f-fbf7-444b-8afc-7a2642834b14'),
 ('45', '18', '3', '1', 'en', '6', '', '{\"typeId\":\"3\",\"authorId\":\"1\",\"title\":\"Plate Mounted Axial\",\"slug\":\"product-specification\",\"postDate\":1488211380,\"expiryDate\":null,\"enabled\":1,\"parentId\":\"17\",\"fields\":{\"10\":[\"4\"],\"11\":\"<p>Phasellus sed sollicitudin nisl. Praesent at euismod dui. Donec hendrerit quam turpis. Curabitur sed pharetra erat, at mollis est. Maecenas vel pharetra ligula, lacinia pellentesque justo. Donec finibus augue eget justo suscipit hendrerit. Integer at nisi vitae nibh commodo condimentum vel nec mauris. Proin tempor ex et tempus fermentum.<\\/p>\"}}', '2017-02-28 11:21:25', '2017-02-28 11:21:25', 'f6de014e-ef7f-4d95-823a-4fc2127cf5d9'),
 ('46', '18', '3', '1', 'en', '7', '', '{\"typeId\":\"3\",\"authorId\":\"1\",\"title\":\"Plate Mounted Axial\",\"slug\":\"product-specification\",\"postDate\":1488211380,\"expiryDate\":null,\"enabled\":1,\"parentId\":\"17\",\"fields\":{\"10\":[\"4\",\"7\"],\"11\":\"<p>Phasellus sed sollicitudin nisl. Praesent at euismod dui. Donec hendrerit quam turpis. Curabitur sed pharetra erat, at mollis est. Maecenas vel pharetra ligula, lacinia pellentesque justo. Donec finibus augue eget justo suscipit hendrerit. Integer at nisi vitae nibh commodo condimentum vel nec mauris. Proin tempor ex et tempus fermentum.<\\/p>\"}}', '2017-02-28 11:34:21', '2017-02-28 11:34:21', '2e49c41f-20a6-4a32-b8e6-2d4a5944b7ff'),
 ('47', '18', '3', '1', 'en', '8', '', '{\"typeId\":\"3\",\"authorId\":\"1\",\"title\":\"Plate Mounted Axial\",\"slug\":\"plate-mounted-axial-flow-fan\",\"postDate\":1488211380,\"expiryDate\":null,\"enabled\":1,\"parentId\":\"17\",\"fields\":{\"10\":[\"4\",\"7\"],\"11\":\"<p>Phasellus sed sollicitudin nisl. Praesent at euismod dui. Donec hendrerit quam turpis. Curabitur sed pharetra erat, at mollis est. Maecenas vel pharetra ligula, lacinia pellentesque justo. Donec finibus augue eget justo suscipit hendrerit. Integer at nisi vitae nibh commodo condimentum vel nec mauris. Proin tempor ex et tempus fermentum.<\\/p>\"}}', '2017-02-28 16:35:35', '2017-02-28 16:35:35', '243cafbe-9d56-4bc8-a75a-928331c0cc1d'),
 ('48', '24', '3', '1', 'en', '3', '', '{\"typeId\":\"3\",\"authorId\":\"1\",\"title\":\"Long Cased Axial Flow Fans\",\"slug\":\"long-cased-axial-flow-fans\",\"postDate\":1488211740,\"expiryDate\":null,\"enabled\":1,\"parentId\":\"17\",\"fields\":{\"10\":\"\",\"11\":\"\"}}', '2017-02-28 16:36:29', '2017-02-28 16:36:29', '230312ef-a2de-462f-9457-292be804e9b9'),
 ('49', '18', '3', '1', 'en', '9', '', '{\"typeId\":\"3\",\"authorId\":\"1\",\"title\":\"Plate Mounted Axial\",\"slug\":\"plate-mounted-axial-flow-fan\",\"postDate\":1488211380,\"expiryDate\":null,\"enabled\":1,\"parentId\":\"17\",\"fields\":{\"10\":[\"4\",\"7\"],\"13\":{\"new1\":{\"type\":\"2\",\"fields\":{\"fd_st_component_name\":\"Mounting Plate\",\"fd_st_componentText\":\"Fabricated in Steel and finished in Epoxy resin. 304 or 316 Stainless Steel available if required.\\u200b\"}}},\"18\":\"\",\"19\":\"\",\"12\":\"\",\"11\":\"<p>Phasellus sed sollicitudin nisl. Praesent at euismod dui. Donec hendrerit quam turpis. Curabitur sed pharetra erat, at mollis est. Maecenas vel pharetra ligula, lacinia pellentesque justo. Donec finibus augue eget justo suscipit hendrerit. Integer at nisi vitae nibh commodo condimentum vel nec mauris. Proin tempor ex et tempus fermentum.<\\/p>\",\"16\":\"\"}}', '2017-02-28 17:05:42', '2017-02-28 17:05:42', '04d7b0b5-1da6-4336-81e4-8b827e3fbebe'),
 ('50', '18', '3', '1', 'en', '10', '', '{\"typeId\":\"3\",\"authorId\":\"1\",\"title\":\"Plate Mounted Axial\",\"slug\":\"plate-mounted-axial-flow-fan\",\"postDate\":1488211380,\"expiryDate\":null,\"enabled\":1,\"parentId\":\"17\",\"fields\":{\"10\":[\"4\",\"7\"],\"13\":{\"45\":{\"type\":\"2\",\"fields\":{\"fd_st_component_name\":\"Mounting Plate\",\"fd_st_componentText\":\"Fabricated in Steel and finished in Epoxy resin. 304 or 316 Stainless Steel available if required.\\u200b\"}},\"new1\":{\"type\":\"2\",\"fields\":{\"fd_st_component_name\":\"Impellers\",\"fd_st_componentText\":\"Aluminium Hub with polypropylene blades. Anti-Static or Aluminium blades available if required\"}},\"new2\":{\"type\":\"2\",\"fields\":{\"fd_st_component_name\":\"Motors\",\"fd_st_componentText\":\"Single or 3 phase Class F IP55 as standard with 2 speed, Zone 1 or Zone 2 as optional extras\"}}},\"18\":\"\",\"19\":\"\",\"12\":\"\",\"11\":\"<p>Phasellus sed sollicitudin nisl. Praesent at euismod dui. Donec hendrerit quam turpis. Curabitur sed pharetra erat, at mollis est. Maecenas vel pharetra ligula, lacinia pellentesque justo. Donec finibus augue eget justo suscipit hendrerit. Integer at nisi vitae nibh commodo condimentum vel nec mauris. Proin tempor ex et tempus fermentum.<\\/p>\",\"16\":\"\"}}', '2017-02-28 17:07:33', '2017-02-28 17:07:33', '648e0083-3a69-4b5d-aa93-ec51a8dcde67'),
 ('51', '18', '3', '1', 'en', '11', '', '{\"typeId\":\"3\",\"authorId\":\"1\",\"title\":\"Plate Mounted Axial\",\"slug\":\"plate-mounted-axial-flow-fan\",\"postDate\":1488211380,\"expiryDate\":null,\"enabled\":1,\"parentId\":\"17\",\"fields\":{\"10\":[\"4\",\"7\"],\"13\":{\"45\":{\"type\":\"2\",\"fields\":{\"fd_st_component_name\":\"Mounting Plate\",\"fd_st_componentText\":\"Fabricated in Steel and finished in Epoxy resin. 304 or 316 Stainless Steel available if required.\\u200b\"}},\"46\":{\"type\":\"2\",\"fields\":{\"fd_st_component_name\":\"Impellers\",\"fd_st_componentText\":\"Aluminium Hub with polypropylene blades. Anti-Static or Aluminium blades available if required\"}},\"47\":{\"type\":\"2\",\"fields\":{\"fd_st_component_name\":\"Motors\",\"fd_st_componentText\":\"Single or 3 phase Class F IP55 as standard with 2 speed, Zone 1 or Zone 2 as optional extras\"}}},\"18\":\"\",\"19\":\"\",\"12\":\"Wall or roof mounting where ducting is not required.\",\"11\":\"<p>Phasellus sed sollicitudin nisl. Praesent at euismod dui. Donec hendrerit quam turpis. Curabitur sed pharetra erat, at mollis est. Maecenas vel pharetra ligula, lacinia pellentesque justo. Donec finibus augue eget justo suscipit hendrerit. Integer at nisi vitae nibh commodo condimentum vel nec mauris. Proin tempor ex et tempus fermentum.<\\/p>\",\"16\":\"\"}}', '2017-02-28 17:14:38', '2017-02-28 17:14:38', '3fe0016e-9014-4c27-9ee7-ae9595136399'),
 ('52', '18', '3', '1', 'en', '12', '', '{\"typeId\":\"3\",\"authorId\":\"1\",\"title\":\"Plate Mounted Axial\",\"slug\":\"plate-mounted-axial-flow-fan\",\"postDate\":1488211380,\"expiryDate\":null,\"enabled\":1,\"parentId\":\"17\",\"fields\":{\"10\":[\"4\",\"7\"],\"13\":{\"45\":{\"type\":\"2\",\"fields\":{\"fd_st_component_name\":\"Mounting Plate\",\"fd_st_componentText\":\"Fabricated in Steel and finished in Epoxy resin. 304 or 316 Stainless Steel available if required.\\u200b\"}},\"46\":{\"type\":\"2\",\"fields\":{\"fd_st_component_name\":\"Impellers\",\"fd_st_componentText\":\"Aluminium Hub with polypropylene blades. Anti-Static or Aluminium blades available if required\"}},\"47\":{\"type\":\"2\",\"fields\":{\"fd_st_component_name\":\"Motors\",\"fd_st_componentText\":\"Single or 3 phase Class F IP55 as standard with 2 speed, Zone 1 or Zone 2 as optional extras\"}}},\"18\":\"\",\"19\":\"\",\"12\":\"Wall or roof mounting where ducting is not required.\",\"11\":\"<p>Phasellus sed sollicitudin nisl. Praesent at euismod dui. Donec hendrerit quam turpis. Curabitur sed pharetra erat, at mollis est. Maecenas vel pharetra ligula, lacinia pellentesque justo. Donec finibus augue eget justo suscipit hendrerit. Integer at nisi vitae nibh commodo condimentum vel nec mauris. Proin tempor ex et tempus fermentum.<\\/p>\",\"16\":{\"new1\":{\"type\":\"3\",\"fields\":{\"fd_st_noteText\":\"1. This type of fan can be fitted beneath in LOW PROFILE or VERTICAL JET ROOF COWL as supplied by Victoria Fans.\"}}}}}', '2017-02-28 17:15:35', '2017-02-28 17:15:35', '6ab6cf2c-c662-42a6-95dd-4851197fa0ee'),
 ('53', '18', '3', '1', 'en', '13', '', '{\"typeId\":\"3\",\"authorId\":\"1\",\"title\":\"Plate Mounted Axial\",\"slug\":\"plate-mounted-axial-flow-fan\",\"postDate\":1488211380,\"expiryDate\":null,\"enabled\":1,\"parentId\":\"17\",\"fields\":{\"10\":[\"4\",\"7\"],\"13\":{\"45\":{\"type\":\"2\",\"fields\":{\"fd_st_component_name\":\"Mounting Plate\",\"fd_st_componentText\":\"Fabricated in Steel and finished in Epoxy resin. 304 or 316 Stainless Steel available if required.\\u200b\"}},\"46\":{\"type\":\"2\",\"fields\":{\"fd_st_component_name\":\"Impellers\",\"fd_st_componentText\":\"Aluminium Hub with polypropylene blades. Anti-Static or Aluminium blades available if required\"}},\"47\":{\"type\":\"2\",\"fields\":{\"fd_st_component_name\":\"Motors\",\"fd_st_componentText\":\"Single or 3 phase Class F IP55 as standard with 2 speed, Zone 1 or Zone 2 as optional extras\"}}},\"21\":{\"new1\":{\"type\":\"4\",\"fields\":{\"dataTable\":\"{\\\"columns\\\":{\\\"col1\\\":{\\\"heading\\\":\\\"Fan Size\\\",\\\"width\\\":\\\"\\\",\\\"align\\\":\\\"left\\\"},\\\"col2\\\":{\\\"heading\\\":\\\"Frame\\\",\\\"width\\\":\\\"\\\",\\\"align\\\":\\\"left\\\"},\\\"col3\\\":{\\\"heading\\\":\\\"A\\\",\\\"width\\\":\\\"\\\",\\\"align\\\":\\\"left\\\"}},\\\"rows\\\":{\\\"row1\\\":{\\\"col1\\\":\\\"\\\",\\\"col2\\\":\\\"\\\",\\\"col3\\\":\\\"\\\"}}}\",\"columns\":{\"col1\":{\"heading\":\"Fan Size\",\"width\":\"\",\"align\":\"left\"},\"col2\":{\"heading\":\"Frame\",\"width\":\"\",\"align\":\"left\"},\"col3\":{\"heading\":\"A\",\"width\":\"\",\"align\":\"left\"}},\"rows\":{\"row1\":{\"col1\":\"\",\"col2\":\"\",\"col3\":\"\"}}}}},\"18\":\"\",\"19\":\"\",\"12\":\"Wall or roof mounting where ducting is not required.\",\"11\":\"<p>Phasellus sed sollicitudin nisl. Praesent at euismod dui. Donec hendrerit quam turpis. Curabitur sed pharetra erat, at mollis est. Maecenas vel pharetra ligula, lacinia pellentesque justo. Donec finibus augue eget justo suscipit hendrerit. Integer at nisi vitae nibh commodo condimentum vel nec mauris. Proin tempor ex et tempus fermentum.<\\/p>\",\"16\":{\"48\":{\"type\":\"3\",\"fields\":{\"fd_st_noteText\":\"1. This type of fan can be fitted beneath in LOW PROFILE or VERTICAL JET ROOF COWL as supplied by Victoria Fans.\"}}}}}', '2017-03-01 10:51:26', '2017-03-01 10:51:26', 'eaee19aa-9c93-4c28-9651-24afc9199a0d'),
 ('54', '18', '3', '1', 'en', '14', '', '{\"typeId\":\"3\",\"authorId\":\"1\",\"title\":\"Plate Mounted Axial\",\"slug\":\"plate-mounted-axial-flow-fan\",\"postDate\":1488211380,\"expiryDate\":null,\"enabled\":1,\"parentId\":\"17\",\"fields\":{\"10\":[\"4\",\"7\"],\"13\":{\"45\":{\"type\":\"2\",\"fields\":{\"fd_st_component_name\":\"Mounting Plate\",\"fd_st_componentText\":\"Fabricated in Steel and finished in Epoxy resin. 304 or 316 Stainless Steel available if required.\\u200b\"}},\"46\":{\"type\":\"2\",\"fields\":{\"fd_st_component_name\":\"Impellers\",\"fd_st_componentText\":\"Aluminium Hub with polypropylene blades. Anti-Static or Aluminium blades available if required\"}},\"47\":{\"type\":\"2\",\"fields\":{\"fd_st_component_name\":\"Motors\",\"fd_st_componentText\":\"Single or 3 phase Class F IP55 as standard with 2 speed, Zone 1 or Zone 2 as optional extras\"}}},\"21\":{\"49\":{\"type\":\"4\",\"fields\":{\"dataTable\":\"{\\\"columns\\\":{\\\"col0\\\":{\\\"heading\\\":\\\"Fan Size\\\",\\\"width\\\":\\\"\\\",\\\"align\\\":\\\"left\\\"},\\\"col1\\\":{\\\"heading\\\":\\\"Frame\\\",\\\"width\\\":\\\"\\\",\\\"align\\\":\\\"left\\\"},\\\"col2\\\":{\\\"heading\\\":\\\"A\\\",\\\"width\\\":\\\"\\\",\\\"align\\\":\\\"left\\\"},\\\"col3\\\":{\\\"heading\\\":\\\"B\\\",\\\"width\\\":\\\"\\\",\\\"align\\\":\\\"left\\\"},\\\"col4\\\":{\\\"heading\\\":\\\"C\\\",\\\"width\\\":\\\"\\\",\\\"align\\\":\\\"left\\\"},\\\"col5\\\":{\\\"heading\\\":\\\"D\\\",\\\"width\\\":\\\"\\\",\\\"align\\\":\\\"left\\\"},\\\"col6\\\":{\\\"heading\\\":\\\"E\\\",\\\"width\\\":\\\"\\\",\\\"align\\\":\\\"left\\\"}},\\\"rows\\\":{\\\"row0\\\":{\\\"col0\\\":\\\"250\\\",\\\"col1\\\":\\\"71\\\",\\\"col2\\\":\\\"370\\\",\\\"col3\\\":\\\"370\\\",\\\"col4\\\":\\\"330\\\",\\\"col5\\\":\\\"25\\\",\\\"col6\\\":\\\"10\\\"},\\\"row1\\\":{\\\"col0\\\":\\\"300\\\",\\\"col1\\\":\\\"71\\\",\\\"col2\\\":\\\"420\\\",\\\"col3\\\":\\\"420\\\",\\\"col4\\\":\\\"330\\\",\\\"col5\\\":\\\"25\\\",\\\"col6\\\":\\\"10\\\"},\\\"row2\\\":{\\\"col0\\\":\\\"315\\\",\\\"col1\\\":\\\"71\\\",\\\"col2\\\":\\\"435\\\",\\\"col3\\\":\\\"xxx\\\",\\\"col4\\\":\\\"330\\\",\\\"col5\\\":\\\"25\\\",\\\"col6\\\":\\\"10\\\"},\\\"row3\\\":{\\\"col0\\\":\\\"350\\\",\\\"col1\\\":\\\"71\\\",\\\"col2\\\":\\\"xxx\\\",\\\"col3\\\":\\\"xxx\\\",\\\"col4\\\":\\\"330\\\",\\\"col5\\\":\\\"25\\\",\\\"col6\\\":\\\"10\\\"},\\\"row4\\\":{\\\"col0\\\":\\\"400\\\",\\\"col1\\\":\\\"71\\\",\\\"col2\\\":\\\"xxx\\\",\\\"col3\\\":\\\"xxx\\\",\\\"col4\\\":\\\"330\\\",\\\"col5\\\":\\\"25\\\",\\\"col6\\\":\\\"10\\\"},\\\"row5\\\":{\\\"col0\\\":\\\"450\\\",\\\"col1\\\":\\\"71\\\",\\\"col2\\\":\\\"xxx\\\",\\\"col3\\\":\\\"xxx\\\",\\\"col4\\\":\\\"330\\\",\\\"col5\\\":\\\"25\\\",\\\"col6\\\":\\\"10\\\"},\\\"row6\\\":{\\\"col0\\\":\\\"500\\\",\\\"col1\\\":\\\"80\\\",\\\"col2\\\":\\\"xxx\\\",\\\"col3\\\":\\\"xxx\\\",\\\"col4\\\":\\\"380\\\",\\\"col5\\\":\\\"25\\\",\\\"col6\\\":\\\"10\\\"},\\\"row7\\\":{\\\"col0\\\":\\\"560\\\",\\\"col1\\\":\\\"80\\\",\\\"col2\\\":\\\"xxx\\\",\\\"col3\\\":\\\"xxx\\\",\\\"col4\\\":\\\"380\\\",\\\"col5\\\":\\\"25\\\",\\\"col6\\\":\\\"10\\\"},\\\"row8\\\":{\\\"col0\\\":\\\"600\\\",\\\"col1\\\":\\\"80\\\",\\\"col2\\\":\\\"xxx\\\",\\\"col3\\\":\\\"xxx\\\",\\\"col4\\\":\\\"380\\\",\\\"col5\\\":\\\"25\\\",\\\"col6\\\":\\\"10\\\"},\\\"row9\\\":{\\\"col0\\\":\\\"630\\\",\\\"col1\\\":\\\"80\\\",\\\"col2\\\":\\\"xxx\\\",\\\"col3\\\":\\\"xxx\\\",\\\"col4\\\":\\\"380\\\",\\\"col5\\\":\\\"25\\\",\\\"col6\\\":\\\"10\\\"},\\\"row10\\\":{\\\"col0\\\":\\\"630\\\",\\\"col1\\\":\\\"90\\\",\\\"col2\\\":\\\"xxx\\\",\\\"col3\\\":\\\"xxx\\\",\\\"col4\\\":\\\"400\\\",\\\"col5\\\":\\\"25\\\",\\\"col6\\\":\\\"10\\\"},\\\"row11\\\":{\\\"col0\\\":\\\"710\\\",\\\"col1\\\":\\\"80\\\",\\\"col2\\\":\\\"xxx\\\",\\\"col3\\\":\\\"xxx\\\",\\\"col4\\\":\\\"375\\\",\\\"col5\\\":\\\"40\\\",\\\"col6\\\":\\\"12\\\"},\\\"row12\\\":{\\\"col0\\\":\\\"710\\\",\\\"col1\\\":\\\"90\\\",\\\"col2\\\":\\\"xxx\\\",\\\"col3\\\":\\\"xxx\\\",\\\"col4\\\":\\\"400\\\",\\\"col5\\\":\\\"40\\\",\\\"col6\\\":\\\"12\\\"}}}\",\"columns\":{\"col0\":{\"heading\":\"Fan Size\",\"width\":\"\",\"align\":\"left\"},\"col1\":{\"heading\":\"Frame\",\"width\":\"\",\"align\":\"left\"},\"col2\":{\"heading\":\"A\",\"width\":\"\",\"align\":\"left\"},\"col3\":{\"heading\":\"B\",\"width\":\"\",\"align\":\"left\"},\"col4\":{\"heading\":\"C\",\"width\":\"\",\"align\":\"left\"},\"col5\":{\"heading\":\"D\",\"width\":\"\",\"align\":\"left\"},\"col6\":{\"heading\":\"E\",\"width\":\"\",\"align\":\"left\"}},\"rows\":{\"row0\":{\"col0\":\"250\",\"col1\":\"71\",\"col2\":\"370\",\"col3\":\"370\",\"col4\":\"330\",\"col5\":\"25\",\"col6\":\"10\"},\"row1\":{\"col0\":\"300\",\"col1\":\"71\",\"col2\":\"420\",\"col3\":\"420\",\"col4\":\"330\",\"col5\":\"25\",\"col6\":\"10\"},\"row2\":{\"col0\":\"315\",\"col1\":\"71\",\"col2\":\"435\",\"col3\":\"xxx\",\"col4\":\"330\",\"col5\":\"25\",\"col6\":\"10\"},\"row3\":{\"col0\":\"350\",\"col1\":\"71\",\"col2\":\"xxx\",\"col3\":\"xxx\",\"col4\":\"330\",\"col5\":\"25\",\"col6\":\"10\"},\"row4\":{\"col0\":\"400\",\"col1\":\"71\",\"col2\":\"xxx\",\"col3\":\"xxx\",\"col4\":\"330\",\"col5\":\"25\",\"col6\":\"10\"},\"row5\":{\"col0\":\"450\",\"col1\":\"71\",\"col2\":\"xxx\",\"col3\":\"xxx\",\"col4\":\"330\",\"col5\":\"25\",\"col6\":\"10\"},\"row6\":{\"col0\":\"500\",\"col1\":\"80\",\"col2\":\"xxx\",\"col3\":\"xxx\",\"col4\":\"380\",\"col5\":\"25\",\"col6\":\"10\"},\"row7\":{\"col0\":\"560\",\"col1\":\"80\",\"col2\":\"xxx\",\"col3\":\"xxx\",\"col4\":\"380\",\"col5\":\"25\",\"col6\":\"10\"},\"row8\":{\"col0\":\"600\",\"col1\":\"80\",\"col2\":\"xxx\",\"col3\":\"xxx\",\"col4\":\"380\",\"col5\":\"25\",\"col6\":\"10\"},\"row9\":{\"col0\":\"630\",\"col1\":\"80\",\"col2\":\"xxx\",\"col3\":\"xxx\",\"col4\":\"380\",\"col5\":\"25\",\"col6\":\"10\"},\"row10\":{\"col0\":\"630\",\"col1\":\"90\",\"col2\":\"xxx\",\"col3\":\"xxx\",\"col4\":\"400\",\"col5\":\"25\",\"col6\":\"10\"},\"row11\":{\"col0\":\"710\",\"col1\":\"80\",\"col2\":\"xxx\",\"col3\":\"xxx\",\"col4\":\"375\",\"col5\":\"40\",\"col6\":\"12\"},\"row12\":{\"col0\":\"710\",\"col1\":\"90\",\"col2\":\"xxx\",\"col3\":\"xxx\",\"col4\":\"400\",\"col5\":\"40\",\"col6\":\"12\"}}}}},\"18\":\"\",\"19\":\"\",\"12\":\"Wall or roof mounting where ducting is not required.\",\"11\":\"<p>Phasellus sed sollicitudin nisl. Praesent at euismod dui. Donec hendrerit quam turpis. Curabitur sed pharetra erat, at mollis est. Maecenas vel pharetra ligula, lacinia pellentesque justo. Donec finibus augue eget justo suscipit hendrerit. Integer at nisi vitae nibh commodo condimentum vel nec mauris. Proin tempor ex et tempus fermentum.<\\/p>\",\"16\":{\"48\":{\"type\":\"3\",\"fields\":{\"fd_st_noteText\":\"1. This type of fan can be fitted beneath in LOW PROFILE or VERTICAL JET ROOF COWL as supplied by Victoria Fans.\"}}}}}', '2017-03-01 10:58:43', '2017-03-01 10:58:43', '4041dea4-5b27-43f0-9a64-b5503d7e1057'),
 ('55', '18', '3', '1', 'en', '15', '', '{\"typeId\":\"3\",\"authorId\":\"1\",\"title\":\"Plate Mounted Axial\",\"slug\":\"plate-mounted-axial-flow-fan\",\"postDate\":1488211380,\"expiryDate\":null,\"enabled\":1,\"parentId\":\"17\",\"fields\":{\"10\":[\"4\",\"7\"],\"13\":{\"45\":{\"type\":\"2\",\"fields\":{\"fd_st_component_name\":\"Mounting Plate\",\"fd_st_componentText\":\"Fabricated in Steel and finished in Epoxy resin. 304 or 316 Stainless Steel available if required.\\u200b\"}},\"46\":{\"type\":\"2\",\"fields\":{\"fd_st_component_name\":\"Impellers\",\"fd_st_componentText\":\"Aluminium Hub with polypropylene blades. Anti-Static or Aluminium blades available if required\"}},\"47\":{\"type\":\"2\",\"fields\":{\"fd_st_component_name\":\"Motors\",\"fd_st_componentText\":\"Single or 3 phase Class F IP55 as standard with 2 speed, Zone 1 or Zone 2 as optional extras\"}}},\"18\":\"\",\"19\":\"\",\"12\":\"Wall or roof mounting where ducting is not required.\",\"11\":\"<p>Phasellus sed sollicitudin nisl. Praesent at euismod dui. Donec hendrerit quam turpis. Curabitur sed pharetra erat, at mollis est. Maecenas vel pharetra ligula, lacinia pellentesque justo. Donec finibus augue eget justo suscipit hendrerit. Integer at nisi vitae nibh commodo condimentum vel nec mauris. Proin tempor ex et tempus fermentum.<\\/p>\",\"16\":{\"48\":{\"type\":\"3\",\"fields\":{\"fd_st_noteText\":\"1. This type of fan can be fitted beneath in LOW PROFILE or VERTICAL JET ROOF COWL as supplied by Victoria Fans.\"}}}}}', '2017-03-01 11:06:32', '2017-03-01 11:06:32', 'f4cf4e5b-a0f0-48b4-9667-f66df393f958'),
 ('56', '18', '3', '1', 'en', '16', '', '{\"typeId\":\"3\",\"authorId\":\"1\",\"title\":\"Plate Mounted Axial\",\"slug\":\"plate-mounted-axial-flow-fan\",\"postDate\":1488211380,\"expiryDate\":null,\"enabled\":1,\"parentId\":\"17\",\"fields\":{\"10\":[\"4\",\"7\"],\"13\":{\"45\":{\"type\":\"2\",\"fields\":{\"fd_st_component_name\":\"Mounting Plate\",\"fd_st_componentText\":\"Fabricated in Steel and finished in Epoxy resin. 304 or 316 Stainless Steel available if required.\\u200b\"}},\"46\":{\"type\":\"2\",\"fields\":{\"fd_st_component_name\":\"Impellers\",\"fd_st_componentText\":\"Aluminium Hub with polypropylene blades. Anti-Static or Aluminium blades available if required\"}},\"47\":{\"type\":\"2\",\"fields\":{\"fd_st_component_name\":\"Motors\",\"fd_st_componentText\":\"Single or 3 phase Class F IP55 as standard with 2 speed, Zone 1 or Zone 2 as optional extras\"}}},\"21\":{\"49\":{\"type\":\"4\",\"fields\":{\"dataTable\":\"{\\\"columns\\\":{\\\"col0\\\":{\\\"heading\\\":\\\"Fan Size\\\",\\\"width\\\":\\\"\\\",\\\"align\\\":\\\"left\\\"},\\\"col1\\\":{\\\"heading\\\":\\\"Frame\\\",\\\"width\\\":\\\"\\\",\\\"align\\\":\\\"left\\\"},\\\"col2\\\":{\\\"heading\\\":\\\"A\\\",\\\"width\\\":\\\"\\\",\\\"align\\\":\\\"left\\\"},\\\"col3\\\":{\\\"heading\\\":\\\"B\\\",\\\"width\\\":\\\"\\\",\\\"align\\\":\\\"left\\\"},\\\"col4\\\":{\\\"heading\\\":\\\"C\\\",\\\"width\\\":\\\"\\\",\\\"align\\\":\\\"left\\\"},\\\"col5\\\":{\\\"heading\\\":\\\"D\\\",\\\"width\\\":\\\"\\\",\\\"align\\\":\\\"left\\\"},\\\"col6\\\":{\\\"heading\\\":\\\"E\\\",\\\"width\\\":\\\"\\\",\\\"align\\\":\\\"left\\\"}},\\\"rows\\\":{\\\"row0\\\":{\\\"col0\\\":\\\"250\\\",\\\"col1\\\":\\\"71\\\",\\\"col2\\\":\\\"370\\\",\\\"col3\\\":\\\"370\\\",\\\"col4\\\":\\\"330\\\",\\\"col5\\\":\\\"25\\\",\\\"col6\\\":\\\"10\\\"},\\\"row1\\\":{\\\"col0\\\":\\\"300\\\",\\\"col1\\\":\\\"71\\\",\\\"col2\\\":\\\"420\\\",\\\"col3\\\":\\\"420\\\",\\\"col4\\\":\\\"330\\\",\\\"col5\\\":\\\"25\\\",\\\"col6\\\":\\\"10\\\"},\\\"row2\\\":{\\\"col0\\\":\\\"315\\\",\\\"col1\\\":\\\"71\\\",\\\"col2\\\":\\\"435\\\",\\\"col3\\\":\\\"xxx\\\",\\\"col4\\\":\\\"330\\\",\\\"col5\\\":\\\"25\\\",\\\"col6\\\":\\\"10\\\"},\\\"row3\\\":{\\\"col0\\\":\\\"350\\\",\\\"col1\\\":\\\"71\\\",\\\"col2\\\":\\\"xxx\\\",\\\"col3\\\":\\\"xxx\\\",\\\"col4\\\":\\\"330\\\",\\\"col5\\\":\\\"25\\\",\\\"col6\\\":\\\"10\\\"},\\\"row4\\\":{\\\"col0\\\":\\\"400\\\",\\\"col1\\\":\\\"71\\\",\\\"col2\\\":\\\"xxx\\\",\\\"col3\\\":\\\"xxx\\\",\\\"col4\\\":\\\"330\\\",\\\"col5\\\":\\\"25\\\",\\\"col6\\\":\\\"10\\\"},\\\"row5\\\":{\\\"col0\\\":\\\"450\\\",\\\"col1\\\":\\\"71\\\",\\\"col2\\\":\\\"xxx\\\",\\\"col3\\\":\\\"xxx\\\",\\\"col4\\\":\\\"330\\\",\\\"col5\\\":\\\"25\\\",\\\"col6\\\":\\\"10\\\"},\\\"row6\\\":{\\\"col0\\\":\\\"500\\\",\\\"col1\\\":\\\"80\\\",\\\"col2\\\":\\\"xxx\\\",\\\"col3\\\":\\\"xxx\\\",\\\"col4\\\":\\\"380\\\",\\\"col5\\\":\\\"25\\\",\\\"col6\\\":\\\"10\\\"},\\\"row7\\\":{\\\"col0\\\":\\\"560\\\",\\\"col1\\\":\\\"80\\\",\\\"col2\\\":\\\"xxx\\\",\\\"col3\\\":\\\"xxx\\\",\\\"col4\\\":\\\"380\\\",\\\"col5\\\":\\\"25\\\",\\\"col6\\\":\\\"10\\\"},\\\"row8\\\":{\\\"col0\\\":\\\"600\\\",\\\"col1\\\":\\\"80\\\",\\\"col2\\\":\\\"xxx\\\",\\\"col3\\\":\\\"xxx\\\",\\\"col4\\\":\\\"380\\\",\\\"col5\\\":\\\"25\\\",\\\"col6\\\":\\\"10\\\"},\\\"row9\\\":{\\\"col0\\\":\\\"630\\\",\\\"col1\\\":\\\"80\\\",\\\"col2\\\":\\\"xxx\\\",\\\"col3\\\":\\\"xxx\\\",\\\"col4\\\":\\\"380\\\",\\\"col5\\\":\\\"25\\\",\\\"col6\\\":\\\"10\\\"},\\\"row10\\\":{\\\"col0\\\":\\\"630\\\",\\\"col1\\\":\\\"90\\\",\\\"col2\\\":\\\"xxx\\\",\\\"col3\\\":\\\"xxx\\\",\\\"col4\\\":\\\"400\\\",\\\"col5\\\":\\\"25\\\",\\\"col6\\\":\\\"10\\\"},\\\"row11\\\":{\\\"col0\\\":\\\"710\\\",\\\"col1\\\":\\\"80\\\",\\\"col2\\\":\\\"xxx\\\",\\\"col3\\\":\\\"xxx\\\",\\\"col4\\\":\\\"375\\\",\\\"col5\\\":\\\"40\\\",\\\"col6\\\":\\\"12\\\"},\\\"row12\\\":{\\\"col0\\\":\\\"710\\\",\\\"col1\\\":\\\"90\\\",\\\"col2\\\":\\\"xxx\\\",\\\"col3\\\":\\\"xxx\\\",\\\"col4\\\":\\\"400\\\",\\\"col5\\\":\\\"40\\\",\\\"col6\\\":\\\"12\\\"}}}\",\"columns\":{\"col0\":{\"heading\":\"Fan Size\",\"width\":\"\",\"align\":\"left\"},\"col1\":{\"heading\":\"Frame\",\"width\":\"\",\"align\":\"left\"},\"col2\":{\"heading\":\"A\",\"width\":\"\",\"align\":\"left\"},\"col3\":{\"heading\":\"B\",\"width\":\"\",\"align\":\"left\"},\"col4\":{\"heading\":\"C\",\"width\":\"\",\"align\":\"left\"},\"col5\":{\"heading\":\"D\",\"width\":\"\",\"align\":\"left\"},\"col6\":{\"heading\":\"E\",\"width\":\"\",\"align\":\"left\"}},\"rows\":{\"row0\":{\"col0\":\"250\",\"col1\":\"71\",\"col2\":\"370\",\"col3\":\"370\",\"col4\":\"330\",\"col5\":\"25\",\"col6\":\"10\"},\"row1\":{\"col0\":\"300\",\"col1\":\"71\",\"col2\":\"420\",\"col3\":\"420\",\"col4\":\"330\",\"col5\":\"25\",\"col6\":\"10\"},\"row2\":{\"col0\":\"315\",\"col1\":\"71\",\"col2\":\"435\",\"col3\":\"xxx\",\"col4\":\"330\",\"col5\":\"25\",\"col6\":\"10\"},\"row3\":{\"col0\":\"350\",\"col1\":\"71\",\"col2\":\"xxx\",\"col3\":\"xxx\",\"col4\":\"330\",\"col5\":\"25\",\"col6\":\"10\"},\"row4\":{\"col0\":\"400\",\"col1\":\"71\",\"col2\":\"xxx\",\"col3\":\"xxx\",\"col4\":\"330\",\"col5\":\"25\",\"col6\":\"10\"},\"row5\":{\"col0\":\"450\",\"col1\":\"71\",\"col2\":\"xxx\",\"col3\":\"xxx\",\"col4\":\"330\",\"col5\":\"25\",\"col6\":\"10\"},\"row6\":{\"col0\":\"500\",\"col1\":\"80\",\"col2\":\"xxx\",\"col3\":\"xxx\",\"col4\":\"380\",\"col5\":\"25\",\"col6\":\"10\"},\"row7\":{\"col0\":\"560\",\"col1\":\"80\",\"col2\":\"xxx\",\"col3\":\"xxx\",\"col4\":\"380\",\"col5\":\"25\",\"col6\":\"10\"},\"row8\":{\"col0\":\"600\",\"col1\":\"80\",\"col2\":\"xxx\",\"col3\":\"xxx\",\"col4\":\"380\",\"col5\":\"25\",\"col6\":\"10\"},\"row9\":{\"col0\":\"630\",\"col1\":\"80\",\"col2\":\"xxx\",\"col3\":\"xxx\",\"col4\":\"380\",\"col5\":\"25\",\"col6\":\"10\"},\"row10\":{\"col0\":\"630\",\"col1\":\"90\",\"col2\":\"xxx\",\"col3\":\"xxx\",\"col4\":\"400\",\"col5\":\"25\",\"col6\":\"10\"},\"row11\":{\"col0\":\"710\",\"col1\":\"80\",\"col2\":\"xxx\",\"col3\":\"xxx\",\"col4\":\"375\",\"col5\":\"40\",\"col6\":\"12\"},\"row12\":{\"col0\":\"710\",\"col1\":\"90\",\"col2\":\"xxx\",\"col3\":\"xxx\",\"col4\":\"400\",\"col5\":\"40\",\"col6\":\"12\"}}}},\"new1\":{\"type\":\"4\",\"fields\":{\"dataTable\":\"{\\\"columns\\\":{\\\"col1\\\":{\\\"heading\\\":\\\"Fan Size\\\",\\\"width\\\":\\\"\\\",\\\"align\\\":\\\"left\\\"},\\\"col2\\\":{\\\"heading\\\":\\\"Frame\\\",\\\"width\\\":\\\"\\\",\\\"align\\\":\\\"left\\\"},\\\"col3\\\":{\\\"heading\\\":\\\"A\\\",\\\"width\\\":\\\"\\\",\\\"align\\\":\\\"left\\\"},\\\"col4\\\":{\\\"heading\\\":\\\"B\\\",\\\"width\\\":\\\"\\\",\\\"align\\\":\\\"left\\\"},\\\"col5\\\":{\\\"heading\\\":\\\"C\\\",\\\"width\\\":\\\"\\\",\\\"align\\\":\\\"left\\\"},\\\"col6\\\":{\\\"heading\\\":\\\"D\\\",\\\"width\\\":\\\"\\\",\\\"align\\\":\\\"left\\\"},\\\"col7\\\":{\\\"heading\\\":\\\"E\\\",\\\"width\\\":\\\"\\\",\\\"align\\\":\\\"left\\\"}},\\\"rows\\\":{\\\"row1\\\":{\\\"col1\\\":\\\"xxx\\\",\\\"col2\\\":\\\"xxx\\\",\\\"col3\\\":\\\"xxx\\\",\\\"col4\\\":\\\"xxx\\\",\\\"col5\\\":\\\"xxx\\\",\\\"col6\\\":\\\"xxx\\\",\\\"col7\\\":\\\"xxx\\\"}}}\",\"columns\":{\"col1\":{\"heading\":\"Fan Size\",\"width\":\"\",\"align\":\"left\"},\"col2\":{\"heading\":\"Frame\",\"width\":\"\",\"align\":\"left\"},\"col3\":{\"heading\":\"A\",\"width\":\"\",\"align\":\"left\"},\"col4\":{\"heading\":\"B\",\"width\":\"\",\"align\":\"left\"},\"col5\":{\"heading\":\"C\",\"width\":\"\",\"align\":\"left\"},\"col6\":{\"heading\":\"D\",\"width\":\"\",\"align\":\"left\"},\"col7\":{\"heading\":\"E\",\"width\":\"\",\"align\":\"left\"}},\"rows\":{\"row1\":{\"col1\":\"xxx\",\"col2\":\"xxx\",\"col3\":\"xxx\",\"col4\":\"xxx\",\"col5\":\"xxx\",\"col6\":\"xxx\",\"col7\":\"xxx\"}}}}},\"18\":\"\",\"19\":\"\",\"12\":\"Wall or roof mounting where ducting is not required.\",\"11\":\"<p>Phasellus sed sollicitudin nisl. Praesent at euismod dui. Donec hendrerit quam turpis. Curabitur sed pharetra erat, at mollis est. Maecenas vel pharetra ligula, lacinia pellentesque justo. Donec finibus augue eget justo suscipit hendrerit. Integer at nisi vitae nibh commodo condimentum vel nec mauris. Proin tempor ex et tempus fermentum.<\\/p>\",\"16\":{\"48\":{\"type\":\"3\",\"fields\":{\"fd_st_noteText\":\"1. This type of fan can be fitted beneath in LOW PROFILE or VERTICAL JET ROOF COWL as supplied by Victoria Fans.\"}}}}}', '2017-03-01 11:07:54', '2017-03-01 11:07:54', '5c0c3d41-0ff2-44cc-b1ac-1782a059f89c'),
 ('57', '18', '3', '1', 'en', '17', '', '{\"typeId\":\"3\",\"authorId\":\"1\",\"title\":\"Plate Mounted Axial\",\"slug\":\"plate-mounted-axial-flow-fan\",\"postDate\":1488211380,\"expiryDate\":null,\"enabled\":1,\"parentId\":\"17\",\"fields\":{\"10\":[\"4\",\"7\"],\"13\":{\"45\":{\"type\":\"2\",\"fields\":{\"fd_st_component_name\":\"Mounting Plate\",\"fd_st_componentText\":\"Fabricated in Steel and finished in Epoxy resin. 304 or 316 Stainless Steel available if required.\\u200b\"}},\"46\":{\"type\":\"2\",\"fields\":{\"fd_st_component_name\":\"Impellers\",\"fd_st_componentText\":\"Aluminium Hub with polypropylene blades. Anti-Static or Aluminium blades available if required\"}},\"47\":{\"type\":\"2\",\"fields\":{\"fd_st_component_name\":\"Motors\",\"fd_st_componentText\":\"Single or 3 phase Class F IP55 as standard with 2 speed, Zone 1 or Zone 2 as optional extras\"}}},\"21\":{\"49\":{\"type\":\"4\",\"fields\":{\"dataTable\":\"{\\\"columns\\\":{\\\"col0\\\":{\\\"heading\\\":\\\"Fan Size\\\",\\\"width\\\":\\\"\\\",\\\"align\\\":\\\"left\\\"},\\\"col1\\\":{\\\"heading\\\":\\\"Frame\\\",\\\"width\\\":\\\"\\\",\\\"align\\\":\\\"left\\\"},\\\"col2\\\":{\\\"heading\\\":\\\"A\\\",\\\"width\\\":\\\"\\\",\\\"align\\\":\\\"left\\\"},\\\"col3\\\":{\\\"heading\\\":\\\"B\\\",\\\"width\\\":\\\"\\\",\\\"align\\\":\\\"left\\\"},\\\"col4\\\":{\\\"heading\\\":\\\"C\\\",\\\"width\\\":\\\"\\\",\\\"align\\\":\\\"left\\\"},\\\"col5\\\":{\\\"heading\\\":\\\"D\\\",\\\"width\\\":\\\"\\\",\\\"align\\\":\\\"left\\\"},\\\"col6\\\":{\\\"heading\\\":\\\"E\\\",\\\"width\\\":\\\"\\\",\\\"align\\\":\\\"left\\\"}},\\\"rows\\\":{\\\"row0\\\":{\\\"col0\\\":\\\"250\\\",\\\"col1\\\":\\\"71\\\",\\\"col2\\\":\\\"370\\\",\\\"col3\\\":\\\"370\\\",\\\"col4\\\":\\\"330\\\",\\\"col5\\\":\\\"25\\\",\\\"col6\\\":\\\"10\\\"},\\\"row1\\\":{\\\"col0\\\":\\\"300\\\",\\\"col1\\\":\\\"71\\\",\\\"col2\\\":\\\"420\\\",\\\"col3\\\":\\\"420\\\",\\\"col4\\\":\\\"330\\\",\\\"col5\\\":\\\"25\\\",\\\"col6\\\":\\\"10\\\"},\\\"row2\\\":{\\\"col0\\\":\\\"315\\\",\\\"col1\\\":\\\"71\\\",\\\"col2\\\":\\\"435\\\",\\\"col3\\\":\\\"xxx\\\",\\\"col4\\\":\\\"330\\\",\\\"col5\\\":\\\"25\\\",\\\"col6\\\":\\\"10\\\"},\\\"row3\\\":{\\\"col0\\\":\\\"350\\\",\\\"col1\\\":\\\"71\\\",\\\"col2\\\":\\\"xxx\\\",\\\"col3\\\":\\\"xxx\\\",\\\"col4\\\":\\\"330\\\",\\\"col5\\\":\\\"25\\\",\\\"col6\\\":\\\"10\\\"},\\\"row4\\\":{\\\"col0\\\":\\\"400\\\",\\\"col1\\\":\\\"71\\\",\\\"col2\\\":\\\"xxx\\\",\\\"col3\\\":\\\"xxx\\\",\\\"col4\\\":\\\"330\\\",\\\"col5\\\":\\\"25\\\",\\\"col6\\\":\\\"10\\\"},\\\"row5\\\":{\\\"col0\\\":\\\"450\\\",\\\"col1\\\":\\\"71\\\",\\\"col2\\\":\\\"xxx\\\",\\\"col3\\\":\\\"xxx\\\",\\\"col4\\\":\\\"330\\\",\\\"col5\\\":\\\"25\\\",\\\"col6\\\":\\\"10\\\"},\\\"row6\\\":{\\\"col0\\\":\\\"500\\\",\\\"col1\\\":\\\"80\\\",\\\"col2\\\":\\\"xxx\\\",\\\"col3\\\":\\\"xxx\\\",\\\"col4\\\":\\\"380\\\",\\\"col5\\\":\\\"25\\\",\\\"col6\\\":\\\"10\\\"},\\\"row7\\\":{\\\"col0\\\":\\\"560\\\",\\\"col1\\\":\\\"80\\\",\\\"col2\\\":\\\"xxx\\\",\\\"col3\\\":\\\"xxx\\\",\\\"col4\\\":\\\"380\\\",\\\"col5\\\":\\\"25\\\",\\\"col6\\\":\\\"10\\\"},\\\"row8\\\":{\\\"col0\\\":\\\"600\\\",\\\"col1\\\":\\\"80\\\",\\\"col2\\\":\\\"xxx\\\",\\\"col3\\\":\\\"xxx\\\",\\\"col4\\\":\\\"380\\\",\\\"col5\\\":\\\"25\\\",\\\"col6\\\":\\\"10\\\"},\\\"row9\\\":{\\\"col0\\\":\\\"630\\\",\\\"col1\\\":\\\"80\\\",\\\"col2\\\":\\\"xxx\\\",\\\"col3\\\":\\\"xxx\\\",\\\"col4\\\":\\\"380\\\",\\\"col5\\\":\\\"25\\\",\\\"col6\\\":\\\"10\\\"},\\\"row10\\\":{\\\"col0\\\":\\\"630\\\",\\\"col1\\\":\\\"90\\\",\\\"col2\\\":\\\"xxx\\\",\\\"col3\\\":\\\"xxx\\\",\\\"col4\\\":\\\"400\\\",\\\"col5\\\":\\\"25\\\",\\\"col6\\\":\\\"10\\\"},\\\"row11\\\":{\\\"col0\\\":\\\"710\\\",\\\"col1\\\":\\\"80\\\",\\\"col2\\\":\\\"xxx\\\",\\\"col3\\\":\\\"xxx\\\",\\\"col4\\\":\\\"375\\\",\\\"col5\\\":\\\"40\\\",\\\"col6\\\":\\\"12\\\"},\\\"row12\\\":{\\\"col0\\\":\\\"710\\\",\\\"col1\\\":\\\"90\\\",\\\"col2\\\":\\\"xxx\\\",\\\"col3\\\":\\\"xxx\\\",\\\"col4\\\":\\\"400\\\",\\\"col5\\\":\\\"40\\\",\\\"col6\\\":\\\"12\\\"}}}\",\"columns\":{\"col0\":{\"heading\":\"Fan Size\",\"width\":\"\",\"align\":\"left\"},\"col1\":{\"heading\":\"Frame\",\"width\":\"\",\"align\":\"left\"},\"col2\":{\"heading\":\"A\",\"width\":\"\",\"align\":\"left\"},\"col3\":{\"heading\":\"B\",\"width\":\"\",\"align\":\"left\"},\"col4\":{\"heading\":\"C\",\"width\":\"\",\"align\":\"left\"},\"col5\":{\"heading\":\"D\",\"width\":\"\",\"align\":\"left\"},\"col6\":{\"heading\":\"E\",\"width\":\"\",\"align\":\"left\"}},\"rows\":{\"row0\":{\"col0\":\"250\",\"col1\":\"71\",\"col2\":\"370\",\"col3\":\"370\",\"col4\":\"330\",\"col5\":\"25\",\"col6\":\"10\"},\"row1\":{\"col0\":\"300\",\"col1\":\"71\",\"col2\":\"420\",\"col3\":\"420\",\"col4\":\"330\",\"col5\":\"25\",\"col6\":\"10\"},\"row2\":{\"col0\":\"315\",\"col1\":\"71\",\"col2\":\"435\",\"col3\":\"xxx\",\"col4\":\"330\",\"col5\":\"25\",\"col6\":\"10\"},\"row3\":{\"col0\":\"350\",\"col1\":\"71\",\"col2\":\"xxx\",\"col3\":\"xxx\",\"col4\":\"330\",\"col5\":\"25\",\"col6\":\"10\"},\"row4\":{\"col0\":\"400\",\"col1\":\"71\",\"col2\":\"xxx\",\"col3\":\"xxx\",\"col4\":\"330\",\"col5\":\"25\",\"col6\":\"10\"},\"row5\":{\"col0\":\"450\",\"col1\":\"71\",\"col2\":\"xxx\",\"col3\":\"xxx\",\"col4\":\"330\",\"col5\":\"25\",\"col6\":\"10\"},\"row6\":{\"col0\":\"500\",\"col1\":\"80\",\"col2\":\"xxx\",\"col3\":\"xxx\",\"col4\":\"380\",\"col5\":\"25\",\"col6\":\"10\"},\"row7\":{\"col0\":\"560\",\"col1\":\"80\",\"col2\":\"xxx\",\"col3\":\"xxx\",\"col4\":\"380\",\"col5\":\"25\",\"col6\":\"10\"},\"row8\":{\"col0\":\"600\",\"col1\":\"80\",\"col2\":\"xxx\",\"col3\":\"xxx\",\"col4\":\"380\",\"col5\":\"25\",\"col6\":\"10\"},\"row9\":{\"col0\":\"630\",\"col1\":\"80\",\"col2\":\"xxx\",\"col3\":\"xxx\",\"col4\":\"380\",\"col5\":\"25\",\"col6\":\"10\"},\"row10\":{\"col0\":\"630\",\"col1\":\"90\",\"col2\":\"xxx\",\"col3\":\"xxx\",\"col4\":\"400\",\"col5\":\"25\",\"col6\":\"10\"},\"row11\":{\"col0\":\"710\",\"col1\":\"80\",\"col2\":\"xxx\",\"col3\":\"xxx\",\"col4\":\"375\",\"col5\":\"40\",\"col6\":\"12\"},\"row12\":{\"col0\":\"710\",\"col1\":\"90\",\"col2\":\"xxx\",\"col3\":\"xxx\",\"col4\":\"400\",\"col5\":\"40\",\"col6\":\"12\"}}}},\"50\":{\"type\":\"4\",\"fields\":{\"dataTable\":\"{\\\"columns\\\":{\\\"col0\\\":{\\\"heading\\\":\\\"Fan Size\\\",\\\"width\\\":\\\"\\\",\\\"align\\\":\\\"left\\\"},\\\"col1\\\":{\\\"heading\\\":\\\"Frame\\\",\\\"width\\\":\\\"\\\",\\\"align\\\":\\\"left\\\"},\\\"col2\\\":{\\\"heading\\\":\\\"A\\\",\\\"width\\\":\\\"\\\",\\\"align\\\":\\\"left\\\"},\\\"col3\\\":{\\\"heading\\\":\\\"B\\\",\\\"width\\\":\\\"\\\",\\\"align\\\":\\\"left\\\"},\\\"col4\\\":{\\\"heading\\\":\\\"C\\\",\\\"width\\\":\\\"\\\",\\\"align\\\":\\\"left\\\"},\\\"col5\\\":{\\\"heading\\\":\\\"D\\\",\\\"width\\\":\\\"\\\",\\\"align\\\":\\\"left\\\"},\\\"col6\\\":{\\\"heading\\\":\\\"E\\\",\\\"width\\\":\\\"\\\",\\\"align\\\":\\\"left\\\"}},\\\"rows\\\":{\\\"row0\\\":{\\\"col0\\\":\\\"xxx\\\",\\\"col1\\\":\\\"xxx\\\",\\\"col2\\\":\\\"xxx\\\",\\\"col3\\\":\\\"xxx\\\",\\\"col4\\\":\\\"xxx\\\",\\\"col5\\\":\\\"xxx\\\",\\\"col6\\\":\\\"xxx\\\"}}}\",\"columns\":{\"col0\":{\"heading\":\"Fan Size\",\"width\":\"\",\"align\":\"left\"},\"col1\":{\"heading\":\"Frame\",\"width\":\"\",\"align\":\"left\"},\"col2\":{\"heading\":\"A\",\"width\":\"\",\"align\":\"left\"},\"col3\":{\"heading\":\"B\",\"width\":\"\",\"align\":\"left\"},\"col4\":{\"heading\":\"C\",\"width\":\"\",\"align\":\"left\"},\"col5\":{\"heading\":\"D\",\"width\":\"\",\"align\":\"left\"},\"col6\":{\"heading\":\"E\",\"width\":\"\",\"align\":\"left\"}},\"rows\":{\"row0\":{\"col0\":\"xxx\",\"col1\":\"xxx\",\"col2\":\"xxx\",\"col3\":\"xxx\",\"col4\":\"xxx\",\"col5\":\"xxx\",\"col6\":\"xxx\"}}}}},\"18\":[\"53\"],\"19\":\"\",\"12\":\"Wall or roof mounting where ducting is not required.\",\"11\":\"<p>Phasellus sed sollicitudin nisl. Praesent at euismod dui. Donec hendrerit quam turpis. Curabitur sed pharetra erat, at mollis est. Maecenas vel pharetra ligula, lacinia pellentesque justo. Donec finibus augue eget justo suscipit hendrerit. Integer at nisi vitae nibh commodo condimentum vel nec mauris. Proin tempor ex et tempus fermentum.<\\/p>\",\"16\":{\"48\":{\"type\":\"3\",\"fields\":{\"fd_st_noteText\":\"1. This type of fan can be fitted beneath in LOW PROFILE or VERTICAL JET ROOF COWL as supplied by Victoria Fans.\"}}}}}', '2017-03-01 12:12:58', '2017-03-01 12:12:58', 'c887b9e9-d213-4e04-bbdb-ea65c55c212d'),
 ('58', '18', '3', '1', 'en', '18', '', '{\"typeId\":\"3\",\"authorId\":\"1\",\"title\":\"Plate Mounted Axial\",\"slug\":\"plate-mounted-axial-flow-fan\",\"postDate\":1488211380,\"expiryDate\":null,\"enabled\":1,\"parentId\":\"17\",\"fields\":{\"10\":[\"4\",\"7\"],\"13\":{\"45\":{\"type\":\"2\",\"fields\":{\"fd_st_component_name\":\"Mounting Plate\",\"fd_st_componentText\":\"Fabricated in Steel and finished in Epoxy resin. 304 or 316 Stainless Steel available if required.\\u200b\"}},\"46\":{\"type\":\"2\",\"fields\":{\"fd_st_component_name\":\"Impellers\",\"fd_st_componentText\":\"Aluminium Hub with polypropylene blades. Anti-Static or Aluminium blades available if required\"}},\"47\":{\"type\":\"2\",\"fields\":{\"fd_st_component_name\":\"Motors\",\"fd_st_componentText\":\"Single or 3 phase Class F IP55 as standard with 2 speed, Zone 1 or Zone 2 as optional extras\"}}},\"21\":{\"49\":{\"type\":\"4\",\"fields\":{\"dataTable\":\"{\\\"columns\\\":{\\\"col0\\\":{\\\"heading\\\":\\\"Fan Size\\\",\\\"width\\\":\\\"\\\",\\\"align\\\":\\\"left\\\"},\\\"col1\\\":{\\\"heading\\\":\\\"Frame\\\",\\\"width\\\":\\\"\\\",\\\"align\\\":\\\"left\\\"},\\\"col2\\\":{\\\"heading\\\":\\\"A\\\",\\\"width\\\":\\\"\\\",\\\"align\\\":\\\"left\\\"},\\\"col3\\\":{\\\"heading\\\":\\\"B\\\",\\\"width\\\":\\\"\\\",\\\"align\\\":\\\"left\\\"},\\\"col4\\\":{\\\"heading\\\":\\\"C\\\",\\\"width\\\":\\\"\\\",\\\"align\\\":\\\"left\\\"},\\\"col5\\\":{\\\"heading\\\":\\\"D\\\",\\\"width\\\":\\\"\\\",\\\"align\\\":\\\"left\\\"},\\\"col6\\\":{\\\"heading\\\":\\\"E\\\",\\\"width\\\":\\\"\\\",\\\"align\\\":\\\"left\\\"}},\\\"rows\\\":{\\\"row0\\\":{\\\"col0\\\":\\\"250\\\",\\\"col1\\\":\\\"71\\\",\\\"col2\\\":\\\"370\\\",\\\"col3\\\":\\\"370\\\",\\\"col4\\\":\\\"330\\\",\\\"col5\\\":\\\"25\\\",\\\"col6\\\":\\\"10\\\"},\\\"row1\\\":{\\\"col0\\\":\\\"300\\\",\\\"col1\\\":\\\"71\\\",\\\"col2\\\":\\\"420\\\",\\\"col3\\\":\\\"420\\\",\\\"col4\\\":\\\"330\\\",\\\"col5\\\":\\\"25\\\",\\\"col6\\\":\\\"10\\\"},\\\"row2\\\":{\\\"col0\\\":\\\"315\\\",\\\"col1\\\":\\\"71\\\",\\\"col2\\\":\\\"435\\\",\\\"col3\\\":\\\"xxx\\\",\\\"col4\\\":\\\"330\\\",\\\"col5\\\":\\\"25\\\",\\\"col6\\\":\\\"10\\\"},\\\"row3\\\":{\\\"col0\\\":\\\"350\\\",\\\"col1\\\":\\\"71\\\",\\\"col2\\\":\\\"xxx\\\",\\\"col3\\\":\\\"xxx\\\",\\\"col4\\\":\\\"330\\\",\\\"col5\\\":\\\"25\\\",\\\"col6\\\":\\\"10\\\"},\\\"row4\\\":{\\\"col0\\\":\\\"400\\\",\\\"col1\\\":\\\"71\\\",\\\"col2\\\":\\\"xxx\\\",\\\"col3\\\":\\\"xxx\\\",\\\"col4\\\":\\\"330\\\",\\\"col5\\\":\\\"25\\\",\\\"col6\\\":\\\"10\\\"},\\\"row5\\\":{\\\"col0\\\":\\\"450\\\",\\\"col1\\\":\\\"71\\\",\\\"col2\\\":\\\"xxx\\\",\\\"col3\\\":\\\"xxx\\\",\\\"col4\\\":\\\"330\\\",\\\"col5\\\":\\\"25\\\",\\\"col6\\\":\\\"10\\\"},\\\"row6\\\":{\\\"col0\\\":\\\"500\\\",\\\"col1\\\":\\\"80\\\",\\\"col2\\\":\\\"xxx\\\",\\\"col3\\\":\\\"xxx\\\",\\\"col4\\\":\\\"380\\\",\\\"col5\\\":\\\"25\\\",\\\"col6\\\":\\\"10\\\"},\\\"row7\\\":{\\\"col0\\\":\\\"560\\\",\\\"col1\\\":\\\"80\\\",\\\"col2\\\":\\\"xxx\\\",\\\"col3\\\":\\\"xxx\\\",\\\"col4\\\":\\\"380\\\",\\\"col5\\\":\\\"25\\\",\\\"col6\\\":\\\"10\\\"},\\\"row8\\\":{\\\"col0\\\":\\\"600\\\",\\\"col1\\\":\\\"80\\\",\\\"col2\\\":\\\"xxx\\\",\\\"col3\\\":\\\"xxx\\\",\\\"col4\\\":\\\"380\\\",\\\"col5\\\":\\\"25\\\",\\\"col6\\\":\\\"10\\\"},\\\"row9\\\":{\\\"col0\\\":\\\"630\\\",\\\"col1\\\":\\\"80\\\",\\\"col2\\\":\\\"xxx\\\",\\\"col3\\\":\\\"xxx\\\",\\\"col4\\\":\\\"380\\\",\\\"col5\\\":\\\"25\\\",\\\"col6\\\":\\\"10\\\"},\\\"row10\\\":{\\\"col0\\\":\\\"630\\\",\\\"col1\\\":\\\"90\\\",\\\"col2\\\":\\\"xxx\\\",\\\"col3\\\":\\\"xxx\\\",\\\"col4\\\":\\\"400\\\",\\\"col5\\\":\\\"25\\\",\\\"col6\\\":\\\"10\\\"},\\\"row11\\\":{\\\"col0\\\":\\\"710\\\",\\\"col1\\\":\\\"80\\\",\\\"col2\\\":\\\"xxx\\\",\\\"col3\\\":\\\"xxx\\\",\\\"col4\\\":\\\"375\\\",\\\"col5\\\":\\\"40\\\",\\\"col6\\\":\\\"12\\\"},\\\"row12\\\":{\\\"col0\\\":\\\"710\\\",\\\"col1\\\":\\\"90\\\",\\\"col2\\\":\\\"xxx\\\",\\\"col3\\\":\\\"xxx\\\",\\\"col4\\\":\\\"400\\\",\\\"col5\\\":\\\"40\\\",\\\"col6\\\":\\\"12\\\"}}}\",\"columns\":{\"col0\":{\"heading\":\"Fan Size\",\"width\":\"\",\"align\":\"left\"},\"col1\":{\"heading\":\"Frame\",\"width\":\"\",\"align\":\"left\"},\"col2\":{\"heading\":\"A\",\"width\":\"\",\"align\":\"left\"},\"col3\":{\"heading\":\"B\",\"width\":\"\",\"align\":\"left\"},\"col4\":{\"heading\":\"C\",\"width\":\"\",\"align\":\"left\"},\"col5\":{\"heading\":\"D\",\"width\":\"\",\"align\":\"left\"},\"col6\":{\"heading\":\"E\",\"width\":\"\",\"align\":\"left\"}},\"rows\":{\"row0\":{\"col0\":\"250\",\"col1\":\"71\",\"col2\":\"370\",\"col3\":\"370\",\"col4\":\"330\",\"col5\":\"25\",\"col6\":\"10\"},\"row1\":{\"col0\":\"300\",\"col1\":\"71\",\"col2\":\"420\",\"col3\":\"420\",\"col4\":\"330\",\"col5\":\"25\",\"col6\":\"10\"},\"row2\":{\"col0\":\"315\",\"col1\":\"71\",\"col2\":\"435\",\"col3\":\"xxx\",\"col4\":\"330\",\"col5\":\"25\",\"col6\":\"10\"},\"row3\":{\"col0\":\"350\",\"col1\":\"71\",\"col2\":\"xxx\",\"col3\":\"xxx\",\"col4\":\"330\",\"col5\":\"25\",\"col6\":\"10\"},\"row4\":{\"col0\":\"400\",\"col1\":\"71\",\"col2\":\"xxx\",\"col3\":\"xxx\",\"col4\":\"330\",\"col5\":\"25\",\"col6\":\"10\"},\"row5\":{\"col0\":\"450\",\"col1\":\"71\",\"col2\":\"xxx\",\"col3\":\"xxx\",\"col4\":\"330\",\"col5\":\"25\",\"col6\":\"10\"},\"row6\":{\"col0\":\"500\",\"col1\":\"80\",\"col2\":\"xxx\",\"col3\":\"xxx\",\"col4\":\"380\",\"col5\":\"25\",\"col6\":\"10\"},\"row7\":{\"col0\":\"560\",\"col1\":\"80\",\"col2\":\"xxx\",\"col3\":\"xxx\",\"col4\":\"380\",\"col5\":\"25\",\"col6\":\"10\"},\"row8\":{\"col0\":\"600\",\"col1\":\"80\",\"col2\":\"xxx\",\"col3\":\"xxx\",\"col4\":\"380\",\"col5\":\"25\",\"col6\":\"10\"},\"row9\":{\"col0\":\"630\",\"col1\":\"80\",\"col2\":\"xxx\",\"col3\":\"xxx\",\"col4\":\"380\",\"col5\":\"25\",\"col6\":\"10\"},\"row10\":{\"col0\":\"630\",\"col1\":\"90\",\"col2\":\"xxx\",\"col3\":\"xxx\",\"col4\":\"400\",\"col5\":\"25\",\"col6\":\"10\"},\"row11\":{\"col0\":\"710\",\"col1\":\"80\",\"col2\":\"xxx\",\"col3\":\"xxx\",\"col4\":\"375\",\"col5\":\"40\",\"col6\":\"12\"},\"row12\":{\"col0\":\"710\",\"col1\":\"90\",\"col2\":\"xxx\",\"col3\":\"xxx\",\"col4\":\"400\",\"col5\":\"40\",\"col6\":\"12\"}}}},\"50\":{\"type\":\"4\",\"fields\":{\"dataTable\":\"{\\\"columns\\\":{\\\"col0\\\":{\\\"heading\\\":\\\"Fan Size\\\",\\\"width\\\":\\\"\\\",\\\"align\\\":\\\"left\\\"},\\\"col1\\\":{\\\"heading\\\":\\\"Frame\\\",\\\"width\\\":\\\"\\\",\\\"align\\\":\\\"left\\\"},\\\"col2\\\":{\\\"heading\\\":\\\"A\\\",\\\"width\\\":\\\"\\\",\\\"align\\\":\\\"left\\\"},\\\"col3\\\":{\\\"heading\\\":\\\"B\\\",\\\"width\\\":\\\"\\\",\\\"align\\\":\\\"left\\\"},\\\"col4\\\":{\\\"heading\\\":\\\"C\\\",\\\"width\\\":\\\"\\\",\\\"align\\\":\\\"left\\\"},\\\"col5\\\":{\\\"heading\\\":\\\"D\\\",\\\"width\\\":\\\"\\\",\\\"align\\\":\\\"left\\\"},\\\"col6\\\":{\\\"heading\\\":\\\"E\\\",\\\"width\\\":\\\"\\\",\\\"align\\\":\\\"left\\\"}},\\\"rows\\\":{\\\"row0\\\":{\\\"col0\\\":\\\"xxx\\\",\\\"col1\\\":\\\"xxx\\\",\\\"col2\\\":\\\"xxx\\\",\\\"col3\\\":\\\"xxx\\\",\\\"col4\\\":\\\"xxx\\\",\\\"col5\\\":\\\"xxx\\\",\\\"col6\\\":\\\"xxx\\\"}}}\",\"columns\":{\"col0\":{\"heading\":\"Fan Size\",\"width\":\"\",\"align\":\"left\"},\"col1\":{\"heading\":\"Frame\",\"width\":\"\",\"align\":\"left\"},\"col2\":{\"heading\":\"A\",\"width\":\"\",\"align\":\"left\"},\"col3\":{\"heading\":\"B\",\"width\":\"\",\"align\":\"left\"},\"col4\":{\"heading\":\"C\",\"width\":\"\",\"align\":\"left\"},\"col5\":{\"heading\":\"D\",\"width\":\"\",\"align\":\"left\"},\"col6\":{\"heading\":\"E\",\"width\":\"\",\"align\":\"left\"}},\"rows\":{\"row0\":{\"col0\":\"xxx\",\"col1\":\"xxx\",\"col2\":\"xxx\",\"col3\":\"xxx\",\"col4\":\"xxx\",\"col5\":\"xxx\",\"col6\":\"xxx\"}}}}},\"18\":[\"53\"],\"19\":[\"55\",\"56\"],\"12\":\"Wall or roof mounting where ducting is not required.\",\"11\":\"<p>Phasellus sed sollicitudin nisl. Praesent at euismod dui. Donec hendrerit quam turpis. Curabitur sed pharetra erat, at mollis est. Maecenas vel pharetra ligula, lacinia pellentesque justo. Donec finibus augue eget justo suscipit hendrerit. Integer at nisi vitae nibh commodo condimentum vel nec mauris. Proin tempor ex et tempus fermentum.<\\/p>\",\"16\":{\"48\":{\"type\":\"3\",\"fields\":{\"fd_st_noteText\":\"1. This type of fan can be fitted beneath in LOW PROFILE or VERTICAL JET ROOF COWL as supplied by Victoria Fans.\"}}}}}', '2017-03-01 12:15:18', '2017-03-01 12:15:18', '09357b86-d223-4aa8-9f73-59a8392e1859'),
 ('59', '57', '4', '1', 'en', '1', NULL, '{\"typeId\":\"5\",\"authorId\":null,\"title\":\"Product Range\",\"slug\":\"product-range\",\"postDate\":1488373336,\"expiryDate\":null,\"enabled\":1,\"parentId\":null,\"fields\":[]}', '2017-03-01 13:02:16', '2017-03-01 13:02:16', '964e2155-82c6-43f2-b17c-4fc4a7c17cfc'),
 ('60', '57', '4', '1', 'en', '2', '', '{\"typeId\":\"5\",\"authorId\":null,\"title\":\"Product Range\",\"slug\":\"product-range\",\"postDate\":1488373821,\"expiryDate\":null,\"enabled\":1,\"parentId\":null,\"fields\":{\"23\":\"<p>Curabitur convallis, arcu a posuere viverra, justo erat consequat mauris, vel dapibus ex purus rhoncus erat. Etiam egestas purus nibh, eu tincidunt nisl elementum in. Suspendisse potenti. Phasellus molestie viverra quam, ut suscipit massa eleifend id. Orci varius natoque penatibus et magnis dis parturient montes, nascetur ridiculus mus. Maecenas volutpat sodales pellentesque. Donec ullamcorper urna mauris, ut semper mi sagittis vel. Pellentesque habitant morbi tristique senectus et netus et malesuada fames ac turpis egestas.<\\/p>\"}}', '2017-03-01 13:37:06', '2017-03-01 13:37:06', 'd640c9f8-06d4-4623-b275-90b610f2b5e8'),
 ('61', '18', '3', '1', 'en', '19', '', '{\"typeId\":\"3\",\"authorId\":\"1\",\"title\":\"Plate Mounted Axial\",\"slug\":\"plate-mounted-axial-flow-fan\",\"postDate\":1488211380,\"expiryDate\":null,\"enabled\":1,\"parentId\":\"17\",\"fields\":{\"10\":[\"4\",\"7\"],\"13\":{\"45\":{\"type\":\"2\",\"fields\":{\"fd_st_component_name\":\"Mounting Plate\",\"fd_st_componentText\":\"Fabricated in Steel and finished in Epoxy resin. 304 or 316 Stainless Steel available if required.\\u200b\"}},\"46\":{\"type\":\"2\",\"fields\":{\"fd_st_component_name\":\"Impellers\",\"fd_st_componentText\":\"Aluminium Hub with polypropylene blades. Anti-Static or Aluminium blades available if required\"}},\"47\":{\"type\":\"2\",\"fields\":{\"fd_st_component_name\":\"Motors\",\"fd_st_componentText\":\"Single or 3 phase Class F IP55 as standard with 2 speed, Zone 1 or Zone 2 as optional extras\"}}},\"21\":{\"49\":{\"type\":\"4\",\"fields\":{\"dataTable\":\"{\\\"columns\\\":{\\\"col0\\\":{\\\"heading\\\":\\\"Fan Size\\\",\\\"width\\\":\\\"\\\",\\\"align\\\":\\\"left\\\"},\\\"col1\\\":{\\\"heading\\\":\\\"Frame\\\",\\\"width\\\":\\\"\\\",\\\"align\\\":\\\"left\\\"},\\\"col2\\\":{\\\"heading\\\":\\\"A\\\",\\\"width\\\":\\\"\\\",\\\"align\\\":\\\"left\\\"},\\\"col3\\\":{\\\"heading\\\":\\\"B\\\",\\\"width\\\":\\\"\\\",\\\"align\\\":\\\"left\\\"},\\\"col4\\\":{\\\"heading\\\":\\\"C\\\",\\\"width\\\":\\\"\\\",\\\"align\\\":\\\"left\\\"},\\\"col5\\\":{\\\"heading\\\":\\\"D\\\",\\\"width\\\":\\\"\\\",\\\"align\\\":\\\"left\\\"},\\\"col6\\\":{\\\"heading\\\":\\\"E\\\",\\\"width\\\":\\\"\\\",\\\"align\\\":\\\"left\\\"}},\\\"rows\\\":{\\\"row0\\\":{\\\"col0\\\":\\\"250\\\",\\\"col1\\\":\\\"71\\\",\\\"col2\\\":\\\"370\\\",\\\"col3\\\":\\\"370\\\",\\\"col4\\\":\\\"330\\\",\\\"col5\\\":\\\"25\\\",\\\"col6\\\":\\\"10\\\"},\\\"row1\\\":{\\\"col0\\\":\\\"300\\\",\\\"col1\\\":\\\"71\\\",\\\"col2\\\":\\\"420\\\",\\\"col3\\\":\\\"420\\\",\\\"col4\\\":\\\"330\\\",\\\"col5\\\":\\\"25\\\",\\\"col6\\\":\\\"10\\\"},\\\"row2\\\":{\\\"col0\\\":\\\"315\\\",\\\"col1\\\":\\\"71\\\",\\\"col2\\\":\\\"435\\\",\\\"col3\\\":\\\"xxx\\\",\\\"col4\\\":\\\"330\\\",\\\"col5\\\":\\\"25\\\",\\\"col6\\\":\\\"10\\\"},\\\"row3\\\":{\\\"col0\\\":\\\"350\\\",\\\"col1\\\":\\\"71\\\",\\\"col2\\\":\\\"xxx\\\",\\\"col3\\\":\\\"xxx\\\",\\\"col4\\\":\\\"330\\\",\\\"col5\\\":\\\"25\\\",\\\"col6\\\":\\\"10\\\"},\\\"row4\\\":{\\\"col0\\\":\\\"400\\\",\\\"col1\\\":\\\"71\\\",\\\"col2\\\":\\\"xxx\\\",\\\"col3\\\":\\\"xxx\\\",\\\"col4\\\":\\\"330\\\",\\\"col5\\\":\\\"25\\\",\\\"col6\\\":\\\"10\\\"},\\\"row5\\\":{\\\"col0\\\":\\\"450\\\",\\\"col1\\\":\\\"71\\\",\\\"col2\\\":\\\"xxx\\\",\\\"col3\\\":\\\"xxx\\\",\\\"col4\\\":\\\"330\\\",\\\"col5\\\":\\\"25\\\",\\\"col6\\\":\\\"10\\\"},\\\"row6\\\":{\\\"col0\\\":\\\"500\\\",\\\"col1\\\":\\\"80\\\",\\\"col2\\\":\\\"xxx\\\",\\\"col3\\\":\\\"xxx\\\",\\\"col4\\\":\\\"380\\\",\\\"col5\\\":\\\"25\\\",\\\"col6\\\":\\\"10\\\"},\\\"row7\\\":{\\\"col0\\\":\\\"560\\\",\\\"col1\\\":\\\"80\\\",\\\"col2\\\":\\\"xxx\\\",\\\"col3\\\":\\\"xxx\\\",\\\"col4\\\":\\\"380\\\",\\\"col5\\\":\\\"25\\\",\\\"col6\\\":\\\"10\\\"},\\\"row8\\\":{\\\"col0\\\":\\\"600\\\",\\\"col1\\\":\\\"80\\\",\\\"col2\\\":\\\"xxx\\\",\\\"col3\\\":\\\"xxx\\\",\\\"col4\\\":\\\"380\\\",\\\"col5\\\":\\\"25\\\",\\\"col6\\\":\\\"10\\\"},\\\"row9\\\":{\\\"col0\\\":\\\"630\\\",\\\"col1\\\":\\\"80\\\",\\\"col2\\\":\\\"xxx\\\",\\\"col3\\\":\\\"xxx\\\",\\\"col4\\\":\\\"380\\\",\\\"col5\\\":\\\"25\\\",\\\"col6\\\":\\\"10\\\"},\\\"row10\\\":{\\\"col0\\\":\\\"630\\\",\\\"col1\\\":\\\"90\\\",\\\"col2\\\":\\\"xxx\\\",\\\"col3\\\":\\\"xxx\\\",\\\"col4\\\":\\\"400\\\",\\\"col5\\\":\\\"25\\\",\\\"col6\\\":\\\"10\\\"},\\\"row11\\\":{\\\"col0\\\":\\\"710\\\",\\\"col1\\\":\\\"80\\\",\\\"col2\\\":\\\"xxx\\\",\\\"col3\\\":\\\"xxx\\\",\\\"col4\\\":\\\"375\\\",\\\"col5\\\":\\\"40\\\",\\\"col6\\\":\\\"12\\\"},\\\"row12\\\":{\\\"col0\\\":\\\"710\\\",\\\"col1\\\":\\\"90\\\",\\\"col2\\\":\\\"xxx\\\",\\\"col3\\\":\\\"xxx\\\",\\\"col4\\\":\\\"400\\\",\\\"col5\\\":\\\"40\\\",\\\"col6\\\":\\\"12\\\"}}}\",\"columns\":{\"col0\":{\"heading\":\"Fan Size\",\"width\":\"\",\"align\":\"left\"},\"col1\":{\"heading\":\"Frame\",\"width\":\"\",\"align\":\"left\"},\"col2\":{\"heading\":\"A\",\"width\":\"\",\"align\":\"left\"},\"col3\":{\"heading\":\"B\",\"width\":\"\",\"align\":\"left\"},\"col4\":{\"heading\":\"C\",\"width\":\"\",\"align\":\"left\"},\"col5\":{\"heading\":\"D\",\"width\":\"\",\"align\":\"left\"},\"col6\":{\"heading\":\"E\",\"width\":\"\",\"align\":\"left\"}},\"rows\":{\"row0\":{\"col0\":\"250\",\"col1\":\"71\",\"col2\":\"370\",\"col3\":\"370\",\"col4\":\"330\",\"col5\":\"25\",\"col6\":\"10\"},\"row1\":{\"col0\":\"300\",\"col1\":\"71\",\"col2\":\"420\",\"col3\":\"420\",\"col4\":\"330\",\"col5\":\"25\",\"col6\":\"10\"},\"row2\":{\"col0\":\"315\",\"col1\":\"71\",\"col2\":\"435\",\"col3\":\"xxx\",\"col4\":\"330\",\"col5\":\"25\",\"col6\":\"10\"},\"row3\":{\"col0\":\"350\",\"col1\":\"71\",\"col2\":\"xxx\",\"col3\":\"xxx\",\"col4\":\"330\",\"col5\":\"25\",\"col6\":\"10\"},\"row4\":{\"col0\":\"400\",\"col1\":\"71\",\"col2\":\"xxx\",\"col3\":\"xxx\",\"col4\":\"330\",\"col5\":\"25\",\"col6\":\"10\"},\"row5\":{\"col0\":\"450\",\"col1\":\"71\",\"col2\":\"xxx\",\"col3\":\"xxx\",\"col4\":\"330\",\"col5\":\"25\",\"col6\":\"10\"},\"row6\":{\"col0\":\"500\",\"col1\":\"80\",\"col2\":\"xxx\",\"col3\":\"xxx\",\"col4\":\"380\",\"col5\":\"25\",\"col6\":\"10\"},\"row7\":{\"col0\":\"560\",\"col1\":\"80\",\"col2\":\"xxx\",\"col3\":\"xxx\",\"col4\":\"380\",\"col5\":\"25\",\"col6\":\"10\"},\"row8\":{\"col0\":\"600\",\"col1\":\"80\",\"col2\":\"xxx\",\"col3\":\"xxx\",\"col4\":\"380\",\"col5\":\"25\",\"col6\":\"10\"},\"row9\":{\"col0\":\"630\",\"col1\":\"80\",\"col2\":\"xxx\",\"col3\":\"xxx\",\"col4\":\"380\",\"col5\":\"25\",\"col6\":\"10\"},\"row10\":{\"col0\":\"630\",\"col1\":\"90\",\"col2\":\"xxx\",\"col3\":\"xxx\",\"col4\":\"400\",\"col5\":\"25\",\"col6\":\"10\"},\"row11\":{\"col0\":\"710\",\"col1\":\"80\",\"col2\":\"xxx\",\"col3\":\"xxx\",\"col4\":\"375\",\"col5\":\"40\",\"col6\":\"12\"},\"row12\":{\"col0\":\"710\",\"col1\":\"90\",\"col2\":\"xxx\",\"col3\":\"xxx\",\"col4\":\"400\",\"col5\":\"40\",\"col6\":\"12\"}}}},\"50\":{\"type\":\"4\",\"fields\":{\"dataTable\":\"{\\\"columns\\\":{\\\"col0\\\":{\\\"heading\\\":\\\"Fan Size\\\",\\\"width\\\":\\\"\\\",\\\"align\\\":\\\"left\\\"},\\\"col1\\\":{\\\"heading\\\":\\\"Frame\\\",\\\"width\\\":\\\"\\\",\\\"align\\\":\\\"left\\\"},\\\"col2\\\":{\\\"heading\\\":\\\"A\\\",\\\"width\\\":\\\"\\\",\\\"align\\\":\\\"left\\\"},\\\"col3\\\":{\\\"heading\\\":\\\"B\\\",\\\"width\\\":\\\"\\\",\\\"align\\\":\\\"left\\\"},\\\"col4\\\":{\\\"heading\\\":\\\"C\\\",\\\"width\\\":\\\"\\\",\\\"align\\\":\\\"left\\\"},\\\"col5\\\":{\\\"heading\\\":\\\"D\\\",\\\"width\\\":\\\"\\\",\\\"align\\\":\\\"left\\\"},\\\"col6\\\":{\\\"heading\\\":\\\"E\\\",\\\"width\\\":\\\"\\\",\\\"align\\\":\\\"left\\\"}},\\\"rows\\\":{\\\"row0\\\":{\\\"col0\\\":\\\"xxx\\\",\\\"col1\\\":\\\"xxx\\\",\\\"col2\\\":\\\"xxx\\\",\\\"col3\\\":\\\"xxx\\\",\\\"col4\\\":\\\"xxx\\\",\\\"col5\\\":\\\"xxx\\\",\\\"col6\\\":\\\"xxx\\\"}}}\",\"columns\":{\"col0\":{\"heading\":\"Fan Size\",\"width\":\"\",\"align\":\"left\"},\"col1\":{\"heading\":\"Frame\",\"width\":\"\",\"align\":\"left\"},\"col2\":{\"heading\":\"A\",\"width\":\"\",\"align\":\"left\"},\"col3\":{\"heading\":\"B\",\"width\":\"\",\"align\":\"left\"},\"col4\":{\"heading\":\"C\",\"width\":\"\",\"align\":\"left\"},\"col5\":{\"heading\":\"D\",\"width\":\"\",\"align\":\"left\"},\"col6\":{\"heading\":\"E\",\"width\":\"\",\"align\":\"left\"}},\"rows\":{\"row0\":{\"col0\":\"xxx\",\"col1\":\"xxx\",\"col2\":\"xxx\",\"col3\":\"xxx\",\"col4\":\"xxx\",\"col5\":\"xxx\",\"col6\":\"xxx\"}}}}},\"18\":[\"53\"],\"19\":[\"55\",\"56\"],\"12\":\"Wall or roof mounting where ducting is not required.\",\"11\":\"<p>Plate Mounted Axial fan Phasellus sed sollicitudin nisl. Praesent at euismod dui. Donec hendrerit quam turpis. Curabitur sed pharetra erat, at mollis est. Maecenas vel pharetra ligula, lacinia pellentesque justo. Donec finibus augue eget justo suscipit hendrerit. Integer at nisi vitae nibh commodo condimentum vel nec mauris. Proin tempor ex et tempus fermentum.<\\/p>\",\"16\":{\"48\":{\"type\":\"3\",\"fields\":{\"fd_st_noteText\":\"1. This type of fan can be fitted beneath in LOW PROFILE or VERTICAL JET ROOF COWL as supplied by Victoria Fans.\"}}}}}', '2017-03-01 14:18:42', '2017-03-01 14:18:42', '3c3aa806-9521-4f8a-a1f1-3ff9d8885349'),
 ('62', '2', '1', '1', 'en', '3', '', '{\"typeId\":null,\"authorId\":null,\"title\":\"Welcome to Victoriafans!\",\"slug\":\"homepage\",\"postDate\":1488207921,\"expiryDate\":null,\"enabled\":1,\"parentId\":null,\"fields\":{\"24\":[\"58\"]}}', '2017-03-02 17:00:07', '2017-03-02 17:00:07', 'ae5efe3a-eda0-4767-a8e2-bbf66c3eceab'),
 ('63', '17', '3', '1', 'en', '7', '', '{\"typeId\":\"4\",\"authorId\":\"1\",\"title\":\"Axial Flow Fans\",\"slug\":\"axial-flow-fans\",\"postDate\":1488211320,\"expiryDate\":null,\"enabled\":1,\"parentId\":\"\",\"fields\":{\"3\":\"<p>Lorem ipsum dolor sit amet, consectetur adipiscing elit. Nullam at lectus ipsum. Nam vehicula felis a mi commodo, id lacinia nisi ultricies. Nunc ut libero sit amet diam scelerisque gravida.<\\/p>\",\"4\":{\"36\":{\"type\":\"1\",\"fields\":{\"fd_St_Header\":\"Arrangement\",\"fd_st_text\":\"<p>Lorem ipsum dolor sit amet, consectetur adipiscing elit. Morbi odio nibh, feugiat at metus a, tempus cursus dui. Cras imperdiet, ligula sed tempus cursus, metus est laoreet quam, eu ultrices magna mauris eu quam. Vestibulum accumsan pharetra elit, eu cursus lacus congue eu. Nullam vitae libero sit amet felis maximus aliquet. Maecenas in vehicula tortor. Sed nec arcu a metus porttitor dignissim. Vivamus blandit ipsum sapien, et sagittis diam mollis vitae. Morbi dictum volutpat mattis. Suspendisse laoreet suscipit odio sit amet pretium. Fusce ut lorem lacus. Morbi in velit et elit sodales pharetra congue in dolor.<\\/p>\"}},\"37\":{\"type\":\"1\",\"fields\":{\"fd_St_Header\":\"Standard Impellors\",\"fd_st_text\":\"<p>Praesent sed erat et erat dignissim sollicitudin. Ut facilisis sapien in eros sollicitudin tempus. Ut vitae erat tellus. Phasellus et est at augue gravida molestie ut luctus mi. Morbi volutpat massa tellus, sed tincidunt neque tincidunt eget. Sed quis fringilla purus. Orci varius natoque penatibus et magnis dis parturient montes, nascetur ridiculus mus. Curabitur viverra tellus aliquet ullamcorper gravida. Curabitur nec nisl vel orci ornare convallis. Fusce non odio semper, condimentum odio et, scelerisque dui. Nam leo nibh, elementum et ultricies ac, interdum non nisl. Proin eget malesuada massa, sed cursus quam. Nam pretium tincidunt dapibus. Orci varius natoque penatibus et magnis dis parturient montes, nascetur ridiculus mus. Phasellus venenatis arcu vitae nibh eleifend pellentesque.<\\/p>\"}},\"38\":{\"type\":\"1\",\"fields\":{\"fd_St_Header\":\"Staging of Axial Flow Fans\",\"fd_st_text\":\"<p>Nulla et venenatis ligula, ut volutpat odio. Vivamus sodales sapien eu feugiat ultricies. Pellentesque molestie pellentesque nisl, sed faucibus dui elementum id. Nullam lobortis nisi vel egestas convallis. Mauris lobortis augue id viverra ornare. Etiam sit amet odio quis mi varius ullamcorper. Fusce est purus, egestas et aliquam in, ullamcorper ac erat. Maecenas purus odio, condimentum sit amet libero in, iaculis iaculis sem. Donec ullamcorper tortor non libero tristique cursus. Aliquam eleifend et quam semper luctus. Ut suscipit est vel sapien placerat, quis consequat arcu iaculis. Donec interdum viverra quam, ornare pulvinar sem auctor ac. Mauris ultricies scelerisque consectetur. Phasellus tellus mauris, egestas nec ex vitae, volutpat commodo purus.<\\/p>\"}},\"39\":{\"type\":\"1\",\"fields\":{\"fd_St_Header\":\"Fractional Solidity Impellors\",\"fd_st_text\":\"<p>Donec ut ullamcorper nisi. Fusce faucibus interdum turpis sed volutpat. Donec velit ante, viverra nec facilisis eu, ultricies quis nunc. Sed id mi lectus. Mauris eget ligula nec nisl vestibulum convallis. In hac habitasse platea dictumst. Maecenas tempor efficitur ipsum vel viverra. Ut sed lacus vehicula, imperdiet tortor vitae, mattis sapien. Duis sem libero, dapibus eu ipsum sit amet, commodo accumsan turpis. Donec porttitor aliquam tincidunt. Cras pretium finibus sapien a facilisis. Pellentesque nec nulla et erat egestas porta.<\\/p>\"}},\"40\":{\"type\":\"1\",\"fields\":{\"fd_St_Header\":\"Long Cased Type\",\"fd_st_text\":\"<p>Donec ut ullamcorper nisi. Fusce faucibus interdum turpis sed volutpat. Donec velit ante, viverra nec facilisis eu, ultricies quis nunc. Sed id mi lectus. Mauris eget ligula nec nisl vestibulum convallis. In hac habitasse platea dictumst. Maecenas tempor efficitur ipsum vel viverra. Ut sed lacus vehicula, imperdiet tortor vitae, mattis sapien. Duis sem libero, dapibus eu ipsum sit amet, commodo accumsan turpis. Donec porttitor aliquam tincidunt. Cras pretium finibus sapien a facilisis. Pellentesque nec nulla et erat egestas porta.<\\/p>\"}},\"41\":{\"type\":\"1\",\"fields\":{\"fd_St_Header\":\"Example of Coding\",\"fd_st_text\":\"<p>Mauris commodo vestibulum lacus vel venenatis. Donec mattis pretium dictum. Praesent at mollis arcu, in finibus felis. Aenean ornare tellus orci, sit amet sodales elit placerat in. Etiam et purus mi. Proin id feugiat odio. Integer mollis ornare arcu, eu vulputate turpis dapibus non. Cras tempus nibh augue, non tincidunt leo dignissim non. Nam tempus venenatis orci. Morbi interdum odio eu nisl euismod ultrices.<\\/p>\"}},\"42\":{\"type\":\"1\",\"fields\":{\"fd_St_Header\":\"Motors\",\"fd_st_text\":\"<p>Curabitur hendrerit nec sem ac pulvinar. Integer vitae accumsan enim. Morbi eu vestibulum dui. Praesent id imperdiet nulla. Proin orci nisi, hendrerit tempor dolor quis, venenatis mattis sem. Proin ipsum mauris, placerat et felis non, efficitur vulputate justo. Ut accumsan, metus eu dignissim suscipit, quam velit fringilla orci, sed aliquet dui enim sed leo.&nbsp;<\\/p>\"}},\"43\":{\"type\":\"1\",\"fields\":{\"fd_St_Header\":\"Extra Features Available\",\"fd_st_text\":\"<p>Ut ac porttitor dolor. Vivamus leo sem, aliquet lacinia ex vel, mollis consectetur nibh. Morbi enim augue, cursus non malesuada ac, tincidunt sit amet augue. Mauris fermentum, ligula nec pellentesque euismod, nisl sapien ultricies purus, eget porttitor est magna at elit. Orci varius natoque penatibus et magnis dis parturient montes, nascetur ridiculus mus. Aliquam sollicitudin euismod turpis ut tempus. Donec nibh augue, cursus aliquet odio vel, egestas eleifend ante.<\\/p>\"}},\"44\":{\"type\":\"1\",\"fields\":{\"fd_St_Header\":\"Finish\",\"fd_st_text\":\"<p>Suspendisse tellus purus, semper vitae leo in, congue euismod lorem. Vivamus ut metus mollis, lobortis augue vel, pharetra ipsum. Vivamus id vulputate urna. Vestibulum ultricies maximus purus tempus convallis. Praesent justo est, aliquam sed pretium non, bibendum ut massa. Lorem ipsum dolor sit amet, consectetur adipiscing elit.<\\/p>\"}}},\"25\":[\"59\"],\"7\":\"All Long and Short cased fans can be supplied with 304 or 316 Stainless Steel Casings\"}}', '2017-03-02 17:19:39', '2017-03-02 17:19:39', '89528c66-b97a-4132-a445-080dcdd3a3a7'),
 ('64', '19', '3', '1', 'en', '3', '', '{\"typeId\":\"4\",\"authorId\":\"1\",\"title\":\"Bifurcated Fans\",\"slug\":\"bifurcated-fans\",\"postDate\":1488211620,\"expiryDate\":null,\"enabled\":1,\"parentId\":\"\",\"fields\":{\"3\":\"<p>Aliquam a tortor et nibh interdum egestas. Proin orci erat, mattis a tincidunt nec, efficitur id neque. Suspendisse scelerisque semper vestibulum.<\\/p>\",\"4\":\"\",\"25\":[\"60\"],\"7\":\"\"}}', '2017-03-02 17:22:15', '2017-03-02 17:22:15', 'a892eceb-7254-41b3-9015-c92aa22e6458'),
 ('65', '21', '3', '1', 'en', '3', '', '{\"typeId\":\"4\",\"authorId\":\"1\",\"title\":\"Flameproof Fans\",\"slug\":\"flameproof-fans\",\"postDate\":1488211680,\"expiryDate\":null,\"enabled\":1,\"parentId\":\"\",\"fields\":{\"3\":\"<p>Morbi quis pulvinar nisi. Proin et magna enim. Donec quis mi vitae diam fringilla placerat et hendrerit massa. Vestibulum sit amet urna posuere diam lacinia egestas.<\\/p>\",\"4\":\"\",\"25\":[\"59\"],\"7\":\"\"}}', '2017-03-02 17:22:23', '2017-03-02 17:22:23', '1dbd6a43-6759-4c45-a711-c9cf0d4fbe86'),
 ('66', '20', '3', '1', 'en', '4', '', '{\"typeId\":\"4\",\"authorId\":\"1\",\"title\":\"Centrifugal Fans\",\"slug\":\"centrifugal-fans\",\"postDate\":1488211680,\"expiryDate\":null,\"enabled\":1,\"parentId\":\"\",\"fields\":{\"3\":\"<p>Praesent non elit nec sem interdum suscipit quis imperdiet felis. Praesent nulla ligula, consectetur sit amet tortor commodo, tristique viverra ex. Pellentesque laoreet erat sit amet sagittis tempor.<\\/p>\",\"4\":\"\",\"25\":[\"60\"],\"7\":\"\"}}', '2017-03-02 17:22:31', '2017-03-02 17:22:31', '30b0e749-6a84-4a73-8fde-abae10b6811f'),
 ('67', '19', '3', '1', 'en', '4', '', '{\"typeId\":\"4\",\"authorId\":\"1\",\"title\":\"Bifurcated Fans\",\"slug\":\"bifurcated-fans\",\"postDate\":1488211620,\"expiryDate\":null,\"enabled\":1,\"parentId\":\"\",\"fields\":{\"3\":\"<p>Aliquam a tortor et nibh interdum egestas. Proin orci erat, mattis a tincidunt nec, efficitur id neque. Suspendisse scelerisque semper vestibulum.<\\/p>\",\"4\":\"\",\"25\":[\"59\"],\"7\":\"\"}}', '2017-03-02 17:22:49', '2017-03-02 17:22:49', 'ce93db43-ec3f-46fc-81ec-d1f90d2756ea'),
 ('68', '21', '3', '1', 'en', '4', '', '{\"typeId\":\"4\",\"authorId\":\"1\",\"title\":\"Flameproof Fans\",\"slug\":\"flameproof-fans\",\"postDate\":1488211680,\"expiryDate\":null,\"enabled\":1,\"parentId\":\"\",\"fields\":{\"3\":\"<p>Morbi quis pulvinar nisi. Proin et magna enim. Donec quis mi vitae diam fringilla placerat et hendrerit massa. Vestibulum sit amet urna posuere diam lacinia egestas.<\\/p>\",\"4\":\"\",\"25\":[\"60\"],\"7\":\"\"}}', '2017-03-02 17:23:06', '2017-03-02 17:23:06', '7cff7a3f-633e-4533-9e64-2bc042970317'),
 ('69', '19', '3', '1', 'en', '5', '', '{\"typeId\":\"4\",\"authorId\":\"1\",\"title\":\"Bifurcated Fans\",\"slug\":\"bifurcated-fans\",\"postDate\":1488211620,\"expiryDate\":null,\"enabled\":1,\"parentId\":\"\",\"fields\":{\"3\":\"<p>Aliquam a tortor et nibh interdum egestas. Proin orci erat, mattis a tincidunt nec, efficitur id neque. Suspendisse scelerisque semper vestibulum.<\\/p>\",\"4\":\"\",\"25\":[\"60\"],\"7\":\"\"}}', '2017-03-02 17:23:36', '2017-03-02 17:23:36', 'e5b49c3e-925e-4931-b14e-a8fb29487672'),
 ('70', '20', '3', '1', 'en', '5', '', '{\"typeId\":\"4\",\"authorId\":\"1\",\"title\":\"Centrifugal Fans\",\"slug\":\"centrifugal-fans\",\"postDate\":1488211680,\"expiryDate\":null,\"enabled\":1,\"parentId\":\"\",\"fields\":{\"3\":\"<p>Praesent non elit nec sem interdum suscipit quis imperdiet felis. Praesent nulla ligula, consectetur sit amet tortor commodo, tristique viverra ex. Pellentesque laoreet erat sit amet sagittis tempor.<\\/p>\",\"4\":\"\",\"25\":[\"59\"],\"7\":\"\"}}', '2017-03-02 17:23:48', '2017-03-02 17:23:48', '39106025-e52d-483a-abf0-4ab4bcc679f9'),
 ('72', '18', '3', '1', 'en', '20', '', '{\"typeId\":\"3\",\"authorId\":\"1\",\"title\":\"Plate Mounted Axial\",\"slug\":\"plate-mounted-axial-flow-fan\",\"postDate\":1488211380,\"expiryDate\":null,\"enabled\":1,\"parentId\":\"17\",\"fields\":{\"10\":[\"4\",\"7\"],\"13\":{\"45\":{\"type\":\"2\",\"fields\":{\"fd_st_component_name\":\"Mounting Plate\",\"fd_st_componentText\":\"Fabricated in Steel and finished in Epoxy resin. 304 or 316 Stainless Steel available if required.\\u200b\"}},\"46\":{\"type\":\"2\",\"fields\":{\"fd_st_component_name\":\"Impellers\",\"fd_st_componentText\":\"Aluminium Hub with polypropylene blades. Anti-Static or Aluminium blades available if required\"}},\"47\":{\"type\":\"2\",\"fields\":{\"fd_st_component_name\":\"Motors\",\"fd_st_componentText\":\"Single or 3 phase Class F IP55 as standard with 2 speed, Zone 1 or Zone 2 as optional extras\"}}},\"21\":{\"49\":{\"type\":\"4\",\"fields\":{\"dataTable\":\"{\\\"columns\\\":{\\\"col0\\\":{\\\"heading\\\":\\\"Fan Size\\\",\\\"width\\\":\\\"\\\",\\\"align\\\":\\\"left\\\"},\\\"col1\\\":{\\\"heading\\\":\\\"Frame\\\",\\\"width\\\":\\\"\\\",\\\"align\\\":\\\"left\\\"},\\\"col2\\\":{\\\"heading\\\":\\\"A\\\",\\\"width\\\":\\\"\\\",\\\"align\\\":\\\"left\\\"},\\\"col3\\\":{\\\"heading\\\":\\\"B\\\",\\\"width\\\":\\\"\\\",\\\"align\\\":\\\"left\\\"},\\\"col4\\\":{\\\"heading\\\":\\\"C\\\",\\\"width\\\":\\\"\\\",\\\"align\\\":\\\"left\\\"},\\\"col5\\\":{\\\"heading\\\":\\\"D\\\",\\\"width\\\":\\\"\\\",\\\"align\\\":\\\"left\\\"},\\\"col6\\\":{\\\"heading\\\":\\\"E\\\",\\\"width\\\":\\\"\\\",\\\"align\\\":\\\"left\\\"}},\\\"rows\\\":{\\\"row0\\\":{\\\"col0\\\":\\\"250\\\",\\\"col1\\\":\\\"71\\\",\\\"col2\\\":\\\"370\\\",\\\"col3\\\":\\\"370\\\",\\\"col4\\\":\\\"330\\\",\\\"col5\\\":\\\"25\\\",\\\"col6\\\":\\\"10\\\"},\\\"row1\\\":{\\\"col0\\\":\\\"300\\\",\\\"col1\\\":\\\"71\\\",\\\"col2\\\":\\\"420\\\",\\\"col3\\\":\\\"420\\\",\\\"col4\\\":\\\"330\\\",\\\"col5\\\":\\\"25\\\",\\\"col6\\\":\\\"10\\\"},\\\"row2\\\":{\\\"col0\\\":\\\"315\\\",\\\"col1\\\":\\\"71\\\",\\\"col2\\\":\\\"435\\\",\\\"col3\\\":\\\"xxx\\\",\\\"col4\\\":\\\"330\\\",\\\"col5\\\":\\\"25\\\",\\\"col6\\\":\\\"10\\\"},\\\"row3\\\":{\\\"col0\\\":\\\"350\\\",\\\"col1\\\":\\\"71\\\",\\\"col2\\\":\\\"xxx\\\",\\\"col3\\\":\\\"xxx\\\",\\\"col4\\\":\\\"330\\\",\\\"col5\\\":\\\"25\\\",\\\"col6\\\":\\\"10\\\"},\\\"row4\\\":{\\\"col0\\\":\\\"400\\\",\\\"col1\\\":\\\"71\\\",\\\"col2\\\":\\\"xxx\\\",\\\"col3\\\":\\\"xxx\\\",\\\"col4\\\":\\\"330\\\",\\\"col5\\\":\\\"25\\\",\\\"col6\\\":\\\"10\\\"},\\\"row5\\\":{\\\"col0\\\":\\\"450\\\",\\\"col1\\\":\\\"71\\\",\\\"col2\\\":\\\"xxx\\\",\\\"col3\\\":\\\"xxx\\\",\\\"col4\\\":\\\"330\\\",\\\"col5\\\":\\\"25\\\",\\\"col6\\\":\\\"10\\\"},\\\"row6\\\":{\\\"col0\\\":\\\"500\\\",\\\"col1\\\":\\\"80\\\",\\\"col2\\\":\\\"xxx\\\",\\\"col3\\\":\\\"xxx\\\",\\\"col4\\\":\\\"380\\\",\\\"col5\\\":\\\"25\\\",\\\"col6\\\":\\\"10\\\"},\\\"row7\\\":{\\\"col0\\\":\\\"560\\\",\\\"col1\\\":\\\"80\\\",\\\"col2\\\":\\\"xxx\\\",\\\"col3\\\":\\\"xxx\\\",\\\"col4\\\":\\\"380\\\",\\\"col5\\\":\\\"25\\\",\\\"col6\\\":\\\"10\\\"},\\\"row8\\\":{\\\"col0\\\":\\\"600\\\",\\\"col1\\\":\\\"80\\\",\\\"col2\\\":\\\"xxx\\\",\\\"col3\\\":\\\"xxx\\\",\\\"col4\\\":\\\"380\\\",\\\"col5\\\":\\\"25\\\",\\\"col6\\\":\\\"10\\\"},\\\"row9\\\":{\\\"col0\\\":\\\"630\\\",\\\"col1\\\":\\\"80\\\",\\\"col2\\\":\\\"xxx\\\",\\\"col3\\\":\\\"xxx\\\",\\\"col4\\\":\\\"380\\\",\\\"col5\\\":\\\"25\\\",\\\"col6\\\":\\\"10\\\"},\\\"row10\\\":{\\\"col0\\\":\\\"630\\\",\\\"col1\\\":\\\"90\\\",\\\"col2\\\":\\\"xxx\\\",\\\"col3\\\":\\\"xxx\\\",\\\"col4\\\":\\\"400\\\",\\\"col5\\\":\\\"25\\\",\\\"col6\\\":\\\"10\\\"},\\\"row11\\\":{\\\"col0\\\":\\\"710\\\",\\\"col1\\\":\\\"80\\\",\\\"col2\\\":\\\"xxx\\\",\\\"col3\\\":\\\"xxx\\\",\\\"col4\\\":\\\"375\\\",\\\"col5\\\":\\\"40\\\",\\\"col6\\\":\\\"12\\\"},\\\"row12\\\":{\\\"col0\\\":\\\"710\\\",\\\"col1\\\":\\\"90\\\",\\\"col2\\\":\\\"xxx\\\",\\\"col3\\\":\\\"xxx\\\",\\\"col4\\\":\\\"400\\\",\\\"col5\\\":\\\"40\\\",\\\"col6\\\":\\\"12\\\"}}}\",\"columns\":{\"col0\":{\"heading\":\"Fan Size\",\"width\":\"\",\"align\":\"left\"},\"col1\":{\"heading\":\"Frame\",\"width\":\"\",\"align\":\"left\"},\"col2\":{\"heading\":\"A\",\"width\":\"\",\"align\":\"left\"},\"col3\":{\"heading\":\"B\",\"width\":\"\",\"align\":\"left\"},\"col4\":{\"heading\":\"C\",\"width\":\"\",\"align\":\"left\"},\"col5\":{\"heading\":\"D\",\"width\":\"\",\"align\":\"left\"},\"col6\":{\"heading\":\"E\",\"width\":\"\",\"align\":\"left\"}},\"rows\":{\"row0\":{\"col0\":\"250\",\"col1\":\"71\",\"col2\":\"370\",\"col3\":\"370\",\"col4\":\"330\",\"col5\":\"25\",\"col6\":\"10\"},\"row1\":{\"col0\":\"300\",\"col1\":\"71\",\"col2\":\"420\",\"col3\":\"420\",\"col4\":\"330\",\"col5\":\"25\",\"col6\":\"10\"},\"row2\":{\"col0\":\"315\",\"col1\":\"71\",\"col2\":\"435\",\"col3\":\"xxx\",\"col4\":\"330\",\"col5\":\"25\",\"col6\":\"10\"},\"row3\":{\"col0\":\"350\",\"col1\":\"71\",\"col2\":\"xxx\",\"col3\":\"xxx\",\"col4\":\"330\",\"col5\":\"25\",\"col6\":\"10\"},\"row4\":{\"col0\":\"400\",\"col1\":\"71\",\"col2\":\"xxx\",\"col3\":\"xxx\",\"col4\":\"330\",\"col5\":\"25\",\"col6\":\"10\"},\"row5\":{\"col0\":\"450\",\"col1\":\"71\",\"col2\":\"xxx\",\"col3\":\"xxx\",\"col4\":\"330\",\"col5\":\"25\",\"col6\":\"10\"},\"row6\":{\"col0\":\"500\",\"col1\":\"80\",\"col2\":\"xxx\",\"col3\":\"xxx\",\"col4\":\"380\",\"col5\":\"25\",\"col6\":\"10\"},\"row7\":{\"col0\":\"560\",\"col1\":\"80\",\"col2\":\"xxx\",\"col3\":\"xxx\",\"col4\":\"380\",\"col5\":\"25\",\"col6\":\"10\"},\"row8\":{\"col0\":\"600\",\"col1\":\"80\",\"col2\":\"xxx\",\"col3\":\"xxx\",\"col4\":\"380\",\"col5\":\"25\",\"col6\":\"10\"},\"row9\":{\"col0\":\"630\",\"col1\":\"80\",\"col2\":\"xxx\",\"col3\":\"xxx\",\"col4\":\"380\",\"col5\":\"25\",\"col6\":\"10\"},\"row10\":{\"col0\":\"630\",\"col1\":\"90\",\"col2\":\"xxx\",\"col3\":\"xxx\",\"col4\":\"400\",\"col5\":\"25\",\"col6\":\"10\"},\"row11\":{\"col0\":\"710\",\"col1\":\"80\",\"col2\":\"xxx\",\"col3\":\"xxx\",\"col4\":\"375\",\"col5\":\"40\",\"col6\":\"12\"},\"row12\":{\"col0\":\"710\",\"col1\":\"90\",\"col2\":\"xxx\",\"col3\":\"xxx\",\"col4\":\"400\",\"col5\":\"40\",\"col6\":\"12\"}}}},\"50\":{\"type\":\"4\",\"fields\":{\"dataTable\":\"{\\\"columns\\\":{\\\"col0\\\":{\\\"heading\\\":\\\"Fan Size\\\",\\\"width\\\":\\\"\\\",\\\"align\\\":\\\"left\\\"},\\\"col1\\\":{\\\"heading\\\":\\\"Frame\\\",\\\"width\\\":\\\"\\\",\\\"align\\\":\\\"left\\\"},\\\"col2\\\":{\\\"heading\\\":\\\"A\\\",\\\"width\\\":\\\"\\\",\\\"align\\\":\\\"left\\\"},\\\"col3\\\":{\\\"heading\\\":\\\"B\\\",\\\"width\\\":\\\"\\\",\\\"align\\\":\\\"left\\\"},\\\"col4\\\":{\\\"heading\\\":\\\"C\\\",\\\"width\\\":\\\"\\\",\\\"align\\\":\\\"left\\\"},\\\"col5\\\":{\\\"heading\\\":\\\"D\\\",\\\"width\\\":\\\"\\\",\\\"align\\\":\\\"left\\\"},\\\"col6\\\":{\\\"heading\\\":\\\"E\\\",\\\"width\\\":\\\"\\\",\\\"align\\\":\\\"left\\\"}},\\\"rows\\\":{\\\"row0\\\":{\\\"col0\\\":\\\"xxx\\\",\\\"col1\\\":\\\"xxx\\\",\\\"col2\\\":\\\"xxx\\\",\\\"col3\\\":\\\"xxx\\\",\\\"col4\\\":\\\"xxx\\\",\\\"col5\\\":\\\"xxx\\\",\\\"col6\\\":\\\"xxx\\\"}}}\",\"columns\":{\"col0\":{\"heading\":\"Fan Size\",\"width\":\"\",\"align\":\"left\"},\"col1\":{\"heading\":\"Frame\",\"width\":\"\",\"align\":\"left\"},\"col2\":{\"heading\":\"A\",\"width\":\"\",\"align\":\"left\"},\"col3\":{\"heading\":\"B\",\"width\":\"\",\"align\":\"left\"},\"col4\":{\"heading\":\"C\",\"width\":\"\",\"align\":\"left\"},\"col5\":{\"heading\":\"D\",\"width\":\"\",\"align\":\"left\"},\"col6\":{\"heading\":\"E\",\"width\":\"\",\"align\":\"left\"}},\"rows\":{\"row0\":{\"col0\":\"xxx\",\"col1\":\"xxx\",\"col2\":\"xxx\",\"col3\":\"xxx\",\"col4\":\"xxx\",\"col5\":\"xxx\",\"col6\":\"xxx\"}}}}},\"18\":[\"53\"],\"19\":[\"55\",\"56\"],\"12\":\"Wall or roof mounting where ducting is not required.\",\"11\":\"<p>Plate Mounted Axial fan Phasellus sed sollicitudin nisl. Praesent at euismod dui. Donec hendrerit quam turpis. Curabitur sed pharetra erat, at mollis est. Maecenas vel pharetra ligula, lacinia pellentesque justo. Donec finibus augue eget justo suscipit hendrerit. Integer at nisi vitae nibh commodo condimentum vel nec mauris. Proin tempor ex et tempus fermentum.<\\/p>\",\"16\":{\"48\":{\"type\":\"3\",\"fields\":{\"fd_st_noteText\":\"1. This type of fan can be fitted beneath in LOW PROFILE or VERTICAL JET ROOF COWL as supplied by Victoria Fans.\"}}}}}', '2017-03-03 14:43:27', '2017-03-03 14:43:27', '1bd66109-307a-45c1-a822-437f1dab7a86'),
 ('73', '23', '3', '1', 'en', '2', '', '{\"typeId\":\"3\",\"authorId\":\"1\",\"title\":\"Cylindrical Bifurcated Fans\",\"slug\":\"cylindrical-bifurcated-fans\",\"postDate\":1488211740,\"expiryDate\":null,\"enabled\":1,\"parentId\":\"19\",\"fields\":{\"10\":[\"4\"],\"13\":\"\",\"21\":\"\",\"18\":\"\",\"19\":\"\",\"12\":\"\",\"11\":\"\",\"16\":\"\"}}', '2017-03-03 15:08:16', '2017-03-03 15:08:16', 'b7b84597-6ffd-493a-9fb0-67621db8d951'),
 ('75', '24', '3', '1', 'en', '4', '', '{\"typeId\":\"3\",\"authorId\":\"1\",\"title\":\"Long Cased Axial\",\"slug\":\"long-cased-axial-flow-fans\",\"postDate\":1488211740,\"expiryDate\":null,\"enabled\":1,\"parentId\":\"17\",\"fields\":{\"10\":\"\",\"13\":\"\",\"21\":\"\",\"18\":\"\",\"19\":\"\",\"12\":\"\",\"11\":\"\",\"16\":\"\"}}', '2017-03-07 14:42:48', '2017-03-07 14:42:48', 'c178cfb6-c45e-4e51-9eba-feb5b9068ec5'),
 ('76', '25', '3', '1', 'en', '2', '', '{\"typeId\":\"3\",\"authorId\":\"1\",\"title\":\"Short Cased Axial\",\"slug\":\"short-cased-axial-flow-fans\",\"postDate\":1488211800,\"expiryDate\":null,\"enabled\":1,\"parentId\":\"17\",\"fields\":{\"10\":\"\",\"13\":\"\",\"21\":\"\",\"18\":\"\",\"19\":\"\",\"12\":\"\",\"11\":\"\",\"16\":\"\"}}', '2017-03-07 14:42:58', '2017-03-07 14:42:58', 'e41bf5c2-8cda-4191-b350-208c23bb20b4'),
 ('78', '27', '3', '1', 'en', '2', '', '{\"typeId\":\"3\",\"authorId\":\"1\",\"title\":\"Roof Extract Axial\",\"slug\":\"roof-extract-axial-flow-fans\",\"postDate\":1488211800,\"expiryDate\":null,\"enabled\":1,\"parentId\":\"17\",\"fields\":{\"10\":\"\",\"13\":\"\",\"21\":\"\",\"18\":\"\",\"19\":\"\",\"12\":\"\",\"11\":\"\",\"16\":\"\"}}', '2017-03-07 14:43:08', '2017-03-07 14:43:08', '1b710344-8dcf-41ba-b665-93bf26c8b16c'),
 ('79', '28', '3', '1', 'en', '2', '', '{\"typeId\":\"3\",\"authorId\":\"1\",\"title\":\"Man Cooler Axial\",\"slug\":\"man-cooler-axial-flow-fans\",\"postDate\":1488211800,\"expiryDate\":null,\"enabled\":1,\"parentId\":\"17\",\"fields\":{\"10\":\"\",\"13\":\"\",\"21\":\"\",\"18\":\"\",\"19\":\"\",\"12\":\"\",\"11\":\"\",\"16\":\"\"}}', '2017-03-07 14:43:13', '2017-03-07 14:43:13', '892f6f49-d840-4562-b046-0cf329e9320e'),
 ('80', '22', '3', '1', 'en', '2', '', '{\"typeId\":\"3\",\"authorId\":\"1\",\"title\":\"Conical Bifurcated\",\"slug\":\"conical-bifurcated-fans\",\"postDate\":1488211740,\"expiryDate\":null,\"enabled\":1,\"parentId\":\"19\",\"fields\":{\"10\":\"\",\"13\":\"\",\"21\":\"\",\"18\":\"\",\"19\":\"\",\"12\":\"\",\"11\":\"\",\"16\":\"\"}}', '2017-03-07 14:43:20', '2017-03-07 14:43:20', '8f911a22-0290-49b4-ba15-f000837791dd'),
 ('81', '23', '3', '1', 'en', '3', '', '{\"typeId\":\"3\",\"authorId\":\"1\",\"title\":\"Cylindrical Bifurcated\",\"slug\":\"cylindrical-bifurcated-fans\",\"postDate\":1488211740,\"expiryDate\":null,\"enabled\":1,\"parentId\":\"19\",\"fields\":{\"10\":[\"4\"],\"13\":\"\",\"21\":\"\",\"18\":\"\",\"19\":\"\",\"12\":\"\",\"11\":\"\",\"16\":\"\"}}', '2017-03-07 14:43:25', '2017-03-07 14:43:25', '0facba1f-7519-48cf-8671-17e4519f7b03'),
 ('82', '30', '3', '1', 'en', '3', '', '{\"typeId\":\"3\",\"authorId\":\"1\",\"title\":\"High Pressure Centrifugal Blowers\",\"slug\":\"high-pressure-blowers\",\"postDate\":1488212220,\"expiryDate\":null,\"enabled\":1,\"parentId\":\"20\",\"fields\":{\"10\":\"\",\"13\":\"\",\"21\":\"\",\"18\":\"\",\"19\":\"\",\"12\":\"\",\"11\":\"\",\"16\":\"\"}}', '2017-03-07 14:45:57', '2017-03-07 14:45:57', 'e2c910b7-b18a-4e25-8b7d-edd732c85198'),
 ('84', '23', '3', '1', 'en', '4', '', '{\"typeId\":\"3\",\"authorId\":\"1\",\"title\":\"Cylindrical Bifurcated\",\"slug\":\"cylindrical-bifurcated-fans\",\"postDate\":1488211740,\"expiryDate\":null,\"enabled\":1,\"parentId\":\"19\",\"fields\":{\"10\":[\"4\"],\"13\":\"\",\"21\":\"\",\"18\":[\"53\"],\"19\":\"\",\"12\":\"\",\"11\":\"<p>Curabitur magna sapien, consectetur eget nulla tincidunt, euismod ultrices mi. Praesent id venenatis felis, at accumsan elit. Vivamus bibendum ullamcorper arcu ut efficitur.<\\/p>\",\"16\":\"\"}}', '2017-03-07 16:40:34', '2017-03-07 16:40:34', 'c2f3d168-2dec-49f5-9e2f-13004479e80a'),
 ('85', '34', '3', '1', 'en', '2', '', '{\"typeId\":\"3\",\"authorId\":\"1\",\"title\":\"Backward Curved Centrifugal Fans\",\"slug\":\"backward-curved-centrifugal-fans\",\"postDate\":1488212280,\"expiryDate\":null,\"enabled\":1,\"parentId\":\"20\",\"fields\":{\"10\":\"\",\"13\":\"\",\"21\":\"\",\"18\":[\"54\"],\"19\":\"\",\"12\":\"\",\"11\":\"<p>urabitur sit amet auctor risus. Donec lobortis bibendum tortor, sit amet aliquam metus consequat sed. Donec pretium faucibus dignissim. Vivamus lectus magna, blandit a dui at, porta dapibus risus.<\\/p>\",\"16\":\"\"}}', '2017-03-07 17:18:55', '2017-03-07 17:18:55', 'f3fa40d7-8c29-4076-99d0-cf482516acb7'),
 ('86', '34', '3', '1', 'en', '3', '', '{\"typeId\":\"3\",\"authorId\":\"1\",\"title\":\"Backward Curved Centrifugal Fans\",\"slug\":\"backward-curved-centrifugal-fans\",\"postDate\":1488212280,\"expiryDate\":null,\"enabled\":1,\"parentId\":\"20\",\"fields\":{\"10\":[\"4\"],\"13\":\"\",\"21\":\"\",\"18\":[\"54\"],\"19\":\"\",\"12\":\"\",\"11\":\"<p>urabitur sit amet auctor risus. Donec lobortis bibendum tortor, sit amet aliquam metus consequat sed. Donec pretium faucibus dignissim. Vivamus lectus magna, blandit a dui at, porta dapibus risus.<\\/p>\",\"16\":\"\"}}', '2017-03-07 17:19:18', '2017-03-07 17:19:18', '58a2d0be-1ac4-4bdb-8439-5e875e4b457b'),
 ('88', '62', '6', '1', 'en', '1', NULL, '{\"typeId\":\"7\",\"authorId\":null,\"title\":\"Company Background\",\"slug\":\"company-background\",\"postDate\":1489068331,\"expiryDate\":null,\"enabled\":1,\"parentId\":null,\"fields\":[]}', '2017-03-09 14:05:31', '2017-03-09 14:05:31', '842f3054-4502-4451-ae73-17d85b83c57a'),
 ('89', '62', '6', '1', 'en', '2', '', '{\"typeId\":null,\"authorId\":null,\"title\":\"Company Background\",\"slug\":\"company-background\",\"postDate\":1489068331,\"expiryDate\":null,\"enabled\":1,\"parentId\":null,\"fields\":{\"32\":\"\",\"29\":\"<p>Since 1984, Victoria Fans Ltd have produced approximately 40,000 fans of all types for projects in both the UK and abroad. We are well respected in the trade and regularly product fans for other fan suppliers.<\\/p>\\r\\n<p>In the UK Victoria fans are sold directly to the \\u2018trade\\u2019 through a network of professional Fans & Heating & Ventilation distributors carefully selected to know both our products and the local area in which the enquirer trades.<\\/p><p>In other parts of the world there is a Victoria Fans agent with considerable expertise and long association with strategic partners in Europe, the Middle East & Far East.<\\/p>\\r\\n<p>Victoria Fans are happy to make dimensional and performance modification to their range of products and can fabricated exact copies of obsolete equipment. We also welcome the opportunity to discuss new or different fan applications with original equipment manufacturers, Consultants or H & V Engineers.<\\/p>\",\"28\":\"<p>Since 1984, Victoria Fans Ltd have produced approximately 40,000 fans of all types for projects in both the UK and abroad. We are well respected in the trade and regularly product fans for other fan suppliers.<\\/p>\",\"27\":\"More about us\",\"31\":\"<p>We produce fans of high quality and can provide Certificates of Conformity and Test Certificates when requested. Fan performance to BS848 and AMCA 210 and ATEX for Explosion proof fans<\\/p>\\r\\n<p>CE Certificates are supplied as appropriate and O & M instructions are available for all the type of fans we supply.<\\/p><p>We are members of The Federation of Environmental Trade Associations Ltd (FETA) and the Fan Manufacturers Association (FMA).<br><\\/p>\",\"30\":\"STANDARDS AND CERTIFICATION\",\"26\":\"Victoria Fans are proud suppliers to over 1000 organisations across 30 Countries\"}}', '2017-03-09 14:14:34', '2017-03-09 14:14:34', 'c687ff6e-3804-42a0-afdf-a8d22e5e8f30'),
 ('90', '17', '3', '1', 'en', '8', '', '{\"typeId\":\"4\",\"authorId\":\"1\",\"title\":\"Axial Flow Fans\",\"slug\":\"axial-flow-fans\",\"postDate\":1488211320,\"expiryDate\":null,\"enabled\":1,\"parentId\":\"\",\"fields\":{\"3\":\"<p>Lorem ipsum dolor sit amet, consectetur adipiscing elit. Nullam at lectus ipsum. Nam vehicula felis a mi commodo, id lacinia nisi ultricies. Nunc ut libero sit amet diam scelerisque gravida.<\\/p>\",\"4\":{\"36\":{\"type\":\"1\",\"fields\":{\"fd_St_Header\":\"Arrangement\",\"fd_st_text\":\"<p>Direct driven Single or Multi stage fans suitable for vertical or horizontal mounting.\\r\\n  <\\/p>\"}},\"37\":{\"type\":\"1\",\"fields\":{\"fd_St_Header\":\"Staging Of Axial Flow Fans\",\"fd_st_text\":\"<p>By running two Long Cased Fans in series with contra-rotating impellers, it is possible to achieve up to three times the pressure of a single stage fan of equal diameter and speed.\\r\\n  <\\/p>\"}},\"38\":{\"type\":\"1\",\"fields\":{\"fd_St_Header\":\"Long Cased Type\",\"fd_st_text\":\"<p>In this instance the casing covers the entire length of the motor and impeller and an inspection door is provided.&nbsp; Essentially for duct mounting where flanges are bolted back and front.\\r\\n  <\\/p>\"}},\"41\":{\"type\":\"1\",\"fields\":{\"fd_St_Header\":\"Short Cased Type\",\"fd_st_text\":\"<p>The casing covers the impeller track and a portion of the motor projects beyond the end of the flange. Best installed at the end of a duct or on Air Conditioning equipment.\\r\\n  <\\/p>\"}},\"42\":{\"type\":\"1\",\"fields\":{\"fd_St_Header\":\"Motors\",\"fd_st_text\":\"<p>In most instances foot mounted TEFC IEC 600034-1.&nbsp; Electric motors are fitted with metric dimensions.&nbsp;&nbsp; The motors are selected to cover the \\u2018peak\\u2019 power absorbed for fan blade pitch angle and speed.&nbsp; Most standard motors have Class \\u2018F\\u2019 insulation and are suitable for operating at temperatures of up to 50\\u00b0C (122\\u00b0F). Higher temperatures available if required.\\r\\n  <\\/p>\\r\\n<p>The standard voltages are 220, 230\\/380, 380, 240\\/215 and 460.&nbsp; Motors can be wound for any voltage and frequency and also for dual voltage.&nbsp; The use of standard foot mounted motors of this type guarantees inter-changeability in most countries of the world with machines of similar speed\\/kw. INVERTER CONTROLLED, FLAMEPROOF, SINGLE PHASE, 2 SPEED AND COMPANY SPECIFICATION MOTORS CAN ALWAYS BE OBTAINED.\\r\\n  <\\/p>\"}},\"43\":{\"type\":\"1\",\"fields\":{\"fd_St_Header\":\"Standard Impellers 250-1250mm Dia\",\"fd_st_text\":\"<p>Impellers have aerofoil section polypropylene blades fitted into a die-cast aluminium hub.&nbsp; Five different blade angles are available and each blade is individually replaceable in the event of breakage.&nbsp; Aluminium blades are also available in selected angles.\\r\\n  <\\/p>\"}},\"44\":{\"type\":\"1\",\"fields\":{\"fd_St_Header\":\"Special Impellers 250-2000mm Dia\",\"fd_st_text\":\"<p>Suspendisse tellus purus, semper vitae leo in, congue euismod lorem. Vivamus ut metus mollis, lobortis augue vel, pharetra ipsum. Vivamus id vulputate urna. Vestibulum ultricies maximus purus tempus convallis. Praesent justo est, aliquam sed pretium non, bibendum ut massa. Lorem ipsum dolor sit amet, consectetur adipiscing elit.<\\/p>\"}},\"new1\":{\"type\":\"1\",\"fields\":{\"fd_St_Header\":\"Fractional Solidity Impellers\",\"fd_st_text\":\"<p>All sizes of impellers can supplied with varying number of blades to suit the application.&nbsp; This has the effect of reducing the static capability of the fan whilst retaining a high efficiency.<\\/p>\"}}},\"25\":[\"59\"],\"7\":\"All Long and Short cased fans can be supplied with 304 or 316 Stainless Steel Casings\"}}', '2017-03-23 15:46:37', '2017-03-23 15:46:37', 'e4158a39-7d69-478d-8abd-d90b1b9a949c'),
 ('91', '17', '3', '1', 'en', '9', '', '{\"typeId\":\"4\",\"authorId\":\"1\",\"title\":\"Axial Flow Fans\",\"slug\":\"axial-flow-fans\",\"postDate\":1488211320,\"expiryDate\":null,\"enabled\":1,\"parentId\":\"\",\"fields\":{\"3\":\"<p>Lorem ipsum dolor sit amet, consectetur adipiscing elit. Nullam at lectus ipsum. Nam vehicula felis a mi commodo, id lacinia nisi ultricies. Nunc ut libero sit amet diam scelerisque gravida.<\\/p>\",\"4\":{\"36\":{\"type\":\"1\",\"fields\":{\"fd_St_Header\":\"Arrangement\",\"fd_st_text\":\"<p>Direct driven Single or Multi stage fans suitable for vertical or horizontal mounting.\\r\\n  <\\/p>\"}},\"37\":{\"type\":\"1\",\"fields\":{\"fd_St_Header\":\"Staging Of Axial Flow Fans\",\"fd_st_text\":\"<p>By running two Long Cased Fans in series with contra-rotating impellers, it is possible to achieve up to three times the pressure of a single stage fan of equal diameter and speed.\\r\\n  <\\/p>\"}},\"38\":{\"type\":\"1\",\"fields\":{\"fd_St_Header\":\"Long Cased Type\",\"fd_st_text\":\"<p>In this instance the casing covers the entire length of the motor and impeller and an inspection door is provided.&nbsp; Essentially for duct mounting where flanges are bolted back and front.\\r\\n  <\\/p>\"}},\"41\":{\"type\":\"1\",\"fields\":{\"fd_St_Header\":\"Short Cased Type\",\"fd_st_text\":\"<p>The casing covers the impeller track and a portion of the motor projects beyond the end of the flange. Best installed at the end of a duct or on Air Conditioning equipment.\\r\\n  <\\/p>\"}},\"42\":{\"type\":\"1\",\"fields\":{\"fd_St_Header\":\"Motors\",\"fd_st_text\":\"<p>In most instances foot mounted TEFC IEC 600034-1.&nbsp; Electric motors are fitted with metric dimensions.&nbsp;&nbsp; The motors are selected to cover the \\u2018peak\\u2019 power absorbed for fan blade pitch angle and speed.&nbsp; Most standard motors have Class \\u2018F\\u2019 insulation and are suitable for operating at temperatures of up to 50\\u00b0C (122\\u00b0F). Higher temperatures available if required.\\r\\n  <\\/p>\\r\\n<p>The standard voltages are 220, 230\\/380, 380, 240\\/215 and 460.&nbsp; Motors can be wound for any voltage and frequency and also for dual voltage.&nbsp; The use of standard foot mounted motors of this type guarantees inter-changeability in most countries of the world with machines of similar speed\\/kw. INVERTER CONTROLLED, FLAMEPROOF, SINGLE PHASE, 2 SPEED AND COMPANY SPECIFICATION MOTORS CAN ALWAYS BE OBTAINED.\\r\\n  <\\/p>\"}},\"43\":{\"type\":\"1\",\"fields\":{\"fd_St_Header\":\"Standard Impellers 250-1250mm Dia\",\"fd_st_text\":\"<p>Impellers have aerofoil section polypropylene blades fitted into a die-cast aluminium hub.&nbsp; Five different blade angles are available and each blade is individually replaceable in the event of breakage.&nbsp; Aluminium blades are also available in selected angles.\\r\\n  <\\/p>\"}},\"44\":{\"type\":\"1\",\"fields\":{\"fd_St_Header\":\"Special Impellers 250-2000mm Dia\",\"fd_st_text\":\"<p>Suspendisse tellus purus, semper vitae leo in, congue euismod lorem. Vivamus ut metus mollis, lobortis augue vel, pharetra ipsum. Vivamus id vulputate urna. Vestibulum ultricies maximus purus tempus convallis. Praesent justo est, aliquam sed pretium non, bibendum ut massa. Lorem ipsum dolor sit amet, consectetur adipiscing elit.<\\/p>\"}},\"63\":{\"type\":\"1\",\"fields\":{\"fd_St_Header\":\"Fractional Solidity Impellers\",\"fd_st_text\":\"<p>All sizes of impellers can supplied with varying number of blades to suit the application.&nbsp; This has the effect of reducing the static capability of the fan whilst retaining a high efficiency.<\\/p>\"}},\"new1\":{\"type\":\"1\",\"fields\":{\"fd_St_Header\":\"Example of Coding\",\"fd_st_text\":\"<p>A typical example of coding is 630\\/9\\/35 indicating :\\r\\n  <\\/p>\\r\\n<ul><li>630 diameter in mm<\\/li><li>9 number of blades<\\/li><li>35 blade angle in degrees<\\/li><\\/ul>\\r\\n\"}},\"new2\":{\"type\":\"1\",\"fields\":{\"fd_St_Header\":\"Extra Features Available\",\"fd_st_text\":\"<p>Mounting feet, flexible connections, AV Mountings, Mating Flanges, Inlet Cones, Guards, Back-draught shutters, Special Paint.&nbsp; Finishes: External Terminal Box.<\\/p>\"}},\"new3\":{\"type\":\"1\",\"fields\":{\"fd_St_Header\":\"Finish\",\"fd_st_text\":\"<ul><li>Standard Fans: Galvanised<\\/li><li>Optional Finishes: Epoxy Resin, Metal Spraying<\\/li><\\/ul>\"}}},\"25\":[\"59\"],\"7\":\"All Long and Short cased fans can be supplied with 304 or 316 Stainless Steel Casings\"}}', '2017-03-23 15:50:37', '2017-03-23 15:50:37', '84b3099f-449c-487a-8d56-123806b56de1'),
 ('92', '17', '3', '1', 'en', '10', '', '{\"typeId\":\"4\",\"authorId\":\"1\",\"title\":\"Axial Flow Fans\",\"slug\":\"axial-flow-fans\",\"postDate\":1488211320,\"expiryDate\":null,\"enabled\":1,\"parentId\":\"\",\"fields\":{\"3\":\"<p>Lorem ipsum dolor sit amet, consectetur adipiscing elit. Nullam at lectus ipsum. Nam vehicula felis a mi commodo, id lacinia nisi ultricies. Nunc ut libero sit amet diam scelerisque gravida.<\\/p>\",\"4\":{\"36\":{\"type\":\"1\",\"fields\":{\"fd_St_Header\":\"Arrangement\",\"fd_st_text\":\"<p>Direct driven Single or Multi stage fans suitable for vertical or horizontal mounting.\\r\\n  <\\/p>\"}},\"37\":{\"type\":\"1\",\"fields\":{\"fd_St_Header\":\"Staging Of Axial Flow Fans\",\"fd_st_text\":\"<p>By running two Long Cased Fans in series with contra-rotating impellers, it is possible to achieve up to three times the pressure of a single stage fan of equal diameter and speed.\\r\\n  <\\/p>\"}},\"38\":{\"type\":\"1\",\"fields\":{\"fd_St_Header\":\"Long Cased Type\",\"fd_st_text\":\"<p>In this instance the casing covers the entire length of the motor and impeller and an inspection door is provided.&nbsp; Essentially for duct mounting where flanges are bolted back and front.\\r\\n  <\\/p>\"}},\"41\":{\"type\":\"1\",\"fields\":{\"fd_St_Header\":\"Short Cased Type\",\"fd_st_text\":\"<p>The casing covers the impeller track and a portion of the motor projects beyond the end of the flange. Best installed at the end of a duct or on Air Conditioning equipment.\\r\\n  <\\/p>\"}},\"42\":{\"type\":\"1\",\"fields\":{\"fd_St_Header\":\"Motors\",\"fd_st_text\":\"<p>In most instances foot mounted TEFC IEC 600034-1.&nbsp; Electric motors are fitted with metric dimensions.&nbsp;&nbsp; The motors are selected to cover the \\u2018peak\\u2019 power absorbed for fan blade pitch angle and speed.&nbsp; Most standard motors have Class \\u2018F\\u2019 insulation and are suitable for operating at temperatures of up to 50\\u00b0C (122\\u00b0F). Higher temperatures available if required.\\r\\n  <\\/p>\\r\\n<p>The standard voltages are 220, 230\\/380, 380, 240\\/215 and 460.&nbsp; Motors can be wound for any voltage and frequency and also for dual voltage.&nbsp; The use of standard foot mounted motors of this type guarantees inter-changeability in most countries of the world with machines of similar speed\\/kw. INVERTER CONTROLLED, FLAMEPROOF, SINGLE PHASE, 2 SPEED AND COMPANY SPECIFICATION MOTORS CAN ALWAYS BE OBTAINED.\\r\\n  <\\/p>\"}},\"43\":{\"type\":\"1\",\"fields\":{\"fd_St_Header\":\"Standard Impellers 250-1250mm Dia\",\"fd_st_text\":\"<p>Impellers have aerofoil section polypropylene blades fitted into a die-cast aluminium hub.&nbsp; Five different blade angles are available and each blade is individually replaceable in the event of breakage.&nbsp; Aluminium blades are also available in selected angles.\\r\\n  <\\/p>\"}},\"44\":{\"type\":\"1\",\"fields\":{\"fd_St_Header\":\"Special Impellers 250-2000mm Dia\",\"fd_st_text\":\"<p>Impellers have aerofoil variable pitch aluminium blades fixed into a die-cast aluminium hub.\\r\\n  <\\/p>\"}},\"63\":{\"type\":\"1\",\"fields\":{\"fd_St_Header\":\"Fractional Solidity Impellers\",\"fd_st_text\":\"<p>All sizes of impellers can supplied with varying number of blades to suit the application.&nbsp; This has the effect of reducing the static capability of the fan whilst retaining a high efficiency.<\\/p>\"}},\"64\":{\"type\":\"1\",\"fields\":{\"fd_St_Header\":\"Example of Coding\",\"fd_st_text\":\"<p>A typical example of coding is 630\\/9\\/35 indicating :\\r\\n  <\\/p>\\r\\n<ul><li>630 diameter in mm<\\/li><li>9 number of blades<\\/li><li>35 blade angle in degrees<\\/li><\\/ul>\"}},\"65\":{\"type\":\"1\",\"fields\":{\"fd_St_Header\":\"Extra Features Available\",\"fd_st_text\":\"<p>Mounting feet, flexible connections, AV Mountings, Mating Flanges, Inlet Cones, Guards, Back-draught shutters, Special Paint.&nbsp; Finishes: External Terminal Box.<\\/p>\"}},\"66\":{\"type\":\"1\",\"fields\":{\"fd_St_Header\":\"Finish\",\"fd_st_text\":\"<ul><li>Standard Fans: Galvanised<\\/li><li>Optional Finishes: Epoxy Resin, Metal Spraying<\\/li><\\/ul>\"}}},\"25\":[\"59\"],\"7\":\"All Long and Short cased fans can be supplied with 304 or 316 Stainless Steel Casings\"}}', '2017-03-23 15:51:14', '2017-03-23 15:51:14', '2f05cbd4-bd4f-4d11-b50a-b2a19aa06113'),
 ('93', '19', '3', '1', 'en', '6', '', '{\"typeId\":\"4\",\"authorId\":\"1\",\"title\":\"Bifurcated Fans\",\"slug\":\"bifurcated-fans\",\"postDate\":1488211620,\"expiryDate\":null,\"enabled\":1,\"parentId\":\"\",\"fields\":{\"3\":\"<p>Aliquam a tortor et nibh interdum egestas. Proin orci erat, mattis a tincidunt nec, efficitur id neque. Suspendisse scelerisque semper vestibulum.<\\/p>\",\"4\":{\"new1\":{\"type\":\"1\",\"fields\":{\"fd_St_Header\":\"Uses\",\"fd_st_text\":\"<p>For exhausting hot gasses, paint fumes (excluding, cellulose), steam, smoke and dust laden air, available in diameters 250-1250mm.<\\/p>\"}},\"new2\":{\"type\":\"1\",\"fields\":{\"fd_St_Header\":\"Fan Type NT\",\"fd_st_text\":\"<p>Normal Temperature \\u2013 upto 80\\u00b0C (176\\u00b0F).&nbsp;&nbsp; Constructed in mild steel with a polypropylene impeller and Class F insulation motor.&nbsp;&nbsp; Special corrosion- resistant finishes available. &nbsp;Standard finish - Galvanised.<\\/p>\"}},\"new3\":{\"type\":\"1\",\"fields\":{\"fd_St_Header\":\"Fan Type HT\",\"fd_st_text\":\"<p>High Temperature&nbsp; - upto 200\\u00b0C (392\\u00b0F).&nbsp; Constructed in mild steel with an aluminium impeller and Class F insulation motor.&nbsp; Special corrosion- resistant finishes available. Standard finish&nbsp; - galvanised.<\\/p>\"}},\"new4\":{\"type\":\"1\",\"fields\":{\"fd_St_Header\":\"Motors\",\"fd_st_text\":\"<p>Standard three or single phase motors can be fitted along with ATEX ZONE 1 or 2 and company specification units when required.<\\/p>\"}},\"new5\":{\"type\":\"1\",\"fields\":{\"fd_St_Header\":\"Plastic Fans\",\"fd_st_text\":\"<p>This range of fans can also be constructed from rigid PVC sheet reinforced with fibreglass and suitable for a wide fans of uses in the chemical industry and in the extraction of acid fumes from industrial processes.&nbsp; Dimensions and performance data as for normal Bifurcated fans.\\r\\n  <\\/p>\\r\\n<p>For exhausting hot gasses, chemical vapours, steam and moisture laden air, available in diameters 250-1000mm.&nbsp; Max temp 60\\u00b0C<\\/p>\"}},\"new6\":{\"type\":\"1\",\"fields\":{\"fd_St_Header\":\"Stainless Steel Fan Type 304\",\"fd_st_text\":\"<p>Ideal for use in the catering industry for air temperature upto 80\\u00b0C (176\\u00b0F).&nbsp; For exhausting warm air and steam.&nbsp; Constructed throughout in stainless steel with a polypropylene impeller and Class \\u2018F\\u2019 standard motor with a stainless steel extended shaft.<\\/p>\"}},\"new7\":{\"type\":\"1\",\"fields\":{\"fd_St_Header\":\"Stainless Steel Fan Type 316\",\"fd_st_text\":\"<p>Uses mainly in the chemical and allied trades.&nbsp; Suitable for most acid vapours upto 80\\u00b0C (176\\u00b0F).&nbsp; Constructed throughout in stainless steel with a polypropylene impeller and Class F standard motor with a stainless steel extended shaft.<\\/p>\"}},\"new8\":{\"type\":\"1\",\"fields\":{\"fd_St_Header\":\"Extra Features Available\",\"fd_st_text\":\"<ul><li>Mounting feet<\\/li><li>flexible connections<\\/li><li>AV Mountings<\\/li><li>Mating Flanges<\\/li><li>Inlet Cones<\\/li><li>Guards<\\/li><li>Back-draught shutters<\\/li><li>Special Paint finishes<\\/li><\\/ul>\"}},\"new9\":{\"type\":\"1\",\"fields\":{\"fd_St_Header\":\"Finish\",\"fd_st_text\":\"<ul><li><strong>Standard Fans:<\\/strong> Galvanised<\\/li><li><strong>Optional Finishes:<\\/strong> Epoxy Resin, Metal Spraying<\\/li><\\/ul>\"}}},\"25\":[\"60\"],\"7\":\"For the foodstuffs and chemical industries these fans can be constructed from stainless steel of aluminium at competitive cost.\"}}', '2017-03-23 16:22:43', '2017-03-23 16:22:43', 'cd1aae24-2a1c-425d-a4df-bed58d56dcb2'),
 ('94', '20', '3', '1', 'en', '6', '', '{\"typeId\":\"4\",\"authorId\":\"1\",\"title\":\"Centrifugal Fans\",\"slug\":\"centrifugal-fans\",\"postDate\":1488211680,\"expiryDate\":null,\"enabled\":1,\"parentId\":\"\",\"fields\":{\"3\":\"<p>Praesent non elit nec sem interdum suscipit quis imperdiet felis. Praesent nulla ligula, consectetur sit amet tortor commodo, tristique viverra ex. Pellentesque laoreet erat sit amet sagittis tempor.<\\/p>\",\"4\":{\"new1\":{\"type\":\"1\",\"fields\":{\"fd_St_Header\":\"Applications\",\"fd_st_text\":\"<p>Engineers must consider the use of Centrifugal Fans instead of Axial fans for some of the following reasons:<\\/p>\\r\\n<ol><ol><li>High Temperature<\\/li><li>Low Noise Levels<\\/li><li>Dust & Fume Extract<\\/li><li>High Static Watergauge<\\/li><\\/ol><\\/ol>\\r\\n\"}},\"new2\":{\"type\":\"1\",\"fields\":{\"fd_St_Header\":\"Types of Centrifugal Fans\",\"fd_st_text\":\"<p>There are different types of Centrifugal Fans covering air volumes from 85 to 100,000m\\u00b3\\/hr and from 25 to 15,000 PA.&nbsp; Each application requires a fan with different characteristics, whether it be the blade design, the width of the casing or even the method of drive.&nbsp; By way of a guide as to which is the best fan for certain projects, we list below information that might assist the potential user.<\\/p><ul><li><b>PADDLE BLADE FANS:&nbsp;<\\/b>This type of fan is used for the conveying of dust, wood and paper refuse, cotton fly etc.&nbsp; Since the blade design prevents \\u2018build up\\u2019 of waste materials, discharge velocities vary dependent upon what is being conveyed in the air stream.&nbsp; Normally in the region of 7-20 mtrs\\/sec.<\\/li><li><b>MULTIVANE OR FORWARD CURVED FANS:&nbsp;<\\/b>Used for general ventilation purposes \\u2013 not good for dust etc.&nbsp; Limited pressure characteristics.&nbsp; Normal discharge velocities 5-13 mts\\/sec<\\/li><li><b>BACKWARD CURVED OR BACKWARD SLOPING FANS:&nbsp;<\\/b>Non overloading power characteristics suitable for very light dust applications (eg clean side of dust collector) where a good efficiency is required.&nbsp; Used for high pressure ventilation systems or where the system resistance could fluctuate.&nbsp; Normal velocities 9-16 mts\\/sec<\\/li><li><b>AEROFOIL FANS:&nbsp;<\\/b>The most efficient of all centrifugals fans, ideally suited to general ventilation projects where there is no possibility of dust contamination.&nbsp; Recommend for high pressure ventilation systems or where the system resistance could fluctuate.&nbsp; Normal discharge velocities 7-15 mts\\/sec.<\\/li><li><b>HIGH PRESSURE BLOWERS:&nbsp;<\\/b>As their name suggests, these fans are applied where the requirement is for high velocities, eg Air Curtains, refuse conveying etc&nbsp; Normal discharge velocities 15-30 mts\\/sec.<\\/li><\\/ul>\\r\\n<p><span><\\/span><\\/p>\"}}},\"25\":[\"59\"],\"7\":\"Since forward curved and paddle blade fans have overloading power characteristics it is important that the static selection pressure is achieved.  Any reduction in the requirements could easily overload the motor.\"}}', '2017-03-23 16:28:11', '2017-03-23 16:28:11', 'ac0444d7-8343-4807-91e2-f942497c8aa1'),
 ('95', '22', '3', '1', 'en', '3', '', '{\"typeId\":\"3\",\"authorId\":\"1\",\"title\":\"Conical Bifurcated\",\"slug\":\"conical-bifurcated-fans\",\"postDate\":1488211740,\"expiryDate\":null,\"enabled\":1,\"parentId\":\"19\",\"fields\":{\"10\":[\"4\",\"5\",\"6\"],\"13\":\"\",\"21\":\"\",\"18\":\"\",\"19\":\"\",\"12\":\"\",\"11\":\"\",\"16\":\"\"}}', '2017-03-23 16:41:02', '2017-03-23 16:41:02', '350acbd5-ed87-4be1-9872-5617167fef9d'),
 ('96', '23', '3', '1', 'en', '5', '', '{\"typeId\":\"3\",\"authorId\":\"1\",\"title\":\"Cylindrical Bifurcated\",\"slug\":\"cylindrical-bifurcated-fans\",\"postDate\":1488211740,\"expiryDate\":null,\"enabled\":1,\"parentId\":\"19\",\"fields\":{\"10\":[\"4\",\"5\",\"6\"],\"13\":\"\",\"21\":\"\",\"18\":[\"53\"],\"19\":\"\",\"12\":\"\",\"11\":\"<p>Curabitur magna sapien, consectetur eget nulla tincidunt, euismod ultrices mi. Praesent id venenatis felis, at accumsan elit. Vivamus bibendum ullamcorper arcu ut efficitur.<\\/p>\",\"16\":\"\"}}', '2017-03-23 16:41:47', '2017-03-23 16:41:47', 'f4f68624-d3f0-45dd-a37e-5fd5aa8ee881'),
 ('97', '18', '3', '1', 'en', '21', '', '{\"typeId\":\"3\",\"authorId\":\"1\",\"title\":\"Plate Mounted Axial\",\"slug\":\"plate-mounted-axial-flow-fan\",\"postDate\":1488211380,\"expiryDate\":null,\"enabled\":1,\"parentId\":\"17\",\"fields\":{\"34\":[\"4\",\"6\"],\"13\":{\"45\":{\"type\":\"2\",\"fields\":{\"fd_st_component_name\":\"Mounting Plate\",\"fd_st_componentText\":\"Fabricated in Steel and finished in Epoxy resin. 304 or 316 Stainless Steel available if required.\\u200b\"}},\"46\":{\"type\":\"2\",\"fields\":{\"fd_st_component_name\":\"Impellers\",\"fd_st_componentText\":\"Aluminium Hub with polypropylene blades. Anti-Static or Aluminium blades available if required\"}},\"47\":{\"type\":\"2\",\"fields\":{\"fd_st_component_name\":\"Motors\",\"fd_st_componentText\":\"Single or 3 phase Class F IP55 as standard with 2 speed, Zone 1 or Zone 2 as optional extras\"}}},\"21\":{\"49\":{\"type\":\"4\",\"fields\":{\"dataTable\":\"{\\\"columns\\\":{\\\"col0\\\":{\\\"heading\\\":\\\"Fan Size\\\",\\\"width\\\":\\\"\\\",\\\"align\\\":\\\"left\\\"},\\\"col1\\\":{\\\"heading\\\":\\\"Frame\\\",\\\"width\\\":\\\"\\\",\\\"align\\\":\\\"left\\\"},\\\"col2\\\":{\\\"heading\\\":\\\"A\\\",\\\"width\\\":\\\"\\\",\\\"align\\\":\\\"left\\\"},\\\"col3\\\":{\\\"heading\\\":\\\"B\\\",\\\"width\\\":\\\"\\\",\\\"align\\\":\\\"left\\\"},\\\"col4\\\":{\\\"heading\\\":\\\"C\\\",\\\"width\\\":\\\"\\\",\\\"align\\\":\\\"left\\\"},\\\"col5\\\":{\\\"heading\\\":\\\"D\\\",\\\"width\\\":\\\"\\\",\\\"align\\\":\\\"left\\\"},\\\"col6\\\":{\\\"heading\\\":\\\"E\\\",\\\"width\\\":\\\"\\\",\\\"align\\\":\\\"left\\\"}},\\\"rows\\\":{\\\"row0\\\":{\\\"col0\\\":\\\"250\\\",\\\"col1\\\":\\\"71\\\",\\\"col2\\\":\\\"370\\\",\\\"col3\\\":\\\"370\\\",\\\"col4\\\":\\\"330\\\",\\\"col5\\\":\\\"25\\\",\\\"col6\\\":\\\"10\\\"},\\\"row1\\\":{\\\"col0\\\":\\\"300\\\",\\\"col1\\\":\\\"71\\\",\\\"col2\\\":\\\"420\\\",\\\"col3\\\":\\\"420\\\",\\\"col4\\\":\\\"330\\\",\\\"col5\\\":\\\"25\\\",\\\"col6\\\":\\\"10\\\"},\\\"row2\\\":{\\\"col0\\\":\\\"315\\\",\\\"col1\\\":\\\"71\\\",\\\"col2\\\":\\\"435\\\",\\\"col3\\\":\\\"xxx\\\",\\\"col4\\\":\\\"330\\\",\\\"col5\\\":\\\"25\\\",\\\"col6\\\":\\\"10\\\"},\\\"row3\\\":{\\\"col0\\\":\\\"350\\\",\\\"col1\\\":\\\"71\\\",\\\"col2\\\":\\\"xxx\\\",\\\"col3\\\":\\\"xxx\\\",\\\"col4\\\":\\\"330\\\",\\\"col5\\\":\\\"25\\\",\\\"col6\\\":\\\"10\\\"},\\\"row4\\\":{\\\"col0\\\":\\\"400\\\",\\\"col1\\\":\\\"71\\\",\\\"col2\\\":\\\"xxx\\\",\\\"col3\\\":\\\"xxx\\\",\\\"col4\\\":\\\"330\\\",\\\"col5\\\":\\\"25\\\",\\\"col6\\\":\\\"10\\\"},\\\"row5\\\":{\\\"col0\\\":\\\"450\\\",\\\"col1\\\":\\\"71\\\",\\\"col2\\\":\\\"xxx\\\",\\\"col3\\\":\\\"xxx\\\",\\\"col4\\\":\\\"330\\\",\\\"col5\\\":\\\"25\\\",\\\"col6\\\":\\\"10\\\"},\\\"row6\\\":{\\\"col0\\\":\\\"500\\\",\\\"col1\\\":\\\"80\\\",\\\"col2\\\":\\\"xxx\\\",\\\"col3\\\":\\\"xxx\\\",\\\"col4\\\":\\\"380\\\",\\\"col5\\\":\\\"25\\\",\\\"col6\\\":\\\"10\\\"},\\\"row7\\\":{\\\"col0\\\":\\\"560\\\",\\\"col1\\\":\\\"80\\\",\\\"col2\\\":\\\"xxx\\\",\\\"col3\\\":\\\"xxx\\\",\\\"col4\\\":\\\"380\\\",\\\"col5\\\":\\\"25\\\",\\\"col6\\\":\\\"10\\\"},\\\"row8\\\":{\\\"col0\\\":\\\"600\\\",\\\"col1\\\":\\\"80\\\",\\\"col2\\\":\\\"xxx\\\",\\\"col3\\\":\\\"xxx\\\",\\\"col4\\\":\\\"380\\\",\\\"col5\\\":\\\"25\\\",\\\"col6\\\":\\\"10\\\"},\\\"row9\\\":{\\\"col0\\\":\\\"630\\\",\\\"col1\\\":\\\"80\\\",\\\"col2\\\":\\\"xxx\\\",\\\"col3\\\":\\\"xxx\\\",\\\"col4\\\":\\\"380\\\",\\\"col5\\\":\\\"25\\\",\\\"col6\\\":\\\"10\\\"},\\\"row10\\\":{\\\"col0\\\":\\\"630\\\",\\\"col1\\\":\\\"90\\\",\\\"col2\\\":\\\"xxx\\\",\\\"col3\\\":\\\"xxx\\\",\\\"col4\\\":\\\"400\\\",\\\"col5\\\":\\\"25\\\",\\\"col6\\\":\\\"10\\\"},\\\"row11\\\":{\\\"col0\\\":\\\"710\\\",\\\"col1\\\":\\\"80\\\",\\\"col2\\\":\\\"xxx\\\",\\\"col3\\\":\\\"xxx\\\",\\\"col4\\\":\\\"375\\\",\\\"col5\\\":\\\"40\\\",\\\"col6\\\":\\\"12\\\"},\\\"row12\\\":{\\\"col0\\\":\\\"710\\\",\\\"col1\\\":\\\"90\\\",\\\"col2\\\":\\\"xxx\\\",\\\"col3\\\":\\\"xxx\\\",\\\"col4\\\":\\\"400\\\",\\\"col5\\\":\\\"40\\\",\\\"col6\\\":\\\"12\\\"}}}\",\"columns\":{\"col0\":{\"heading\":\"Fan Size\",\"width\":\"\",\"align\":\"left\"},\"col1\":{\"heading\":\"Frame\",\"width\":\"\",\"align\":\"left\"},\"col2\":{\"heading\":\"A\",\"width\":\"\",\"align\":\"left\"},\"col3\":{\"heading\":\"B\",\"width\":\"\",\"align\":\"left\"},\"col4\":{\"heading\":\"C\",\"width\":\"\",\"align\":\"left\"},\"col5\":{\"heading\":\"D\",\"width\":\"\",\"align\":\"left\"},\"col6\":{\"heading\":\"E\",\"width\":\"\",\"align\":\"left\"}},\"rows\":{\"row0\":{\"col0\":\"250\",\"col1\":\"71\",\"col2\":\"370\",\"col3\":\"370\",\"col4\":\"330\",\"col5\":\"25\",\"col6\":\"10\"},\"row1\":{\"col0\":\"300\",\"col1\":\"71\",\"col2\":\"420\",\"col3\":\"420\",\"col4\":\"330\",\"col5\":\"25\",\"col6\":\"10\"},\"row2\":{\"col0\":\"315\",\"col1\":\"71\",\"col2\":\"435\",\"col3\":\"xxx\",\"col4\":\"330\",\"col5\":\"25\",\"col6\":\"10\"},\"row3\":{\"col0\":\"350\",\"col1\":\"71\",\"col2\":\"xxx\",\"col3\":\"xxx\",\"col4\":\"330\",\"col5\":\"25\",\"col6\":\"10\"},\"row4\":{\"col0\":\"400\",\"col1\":\"71\",\"col2\":\"xxx\",\"col3\":\"xxx\",\"col4\":\"330\",\"col5\":\"25\",\"col6\":\"10\"},\"row5\":{\"col0\":\"450\",\"col1\":\"71\",\"col2\":\"xxx\",\"col3\":\"xxx\",\"col4\":\"330\",\"col5\":\"25\",\"col6\":\"10\"},\"row6\":{\"col0\":\"500\",\"col1\":\"80\",\"col2\":\"xxx\",\"col3\":\"xxx\",\"col4\":\"380\",\"col5\":\"25\",\"col6\":\"10\"},\"row7\":{\"col0\":\"560\",\"col1\":\"80\",\"col2\":\"xxx\",\"col3\":\"xxx\",\"col4\":\"380\",\"col5\":\"25\",\"col6\":\"10\"},\"row8\":{\"col0\":\"600\",\"col1\":\"80\",\"col2\":\"xxx\",\"col3\":\"xxx\",\"col4\":\"380\",\"col5\":\"25\",\"col6\":\"10\"},\"row9\":{\"col0\":\"630\",\"col1\":\"80\",\"col2\":\"xxx\",\"col3\":\"xxx\",\"col4\":\"380\",\"col5\":\"25\",\"col6\":\"10\"},\"row10\":{\"col0\":\"630\",\"col1\":\"90\",\"col2\":\"xxx\",\"col3\":\"xxx\",\"col4\":\"400\",\"col5\":\"25\",\"col6\":\"10\"},\"row11\":{\"col0\":\"710\",\"col1\":\"80\",\"col2\":\"xxx\",\"col3\":\"xxx\",\"col4\":\"375\",\"col5\":\"40\",\"col6\":\"12\"},\"row12\":{\"col0\":\"710\",\"col1\":\"90\",\"col2\":\"xxx\",\"col3\":\"xxx\",\"col4\":\"400\",\"col5\":\"40\",\"col6\":\"12\"}}}},\"50\":{\"type\":\"4\",\"fields\":{\"dataTable\":\"{\\\"columns\\\":{\\\"col0\\\":{\\\"heading\\\":\\\"Fan Size\\\",\\\"width\\\":\\\"\\\",\\\"align\\\":\\\"left\\\"},\\\"col1\\\":{\\\"heading\\\":\\\"Frame\\\",\\\"width\\\":\\\"\\\",\\\"align\\\":\\\"left\\\"},\\\"col2\\\":{\\\"heading\\\":\\\"A\\\",\\\"width\\\":\\\"\\\",\\\"align\\\":\\\"left\\\"},\\\"col3\\\":{\\\"heading\\\":\\\"B\\\",\\\"width\\\":\\\"\\\",\\\"align\\\":\\\"left\\\"},\\\"col4\\\":{\\\"heading\\\":\\\"C\\\",\\\"width\\\":\\\"\\\",\\\"align\\\":\\\"left\\\"},\\\"col5\\\":{\\\"heading\\\":\\\"D\\\",\\\"width\\\":\\\"\\\",\\\"align\\\":\\\"left\\\"},\\\"col6\\\":{\\\"heading\\\":\\\"E\\\",\\\"width\\\":\\\"\\\",\\\"align\\\":\\\"left\\\"}},\\\"rows\\\":{\\\"row0\\\":{\\\"col0\\\":\\\"xxx\\\",\\\"col1\\\":\\\"xxx\\\",\\\"col2\\\":\\\"xxx\\\",\\\"col3\\\":\\\"xxx\\\",\\\"col4\\\":\\\"xxx\\\",\\\"col5\\\":\\\"xxx\\\",\\\"col6\\\":\\\"xxx\\\"}}}\",\"columns\":{\"col0\":{\"heading\":\"Fan Size\",\"width\":\"\",\"align\":\"left\"},\"col1\":{\"heading\":\"Frame\",\"width\":\"\",\"align\":\"left\"},\"col2\":{\"heading\":\"A\",\"width\":\"\",\"align\":\"left\"},\"col3\":{\"heading\":\"B\",\"width\":\"\",\"align\":\"left\"},\"col4\":{\"heading\":\"C\",\"width\":\"\",\"align\":\"left\"},\"col5\":{\"heading\":\"D\",\"width\":\"\",\"align\":\"left\"},\"col6\":{\"heading\":\"E\",\"width\":\"\",\"align\":\"left\"}},\"rows\":{\"row0\":{\"col0\":\"xxx\",\"col1\":\"xxx\",\"col2\":\"xxx\",\"col3\":\"xxx\",\"col4\":\"xxx\",\"col5\":\"xxx\",\"col6\":\"xxx\"}}}}},\"18\":[\"53\"],\"19\":[\"55\",\"56\"],\"12\":\"Wall or roof mounting where ducting is not required.\",\"11\":\"<p>Plate Mounted Axial fan Phasellus sed sollicitudin nisl. Praesent at euismod dui. Donec hendrerit quam turpis. Curabitur sed pharetra erat, at mollis est. Maecenas vel pharetra ligula, lacinia pellentesque justo. Donec finibus augue eget justo suscipit hendrerit. Integer at nisi vitae nibh commodo condimentum vel nec mauris. Proin tempor ex et tempus fermentum.<\\/p>\",\"16\":{\"48\":{\"type\":\"3\",\"fields\":{\"fd_st_noteText\":\"1. This type of fan can be fitted beneath in LOW PROFILE or VERTICAL JET ROOF COWL as supplied by Victoria Fans.\"}}}}}', '2017-03-24 09:40:54', '2017-03-24 09:40:54', '191ca6a3-38c8-4dbb-a9fa-7d60124c2417'),
 ('98', '18', '3', '1', 'en', '22', '', '{\"typeId\":\"3\",\"authorId\":\"1\",\"title\":\"Plate Mounted Axial\",\"slug\":\"plate-mounted-axial-flow-fan\",\"postDate\":1488211380,\"expiryDate\":null,\"enabled\":1,\"parentId\":\"17\",\"fields\":{\"34\":[\"4\",\"6\"],\"13\":{\"45\":{\"type\":\"2\",\"fields\":{\"fd_st_component_name\":\"Mounting Plate\",\"fd_st_componentText\":\"Fabricated in Steel and finished in Epoxy resin. 304 or 316 Stainless Steel available if required.\\u200b\"}},\"46\":{\"type\":\"2\",\"fields\":{\"fd_st_component_name\":\"Impellers\",\"fd_st_componentText\":\"Aluminium Hub with polypropylene blades. Anti-Static or Aluminium blades available if required\"}},\"47\":{\"type\":\"2\",\"fields\":{\"fd_st_component_name\":\"Motors\",\"fd_st_componentText\":\"Single or 3 phase Class F IP55 as standard with 2 speed, Zone 1 or Zone 2 as optional extras\"}}},\"21\":{\"49\":{\"type\":\"4\",\"fields\":{\"dataTable\":\"{\\\"columns\\\":{\\\"col0\\\":{\\\"heading\\\":\\\"Fan Size\\\",\\\"width\\\":\\\"\\\",\\\"align\\\":\\\"left\\\"},\\\"col1\\\":{\\\"heading\\\":\\\"Frame\\\",\\\"width\\\":\\\"\\\",\\\"align\\\":\\\"left\\\"},\\\"col2\\\":{\\\"heading\\\":\\\"A\\\",\\\"width\\\":\\\"\\\",\\\"align\\\":\\\"left\\\"},\\\"col3\\\":{\\\"heading\\\":\\\"B\\\",\\\"width\\\":\\\"\\\",\\\"align\\\":\\\"left\\\"},\\\"col4\\\":{\\\"heading\\\":\\\"C\\\",\\\"width\\\":\\\"\\\",\\\"align\\\":\\\"left\\\"},\\\"col5\\\":{\\\"heading\\\":\\\"D\\\",\\\"width\\\":\\\"\\\",\\\"align\\\":\\\"left\\\"},\\\"col6\\\":{\\\"heading\\\":\\\"E\\\",\\\"width\\\":\\\"\\\",\\\"align\\\":\\\"left\\\"}},\\\"rows\\\":{\\\"row0\\\":{\\\"col0\\\":\\\"250\\\",\\\"col1\\\":\\\"71\\\",\\\"col2\\\":\\\"370\\\",\\\"col3\\\":\\\"370\\\",\\\"col4\\\":\\\"330\\\",\\\"col5\\\":\\\"25\\\",\\\"col6\\\":\\\"10\\\"},\\\"row1\\\":{\\\"col0\\\":\\\"300\\\",\\\"col1\\\":\\\"71\\\",\\\"col2\\\":\\\"420\\\",\\\"col3\\\":\\\"420\\\",\\\"col4\\\":\\\"330\\\",\\\"col5\\\":\\\"25\\\",\\\"col6\\\":\\\"10\\\"},\\\"row2\\\":{\\\"col0\\\":\\\"315\\\",\\\"col1\\\":\\\"71\\\",\\\"col2\\\":\\\"435\\\",\\\"col3\\\":\\\"xxx\\\",\\\"col4\\\":\\\"330\\\",\\\"col5\\\":\\\"25\\\",\\\"col6\\\":\\\"10\\\"},\\\"row3\\\":{\\\"col0\\\":\\\"350\\\",\\\"col1\\\":\\\"71\\\",\\\"col2\\\":\\\"500\\\",\\\"col3\\\":\\\"500\\\",\\\"col4\\\":\\\"330\\\",\\\"col5\\\":\\\"25\\\",\\\"col6\\\":\\\"10\\\"},\\\"row4\\\":{\\\"col0\\\":\\\"400\\\",\\\"col1\\\":\\\"71\\\",\\\"col2\\\":\\\"550\\\",\\\"col3\\\":\\\"550\\\",\\\"col4\\\":\\\"330\\\",\\\"col5\\\":\\\"25\\\",\\\"col6\\\":\\\"10\\\"},\\\"row5\\\":{\\\"col0\\\":\\\"450\\\",\\\"col1\\\":\\\"71\\\",\\\"col2\\\":\\\"600\\\",\\\"col3\\\":\\\"600\\\",\\\"col4\\\":\\\"330\\\",\\\"col5\\\":\\\"25\\\",\\\"col6\\\":\\\"10\\\"},\\\"row6\\\":{\\\"col0\\\":\\\"500\\\",\\\"col1\\\":\\\"80\\\",\\\"col2\\\":\\\"650\\\",\\\"col3\\\":\\\"650\\\",\\\"col4\\\":\\\"380\\\",\\\"col5\\\":\\\"25\\\",\\\"col6\\\":\\\"10\\\"},\\\"row7\\\":{\\\"col0\\\":\\\"560\\\",\\\"col1\\\":\\\"80\\\",\\\"col2\\\":\\\"710\\\",\\\"col3\\\":\\\"710\\\",\\\"col4\\\":\\\"380\\\",\\\"col5\\\":\\\"25\\\",\\\"col6\\\":\\\"10\\\"},\\\"row8\\\":{\\\"col0\\\":\\\"600\\\",\\\"col1\\\":\\\"80\\\",\\\"col2\\\":\\\"800\\\",\\\"col3\\\":\\\"800\\\",\\\"col4\\\":\\\"380\\\",\\\"col5\\\":\\\"25\\\",\\\"col6\\\":\\\"10\\\"},\\\"row9\\\":{\\\"col0\\\":\\\"630\\\",\\\"col1\\\":\\\"80\\\",\\\"col2\\\":\\\"800\\\",\\\"col3\\\":\\\"800\\\",\\\"col4\\\":\\\"380\\\",\\\"col5\\\":\\\"25\\\",\\\"col6\\\":\\\"10\\\"},\\\"row10\\\":{\\\"col0\\\":\\\"630\\\",\\\"col1\\\":\\\"90\\\",\\\"col2\\\":\\\"800\\\",\\\"col3\\\":\\\"800\\\",\\\"col4\\\":\\\"400\\\",\\\"col5\\\":\\\"25\\\",\\\"col6\\\":\\\"10\\\"},\\\"row11\\\":{\\\"col0\\\":\\\"710\\\",\\\"col1\\\":\\\"80\\\",\\\"col2\\\":\\\"900\\\",\\\"col3\\\":\\\"900\\\",\\\"col4\\\":\\\"375\\\",\\\"col5\\\":\\\"40\\\",\\\"col6\\\":\\\"12\\\"},\\\"row12\\\":{\\\"col0\\\":\\\"710\\\",\\\"col1\\\":\\\"90\\\",\\\"col2\\\":\\\"900\\\",\\\"col3\\\":\\\"900\\\",\\\"col4\\\":\\\"400\\\",\\\"col5\\\":\\\"40\\\",\\\"col6\\\":\\\"12\\\"}}}\",\"columns\":{\"col0\":{\"heading\":\"Fan Size\",\"width\":\"\",\"align\":\"left\"},\"col1\":{\"heading\":\"Frame\",\"width\":\"\",\"align\":\"left\"},\"col2\":{\"heading\":\"A\",\"width\":\"\",\"align\":\"left\"},\"col3\":{\"heading\":\"B\",\"width\":\"\",\"align\":\"left\"},\"col4\":{\"heading\":\"C\",\"width\":\"\",\"align\":\"left\"},\"col5\":{\"heading\":\"D\",\"width\":\"\",\"align\":\"left\"},\"col6\":{\"heading\":\"E\",\"width\":\"\",\"align\":\"left\"}},\"rows\":{\"row0\":{\"col0\":\"250\",\"col1\":\"71\",\"col2\":\"370\",\"col3\":\"370\",\"col4\":\"330\",\"col5\":\"25\",\"col6\":\"10\"},\"row1\":{\"col0\":\"300\",\"col1\":\"71\",\"col2\":\"420\",\"col3\":\"420\",\"col4\":\"330\",\"col5\":\"25\",\"col6\":\"10\"},\"row2\":{\"col0\":\"315\",\"col1\":\"71\",\"col2\":\"435\",\"col3\":\"xxx\",\"col4\":\"330\",\"col5\":\"25\",\"col6\":\"10\"},\"row3\":{\"col0\":\"350\",\"col1\":\"71\",\"col2\":\"500\",\"col3\":\"500\",\"col4\":\"330\",\"col5\":\"25\",\"col6\":\"10\"},\"row4\":{\"col0\":\"400\",\"col1\":\"71\",\"col2\":\"550\",\"col3\":\"550\",\"col4\":\"330\",\"col5\":\"25\",\"col6\":\"10\"},\"row5\":{\"col0\":\"450\",\"col1\":\"71\",\"col2\":\"600\",\"col3\":\"600\",\"col4\":\"330\",\"col5\":\"25\",\"col6\":\"10\"},\"row6\":{\"col0\":\"500\",\"col1\":\"80\",\"col2\":\"650\",\"col3\":\"650\",\"col4\":\"380\",\"col5\":\"25\",\"col6\":\"10\"},\"row7\":{\"col0\":\"560\",\"col1\":\"80\",\"col2\":\"710\",\"col3\":\"710\",\"col4\":\"380\",\"col5\":\"25\",\"col6\":\"10\"},\"row8\":{\"col0\":\"600\",\"col1\":\"80\",\"col2\":\"800\",\"col3\":\"800\",\"col4\":\"380\",\"col5\":\"25\",\"col6\":\"10\"},\"row9\":{\"col0\":\"630\",\"col1\":\"80\",\"col2\":\"800\",\"col3\":\"800\",\"col4\":\"380\",\"col5\":\"25\",\"col6\":\"10\"},\"row10\":{\"col0\":\"630\",\"col1\":\"90\",\"col2\":\"800\",\"col3\":\"800\",\"col4\":\"400\",\"col5\":\"25\",\"col6\":\"10\"},\"row11\":{\"col0\":\"710\",\"col1\":\"80\",\"col2\":\"900\",\"col3\":\"900\",\"col4\":\"375\",\"col5\":\"40\",\"col6\":\"12\"},\"row12\":{\"col0\":\"710\",\"col1\":\"90\",\"col2\":\"900\",\"col3\":\"900\",\"col4\":\"400\",\"col5\":\"40\",\"col6\":\"12\"}}}},\"50\":{\"type\":\"4\",\"fields\":{\"dataTable\":\"{\\\"columns\\\":{\\\"col0\\\":{\\\"heading\\\":\\\"Fan Size\\\",\\\"width\\\":\\\"\\\",\\\"align\\\":\\\"left\\\"},\\\"col1\\\":{\\\"heading\\\":\\\"Frame\\\",\\\"width\\\":\\\"\\\",\\\"align\\\":\\\"left\\\"},\\\"col2\\\":{\\\"heading\\\":\\\"A\\\",\\\"width\\\":\\\"\\\",\\\"align\\\":\\\"left\\\"},\\\"col3\\\":{\\\"heading\\\":\\\"B\\\",\\\"width\\\":\\\"\\\",\\\"align\\\":\\\"left\\\"},\\\"col4\\\":{\\\"heading\\\":\\\"C\\\",\\\"width\\\":\\\"\\\",\\\"align\\\":\\\"left\\\"},\\\"col5\\\":{\\\"heading\\\":\\\"D\\\",\\\"width\\\":\\\"\\\",\\\"align\\\":\\\"left\\\"},\\\"col6\\\":{\\\"heading\\\":\\\"E\\\",\\\"width\\\":\\\"\\\",\\\"align\\\":\\\"left\\\"}},\\\"rows\\\":{\\\"row0\\\":{\\\"col0\\\":\\\"xxx\\\",\\\"col1\\\":\\\"xxx\\\",\\\"col2\\\":\\\"xxx\\\",\\\"col3\\\":\\\"xxx\\\",\\\"col4\\\":\\\"xxx\\\",\\\"col5\\\":\\\"xxx\\\",\\\"col6\\\":\\\"xxx\\\"}}}\",\"columns\":{\"col0\":{\"heading\":\"Fan Size\",\"width\":\"\",\"align\":\"left\"},\"col1\":{\"heading\":\"Frame\",\"width\":\"\",\"align\":\"left\"},\"col2\":{\"heading\":\"A\",\"width\":\"\",\"align\":\"left\"},\"col3\":{\"heading\":\"B\",\"width\":\"\",\"align\":\"left\"},\"col4\":{\"heading\":\"C\",\"width\":\"\",\"align\":\"left\"},\"col5\":{\"heading\":\"D\",\"width\":\"\",\"align\":\"left\"},\"col6\":{\"heading\":\"E\",\"width\":\"\",\"align\":\"left\"}},\"rows\":{\"row0\":{\"col0\":\"xxx\",\"col1\":\"xxx\",\"col2\":\"xxx\",\"col3\":\"xxx\",\"col4\":\"xxx\",\"col5\":\"xxx\",\"col6\":\"xxx\"}}}}},\"18\":[\"53\"],\"19\":[\"55\",\"56\"],\"12\":\"Wall or roof mounting where ducting is not required.\",\"11\":\"<p>Plate Mounted Axial fan Phasellus sed sollicitudin nisl. Praesent at euismod dui. Donec hendrerit quam turpis. Curabitur sed pharetra erat, at mollis est. Maecenas vel pharetra ligula, lacinia pellentesque justo. Donec finibus augue eget justo suscipit hendrerit. Integer at nisi vitae nibh commodo condimentum vel nec mauris. Proin tempor ex et tempus fermentum.<\\/p>\",\"16\":{\"48\":{\"type\":\"3\",\"fields\":{\"fd_st_noteText\":\"1. This type of fan can be fitted beneath in LOW PROFILE or VERTICAL JET ROOF COWL as supplied by Victoria Fans.\"}}}}}', '2017-03-24 11:03:11', '2017-03-24 11:03:11', 'e2f2e2c7-6574-4d18-88ab-e80e7b47ccd5'),
 ('99', '18', '3', '1', 'en', '23', '', '{\"typeId\":\"3\",\"authorId\":\"1\",\"title\":\"Plate Mounted Axial\",\"slug\":\"plate-mounted-axial-flow-fan\",\"postDate\":1488211380,\"expiryDate\":null,\"enabled\":1,\"parentId\":\"17\",\"fields\":{\"34\":[\"4\",\"6\"],\"13\":{\"45\":{\"type\":\"2\",\"fields\":{\"fd_st_component_name\":\"Mounting Plate\",\"fd_st_componentText\":\"Fabricated in Steel and finished in Epoxy resin. 304 or 316 Stainless Steel available if required.\\u200b\"}},\"46\":{\"type\":\"2\",\"fields\":{\"fd_st_component_name\":\"Impellers\",\"fd_st_componentText\":\"Aluminium Hub with polypropylene blades. Anti-Static or Aluminium blades available if required\"}},\"47\":{\"type\":\"2\",\"fields\":{\"fd_st_component_name\":\"Motors\",\"fd_st_componentText\":\"Single or 3 phase Class F IP55 as standard with 2 speed, Zone 1 or Zone 2 as optional extras\"}}},\"21\":{\"49\":{\"type\":\"4\",\"fields\":{\"dataTable\":\"{\\\"columns\\\":{\\\"col0\\\":{\\\"heading\\\":\\\"Fan Size\\\",\\\"width\\\":\\\"\\\",\\\"align\\\":\\\"left\\\"},\\\"col1\\\":{\\\"heading\\\":\\\"Frame\\\",\\\"width\\\":\\\"\\\",\\\"align\\\":\\\"left\\\"},\\\"col2\\\":{\\\"heading\\\":\\\"A\\\",\\\"width\\\":\\\"\\\",\\\"align\\\":\\\"left\\\"},\\\"col3\\\":{\\\"heading\\\":\\\"B\\\",\\\"width\\\":\\\"\\\",\\\"align\\\":\\\"left\\\"},\\\"col4\\\":{\\\"heading\\\":\\\"C\\\",\\\"width\\\":\\\"\\\",\\\"align\\\":\\\"left\\\"},\\\"col5\\\":{\\\"heading\\\":\\\"D\\\",\\\"width\\\":\\\"\\\",\\\"align\\\":\\\"left\\\"},\\\"col6\\\":{\\\"heading\\\":\\\"E\\\",\\\"width\\\":\\\"\\\",\\\"align\\\":\\\"left\\\"}},\\\"rows\\\":{\\\"row0\\\":{\\\"col0\\\":\\\"250\\\",\\\"col1\\\":\\\"71\\\",\\\"col2\\\":\\\"370\\\",\\\"col3\\\":\\\"370\\\",\\\"col4\\\":\\\"330\\\",\\\"col5\\\":\\\"25\\\",\\\"col6\\\":\\\"10\\\"},\\\"row1\\\":{\\\"col0\\\":\\\"300\\\",\\\"col1\\\":\\\"71\\\",\\\"col2\\\":\\\"420\\\",\\\"col3\\\":\\\"420\\\",\\\"col4\\\":\\\"330\\\",\\\"col5\\\":\\\"25\\\",\\\"col6\\\":\\\"10\\\"},\\\"row2\\\":{\\\"col0\\\":\\\"315\\\",\\\"col1\\\":\\\"71\\\",\\\"col2\\\":\\\"435\\\",\\\"col3\\\":\\\"xxx\\\",\\\"col4\\\":\\\"330\\\",\\\"col5\\\":\\\"25\\\",\\\"col6\\\":\\\"10\\\"},\\\"row3\\\":{\\\"col0\\\":\\\"350\\\",\\\"col1\\\":\\\"71\\\",\\\"col2\\\":\\\"500\\\",\\\"col3\\\":\\\"500\\\",\\\"col4\\\":\\\"330\\\",\\\"col5\\\":\\\"25\\\",\\\"col6\\\":\\\"10\\\"},\\\"row4\\\":{\\\"col0\\\":\\\"400\\\",\\\"col1\\\":\\\"71\\\",\\\"col2\\\":\\\"550\\\",\\\"col3\\\":\\\"550\\\",\\\"col4\\\":\\\"330\\\",\\\"col5\\\":\\\"25\\\",\\\"col6\\\":\\\"10\\\"},\\\"row5\\\":{\\\"col0\\\":\\\"450\\\",\\\"col1\\\":\\\"71\\\",\\\"col2\\\":\\\"600\\\",\\\"col3\\\":\\\"600\\\",\\\"col4\\\":\\\"330\\\",\\\"col5\\\":\\\"25\\\",\\\"col6\\\":\\\"10\\\"},\\\"row6\\\":{\\\"col0\\\":\\\"500\\\",\\\"col1\\\":\\\"80\\\",\\\"col2\\\":\\\"650\\\",\\\"col3\\\":\\\"650\\\",\\\"col4\\\":\\\"380\\\",\\\"col5\\\":\\\"25\\\",\\\"col6\\\":\\\"10\\\"},\\\"row7\\\":{\\\"col0\\\":\\\"560\\\",\\\"col1\\\":\\\"80\\\",\\\"col2\\\":\\\"710\\\",\\\"col3\\\":\\\"710\\\",\\\"col4\\\":\\\"380\\\",\\\"col5\\\":\\\"25\\\",\\\"col6\\\":\\\"10\\\"},\\\"row8\\\":{\\\"col0\\\":\\\"600\\\",\\\"col1\\\":\\\"80\\\",\\\"col2\\\":\\\"800\\\",\\\"col3\\\":\\\"800\\\",\\\"col4\\\":\\\"380\\\",\\\"col5\\\":\\\"25\\\",\\\"col6\\\":\\\"10\\\"},\\\"row9\\\":{\\\"col0\\\":\\\"630\\\",\\\"col1\\\":\\\"80\\\",\\\"col2\\\":\\\"800\\\",\\\"col3\\\":\\\"800\\\",\\\"col4\\\":\\\"380\\\",\\\"col5\\\":\\\"25\\\",\\\"col6\\\":\\\"10\\\"},\\\"row10\\\":{\\\"col0\\\":\\\"630\\\",\\\"col1\\\":\\\"90\\\",\\\"col2\\\":\\\"800\\\",\\\"col3\\\":\\\"800\\\",\\\"col4\\\":\\\"400\\\",\\\"col5\\\":\\\"25\\\",\\\"col6\\\":\\\"10\\\"},\\\"row11\\\":{\\\"col0\\\":\\\"710\\\",\\\"col1\\\":\\\"80\\\",\\\"col2\\\":\\\"900\\\",\\\"col3\\\":\\\"900\\\",\\\"col4\\\":\\\"375\\\",\\\"col5\\\":\\\"40\\\",\\\"col6\\\":\\\"12\\\"},\\\"row12\\\":{\\\"col0\\\":\\\"710\\\",\\\"col1\\\":\\\"90\\\",\\\"col2\\\":\\\"900\\\",\\\"col3\\\":\\\"900\\\",\\\"col4\\\":\\\"400\\\",\\\"col5\\\":\\\"40\\\",\\\"col6\\\":\\\"12\\\"}}}\",\"columns\":{\"col0\":{\"heading\":\"Fan Size\",\"width\":\"\",\"align\":\"left\"},\"col1\":{\"heading\":\"Frame\",\"width\":\"\",\"align\":\"left\"},\"col2\":{\"heading\":\"A\",\"width\":\"\",\"align\":\"left\"},\"col3\":{\"heading\":\"B\",\"width\":\"\",\"align\":\"left\"},\"col4\":{\"heading\":\"C\",\"width\":\"\",\"align\":\"left\"},\"col5\":{\"heading\":\"D\",\"width\":\"\",\"align\":\"left\"},\"col6\":{\"heading\":\"E\",\"width\":\"\",\"align\":\"left\"}},\"rows\":{\"row0\":{\"col0\":\"250\",\"col1\":\"71\",\"col2\":\"370\",\"col3\":\"370\",\"col4\":\"330\",\"col5\":\"25\",\"col6\":\"10\"},\"row1\":{\"col0\":\"300\",\"col1\":\"71\",\"col2\":\"420\",\"col3\":\"420\",\"col4\":\"330\",\"col5\":\"25\",\"col6\":\"10\"},\"row2\":{\"col0\":\"315\",\"col1\":\"71\",\"col2\":\"435\",\"col3\":\"xxx\",\"col4\":\"330\",\"col5\":\"25\",\"col6\":\"10\"},\"row3\":{\"col0\":\"350\",\"col1\":\"71\",\"col2\":\"500\",\"col3\":\"500\",\"col4\":\"330\",\"col5\":\"25\",\"col6\":\"10\"},\"row4\":{\"col0\":\"400\",\"col1\":\"71\",\"col2\":\"550\",\"col3\":\"550\",\"col4\":\"330\",\"col5\":\"25\",\"col6\":\"10\"},\"row5\":{\"col0\":\"450\",\"col1\":\"71\",\"col2\":\"600\",\"col3\":\"600\",\"col4\":\"330\",\"col5\":\"25\",\"col6\":\"10\"},\"row6\":{\"col0\":\"500\",\"col1\":\"80\",\"col2\":\"650\",\"col3\":\"650\",\"col4\":\"380\",\"col5\":\"25\",\"col6\":\"10\"},\"row7\":{\"col0\":\"560\",\"col1\":\"80\",\"col2\":\"710\",\"col3\":\"710\",\"col4\":\"380\",\"col5\":\"25\",\"col6\":\"10\"},\"row8\":{\"col0\":\"600\",\"col1\":\"80\",\"col2\":\"800\",\"col3\":\"800\",\"col4\":\"380\",\"col5\":\"25\",\"col6\":\"10\"},\"row9\":{\"col0\":\"630\",\"col1\":\"80\",\"col2\":\"800\",\"col3\":\"800\",\"col4\":\"380\",\"col5\":\"25\",\"col6\":\"10\"},\"row10\":{\"col0\":\"630\",\"col1\":\"90\",\"col2\":\"800\",\"col3\":\"800\",\"col4\":\"400\",\"col5\":\"25\",\"col6\":\"10\"},\"row11\":{\"col0\":\"710\",\"col1\":\"80\",\"col2\":\"900\",\"col3\":\"900\",\"col4\":\"375\",\"col5\":\"40\",\"col6\":\"12\"},\"row12\":{\"col0\":\"710\",\"col1\":\"90\",\"col2\":\"900\",\"col3\":\"900\",\"col4\":\"400\",\"col5\":\"40\",\"col6\":\"12\"}}}},\"50\":{\"type\":\"4\",\"fields\":{\"dataTable\":\"{\\\"columns\\\":{\\\"col0\\\":{\\\"heading\\\":\\\"Fan Size\\\",\\\"width\\\":\\\"\\\",\\\"align\\\":\\\"left\\\"},\\\"col1\\\":{\\\"heading\\\":\\\"Frame\\\",\\\"width\\\":\\\"\\\",\\\"align\\\":\\\"left\\\"},\\\"col2\\\":{\\\"heading\\\":\\\"A\\\",\\\"width\\\":\\\"\\\",\\\"align\\\":\\\"left\\\"},\\\"col3\\\":{\\\"heading\\\":\\\"B\\\",\\\"width\\\":\\\"\\\",\\\"align\\\":\\\"left\\\"},\\\"col4\\\":{\\\"heading\\\":\\\"C\\\",\\\"width\\\":\\\"\\\",\\\"align\\\":\\\"left\\\"},\\\"col5\\\":{\\\"heading\\\":\\\"D\\\",\\\"width\\\":\\\"\\\",\\\"align\\\":\\\"left\\\"},\\\"col6\\\":{\\\"heading\\\":\\\"E\\\",\\\"width\\\":\\\"\\\",\\\"align\\\":\\\"left\\\"}},\\\"rows\\\":{\\\"row0\\\":{\\\"col0\\\":\\\"710\\\",\\\"col1\\\":\\\"100\\\",\\\"col2\\\":\\\"900\\\",\\\"col3\\\":\\\"900\\\",\\\"col4\\\":\\\"445\\\",\\\"col5\\\":\\\"40\\\",\\\"col6\\\":\\\"12\\\"},\\\"row1\\\":{\\\"col0\\\":\\\"800\\\",\\\"col1\\\":\\\"90\\\",\\\"col2\\\":\\\"1000\\\",\\\"col3\\\":\\\"1000\\\",\\\"col4\\\":\\\"415\\\",\\\"col5\\\":\\\"40\\\",\\\"col6\\\":\\\"12\\\"},\\\"row2\\\":{\\\"col0\\\":\\\"800\\\",\\\"col1\\\":\\\"100\\\",\\\"col2\\\":\\\"1000\\\",\\\"col3\\\":\\\"1000\\\",\\\"col4\\\":\\\"460\\\",\\\"col5\\\":\\\"40\\\",\\\"col6\\\":\\\"12\\\"},\\\"row3\\\":{\\\"col0\\\":\\\"800\\\",\\\"col1\\\":\\\"112\\\",\\\"col2\\\":\\\"1000\\\",\\\"col3\\\":\\\"1000\\\",\\\"col4\\\":\\\"460\\\",\\\"col5\\\":\\\"40\\\",\\\"col6\\\":\\\"12\\\"},\\\"row4\\\":{\\\"col0\\\":\\\"900\\\",\\\"col1\\\":\\\"100\\\",\\\"col2\\\":\\\"1100\\\",\\\"col3\\\":\\\"1100\\\",\\\"col4\\\":\\\"460\\\",\\\"col5\\\":\\\"50\\\",\\\"col6\\\":\\\"14\\\"},\\\"row5\\\":{\\\"col0\\\":\\\"900\\\",\\\"col1\\\":\\\"112\\\",\\\"col2\\\":\\\"1100\\\",\\\"col3\\\":\\\"1100\\\",\\\"col4\\\":\\\"465\\\",\\\"col5\\\":\\\"50\\\",\\\"col6\\\":\\\"14\\\"},\\\"row6\\\":{\\\"col0\\\":\\\"900\\\",\\\"col1\\\":\\\"132\\\",\\\"col2\\\":\\\"1100\\\",\\\"col3\\\":\\\"1100\\\",\\\"col4\\\":\\\"540\\\",\\\"col5\\\":\\\"50\\\",\\\"col6\\\":\\\"14\\\"},\\\"row7\\\":{\\\"col0\\\":\\\"1000\\\",\\\"col1\\\":\\\"100\\\",\\\"col2\\\":\\\"1250\\\",\\\"col3\\\":\\\"1250\\\",\\\"col4\\\":\\\"460\\\",\\\"col5\\\":\\\"50\\\",\\\"col6\\\":\\\"14\\\"},\\\"row8\\\":{\\\"col0\\\":\\\"1000\\\",\\\"col1\\\":\\\"112\\\",\\\"col2\\\":\\\"1250\\\",\\\"col3\\\":\\\"1250\\\",\\\"col4\\\":\\\"460\\\",\\\"col5\\\":\\\"50\\\",\\\"col6\\\":\\\"14\\\"},\\\"row9\\\":{\\\"col0\\\":\\\"1000\\\",\\\"col1\\\":\\\"132\\\",\\\"col2\\\":\\\"1250\\\",\\\"col3\\\":\\\"1250\\\",\\\"col4\\\":\\\"465\\\",\\\"col5\\\":\\\"50\\\",\\\"col6\\\":\\\"14\\\"}}}\",\"columns\":{\"col0\":{\"heading\":\"Fan Size\",\"width\":\"\",\"align\":\"left\"},\"col1\":{\"heading\":\"Frame\",\"width\":\"\",\"align\":\"left\"},\"col2\":{\"heading\":\"A\",\"width\":\"\",\"align\":\"left\"},\"col3\":{\"heading\":\"B\",\"width\":\"\",\"align\":\"left\"},\"col4\":{\"heading\":\"C\",\"width\":\"\",\"align\":\"left\"},\"col5\":{\"heading\":\"D\",\"width\":\"\",\"align\":\"left\"},\"col6\":{\"heading\":\"E\",\"width\":\"\",\"align\":\"left\"}},\"rows\":{\"row0\":{\"col0\":\"710\",\"col1\":\"100\",\"col2\":\"900\",\"col3\":\"900\",\"col4\":\"445\",\"col5\":\"40\",\"col6\":\"12\"},\"row1\":{\"col0\":\"800\",\"col1\":\"90\",\"col2\":\"1000\",\"col3\":\"1000\",\"col4\":\"415\",\"col5\":\"40\",\"col6\":\"12\"},\"row2\":{\"col0\":\"800\",\"col1\":\"100\",\"col2\":\"1000\",\"col3\":\"1000\",\"col4\":\"460\",\"col5\":\"40\",\"col6\":\"12\"},\"row3\":{\"col0\":\"800\",\"col1\":\"112\",\"col2\":\"1000\",\"col3\":\"1000\",\"col4\":\"460\",\"col5\":\"40\",\"col6\":\"12\"},\"row4\":{\"col0\":\"900\",\"col1\":\"100\",\"col2\":\"1100\",\"col3\":\"1100\",\"col4\":\"460\",\"col5\":\"50\",\"col6\":\"14\"},\"row5\":{\"col0\":\"900\",\"col1\":\"112\",\"col2\":\"1100\",\"col3\":\"1100\",\"col4\":\"465\",\"col5\":\"50\",\"col6\":\"14\"},\"row6\":{\"col0\":\"900\",\"col1\":\"132\",\"col2\":\"1100\",\"col3\":\"1100\",\"col4\":\"540\",\"col5\":\"50\",\"col6\":\"14\"},\"row7\":{\"col0\":\"1000\",\"col1\":\"100\",\"col2\":\"1250\",\"col3\":\"1250\",\"col4\":\"460\",\"col5\":\"50\",\"col6\":\"14\"},\"row8\":{\"col0\":\"1000\",\"col1\":\"112\",\"col2\":\"1250\",\"col3\":\"1250\",\"col4\":\"460\",\"col5\":\"50\",\"col6\":\"14\"},\"row9\":{\"col0\":\"1000\",\"col1\":\"132\",\"col2\":\"1250\",\"col3\":\"1250\",\"col4\":\"465\",\"col5\":\"50\",\"col6\":\"14\"}}}}},\"18\":[\"53\"],\"19\":[\"55\",\"56\"],\"12\":\"Wall or roof mounting where ducting is not required.\",\"11\":\"<p>Plate Mounted Axial fan Phasellus sed sollicitudin nisl. Praesent at euismod dui. Donec hendrerit quam turpis. Curabitur sed pharetra erat, at mollis est. Maecenas vel pharetra ligula, lacinia pellentesque justo. Donec finibus augue eget justo suscipit hendrerit. Integer at nisi vitae nibh commodo condimentum vel nec mauris. Proin tempor ex et tempus fermentum.<\\/p>\",\"16\":{\"48\":{\"type\":\"3\",\"fields\":{\"fd_st_noteText\":\"1. This type of fan can be fitted beneath in LOW PROFILE or VERTICAL JET ROOF COWL as supplied by Victoria Fans.\"}}}}}', '2017-03-24 11:08:54', '2017-03-24 11:08:54', '010dfe9c-43d2-4366-946d-c68f23ab3649'),
 ('100', '18', '3', '1', 'en', '24', '', '{\"typeId\":\"3\",\"authorId\":\"1\",\"title\":\"Plate Mounted Axial\",\"slug\":\"plate-mounted-axial-flow-fan\",\"postDate\":1488211380,\"expiryDate\":null,\"enabled\":1,\"parentId\":\"17\",\"fields\":{\"34\":[\"4\",\"6\"],\"13\":{\"45\":{\"type\":\"2\",\"fields\":{\"fd_st_component_name\":\"Mounting Plate\",\"fd_st_componentText\":\"Fabricated in Steel and finished in Epoxy resin. 304 or 316 Stainless Steel available if required.\\u200b\"}},\"46\":{\"type\":\"2\",\"fields\":{\"fd_st_component_name\":\"Impellers\",\"fd_st_componentText\":\"Aluminium Hub with polypropylene blades. Anti-Static or Aluminium blades available if required\"}},\"47\":{\"type\":\"2\",\"fields\":{\"fd_st_component_name\":\"Motors\",\"fd_st_componentText\":\"Single or 3 phase Class F IP55 as standard with 2 speed, Zone 1 or Zone 2 as optional extras\"}}},\"21\":{\"49\":{\"type\":\"4\",\"fields\":{\"dataTable\":\"{\\\"columns\\\":{\\\"col0\\\":{\\\"heading\\\":\\\"Fan Size\\\",\\\"width\\\":\\\"\\\",\\\"align\\\":\\\"left\\\"},\\\"col1\\\":{\\\"heading\\\":\\\"Frame\\\",\\\"width\\\":\\\"\\\",\\\"align\\\":\\\"left\\\"},\\\"col2\\\":{\\\"heading\\\":\\\"A\\\",\\\"width\\\":\\\"\\\",\\\"align\\\":\\\"left\\\"},\\\"col3\\\":{\\\"heading\\\":\\\"B\\\",\\\"width\\\":\\\"\\\",\\\"align\\\":\\\"left\\\"},\\\"col4\\\":{\\\"heading\\\":\\\"C\\\",\\\"width\\\":\\\"\\\",\\\"align\\\":\\\"left\\\"},\\\"col5\\\":{\\\"heading\\\":\\\"D\\\",\\\"width\\\":\\\"\\\",\\\"align\\\":\\\"left\\\"},\\\"col6\\\":{\\\"heading\\\":\\\"E\\\",\\\"width\\\":\\\"\\\",\\\"align\\\":\\\"left\\\"}},\\\"rows\\\":{\\\"row0\\\":{\\\"col0\\\":\\\"250\\\",\\\"col1\\\":\\\"71\\\",\\\"col2\\\":\\\"370\\\",\\\"col3\\\":\\\"370\\\",\\\"col4\\\":\\\"330\\\",\\\"col5\\\":\\\"25\\\",\\\"col6\\\":\\\"10\\\"},\\\"row1\\\":{\\\"col0\\\":\\\"300\\\",\\\"col1\\\":\\\"71\\\",\\\"col2\\\":\\\"420\\\",\\\"col3\\\":\\\"420\\\",\\\"col4\\\":\\\"330\\\",\\\"col5\\\":\\\"25\\\",\\\"col6\\\":\\\"10\\\"},\\\"row2\\\":{\\\"col0\\\":\\\"315\\\",\\\"col1\\\":\\\"71\\\",\\\"col2\\\":\\\"435\\\",\\\"col3\\\":\\\"xxx\\\",\\\"col4\\\":\\\"330\\\",\\\"col5\\\":\\\"25\\\",\\\"col6\\\":\\\"10\\\"},\\\"row3\\\":{\\\"col0\\\":\\\"350\\\",\\\"col1\\\":\\\"71\\\",\\\"col2\\\":\\\"500\\\",\\\"col3\\\":\\\"500\\\",\\\"col4\\\":\\\"330\\\",\\\"col5\\\":\\\"25\\\",\\\"col6\\\":\\\"10\\\"},\\\"row4\\\":{\\\"col0\\\":\\\"400\\\",\\\"col1\\\":\\\"71\\\",\\\"col2\\\":\\\"550\\\",\\\"col3\\\":\\\"550\\\",\\\"col4\\\":\\\"330\\\",\\\"col5\\\":\\\"25\\\",\\\"col6\\\":\\\"10\\\"},\\\"row5\\\":{\\\"col0\\\":\\\"450\\\",\\\"col1\\\":\\\"71\\\",\\\"col2\\\":\\\"600\\\",\\\"col3\\\":\\\"600\\\",\\\"col4\\\":\\\"330\\\",\\\"col5\\\":\\\"25\\\",\\\"col6\\\":\\\"10\\\"},\\\"row6\\\":{\\\"col0\\\":\\\"500\\\",\\\"col1\\\":\\\"80\\\",\\\"col2\\\":\\\"650\\\",\\\"col3\\\":\\\"650\\\",\\\"col4\\\":\\\"380\\\",\\\"col5\\\":\\\"25\\\",\\\"col6\\\":\\\"10\\\"},\\\"row7\\\":{\\\"col0\\\":\\\"560\\\",\\\"col1\\\":\\\"80\\\",\\\"col2\\\":\\\"710\\\",\\\"col3\\\":\\\"710\\\",\\\"col4\\\":\\\"380\\\",\\\"col5\\\":\\\"25\\\",\\\"col6\\\":\\\"10\\\"},\\\"row8\\\":{\\\"col0\\\":\\\"600\\\",\\\"col1\\\":\\\"80\\\",\\\"col2\\\":\\\"800\\\",\\\"col3\\\":\\\"800\\\",\\\"col4\\\":\\\"380\\\",\\\"col5\\\":\\\"25\\\",\\\"col6\\\":\\\"10\\\"},\\\"row9\\\":{\\\"col0\\\":\\\"630\\\",\\\"col1\\\":\\\"80\\\",\\\"col2\\\":\\\"800\\\",\\\"col3\\\":\\\"800\\\",\\\"col4\\\":\\\"380\\\",\\\"col5\\\":\\\"25\\\",\\\"col6\\\":\\\"10\\\"},\\\"row10\\\":{\\\"col0\\\":\\\"630\\\",\\\"col1\\\":\\\"90\\\",\\\"col2\\\":\\\"800\\\",\\\"col3\\\":\\\"800\\\",\\\"col4\\\":\\\"400\\\",\\\"col5\\\":\\\"25\\\",\\\"col6\\\":\\\"10\\\"},\\\"row11\\\":{\\\"col0\\\":\\\"710\\\",\\\"col1\\\":\\\"80\\\",\\\"col2\\\":\\\"900\\\",\\\"col3\\\":\\\"900\\\",\\\"col4\\\":\\\"375\\\",\\\"col5\\\":\\\"40\\\",\\\"col6\\\":\\\"12\\\"},\\\"row12\\\":{\\\"col0\\\":\\\"710\\\",\\\"col1\\\":\\\"90\\\",\\\"col2\\\":\\\"900\\\",\\\"col3\\\":\\\"900\\\",\\\"col4\\\":\\\"400\\\",\\\"col5\\\":\\\"40\\\",\\\"col6\\\":\\\"12\\\"}}}\",\"columns\":{\"col0\":{\"heading\":\"Fan Size\",\"width\":\"\",\"align\":\"left\"},\"col1\":{\"heading\":\"Frame\",\"width\":\"\",\"align\":\"left\"},\"col2\":{\"heading\":\"A\",\"width\":\"\",\"align\":\"left\"},\"col3\":{\"heading\":\"B\",\"width\":\"\",\"align\":\"left\"},\"col4\":{\"heading\":\"C\",\"width\":\"\",\"align\":\"left\"},\"col5\":{\"heading\":\"D\",\"width\":\"\",\"align\":\"left\"},\"col6\":{\"heading\":\"E\",\"width\":\"\",\"align\":\"left\"}},\"rows\":{\"row0\":{\"col0\":\"250\",\"col1\":\"71\",\"col2\":\"370\",\"col3\":\"370\",\"col4\":\"330\",\"col5\":\"25\",\"col6\":\"10\"},\"row1\":{\"col0\":\"300\",\"col1\":\"71\",\"col2\":\"420\",\"col3\":\"420\",\"col4\":\"330\",\"col5\":\"25\",\"col6\":\"10\"},\"row2\":{\"col0\":\"315\",\"col1\":\"71\",\"col2\":\"435\",\"col3\":\"xxx\",\"col4\":\"330\",\"col5\":\"25\",\"col6\":\"10\"},\"row3\":{\"col0\":\"350\",\"col1\":\"71\",\"col2\":\"500\",\"col3\":\"500\",\"col4\":\"330\",\"col5\":\"25\",\"col6\":\"10\"},\"row4\":{\"col0\":\"400\",\"col1\":\"71\",\"col2\":\"550\",\"col3\":\"550\",\"col4\":\"330\",\"col5\":\"25\",\"col6\":\"10\"},\"row5\":{\"col0\":\"450\",\"col1\":\"71\",\"col2\":\"600\",\"col3\":\"600\",\"col4\":\"330\",\"col5\":\"25\",\"col6\":\"10\"},\"row6\":{\"col0\":\"500\",\"col1\":\"80\",\"col2\":\"650\",\"col3\":\"650\",\"col4\":\"380\",\"col5\":\"25\",\"col6\":\"10\"},\"row7\":{\"col0\":\"560\",\"col1\":\"80\",\"col2\":\"710\",\"col3\":\"710\",\"col4\":\"380\",\"col5\":\"25\",\"col6\":\"10\"},\"row8\":{\"col0\":\"600\",\"col1\":\"80\",\"col2\":\"800\",\"col3\":\"800\",\"col4\":\"380\",\"col5\":\"25\",\"col6\":\"10\"},\"row9\":{\"col0\":\"630\",\"col1\":\"80\",\"col2\":\"800\",\"col3\":\"800\",\"col4\":\"380\",\"col5\":\"25\",\"col6\":\"10\"},\"row10\":{\"col0\":\"630\",\"col1\":\"90\",\"col2\":\"800\",\"col3\":\"800\",\"col4\":\"400\",\"col5\":\"25\",\"col6\":\"10\"},\"row11\":{\"col0\":\"710\",\"col1\":\"80\",\"col2\":\"900\",\"col3\":\"900\",\"col4\":\"375\",\"col5\":\"40\",\"col6\":\"12\"},\"row12\":{\"col0\":\"710\",\"col1\":\"90\",\"col2\":\"900\",\"col3\":\"900\",\"col4\":\"400\",\"col5\":\"40\",\"col6\":\"12\"}}}},\"50\":{\"type\":\"4\",\"fields\":{\"dataTable\":\"{\\\"columns\\\":{\\\"col0\\\":{\\\"heading\\\":\\\"Fan Size\\\",\\\"width\\\":\\\"\\\",\\\"align\\\":\\\"left\\\"},\\\"col1\\\":{\\\"heading\\\":\\\"Frame\\\",\\\"width\\\":\\\"\\\",\\\"align\\\":\\\"left\\\"},\\\"col2\\\":{\\\"heading\\\":\\\"A\\\",\\\"width\\\":\\\"\\\",\\\"align\\\":\\\"left\\\"},\\\"col3\\\":{\\\"heading\\\":\\\"B\\\",\\\"width\\\":\\\"\\\",\\\"align\\\":\\\"left\\\"},\\\"col4\\\":{\\\"heading\\\":\\\"C\\\",\\\"width\\\":\\\"\\\",\\\"align\\\":\\\"left\\\"},\\\"col5\\\":{\\\"heading\\\":\\\"D\\\",\\\"width\\\":\\\"\\\",\\\"align\\\":\\\"left\\\"},\\\"col6\\\":{\\\"heading\\\":\\\"E\\\",\\\"width\\\":\\\"\\\",\\\"align\\\":\\\"left\\\"}},\\\"rows\\\":{\\\"row0\\\":{\\\"col0\\\":\\\"710\\\",\\\"col1\\\":\\\"100\\\",\\\"col2\\\":\\\"900\\\",\\\"col3\\\":\\\"900\\\",\\\"col4\\\":\\\"445\\\",\\\"col5\\\":\\\"40\\\",\\\"col6\\\":\\\"12\\\"},\\\"row1\\\":{\\\"col0\\\":\\\"800\\\",\\\"col1\\\":\\\"90\\\",\\\"col2\\\":\\\"1000\\\",\\\"col3\\\":\\\"1000\\\",\\\"col4\\\":\\\"415\\\",\\\"col5\\\":\\\"40\\\",\\\"col6\\\":\\\"12\\\"},\\\"row2\\\":{\\\"col0\\\":\\\"800\\\",\\\"col1\\\":\\\"100\\\",\\\"col2\\\":\\\"1000\\\",\\\"col3\\\":\\\"1000\\\",\\\"col4\\\":\\\"460\\\",\\\"col5\\\":\\\"40\\\",\\\"col6\\\":\\\"12\\\"},\\\"row3\\\":{\\\"col0\\\":\\\"800\\\",\\\"col1\\\":\\\"112\\\",\\\"col2\\\":\\\"1000\\\",\\\"col3\\\":\\\"1000\\\",\\\"col4\\\":\\\"460\\\",\\\"col5\\\":\\\"40\\\",\\\"col6\\\":\\\"12\\\"},\\\"row4\\\":{\\\"col0\\\":\\\"900\\\",\\\"col1\\\":\\\"100\\\",\\\"col2\\\":\\\"1100\\\",\\\"col3\\\":\\\"1100\\\",\\\"col4\\\":\\\"460\\\",\\\"col5\\\":\\\"50\\\",\\\"col6\\\":\\\"14\\\"},\\\"row5\\\":{\\\"col0\\\":\\\"900\\\",\\\"col1\\\":\\\"112\\\",\\\"col2\\\":\\\"1100\\\",\\\"col3\\\":\\\"1100\\\",\\\"col4\\\":\\\"465\\\",\\\"col5\\\":\\\"50\\\",\\\"col6\\\":\\\"14\\\"},\\\"row6\\\":{\\\"col0\\\":\\\"900\\\",\\\"col1\\\":\\\"132\\\",\\\"col2\\\":\\\"1100\\\",\\\"col3\\\":\\\"1100\\\",\\\"col4\\\":\\\"540\\\",\\\"col5\\\":\\\"50\\\",\\\"col6\\\":\\\"14\\\"},\\\"row7\\\":{\\\"col0\\\":\\\"1000\\\",\\\"col1\\\":\\\"100\\\",\\\"col2\\\":\\\"1250\\\",\\\"col3\\\":\\\"1250\\\",\\\"col4\\\":\\\"460\\\",\\\"col5\\\":\\\"50\\\",\\\"col6\\\":\\\"14\\\"},\\\"row8\\\":{\\\"col0\\\":\\\"1000\\\",\\\"col1\\\":\\\"112\\\",\\\"col2\\\":\\\"1250\\\",\\\"col3\\\":\\\"1250\\\",\\\"col4\\\":\\\"460\\\",\\\"col5\\\":\\\"50\\\",\\\"col6\\\":\\\"14\\\"},\\\"row9\\\":{\\\"col0\\\":\\\"1000\\\",\\\"col1\\\":\\\"132\\\",\\\"col2\\\":\\\"1250\\\",\\\"col3\\\":\\\"1250\\\",\\\"col4\\\":\\\"465\\\",\\\"col5\\\":\\\"50\\\",\\\"col6\\\":\\\"14\\\"}}}\",\"columns\":{\"col0\":{\"heading\":\"Fan Size\",\"width\":\"\",\"align\":\"left\"},\"col1\":{\"heading\":\"Frame\",\"width\":\"\",\"align\":\"left\"},\"col2\":{\"heading\":\"A\",\"width\":\"\",\"align\":\"left\"},\"col3\":{\"heading\":\"B\",\"width\":\"\",\"align\":\"left\"},\"col4\":{\"heading\":\"C\",\"width\":\"\",\"align\":\"left\"},\"col5\":{\"heading\":\"D\",\"width\":\"\",\"align\":\"left\"},\"col6\":{\"heading\":\"E\",\"width\":\"\",\"align\":\"left\"}},\"rows\":{\"row0\":{\"col0\":\"710\",\"col1\":\"100\",\"col2\":\"900\",\"col3\":\"900\",\"col4\":\"445\",\"col5\":\"40\",\"col6\":\"12\"},\"row1\":{\"col0\":\"800\",\"col1\":\"90\",\"col2\":\"1000\",\"col3\":\"1000\",\"col4\":\"415\",\"col5\":\"40\",\"col6\":\"12\"},\"row2\":{\"col0\":\"800\",\"col1\":\"100\",\"col2\":\"1000\",\"col3\":\"1000\",\"col4\":\"460\",\"col5\":\"40\",\"col6\":\"12\"},\"row3\":{\"col0\":\"800\",\"col1\":\"112\",\"col2\":\"1000\",\"col3\":\"1000\",\"col4\":\"460\",\"col5\":\"40\",\"col6\":\"12\"},\"row4\":{\"col0\":\"900\",\"col1\":\"100\",\"col2\":\"1100\",\"col3\":\"1100\",\"col4\":\"460\",\"col5\":\"50\",\"col6\":\"14\"},\"row5\":{\"col0\":\"900\",\"col1\":\"112\",\"col2\":\"1100\",\"col3\":\"1100\",\"col4\":\"465\",\"col5\":\"50\",\"col6\":\"14\"},\"row6\":{\"col0\":\"900\",\"col1\":\"132\",\"col2\":\"1100\",\"col3\":\"1100\",\"col4\":\"540\",\"col5\":\"50\",\"col6\":\"14\"},\"row7\":{\"col0\":\"1000\",\"col1\":\"100\",\"col2\":\"1250\",\"col3\":\"1250\",\"col4\":\"460\",\"col5\":\"50\",\"col6\":\"14\"},\"row8\":{\"col0\":\"1000\",\"col1\":\"112\",\"col2\":\"1250\",\"col3\":\"1250\",\"col4\":\"460\",\"col5\":\"50\",\"col6\":\"14\"},\"row9\":{\"col0\":\"1000\",\"col1\":\"132\",\"col2\":\"1250\",\"col3\":\"1250\",\"col4\":\"465\",\"col5\":\"50\",\"col6\":\"14\"}}}}},\"18\":[\"53\"],\"19\":[\"55\",\"56\"],\"12\":\"Wall or roof mounting where ducting is not required.\",\"11\":\"<p>Plate Mounted Axial fan Phasellus sed sollicitudin nisl. Praesent at euismod dui. Donec hendrerit quam turpis. Curabitur sed pharetra erat, at mollis est. Maecenas vel pharetra ligula.<\\/p>\",\"16\":{\"48\":{\"type\":\"3\",\"fields\":{\"fd_st_noteText\":\"1. This type of fan can be fitted beneath in LOW PROFILE or VERTICAL JET ROOF COWL as supplied by Victoria Fans.\"}}}}}', '2017-03-24 11:46:36', '2017-03-24 11:46:36', '6b62a812-45ae-4350-a7a7-4dd7bcf63025'),
 ('101', '24', '3', '1', 'en', '5', '', '{\"typeId\":\"3\",\"authorId\":\"1\",\"title\":\"Long Cased Axial\",\"slug\":\"long-cased-axial-flow-fans\",\"postDate\":1488211740,\"expiryDate\":null,\"enabled\":1,\"parentId\":\"17\",\"fields\":{\"34\":\"\",\"13\":\"\",\"21\":\"\",\"18\":[\"54\"],\"19\":\"\",\"12\":\"\",\"11\":\"<p>Long Cased Axial&nbsp;Mauris tristique nunc eu orci sollicitudin ultricies. Duis ultricies eros scelerisque bibendum viverra. Suspendisse volutpat sagittis pretium. Suspendisse porttitor faucibus quam, in dapibus odio semper ac. Pellentesque a sapien tincidunt, consequat tortor sit amet, tempor magna. Nullam blandit vitae lectus id efficitur.<\\/p>\",\"16\":\"\"}}', '2017-03-24 11:47:56', '2017-03-24 11:47:56', '18c6356b-d947-4a25-b30c-ec7a6b0e0f07'),
 ('102', '25', '3', '1', 'en', '3', '', '{\"typeId\":\"3\",\"authorId\":\"1\",\"title\":\"Short Cased Axial\",\"slug\":\"short-cased-axial-flow-fans\",\"postDate\":1488211800,\"expiryDate\":null,\"enabled\":1,\"parentId\":\"17\",\"fields\":{\"34\":\"\",\"13\":\"\",\"21\":\"\",\"18\":[\"53\"],\"19\":\"\",\"12\":\"\",\"11\":\"<p>Short Cased Axial&nbsp;Pellentesque id mollis lacus. Aenean quis urna mauris. Aenean laoreet ipsum non laoreet vehicula. Sed egestas interdum venenatis. Sed vel nisl eu nulla lacinia consectetur.<\\/p>\",\"16\":\"\"}}', '2017-03-24 11:48:39', '2017-03-24 11:48:39', 'aafcf870-20cd-4835-8fd1-ec3d989186bf'),
 ('103', '27', '3', '1', 'en', '3', '', '{\"typeId\":\"3\",\"authorId\":\"1\",\"title\":\"Roof Extract Axial\",\"slug\":\"roof-extract-axial-flow-fans\",\"postDate\":1488211800,\"expiryDate\":null,\"enabled\":1,\"parentId\":\"17\",\"fields\":{\"34\":\"\",\"13\":\"\",\"21\":\"\",\"18\":[\"53\"],\"19\":\"\",\"12\":\"\",\"11\":\"<p>Roof Extract Axial&nbsp;Vestibulum fringilla purus vel odio volutpat, id congue velit pellentesque. Ut ullamcorper, dolor eu mattis tincidunt, dui metus blandit nisi, pharetra tristique ante tortor id elit. Curabitur orci justo, commodo vel suscipit quis, mollis quis magna.<\\/p>\",\"16\":\"\"}}', '2017-03-24 11:49:15', '2017-03-24 11:49:15', '320b46b5-d739-496a-ba63-bd440b542e47'),
 ('104', '28', '3', '1', 'en', '3', '', '{\"typeId\":\"3\",\"authorId\":\"1\",\"title\":\"Man Cooler Axial\",\"slug\":\"man-cooler-axial-flow-fans\",\"postDate\":1488211800,\"expiryDate\":null,\"enabled\":1,\"parentId\":\"17\",\"fields\":{\"34\":\"\",\"13\":\"\",\"21\":\"\",\"18\":[\"54\"],\"19\":\"\",\"12\":\"\",\"11\":\"<p>Man Cooler Axial&nbsp;Vestibulum posuere magna quis egestas gravida. Curabitur cursus leo vel lacinia placerat. Nulla tincidunt imperdiet ante ut tristique. Cras molestie dolor ipsum, eget convallis dui volutpat quis.&nbsp;<\\/p>\",\"16\":\"\"}}', '2017-03-24 11:49:45', '2017-03-24 11:49:45', '76a404f6-93e1-436c-8cb8-94bd4de42644'),
 ('106', '22', '3', '1', 'en', '4', '', '{\"typeId\":\"3\",\"authorId\":\"1\",\"title\":\"Conical Bifurcated\",\"slug\":\"conical-bifurcated-fans\",\"postDate\":1488211740,\"expiryDate\":null,\"enabled\":1,\"parentId\":\"19\",\"fields\":{\"34\":\"\",\"13\":\"\",\"21\":\"\",\"18\":[\"54\"],\"19\":\"\",\"12\":\"\",\"11\":\"<p>Conical&nbsp;Sed ultrices hendrerit velit non efficitur. Mauris nisl neque, aliquam ut eros eget, tristique mollis nunc. Mauris vitae mi posuere, suscipit eros eget, pellentesque arcu. Pellentesque efficitur mauris a magna congue faucibus.<\\/p>\",\"16\":\"\"}}', '2017-03-24 11:50:58', '2017-03-24 11:50:58', '8ddaabe6-fbbd-4b1a-b28d-2e4fc29e91c4'),
 ('107', '31', '3', '1', 'en', '2', '', '{\"typeId\":\"3\",\"authorId\":\"1\",\"title\":\"Plate Mounted Axial\",\"slug\":\"product-specification-1\",\"postDate\":1488211380,\"expiryDate\":null,\"enabled\":1,\"parentId\":\"21\",\"fields\":{\"34\":\"\",\"13\":\"\",\"21\":\"\",\"18\":[\"54\"],\"19\":\"\",\"12\":\"\",\"11\":\"<p>Flameproof Plate Mounted Axial&nbsp;Morbi ut dapibus eros, eu vehicula nisl. Integer elementum vestibulum orci. Fusce hendrerit rutrum pharetra. Nam ornare efficitur metus, a vestibulum turpis vulputate vitae. Nulla in ipsum sagittis, pulvinar dui sit amet, commodo nunc.<\\/p>\",\"16\":\"\"}}', '2017-03-24 11:51:45', '2017-03-24 11:51:45', 'e50cd22c-0ff1-4c04-b550-c6d5ac41e706'),
 ('108', '30', '3', '1', 'en', '4', '', '{\"typeId\":\"3\",\"authorId\":\"1\",\"title\":\"High Pressure Centrifugal Blowers\",\"slug\":\"high-pressure-blowers\",\"postDate\":1488212220,\"expiryDate\":null,\"enabled\":1,\"parentId\":\"20\",\"fields\":{\"34\":\"\",\"13\":\"\",\"21\":\"\",\"18\":[\"53\"],\"19\":\"\",\"12\":\"\",\"11\":\"<p>High Pressure Centrifugal Blowers..Fusce volutpat odio vel purus tincidunt semper. Aliquam at maximus mi. Integer congue dapibus congue. Etiam tempus est sit amet erat maximus, vel ultricies tortor vestibulum.&nbsp;&nbsp;<\\/p>\",\"16\":\"\"}}', '2017-03-24 11:52:18', '2017-03-24 11:52:18', '8920101a-38cb-4cc2-aa76-e60267f148ad'),
 ('109', '32', '3', '1', 'en', '3', '', '{\"typeId\":\"3\",\"authorId\":\"1\",\"title\":\"Paddle Bladed Centrifugal Fans\",\"slug\":\"paddle-bladed\",\"postDate\":1488212280,\"expiryDate\":null,\"enabled\":1,\"parentId\":\"20\",\"fields\":{\"34\":\"\",\"13\":\"\",\"21\":\"\",\"18\":[\"54\"],\"19\":\"\",\"12\":\"\",\"11\":\"<p>Paddle&nbsp;Nullam mattis magna quis metus semper viverra non at eros. Vestibulum rhoncus pharetra nibh, at scelerisque turpis elementum quis. Curabitur elit dolor, fringilla quis lacus ac, efficitur lobortis enim.<\\/p>\",\"16\":\"\"}}', '2017-03-24 11:52:44', '2017-03-24 11:52:44', 'c01a739a-28d3-4b5e-bf4e-a8140bcd088b'),
 ('110', '33', '3', '1', 'en', '3', '', '{\"typeId\":\"3\",\"authorId\":\"1\",\"title\":\"Forward Curved Centrifugal Fans\",\"slug\":\"forward-curved\",\"postDate\":1488212280,\"expiryDate\":null,\"enabled\":1,\"parentId\":\"20\",\"fields\":{\"34\":\"\",\"13\":\"\",\"21\":\"\",\"18\":[\"53\"],\"19\":\"\",\"12\":\"\",\"11\":\"<p>Forward&nbsp;Pellentesque tincidunt lacinia semper. Sed lacinia eget est non commodo. Aliquam leo dolor, molestie ac ex at, ultricies consectetur neque. Fusce eget dignissim eros, id mollis est. Aenean at vehicula ante, eu imperdiet lorem.<\\/p>\",\"16\":\"\"}}', '2017-03-24 11:53:11', '2017-03-24 11:53:11', '97ed2ae9-64f1-4ccc-8628-7b0fbc824cf8'),
 ('111', '35', '3', '1', 'en', '2', '', '{\"typeId\":\"3\",\"authorId\":\"1\",\"title\":\"Aerofoil Centrifugal Fans\",\"slug\":\"aerofoil-centrifugal-fans\",\"postDate\":1488212340,\"expiryDate\":null,\"enabled\":1,\"parentId\":\"20\",\"fields\":{\"34\":\"\",\"13\":\"\",\"21\":\"\",\"18\":[\"54\"],\"19\":\"\",\"12\":\"\",\"11\":\"<p>Aerofoil&nbsp;Duis at leo sed mauris aliquam facilisis eu et neque. Mauris ut massa orci. Vestibulum vitae arcu sed lectus sagittis porttitor eget id sapien. Nulla vehicula nibh quis tortor bibendum posuere vitae in diam.<\\/p>\",\"16\":\"\"}}', '2017-03-24 11:53:44', '2017-03-24 11:53:44', '91168341-df33-43b3-a0cb-ca1527cae740'),
 ('112', '21', '3', '1', 'en', '5', '', '{\"typeId\":\"4\",\"authorId\":\"1\",\"title\":\"Flameproof Fans EXD Zone 1 & 2\",\"slug\":\"flameproof-fans\",\"postDate\":1488211680,\"expiryDate\":null,\"enabled\":1,\"parentId\":\"\",\"fields\":{\"3\":\"<p>Morbi quis pulvinar nisi. Proin et magna enim. Donec quis mi vitae diam fringilla placerat et hendrerit massa. Vestibulum sit amet urna posuere diam lacinia egestas.<\\/p>\",\"4\":\"\",\"25\":[\"60\"],\"7\":\"\"}}', '2017-03-27 13:18:34', '2017-03-27 13:18:34', '78ac0f51-d56a-4cba-a87e-42bc6069d347'),
 ('113', '20', '3', '1', 'en', '7', '', '{\"typeId\":\"4\",\"authorId\":\"1\",\"title\":\"Centrifugal Fans\",\"slug\":\"centrifugal-fans\",\"postDate\":1488211680,\"expiryDate\":null,\"enabled\":1,\"parentId\":\"\",\"fields\":{\"3\":\"<p>Praesent non elit nec sem interdum suscipit quis imperdiet felis. Praesent nulla ligula, consectetur sit amet tortor commodo, tristique viverra ex. Pellentesque laoreet erat sit amet sagittis tempor.<\\/p>\",\"4\":{\"76\":{\"type\":\"1\",\"fields\":{\"fd_St_Header\":\"Applications\",\"fd_st_text\":\"<p>Engineers must consider the use of Centrifugal Fans instead of Axial fans for some of the following reasons:<\\/p>\\r\\n<ol><li><ol><li>High Temperature<\\/li><li>Low Noise Levels<\\/li><li>Dust & Fume Extract<\\/li><li>High Static Watergauge<\\/li><\\/ol><\\/li><\\/ol>\"}},\"77\":{\"type\":\"1\",\"fields\":{\"fd_St_Header\":\"Types of Centrifugal Fans\",\"fd_st_text\":\"<p>There are different types of Centrifugal Fans covering air volumes from 85 to 100,000m\\u00b3\\/hr and from 25 to 15,000 PA.&nbsp; Each application requires a fan with different characteristics, whether it be the blade design, the width of the casing or even the method of drive.&nbsp; By way of a guide as to which is the best fan for certain projects, we list below information that might assist the potential user.<\\/p>\"}},\"new1\":{\"type\":\"1\",\"fields\":{\"fd_St_Header\":\"Paddle Blade Fans\",\"fd_st_text\":\"<p>This type of fan is used for the conveying of dust, wood and paper refuse, cotton fly etc.&nbsp; Since the blade design prevents \\u2018build up\\u2019 of waste materials, discharge velocities vary dependent upon what is being conveyed in the air stream.&nbsp; Normally in the region of 7-20 mtrs\\/sec.<\\/p>\"}},\"new2\":{\"type\":\"1\",\"fields\":{\"fd_St_Header\":\"Multivane or Forward Curved Fans\",\"fd_st_text\":\"<p>Used for general ventilation purposes \\u2013 not good for dust etc.&nbsp; Limited pressure characteristics.&nbsp; Normal discharge velocities 5-13 mts\\/sec<\\/p>\"}},\"new3\":{\"type\":\"1\",\"fields\":{\"fd_St_Header\":\"Backward Curved or Backward Sloping Fans\",\"fd_st_text\":\"<p>Non overloading power characteristics suitable for very light dust applications (eg clean side of dust collector) where a good efficiency is required.&nbsp; Used for high pressure ventilation systems or where the system resistance could fluctuate.&nbsp; Normal velocities 9-16 mts\\/sec<\\/p>\"}},\"new4\":{\"type\":\"1\",\"fields\":{\"fd_St_Header\":\"Aerofoil Fans\",\"fd_st_text\":\"<p>The most efficient of all centrifugals fans, ideally suited to general ventilation projects where there is no possibility of dust contamination.&nbsp; Recommend for high pressure ventilation systems or where the system resistance could fluctuate.&nbsp; Normal discharge velocities 7-15 mts\\/sec.<\\/p>\"}},\"new5\":{\"type\":\"1\",\"fields\":{\"fd_St_Header\":\"High Pressure Blowers\",\"fd_st_text\":\"<p>As their name suggests, these fans are applied where the requirement is for high velocities, eg Air Curtains, refuse conveying etc&nbsp; Normal discharge velocities 15-30 mts\\/sec.<\\/p>\"}}},\"25\":[\"59\"],\"7\":\"Since forward curved and paddle blade fans have overloading power characteristics it is important that the static selection pressure is achieved.  Any reduction in the requirements could easily overload the motor.\"}}', '2017-03-27 14:32:13', '2017-03-27 14:32:13', '53810db2-aaf8-4ffd-8c44-3656babdac53'),
 ('114', '17', '3', '1', 'en', '11', '', '{\"typeId\":\"4\",\"authorId\":\"1\",\"title\":\"Axial Flow Fans\",\"slug\":\"axial-flow-fans\",\"postDate\":1488211320,\"expiryDate\":null,\"enabled\":1,\"parentId\":\"\",\"fields\":{\"48\":\"\",\"49\":\"\",\"50\":\"\",\"51\":\"\",\"52\":\"\",\"53\":\"\",\"3\":\"<p>An&nbsp;<b>axial fan<\\/b>&nbsp;is a type of a compressor that increases the pressure of the air flowing through it. The blades of the&nbsp;<b>axial flow fan<\\/b>&nbsp;forces air to move parallel to the shaft about which the blades rotate. In other words, the&nbsp;<b>flow<\\/b>&nbsp;is axially in and axially out, linearly, hence their name.<\\/p>\",\"4\":{\"36\":{\"type\":\"1\",\"fields\":{\"fd_St_Header\":\"Arrangement\",\"fd_st_text\":\"<p>Direct driven Single or Multi stage fans suitable for vertical or horizontal mounting.\\r\\n  <\\/p>\"}},\"37\":{\"type\":\"1\",\"fields\":{\"fd_St_Header\":\"Staging Of Axial Flow Fans\",\"fd_st_text\":\"<p>By running two Long Cased Fans in series with contra-rotating impellers, it is possible to achieve up to three times the pressure of a single stage fan of equal diameter and speed.\\r\\n  <\\/p>\"}},\"38\":{\"type\":\"1\",\"fields\":{\"fd_St_Header\":\"Long Cased Type\",\"fd_st_text\":\"<p>In this instance the casing covers the entire length of the motor and impeller and an inspection door is provided.&nbsp; Essentially for duct mounting where flanges are bolted back and front.\\r\\n  <\\/p>\"}},\"41\":{\"type\":\"1\",\"fields\":{\"fd_St_Header\":\"Short Cased Type\",\"fd_st_text\":\"<p>The casing covers the impeller track and a portion of the motor projects beyond the end of the flange. Best installed at the end of a duct or on Air Conditioning equipment.\\r\\n  <\\/p>\"}},\"42\":{\"type\":\"1\",\"fields\":{\"fd_St_Header\":\"Motors\",\"fd_st_text\":\"<p>In most instances foot mounted TEFC IEC 600034-1.&nbsp; Electric motors are fitted with metric dimensions.&nbsp;&nbsp; The motors are selected to cover the \\u2018peak\\u2019 power absorbed for fan blade pitch angle and speed.&nbsp; Most standard motors have Class \\u2018F\\u2019 insulation and are suitable for operating at temperatures of up to 50\\u00b0C (122\\u00b0F). Higher temperatures available if required.\\r\\n  <\\/p>\\r\\n<p>The standard voltages are 220, 230\\/380, 380, 240\\/215 and 460.&nbsp; Motors can be wound for any voltage and frequency and also for dual voltage.&nbsp; The use of standard foot mounted motors of this type guarantees inter-changeability in most countries of the world with machines of similar speed\\/kw. INVERTER CONTROLLED, FLAMEPROOF, SINGLE PHASE, 2 SPEED AND COMPANY SPECIFICATION MOTORS CAN ALWAYS BE OBTAINED.\\r\\n  <\\/p>\"}},\"43\":{\"type\":\"1\",\"fields\":{\"fd_St_Header\":\"Standard Impellers 250-1250mm Dia\",\"fd_st_text\":\"<p>Impellers have aerofoil section polypropylene blades fitted into a die-cast aluminium hub.&nbsp; Five different blade angles are available and each blade is individually replaceable in the event of breakage.&nbsp; Aluminium blades are also available in selected angles.\\r\\n  <\\/p>\"}},\"44\":{\"type\":\"1\",\"fields\":{\"fd_St_Header\":\"Special Impellers 250-2000mm Dia\",\"fd_st_text\":\"<p>Impellers have aerofoil variable pitch aluminium blades fixed into a die-cast aluminium hub.\\r\\n  <\\/p>\"}},\"63\":{\"type\":\"1\",\"fields\":{\"fd_St_Header\":\"Fractional Solidity Impellers\",\"fd_st_text\":\"<p>All sizes of impellers can supplied with varying number of blades to suit the application.&nbsp; This has the effect of reducing the static capability of the fan whilst retaining a high efficiency.<\\/p>\"}},\"64\":{\"type\":\"1\",\"fields\":{\"fd_St_Header\":\"Example of Coding\",\"fd_st_text\":\"<p>A typical example of coding is 630\\/9\\/35 indicating :\\r\\n  <\\/p>\\r\\n<ul><li>630 diameter in mm<\\/li><li>9 number of blades<\\/li><li>35 blade angle in degrees<\\/li><\\/ul>\"}},\"65\":{\"type\":\"1\",\"fields\":{\"fd_St_Header\":\"Extra Features Available\",\"fd_st_text\":\"<p>Mounting feet, flexible connections, AV Mountings, Mating Flanges, Inlet Cones, Guards, Back-draught shutters, Special Paint.&nbsp; Finishes: External Terminal Box.<\\/p>\"}},\"66\":{\"type\":\"1\",\"fields\":{\"fd_St_Header\":\"Finish\",\"fd_st_text\":\"<ul><li>Standard Fans: Galvanised<\\/li><li>Optional Finishes: Epoxy Resin, Metal Spraying<\\/li><\\/ul>\"}}},\"25\":[\"59\"],\"7\":\"All Long and Short cased fans can be supplied with 304 or 316 Stainless Steel Casings\"}}', '2017-07-24 15:46:45', '2017-07-24 15:46:45', 'ddfd46e9-7808-40d5-84aa-8fcccca2e04a');
INSERT INTO `craft_entryversions` (`id`, `entryId`, `sectionId`, `creatorId`, `locale`, `num`, `notes`, `data`, `dateCreated`, `dateUpdated`, `uid`) VALUES
 ('115', '17', '3', '1', 'en', '12', '', '{\"typeId\":\"4\",\"authorId\":\"1\",\"title\":\"Axial Flow Fans\",\"slug\":\"axial-flow-fans\",\"postDate\":1488211320,\"expiryDate\":null,\"enabled\":1,\"parentId\":\"\",\"fields\":{\"48\":\"\",\"49\":\"\",\"50\":\"\",\"51\":\"\",\"52\":\"\",\"53\":\"\",\"3\":\"<p>Our Axial Fans can be supplied as both cased and plate mounted versions. These fans are suitable for most applications including general ventilation for large, medium and small industrial spaces. &nbsp;The size of space and purpose will determine which variant and size of fan is most appropriate to your specific requirement. &nbsp;Our experts are on hand to assist you with choosing the correct fan.<\\/p>\",\"4\":{\"36\":{\"type\":\"1\",\"fields\":{\"fd_St_Header\":\"Arrangement\",\"fd_st_text\":\"<p>Direct driven Single or Multi stage fans suitable for vertical or horizontal mounting.\\r\\n  <\\/p>\"}},\"37\":{\"type\":\"1\",\"fields\":{\"fd_St_Header\":\"Staging Of Axial Flow Fans\",\"fd_st_text\":\"<p>By running two Long Cased Fans in series with contra-rotating impellers, it is possible to achieve up to three times the pressure of a single stage fan of equal diameter and speed.\\r\\n  <\\/p>\"}},\"38\":{\"type\":\"1\",\"fields\":{\"fd_St_Header\":\"Long Cased Type\",\"fd_st_text\":\"<p>In this instance the casing covers the entire length of the motor and impeller and an inspection door is provided.&nbsp; Essentially for duct mounting where flanges are bolted back and front.\\r\\n  <\\/p>\"}},\"41\":{\"type\":\"1\",\"fields\":{\"fd_St_Header\":\"Short Cased Type\",\"fd_st_text\":\"<p>The casing covers the impeller track and a portion of the motor projects beyond the end of the flange. Best installed at the end of a duct or on Air Conditioning equipment.\\r\\n  <\\/p>\"}},\"42\":{\"type\":\"1\",\"fields\":{\"fd_St_Header\":\"Motors\",\"fd_st_text\":\"<p>In most instances foot mounted TEFC IEC 600034-1.&nbsp; Electric motors are fitted with metric dimensions.&nbsp;&nbsp; The motors are selected to cover the \\u2018peak\\u2019 power absorbed for fan blade pitch angle and speed.&nbsp; Most standard motors have Class \\u2018F\\u2019 insulation and are suitable for operating at temperatures of up to 50\\u00b0C (122\\u00b0F). Higher temperatures available if required.\\r\\n  <\\/p>\\r\\n<p>The standard voltages are 220, 230\\/380, 380, 240\\/215 and 460.&nbsp; Motors can be wound for any voltage and frequency and also for dual voltage.&nbsp; The use of standard foot mounted motors of this type guarantees inter-changeability in most countries of the world with machines of similar speed\\/kw. INVERTER CONTROLLED, FLAMEPROOF, SINGLE PHASE, 2 SPEED AND COMPANY SPECIFICATION MOTORS CAN ALWAYS BE OBTAINED.\\r\\n  <\\/p>\"}},\"43\":{\"type\":\"1\",\"fields\":{\"fd_St_Header\":\"Standard Impellers 250-1250mm Dia\",\"fd_st_text\":\"<p>Impellers have aerofoil section polypropylene blades fitted into a die-cast aluminium hub.&nbsp; Five different blade angles are available and each blade is individually replaceable in the event of breakage.&nbsp; Aluminium blades are also available in selected angles.\\r\\n  <\\/p>\"}},\"44\":{\"type\":\"1\",\"fields\":{\"fd_St_Header\":\"Special Impellers 250-2000mm Dia\",\"fd_st_text\":\"<p>Impellers have aerofoil variable pitch aluminium blades fixed into a die-cast aluminium hub.\\r\\n  <\\/p>\"}},\"63\":{\"type\":\"1\",\"fields\":{\"fd_St_Header\":\"Fractional Solidity Impellers\",\"fd_st_text\":\"<p>All sizes of impellers can supplied with varying number of blades to suit the application.&nbsp; This has the effect of reducing the static capability of the fan whilst retaining a high efficiency.<\\/p>\"}},\"64\":{\"type\":\"1\",\"fields\":{\"fd_St_Header\":\"Example of Coding\",\"fd_st_text\":\"<p>A typical example of coding is 630\\/9\\/35 indicating :\\r\\n  <\\/p>\\r\\n<ul><li>630 diameter in mm<\\/li><li>9 number of blades<\\/li><li>35 blade angle in degrees<\\/li><\\/ul>\"}},\"65\":{\"type\":\"1\",\"fields\":{\"fd_St_Header\":\"Extra Features Available\",\"fd_st_text\":\"<p>Mounting feet, flexible connections, AV Mountings, Mating Flanges, Inlet Cones, Guards, Back-draught shutters, Special Paint.&nbsp; Finishes: External Terminal Box.<\\/p>\"}},\"66\":{\"type\":\"1\",\"fields\":{\"fd_St_Header\":\"Finish\",\"fd_st_text\":\"<ul><li>Standard Fans: Galvanised<\\/li><li>Optional Finishes: Epoxy Resin, Metal Spraying<\\/li><\\/ul>\"}}},\"25\":[\"59\"],\"7\":\"All Long and Short cased fans can be supplied with 304 or 316 Stainless Steel Casings\"}}', '2017-07-24 16:29:19', '2017-07-24 16:29:19', '1f0d7cfa-f109-4015-8f33-44dcf3a95c28'),
 ('116', '108', '3', '1', 'en', '1', '', '{\"typeId\":\"4\",\"authorId\":\"1\",\"title\":\"Axial & Bifurcated Ancillaries\",\"slug\":\"axial-bifurcated-ancillaries\",\"postDate\":1500974583,\"expiryDate\":null,\"enabled\":1,\"parentId\":\"\",\"fields\":{\"48\":\"\",\"49\":\"\",\"50\":\"\",\"51\":\"\",\"52\":\"\",\"53\":\"\",\"3\":\"<p>The following ancillaries can be provided as optional extras for Axial and Bifurcated Fans<\\/p>\",\"4\":{\"new1\":{\"type\":\"1\",\"fields\":{\"fd_St_Header\":\"\",\"fd_st_text\":\"\"}}},\"25\":\"\",\"7\":\"\"}}', '2017-07-25 09:23:03', '2017-07-25 09:23:03', 'a7a662d4-2de2-4151-b98b-6677bcfa66c4'),
 ('117', '110', '3', '1', 'en', '1', '', '{\"typeId\":\"3\",\"authorId\":\"1\",\"title\":\"Mounting Feet\",\"slug\":\"mounting-feet\",\"postDate\":1500974629,\"expiryDate\":null,\"enabled\":1,\"parentId\":\"\",\"fields\":{\"34\":\"\",\"13\":\"\",\"21\":\"\",\"18\":\"\",\"19\":\"\",\"48\":\"\",\"49\":\"\",\"50\":\"\",\"51\":\"\",\"52\":\"\",\"53\":\"\",\"12\":\"\",\"11\":\"\",\"16\":\"\"}}', '2017-07-25 09:23:49', '2017-07-25 09:23:49', '7812b98f-eb99-415b-8acb-ba81719bfecb'),
 ('118', '111', '3', '1', 'en', '1', '', '{\"typeId\":\"3\",\"authorId\":\"1\",\"title\":\"A. V. Mounts\",\"slug\":\"a-v-mounts\",\"postDate\":1500974644,\"expiryDate\":null,\"enabled\":1,\"parentId\":\"\",\"fields\":{\"34\":\"\",\"13\":\"\",\"21\":\"\",\"18\":\"\",\"19\":\"\",\"48\":\"\",\"49\":\"\",\"50\":\"\",\"51\":\"\",\"52\":\"\",\"53\":\"\",\"12\":\"\",\"11\":\"\",\"16\":\"\"}}', '2017-07-25 09:24:04', '2017-07-25 09:24:04', 'f3c17ca0-3f2a-4433-8758-b8442ffc1bd9'),
 ('119', '108', '3', '1', 'en', '2', '', '{\"typeId\":\"4\",\"authorId\":\"1\",\"title\":\"Axial & Bifurcated Ancillaries\",\"slug\":\"axial-bifurcated-ancillaries\",\"postDate\":1500974580,\"expiryDate\":null,\"enabled\":1,\"parentId\":\"\",\"fields\":{\"48\":\"\",\"49\":\"\",\"50\":\"\",\"51\":\"\",\"52\":\"\",\"53\":\"\",\"3\":\"<p>The following ancillaries can be provided as optional extras for Axial and Bifurcated Fans<\\/p>\",\"4\":\"\",\"25\":\"\",\"7\":\"\"}}', '2017-07-25 09:25:57', '2017-07-25 09:25:57', '11bc6dc9-16d4-48c1-984d-72aaacfbb659'),
 ('120', '112', '3', '1', 'en', '1', '', '{\"typeId\":\"3\",\"authorId\":\"1\",\"title\":\"Mating Flanges\",\"slug\":\"mating-flanges\",\"postDate\":1500974808,\"expiryDate\":null,\"enabled\":1,\"parentId\":\"\",\"fields\":{\"34\":\"\",\"13\":\"\",\"21\":\"\",\"18\":\"\",\"19\":\"\",\"48\":\"\",\"49\":\"\",\"50\":\"\",\"51\":\"\",\"52\":\"\",\"53\":\"\",\"12\":\"\",\"11\":\"\",\"16\":\"\"}}', '2017-07-25 09:26:48', '2017-07-25 09:26:48', '0f6870d4-989b-495c-96ed-9a23a533e5c9'),
 ('121', '113', '3', '1', 'en', '1', '', '{\"typeId\":\"3\",\"authorId\":\"1\",\"title\":\"Flexible Connections\",\"slug\":\"flexible-connections\",\"postDate\":1500974829,\"expiryDate\":null,\"enabled\":1,\"parentId\":\"\",\"fields\":{\"34\":\"\",\"13\":\"\",\"21\":\"\",\"18\":\"\",\"19\":\"\",\"48\":\"\",\"49\":\"\",\"50\":\"\",\"51\":\"\",\"52\":\"\",\"53\":\"\",\"12\":\"\",\"11\":\"\",\"16\":\"\"}}', '2017-07-25 09:27:09', '2017-07-25 09:27:09', '84525714-34dc-4771-a4bb-886808079ca0'),
 ('122', '110', '3', '1', 'en', '2', '', '{\"typeId\":\"3\",\"authorId\":\"1\",\"title\":\"Mounting Feet\",\"slug\":\"mounting-feet\",\"postDate\":1500974580,\"expiryDate\":null,\"enabled\":1,\"parentId\":\"108\",\"fields\":{\"34\":\"\",\"13\":\"\",\"21\":\"\",\"18\":\"\",\"19\":[\"117\"],\"48\":\"\",\"49\":\"\",\"50\":\"\",\"51\":\"\",\"52\":\"\",\"53\":\"\",\"12\":\"\",\"11\":\"\",\"16\":\"\"}}', '2017-07-25 09:36:30', '2017-07-25 09:36:30', 'c0adb453-1e9e-43a1-a8de-42603812187a'),
 ('123', '111', '3', '1', 'en', '2', '', '{\"typeId\":\"3\",\"authorId\":\"1\",\"title\":\"A. V. Mounts\",\"slug\":\"a-v-mounts\",\"postDate\":1500974640,\"expiryDate\":null,\"enabled\":1,\"parentId\":\"108\",\"fields\":{\"34\":\"\",\"13\":\"\",\"21\":\"\",\"18\":\"\",\"19\":[\"114\"],\"48\":\"\",\"49\":\"\",\"50\":\"\",\"51\":\"\",\"52\":\"\",\"53\":\"\",\"12\":\"\",\"11\":\"\",\"16\":\"\"}}', '2017-07-25 09:36:44', '2017-07-25 09:36:44', 'b65f14ac-78f8-4624-a93b-1aff90e14eef'),
 ('124', '112', '3', '1', 'en', '2', '', '{\"typeId\":\"3\",\"authorId\":\"1\",\"title\":\"Mating Flanges\",\"slug\":\"mating-flanges\",\"postDate\":1500974760,\"expiryDate\":null,\"enabled\":1,\"parentId\":\"108\",\"fields\":{\"34\":\"\",\"13\":\"\",\"21\":\"\",\"18\":\"\",\"19\":[\"116\"],\"48\":\"\",\"49\":\"\",\"50\":\"\",\"51\":\"\",\"52\":\"\",\"53\":\"\",\"12\":\"\",\"11\":\"\",\"16\":\"\"}}', '2017-07-25 09:36:55', '2017-07-25 09:36:55', '01939253-a528-43d5-ad06-a20c4ca9a2cf'),
 ('125', '113', '3', '1', 'en', '2', '', '{\"typeId\":\"3\",\"authorId\":\"1\",\"title\":\"Flexible Connections\",\"slug\":\"flexible-connections\",\"postDate\":1500974820,\"expiryDate\":null,\"enabled\":1,\"parentId\":\"108\",\"fields\":{\"34\":\"\",\"13\":\"\",\"21\":\"\",\"18\":\"\",\"19\":[\"115\"],\"48\":\"\",\"49\":\"\",\"50\":\"\",\"51\":\"\",\"52\":\"\",\"53\":\"\",\"12\":\"\",\"11\":\"\",\"16\":\"\"}}', '2017-07-25 09:37:05', '2017-07-25 09:37:05', 'acd33a66-4ace-42c7-991d-dad1ec882898'),
 ('126', '19', '3', '1', 'en', '7', '', '{\"typeId\":\"4\",\"authorId\":\"1\",\"title\":\"Bifurcated Fans\",\"slug\":\"bifurcated-fans\",\"postDate\":1488211620,\"expiryDate\":null,\"enabled\":1,\"parentId\":\"\",\"fields\":{\"48\":\"\",\"49\":\"\",\"50\":\"\",\"51\":\"\",\"52\":\"\",\"53\":\"\",\"3\":\"<p>Bifurcated fans are used to exhaust a wide variety of hot gases, paint fumes, smoke, steam and dust in suspension.<\\/p>\",\"4\":{\"67\":{\"type\":\"1\",\"fields\":{\"fd_St_Header\":\"Uses\",\"fd_st_text\":\"<p>For exhausting hot gasses, paint fumes (excluding, cellulose), steam, smoke and dust laden air, available in diameters 250-1250mm.<\\/p>\"}},\"68\":{\"type\":\"1\",\"fields\":{\"fd_St_Header\":\"Fan Type NT\",\"fd_st_text\":\"<p>Normal Temperature \\u2013 upto 80\\u00b0C (176\\u00b0F).&nbsp;&nbsp; Constructed in mild steel with a polypropylene impeller and Class F insulation motor.&nbsp;&nbsp; Special corrosion- resistant finishes available. &nbsp;Standard finish - Galvanised.<\\/p>\"}},\"69\":{\"type\":\"1\",\"fields\":{\"fd_St_Header\":\"Fan Type HT\",\"fd_st_text\":\"<p>High Temperature&nbsp; - upto 200\\u00b0C (392\\u00b0F).&nbsp; Constructed in mild steel with an aluminium impeller and Class F insulation motor.&nbsp; Special corrosion- resistant finishes available. Standard finish&nbsp; - galvanised.<\\/p>\"}},\"70\":{\"type\":\"1\",\"fields\":{\"fd_St_Header\":\"Motors\",\"fd_st_text\":\"<p>Standard three or single phase motors can be fitted along with ATEX ZONE 1 or 2 and company specification units when required.<\\/p>\"}},\"71\":{\"type\":\"1\",\"fields\":{\"fd_St_Header\":\"Plastic Fans\",\"fd_st_text\":\"<p>This range of fans can also be constructed from rigid PVC sheet reinforced with fibreglass and suitable for a wide fans of uses in the chemical industry and in the extraction of acid fumes from industrial processes.&nbsp; Dimensions and performance data as for normal Bifurcated fans.\\r\\n  <\\/p>\\r\\n<p>For exhausting hot gasses, chemical vapours, steam and moisture laden air, available in diameters 250-1000mm.&nbsp; Max temp 60\\u00b0C<\\/p>\"}},\"72\":{\"type\":\"1\",\"fields\":{\"fd_St_Header\":\"Stainless Steel Fan Type 304\",\"fd_st_text\":\"<p>Ideal for use in the catering industry for air temperature upto 80\\u00b0C (176\\u00b0F).&nbsp; For exhausting warm air and steam.&nbsp; Constructed throughout in stainless steel with a polypropylene impeller and Class \\u2018F\\u2019 standard motor with a stainless steel extended shaft.<\\/p>\"}},\"73\":{\"type\":\"1\",\"fields\":{\"fd_St_Header\":\"Stainless Steel Fan Type 316\",\"fd_st_text\":\"<p>Uses mainly in the chemical and allied trades.&nbsp; Suitable for most acid vapours upto 80\\u00b0C (176\\u00b0F).&nbsp; Constructed throughout in stainless steel with a polypropylene impeller and Class F standard motor with a stainless steel extended shaft.<\\/p>\"}},\"74\":{\"type\":\"1\",\"fields\":{\"fd_St_Header\":\"Extra Features Available\",\"fd_st_text\":\"<ul><li>Mounting feet<\\/li><li>flexible connections<\\/li><li>AV Mountings<\\/li><li>Mating Flanges<\\/li><li>Inlet Cones<\\/li><li>Guards<\\/li><li>Back-draught shutters<\\/li><li>Special Paint finishes<\\/li><\\/ul>\"}},\"75\":{\"type\":\"1\",\"fields\":{\"fd_St_Header\":\"Finish\",\"fd_st_text\":\"<ul><li><strong>Standard Fans:<\\/strong> Galvanised<\\/li><li><strong>Optional Finishes:<\\/strong> Epoxy Resin, Metal Spraying<\\/li><\\/ul>\"}}},\"25\":[\"60\"],\"7\":\"For the foodstuffs and chemical industries these fans can be constructed from stainless steel of aluminium at competitive cost.\"}}', '2017-07-25 09:40:23', '2017-07-25 09:40:23', '99b666e5-66d5-48be-af88-fb242ba10c6b'),
 ('127', '19', '3', '1', 'en', '8', '', '{\"typeId\":\"4\",\"authorId\":\"1\",\"title\":\"Bifurcated Fans\",\"slug\":\"bifurcated-fans\",\"postDate\":1488211620,\"expiryDate\":null,\"enabled\":1,\"parentId\":\"\",\"fields\":{\"48\":\"\",\"49\":\"\",\"50\":\"\",\"51\":\"\",\"52\":\"\",\"53\":\"\",\"3\":\"<p>Bifurcated fans are used to exhaust a wide variety of hot gases, paint fumes, smoke, steam and dust in suspension.<\\/p>\",\"4\":{\"67\":{\"type\":\"1\",\"fields\":{\"fd_St_Header\":\"Uses\",\"fd_st_text\":\"<p>For exhausting hot gasses, paint fumes (excluding, cellulose), steam, smoke and dust laden air, available in diameters 250-1250mm.<\\/p>\"}},\"68\":{\"type\":\"1\",\"fields\":{\"fd_St_Header\":\"Fan Type NT\",\"fd_st_text\":\"<p>Normal Temperature \\u2013 upto 80\\u00b0C (176\\u00b0F).&nbsp;&nbsp; Constructed in mild steel with a polypropylene impeller and Class F insulation motor.&nbsp;&nbsp; Special corrosion- resistant finishes available. Standard finish - Galvanised.<\\/p>\"}},\"69\":{\"type\":\"1\",\"fields\":{\"fd_St_Header\":\"Fan Type HT\",\"fd_st_text\":\"<p>High Temperature&nbsp; - upto 200\\u00b0C (392\\u00b0F).&nbsp; Constructed in mild steel with an aluminium impeller and Class F insulation motor.&nbsp; Special corrosion- resistant finishes available. Standard finish&nbsp; - galvanised.<\\/p>\"}},\"70\":{\"type\":\"1\",\"fields\":{\"fd_St_Header\":\"Motors\",\"fd_st_text\":\"<p>Standard three or single phase motors can be fitted along with ATEX ZONE 1 or 2 and company specification units when required.<\\/p>\"}},\"71\":{\"type\":\"1\",\"fields\":{\"fd_St_Header\":\"Plastic Fans\",\"fd_st_text\":\"<p>This range of fans can also be constructed from rigid PVC sheet reinforced with fibreglass and suitable for a wide fans of uses in the chemical industry and in the extraction of acid fumes from industrial processes.&nbsp; Dimensions and performance data as for normal Bifurcated fans.\\r\\n  <\\/p>\\r\\n<p>For exhausting hot gasses, chemical vapours, steam and moisture laden air, available in diameters 250-1000mm.&nbsp; Max temp 60\\u00b0C<\\/p>\"}},\"72\":{\"type\":\"1\",\"fields\":{\"fd_St_Header\":\"Stainless Steel Fan Type 304\",\"fd_st_text\":\"<p>Ideal for use in the catering industry for air temperature upto 80\\u00b0C (176\\u00b0F).&nbsp; For exhausting warm air and steam.&nbsp; Constructed throughout in stainless steel with a polypropylene impeller and Class \\u2018F\\u2019 standard motor with a stainless steel extended shaft.<\\/p>\"}},\"73\":{\"type\":\"1\",\"fields\":{\"fd_St_Header\":\"Stainless Steel Fan Type 316\",\"fd_st_text\":\"<p>Uses mainly in the chemical and allied trades.&nbsp; Suitable for most acid vapours upto 80\\u00b0C (176\\u00b0F).&nbsp; Constructed throughout in stainless steel with a polypropylene impeller and Class F standard motor with a stainless steel extended shaft.<\\/p>\"}},\"74\":{\"type\":\"1\",\"fields\":{\"fd_St_Header\":\"Extra Features Available\",\"fd_st_text\":\"<ul><li>Mounting feet<\\/li><li>flexible connections<\\/li><li>AV Mountings<\\/li><li>Mating Flanges<\\/li><li>Inlet Cones<\\/li><li>Guards<\\/li><li>Back-draught shutters<\\/li><li>Special Paint finishes<\\/li><\\/ul>\"}},\"75\":{\"type\":\"1\",\"fields\":{\"fd_St_Header\":\"Finish\",\"fd_st_text\":\"<ul><li><strong>Standard Fans:<\\/strong> Galvanised<\\/li><li><strong>Optional Finishes:<\\/strong> Epoxy Resin, Metal Spraying<\\/li><\\/ul>\"}}},\"25\":[\"60\"],\"7\":\"For the foodstuffs and chemical industries these fans can be constructed from stainless steel of aluminium at competitive cost.\"}}', '2017-07-25 09:40:35', '2017-07-25 09:40:35', 'f1e318ae-0ee7-40f6-9458-4a4cd947a03f'),
 ('128', '19', '3', '1', 'en', '9', '', '{\"typeId\":\"4\",\"authorId\":\"1\",\"title\":\"Bifurcated Fans\",\"slug\":\"bifurcated-fans\",\"postDate\":1488211620,\"expiryDate\":null,\"enabled\":1,\"parentId\":\"\",\"fields\":{\"48\":\"\",\"49\":\"\",\"50\":\"\",\"51\":\"\",\"52\":\"\",\"53\":\"\",\"3\":\"<p>Bifurcated fans are used to exhaust a wide variety of hot gases, paint fumes, smoke, steam and dust in suspension.<\\/p>\",\"4\":{\"67\":{\"type\":\"1\",\"fields\":{\"fd_St_Header\":\"Uses\",\"fd_st_text\":\"<p>For exhausting hot gasses, paint fumes (excluding, cellulose), steam, smoke and dust laden air, available in diameters 250-1250mm.<\\/p>\"}},\"68\":{\"type\":\"1\",\"fields\":{\"fd_St_Header\":\"Fan Type NT\",\"fd_st_text\":\"<p>Normal Temperature \\u2013 upto 80\\u00b0C (176\\u00b0F).&nbsp;&nbsp; Constructed in mild steel with a polypropylene impeller and Class F insulation motor.&nbsp;&nbsp; Special corrosion- resistant finishes available. Standard finish - Galvanised.<\\/p>\"}},\"69\":{\"type\":\"1\",\"fields\":{\"fd_St_Header\":\"Fan Type HT\",\"fd_st_text\":\"<p>High Temperature&nbsp; - upto 200\\u00b0C (392\\u00b0F).&nbsp; Constructed in mild steel with an aluminium impeller and Class F insulation motor.&nbsp; Special corrosion- resistant finishes available. Standard finish&nbsp; - galvanised.<\\/p>\"}},\"70\":{\"type\":\"1\",\"fields\":{\"fd_St_Header\":\"Motors\",\"fd_st_text\":\"<p>Standard three or single phase motors can be fitted along with ATEX ZONE 1 or 2 and company specification units when required.<\\/p>\"}},\"71\":{\"type\":\"1\",\"fields\":{\"fd_St_Header\":\"Plastic Fans\",\"fd_st_text\":\"<p>This range of fans can also be constructed from rigid PVC sheet reinforced with fibreglass and suitable for a wide fans of uses in the chemical industry and in the extraction of acid fumes from industrial processes.&nbsp; Dimensions and performance data as for normal Bifurcated fans.\\r\\n  <\\/p>\\r\\n<p>For exhausting hot gasses, chemical vapours, steam and moisture laden air, available in diameters 250-1000mm.&nbsp; Max temp 60\\u00b0C<\\/p>\"}},\"72\":{\"type\":\"1\",\"fields\":{\"fd_St_Header\":\"Stainless Steel Fan Type 304\",\"fd_st_text\":\"<p>Ideal for use in the catering industry for air temperature upto 80\\u00b0C (176\\u00b0F).&nbsp; For exhausting warm air and steam.&nbsp; Constructed throughout in stainless steel with a polypropylene impeller and Class \\u2018F\\u2019 standard motor with a stainless steel extended shaft.<\\/p>\"}},\"73\":{\"type\":\"1\",\"fields\":{\"fd_St_Header\":\"Stainless Steel Fan Type 316\",\"fd_st_text\":\"<p>Uses mainly in the chemical and allied trades.&nbsp; Suitable for most acid vapours upto 80\\u00b0C (176\\u00b0F).&nbsp; Constructed throughout in stainless steel with a polypropylene impeller and Class F standard motor with a stainless steel extended shaft.<\\/p>\"}},\"74\":{\"type\":\"1\",\"fields\":{\"fd_St_Header\":\"Extra Features Available\",\"fd_st_text\":\"<ul><li>Mounting feet<\\/li><li>flexible connections<\\/li><li>AV Mountings<\\/li><li>Mating Flanges<\\/li><li>Inlet Cones<\\/li><li>Guards<\\/li><li>Back-draught shutters<\\/li><li>Special Paint finishes<\\/li><\\/ul>\"}},\"75\":{\"type\":\"1\",\"fields\":{\"fd_St_Header\":\"Finish\",\"fd_st_text\":\"<ul><li><strong>Standard Fans:<\\/strong> Galvanised<\\/li><li><strong>Optional Finishes:<\\/strong> Epoxy Resin, Metal Spraying<\\/li><\\/ul>\"}}},\"25\":[\"60\"],\"7\":\"For the foodstuffs and chemical industries these fans can be constructed from stainless steel of aluminium at competitive cost.\"}}', '2017-07-25 09:40:54', '2017-07-25 09:40:54', '38d22ffb-ee36-4e03-b0e7-d553f2147c06'),
 ('129', '28', '3', '1', 'en', '4', '', '{\"typeId\":\"3\",\"authorId\":\"1\",\"title\":\"Man Cooler Axial\",\"slug\":\"man-cooler-axial-flow-fans\",\"postDate\":1488211800,\"expiryDate\":null,\"enabled\":1,\"parentId\":\"17\",\"fields\":{\"34\":\"\",\"13\":\"\",\"21\":\"\",\"18\":[\"54\"],\"19\":\"\",\"48\":\"\",\"49\":\"\",\"50\":\"\",\"51\":\"\",\"52\":\"\",\"53\":\"\",\"12\":\"\",\"11\":\"<p>As an alternative to fixed installations, this flexible range is ideal in the ventilation of factories or confined spaces such as ships\' holds. &nbsp;Man Cooler Fans are also useful for cooling bricks and drying grain. &nbsp;These fans can be aimed at distinct locations by fitting a flexible or canvas hose.<\\/p>\",\"16\":\"\"}}', '2017-07-25 09:43:36', '2017-07-25 09:43:36', 'b13e4857-1e4d-4f49-a90e-3eb88750e260'),
 ('130', '28', '3', '1', 'en', '5', '', '{\"typeId\":\"3\",\"authorId\":\"1\",\"title\":\"Man Cooler Axial\",\"slug\":\"man-cooler-axial-flow-fans\",\"postDate\":1488211800,\"expiryDate\":null,\"enabled\":1,\"parentId\":\"17\",\"fields\":{\"34\":\"\",\"13\":\"\",\"21\":\"\",\"18\":[\"54\"],\"19\":\"\",\"48\":\"\",\"49\":\"\",\"50\":\"\",\"51\":\"\",\"52\":\"\",\"53\":\"\",\"12\":\"\",\"11\":\"<p>As an alternative to fixed installations, this flexible range is ideal in the ventilation of factories or confined spaces such as ships\' holds. &nbsp;Man Cooler Fans are also useful for cooling bricks and drying grain. &nbsp;These fans can be aimed at distinct locations by fitting a flexible or canvas hose.<\\/p>\",\"16\":\"\"}}', '2017-07-25 09:43:44', '2017-07-25 09:43:44', '897df2c9-5450-4d4f-92e0-bac3936fdc37'),
 ('131', '118', '3', '1', 'en', '1', '', '{\"typeId\":\"3\",\"authorId\":\"1\",\"title\":\"Anti-Vibration Mountings\",\"slug\":\"anti-vibration-mountings\",\"postDate\":1500976319,\"expiryDate\":null,\"enabled\":1,\"parentId\":\"\",\"fields\":{\"34\":\"\",\"13\":\"\",\"21\":\"\",\"18\":\"\",\"19\":\"\",\"48\":\"\",\"49\":\"\",\"50\":\"\",\"51\":\"\",\"52\":\"\",\"53\":\"\",\"12\":\"\",\"11\":\"\",\"16\":\"\"}}', '2017-07-25 09:51:59', '2017-07-25 09:51:59', 'aec6ac17-0876-4dbf-b848-1d0b53615cad'),
 ('132', '119', '3', '1', 'en', '1', '', '{\"typeId\":\"3\",\"authorId\":\"1\",\"title\":\"Silencers\",\"slug\":\"silencers\",\"postDate\":1500976327,\"expiryDate\":null,\"enabled\":1,\"parentId\":\"\",\"fields\":{\"34\":\"\",\"13\":\"\",\"21\":\"\",\"18\":\"\",\"19\":\"\",\"48\":\"\",\"49\":\"\",\"50\":\"\",\"51\":\"\",\"52\":\"\",\"53\":\"\",\"12\":\"\",\"11\":\"\",\"16\":\"\"}}', '2017-07-25 09:52:07', '2017-07-25 09:52:07', 'dc0b0679-1579-4de4-9ae5-4ade856acbbc'),
 ('133', '18', '3', '1', 'en', '25', '', '{\"typeId\":\"3\",\"authorId\":\"1\",\"title\":\"Plate Mounted Axial\",\"slug\":\"plate-mounted-axial-flow-fan\",\"postDate\":1488211380,\"expiryDate\":null,\"enabled\":1,\"parentId\":\"17\",\"fields\":{\"34\":[\"4\",\"6\"],\"13\":{\"45\":{\"type\":\"2\",\"fields\":{\"fd_st_component_name\":\"Mounting Plate\",\"fd_st_componentText\":\"Fabricated in Steel and finished in Epoxy resin. 304 or 316 Stainless Steel available if required.\\u200b\"}},\"46\":{\"type\":\"2\",\"fields\":{\"fd_st_component_name\":\"Impellers\",\"fd_st_componentText\":\"Aluminium Hub with polypropylene blades. Anti-Static or Aluminium blades available if required\"}},\"47\":{\"type\":\"2\",\"fields\":{\"fd_st_component_name\":\"Motors\",\"fd_st_componentText\":\"Single or 3 phase Class F IP55 as standard with 2 speed, Zone 1 or Zone 2 as optional extras\"}}},\"21\":{\"49\":{\"type\":\"4\",\"fields\":{\"dataTable\":\"{\\\"columns\\\":{\\\"col0\\\":{\\\"heading\\\":\\\"Fan Size\\\",\\\"width\\\":\\\"\\\",\\\"align\\\":\\\"left\\\"},\\\"col1\\\":{\\\"heading\\\":\\\"Frame\\\",\\\"width\\\":\\\"\\\",\\\"align\\\":\\\"left\\\"},\\\"col2\\\":{\\\"heading\\\":\\\"A\\\",\\\"width\\\":\\\"\\\",\\\"align\\\":\\\"left\\\"},\\\"col3\\\":{\\\"heading\\\":\\\"B\\\",\\\"width\\\":\\\"\\\",\\\"align\\\":\\\"left\\\"},\\\"col4\\\":{\\\"heading\\\":\\\"C\\\",\\\"width\\\":\\\"\\\",\\\"align\\\":\\\"left\\\"},\\\"col5\\\":{\\\"heading\\\":\\\"D\\\",\\\"width\\\":\\\"\\\",\\\"align\\\":\\\"left\\\"},\\\"col6\\\":{\\\"heading\\\":\\\"E\\\",\\\"width\\\":\\\"\\\",\\\"align\\\":\\\"left\\\"}},\\\"rows\\\":{\\\"row0\\\":{\\\"col0\\\":\\\"250\\\",\\\"col1\\\":\\\"71\\\",\\\"col2\\\":\\\"370\\\",\\\"col3\\\":\\\"370\\\",\\\"col4\\\":\\\"330\\\",\\\"col5\\\":\\\"25\\\",\\\"col6\\\":\\\"10\\\"},\\\"row1\\\":{\\\"col0\\\":\\\"300\\\",\\\"col1\\\":\\\"71\\\",\\\"col2\\\":\\\"420\\\",\\\"col3\\\":\\\"420\\\",\\\"col4\\\":\\\"330\\\",\\\"col5\\\":\\\"25\\\",\\\"col6\\\":\\\"10\\\"},\\\"row2\\\":{\\\"col0\\\":\\\"315\\\",\\\"col1\\\":\\\"71\\\",\\\"col2\\\":\\\"435\\\",\\\"col3\\\":\\\"xxx\\\",\\\"col4\\\":\\\"330\\\",\\\"col5\\\":\\\"25\\\",\\\"col6\\\":\\\"10\\\"},\\\"row3\\\":{\\\"col0\\\":\\\"350\\\",\\\"col1\\\":\\\"71\\\",\\\"col2\\\":\\\"500\\\",\\\"col3\\\":\\\"500\\\",\\\"col4\\\":\\\"330\\\",\\\"col5\\\":\\\"25\\\",\\\"col6\\\":\\\"10\\\"},\\\"row4\\\":{\\\"col0\\\":\\\"400\\\",\\\"col1\\\":\\\"71\\\",\\\"col2\\\":\\\"550\\\",\\\"col3\\\":\\\"550\\\",\\\"col4\\\":\\\"330\\\",\\\"col5\\\":\\\"25\\\",\\\"col6\\\":\\\"10\\\"},\\\"row5\\\":{\\\"col0\\\":\\\"450\\\",\\\"col1\\\":\\\"71\\\",\\\"col2\\\":\\\"600\\\",\\\"col3\\\":\\\"600\\\",\\\"col4\\\":\\\"330\\\",\\\"col5\\\":\\\"25\\\",\\\"col6\\\":\\\"10\\\"},\\\"row6\\\":{\\\"col0\\\":\\\"500\\\",\\\"col1\\\":\\\"80\\\",\\\"col2\\\":\\\"650\\\",\\\"col3\\\":\\\"650\\\",\\\"col4\\\":\\\"380\\\",\\\"col5\\\":\\\"25\\\",\\\"col6\\\":\\\"10\\\"},\\\"row7\\\":{\\\"col0\\\":\\\"560\\\",\\\"col1\\\":\\\"80\\\",\\\"col2\\\":\\\"710\\\",\\\"col3\\\":\\\"710\\\",\\\"col4\\\":\\\"380\\\",\\\"col5\\\":\\\"25\\\",\\\"col6\\\":\\\"10\\\"},\\\"row8\\\":{\\\"col0\\\":\\\"600\\\",\\\"col1\\\":\\\"80\\\",\\\"col2\\\":\\\"800\\\",\\\"col3\\\":\\\"800\\\",\\\"col4\\\":\\\"380\\\",\\\"col5\\\":\\\"25\\\",\\\"col6\\\":\\\"10\\\"},\\\"row9\\\":{\\\"col0\\\":\\\"630\\\",\\\"col1\\\":\\\"80\\\",\\\"col2\\\":\\\"800\\\",\\\"col3\\\":\\\"800\\\",\\\"col4\\\":\\\"380\\\",\\\"col5\\\":\\\"25\\\",\\\"col6\\\":\\\"10\\\"},\\\"row10\\\":{\\\"col0\\\":\\\"630\\\",\\\"col1\\\":\\\"90\\\",\\\"col2\\\":\\\"800\\\",\\\"col3\\\":\\\"800\\\",\\\"col4\\\":\\\"400\\\",\\\"col5\\\":\\\"25\\\",\\\"col6\\\":\\\"10\\\"},\\\"row11\\\":{\\\"col0\\\":\\\"710\\\",\\\"col1\\\":\\\"80\\\",\\\"col2\\\":\\\"900\\\",\\\"col3\\\":\\\"900\\\",\\\"col4\\\":\\\"375\\\",\\\"col5\\\":\\\"40\\\",\\\"col6\\\":\\\"12\\\"},\\\"row12\\\":{\\\"col0\\\":\\\"710\\\",\\\"col1\\\":\\\"90\\\",\\\"col2\\\":\\\"900\\\",\\\"col3\\\":\\\"900\\\",\\\"col4\\\":\\\"400\\\",\\\"col5\\\":\\\"40\\\",\\\"col6\\\":\\\"12\\\"}}}\",\"columns\":{\"col0\":{\"heading\":\"Fan Size\",\"width\":\"\",\"align\":\"left\"},\"col1\":{\"heading\":\"Frame\",\"width\":\"\",\"align\":\"left\"},\"col2\":{\"heading\":\"A\",\"width\":\"\",\"align\":\"left\"},\"col3\":{\"heading\":\"B\",\"width\":\"\",\"align\":\"left\"},\"col4\":{\"heading\":\"C\",\"width\":\"\",\"align\":\"left\"},\"col5\":{\"heading\":\"D\",\"width\":\"\",\"align\":\"left\"},\"col6\":{\"heading\":\"E\",\"width\":\"\",\"align\":\"left\"}},\"rows\":{\"row0\":{\"col0\":\"250\",\"col1\":\"71\",\"col2\":\"370\",\"col3\":\"370\",\"col4\":\"330\",\"col5\":\"25\",\"col6\":\"10\"},\"row1\":{\"col0\":\"300\",\"col1\":\"71\",\"col2\":\"420\",\"col3\":\"420\",\"col4\":\"330\",\"col5\":\"25\",\"col6\":\"10\"},\"row2\":{\"col0\":\"315\",\"col1\":\"71\",\"col2\":\"435\",\"col3\":\"xxx\",\"col4\":\"330\",\"col5\":\"25\",\"col6\":\"10\"},\"row3\":{\"col0\":\"350\",\"col1\":\"71\",\"col2\":\"500\",\"col3\":\"500\",\"col4\":\"330\",\"col5\":\"25\",\"col6\":\"10\"},\"row4\":{\"col0\":\"400\",\"col1\":\"71\",\"col2\":\"550\",\"col3\":\"550\",\"col4\":\"330\",\"col5\":\"25\",\"col6\":\"10\"},\"row5\":{\"col0\":\"450\",\"col1\":\"71\",\"col2\":\"600\",\"col3\":\"600\",\"col4\":\"330\",\"col5\":\"25\",\"col6\":\"10\"},\"row6\":{\"col0\":\"500\",\"col1\":\"80\",\"col2\":\"650\",\"col3\":\"650\",\"col4\":\"380\",\"col5\":\"25\",\"col6\":\"10\"},\"row7\":{\"col0\":\"560\",\"col1\":\"80\",\"col2\":\"710\",\"col3\":\"710\",\"col4\":\"380\",\"col5\":\"25\",\"col6\":\"10\"},\"row8\":{\"col0\":\"600\",\"col1\":\"80\",\"col2\":\"800\",\"col3\":\"800\",\"col4\":\"380\",\"col5\":\"25\",\"col6\":\"10\"},\"row9\":{\"col0\":\"630\",\"col1\":\"80\",\"col2\":\"800\",\"col3\":\"800\",\"col4\":\"380\",\"col5\":\"25\",\"col6\":\"10\"},\"row10\":{\"col0\":\"630\",\"col1\":\"90\",\"col2\":\"800\",\"col3\":\"800\",\"col4\":\"400\",\"col5\":\"25\",\"col6\":\"10\"},\"row11\":{\"col0\":\"710\",\"col1\":\"80\",\"col2\":\"900\",\"col3\":\"900\",\"col4\":\"375\",\"col5\":\"40\",\"col6\":\"12\"},\"row12\":{\"col0\":\"710\",\"col1\":\"90\",\"col2\":\"900\",\"col3\":\"900\",\"col4\":\"400\",\"col5\":\"40\",\"col6\":\"12\"}}}},\"50\":{\"type\":\"4\",\"fields\":{\"dataTable\":\"{\\\"columns\\\":{\\\"col0\\\":{\\\"heading\\\":\\\"Fan Size\\\",\\\"width\\\":\\\"\\\",\\\"align\\\":\\\"left\\\"},\\\"col1\\\":{\\\"heading\\\":\\\"Frame\\\",\\\"width\\\":\\\"\\\",\\\"align\\\":\\\"left\\\"},\\\"col2\\\":{\\\"heading\\\":\\\"A\\\",\\\"width\\\":\\\"\\\",\\\"align\\\":\\\"left\\\"},\\\"col3\\\":{\\\"heading\\\":\\\"B\\\",\\\"width\\\":\\\"\\\",\\\"align\\\":\\\"left\\\"},\\\"col4\\\":{\\\"heading\\\":\\\"C\\\",\\\"width\\\":\\\"\\\",\\\"align\\\":\\\"left\\\"},\\\"col5\\\":{\\\"heading\\\":\\\"D\\\",\\\"width\\\":\\\"\\\",\\\"align\\\":\\\"left\\\"},\\\"col6\\\":{\\\"heading\\\":\\\"E\\\",\\\"width\\\":\\\"\\\",\\\"align\\\":\\\"left\\\"}},\\\"rows\\\":{\\\"row0\\\":{\\\"col0\\\":\\\"710\\\",\\\"col1\\\":\\\"100\\\",\\\"col2\\\":\\\"900\\\",\\\"col3\\\":\\\"900\\\",\\\"col4\\\":\\\"445\\\",\\\"col5\\\":\\\"40\\\",\\\"col6\\\":\\\"12\\\"},\\\"row1\\\":{\\\"col0\\\":\\\"800\\\",\\\"col1\\\":\\\"90\\\",\\\"col2\\\":\\\"1000\\\",\\\"col3\\\":\\\"1000\\\",\\\"col4\\\":\\\"415\\\",\\\"col5\\\":\\\"40\\\",\\\"col6\\\":\\\"12\\\"},\\\"row2\\\":{\\\"col0\\\":\\\"800\\\",\\\"col1\\\":\\\"100\\\",\\\"col2\\\":\\\"1000\\\",\\\"col3\\\":\\\"1000\\\",\\\"col4\\\":\\\"460\\\",\\\"col5\\\":\\\"40\\\",\\\"col6\\\":\\\"12\\\"},\\\"row3\\\":{\\\"col0\\\":\\\"800\\\",\\\"col1\\\":\\\"112\\\",\\\"col2\\\":\\\"1000\\\",\\\"col3\\\":\\\"1000\\\",\\\"col4\\\":\\\"460\\\",\\\"col5\\\":\\\"40\\\",\\\"col6\\\":\\\"12\\\"},\\\"row4\\\":{\\\"col0\\\":\\\"900\\\",\\\"col1\\\":\\\"100\\\",\\\"col2\\\":\\\"1100\\\",\\\"col3\\\":\\\"1100\\\",\\\"col4\\\":\\\"460\\\",\\\"col5\\\":\\\"50\\\",\\\"col6\\\":\\\"14\\\"},\\\"row5\\\":{\\\"col0\\\":\\\"900\\\",\\\"col1\\\":\\\"112\\\",\\\"col2\\\":\\\"1100\\\",\\\"col3\\\":\\\"1100\\\",\\\"col4\\\":\\\"465\\\",\\\"col5\\\":\\\"50\\\",\\\"col6\\\":\\\"14\\\"},\\\"row6\\\":{\\\"col0\\\":\\\"900\\\",\\\"col1\\\":\\\"132\\\",\\\"col2\\\":\\\"1100\\\",\\\"col3\\\":\\\"1100\\\",\\\"col4\\\":\\\"540\\\",\\\"col5\\\":\\\"50\\\",\\\"col6\\\":\\\"14\\\"},\\\"row7\\\":{\\\"col0\\\":\\\"1000\\\",\\\"col1\\\":\\\"100\\\",\\\"col2\\\":\\\"1250\\\",\\\"col3\\\":\\\"1250\\\",\\\"col4\\\":\\\"460\\\",\\\"col5\\\":\\\"50\\\",\\\"col6\\\":\\\"14\\\"},\\\"row8\\\":{\\\"col0\\\":\\\"1000\\\",\\\"col1\\\":\\\"112\\\",\\\"col2\\\":\\\"1250\\\",\\\"col3\\\":\\\"1250\\\",\\\"col4\\\":\\\"460\\\",\\\"col5\\\":\\\"50\\\",\\\"col6\\\":\\\"14\\\"},\\\"row9\\\":{\\\"col0\\\":\\\"1000\\\",\\\"col1\\\":\\\"132\\\",\\\"col2\\\":\\\"1250\\\",\\\"col3\\\":\\\"1250\\\",\\\"col4\\\":\\\"465\\\",\\\"col5\\\":\\\"50\\\",\\\"col6\\\":\\\"14\\\"}}}\",\"columns\":{\"col0\":{\"heading\":\"Fan Size\",\"width\":\"\",\"align\":\"left\"},\"col1\":{\"heading\":\"Frame\",\"width\":\"\",\"align\":\"left\"},\"col2\":{\"heading\":\"A\",\"width\":\"\",\"align\":\"left\"},\"col3\":{\"heading\":\"B\",\"width\":\"\",\"align\":\"left\"},\"col4\":{\"heading\":\"C\",\"width\":\"\",\"align\":\"left\"},\"col5\":{\"heading\":\"D\",\"width\":\"\",\"align\":\"left\"},\"col6\":{\"heading\":\"E\",\"width\":\"\",\"align\":\"left\"}},\"rows\":{\"row0\":{\"col0\":\"710\",\"col1\":\"100\",\"col2\":\"900\",\"col3\":\"900\",\"col4\":\"445\",\"col5\":\"40\",\"col6\":\"12\"},\"row1\":{\"col0\":\"800\",\"col1\":\"90\",\"col2\":\"1000\",\"col3\":\"1000\",\"col4\":\"415\",\"col5\":\"40\",\"col6\":\"12\"},\"row2\":{\"col0\":\"800\",\"col1\":\"100\",\"col2\":\"1000\",\"col3\":\"1000\",\"col4\":\"460\",\"col5\":\"40\",\"col6\":\"12\"},\"row3\":{\"col0\":\"800\",\"col1\":\"112\",\"col2\":\"1000\",\"col3\":\"1000\",\"col4\":\"460\",\"col5\":\"40\",\"col6\":\"12\"},\"row4\":{\"col0\":\"900\",\"col1\":\"100\",\"col2\":\"1100\",\"col3\":\"1100\",\"col4\":\"460\",\"col5\":\"50\",\"col6\":\"14\"},\"row5\":{\"col0\":\"900\",\"col1\":\"112\",\"col2\":\"1100\",\"col3\":\"1100\",\"col4\":\"465\",\"col5\":\"50\",\"col6\":\"14\"},\"row6\":{\"col0\":\"900\",\"col1\":\"132\",\"col2\":\"1100\",\"col3\":\"1100\",\"col4\":\"540\",\"col5\":\"50\",\"col6\":\"14\"},\"row7\":{\"col0\":\"1000\",\"col1\":\"100\",\"col2\":\"1250\",\"col3\":\"1250\",\"col4\":\"460\",\"col5\":\"50\",\"col6\":\"14\"},\"row8\":{\"col0\":\"1000\",\"col1\":\"112\",\"col2\":\"1250\",\"col3\":\"1250\",\"col4\":\"460\",\"col5\":\"50\",\"col6\":\"14\"},\"row9\":{\"col0\":\"1000\",\"col1\":\"132\",\"col2\":\"1250\",\"col3\":\"1250\",\"col4\":\"465\",\"col5\":\"50\",\"col6\":\"14\"}}}}},\"18\":[\"53\"],\"19\":[\"55\",\"56\"],\"48\":\"\",\"49\":\"\",\"50\":\"\",\"51\":\"\",\"52\":\"\",\"53\":\"\",\"12\":\"Wall or roof mounting where ducting is not required.\",\"11\":\"<p>Plate Mounted Axial fans are designed for Clean Air Supply and extraction of poor quality air.&nbsp;<\\/p>\",\"16\":{\"48\":{\"type\":\"3\",\"fields\":{\"fd_st_noteText\":\"1. This type of fan can be fitted beneath in LOW PROFILE or VERTICAL JET ROOF COWL as supplied by Victoria Fans.\"}}}}}', '2017-07-25 09:54:29', '2017-07-25 09:54:29', '0ff85037-5101-40d4-bdac-d5e7eed629c9'),
 ('134', '18', '3', '1', 'en', '26', '', '{\"typeId\":\"3\",\"authorId\":\"1\",\"title\":\"Plate Mounted Axial\",\"slug\":\"plate-mounted-axial-flow-fan\",\"postDate\":1488211380,\"expiryDate\":null,\"enabled\":1,\"parentId\":\"17\",\"fields\":{\"34\":[\"4\",\"6\"],\"13\":{\"45\":{\"type\":\"2\",\"fields\":{\"fd_st_component_name\":\"Mounting Plate\",\"fd_st_componentText\":\"Fabricated in Steel and finished in Epoxy resin. 304 or 316 Stainless Steel available if required.\\u200b\"}},\"46\":{\"type\":\"2\",\"fields\":{\"fd_st_component_name\":\"Impellers\",\"fd_st_componentText\":\"Aluminium Hub with polypropylene blades. Anti-Static or Aluminium blades available if required\"}},\"47\":{\"type\":\"2\",\"fields\":{\"fd_st_component_name\":\"Motors\",\"fd_st_componentText\":\"Single or 3 phase Class F IP55 as standard with 2 speed, Zone 1 or Zone 2 as optional extras\"}}},\"21\":{\"49\":{\"type\":\"4\",\"fields\":{\"dataTable\":\"{\\\"columns\\\":{\\\"col0\\\":{\\\"heading\\\":\\\"Fan Size\\\",\\\"width\\\":\\\"\\\",\\\"align\\\":\\\"left\\\"},\\\"col1\\\":{\\\"heading\\\":\\\"Frame\\\",\\\"width\\\":\\\"\\\",\\\"align\\\":\\\"left\\\"},\\\"col2\\\":{\\\"heading\\\":\\\"A\\\",\\\"width\\\":\\\"\\\",\\\"align\\\":\\\"left\\\"},\\\"col3\\\":{\\\"heading\\\":\\\"B\\\",\\\"width\\\":\\\"\\\",\\\"align\\\":\\\"left\\\"},\\\"col4\\\":{\\\"heading\\\":\\\"C\\\",\\\"width\\\":\\\"\\\",\\\"align\\\":\\\"left\\\"},\\\"col5\\\":{\\\"heading\\\":\\\"D\\\",\\\"width\\\":\\\"\\\",\\\"align\\\":\\\"left\\\"},\\\"col6\\\":{\\\"heading\\\":\\\"E\\\",\\\"width\\\":\\\"\\\",\\\"align\\\":\\\"left\\\"}},\\\"rows\\\":{\\\"row0\\\":{\\\"col0\\\":\\\"250\\\",\\\"col1\\\":\\\"71\\\",\\\"col2\\\":\\\"370\\\",\\\"col3\\\":\\\"370\\\",\\\"col4\\\":\\\"330\\\",\\\"col5\\\":\\\"25\\\",\\\"col6\\\":\\\"10\\\"},\\\"row1\\\":{\\\"col0\\\":\\\"300\\\",\\\"col1\\\":\\\"71\\\",\\\"col2\\\":\\\"420\\\",\\\"col3\\\":\\\"420\\\",\\\"col4\\\":\\\"330\\\",\\\"col5\\\":\\\"25\\\",\\\"col6\\\":\\\"10\\\"},\\\"row2\\\":{\\\"col0\\\":\\\"315\\\",\\\"col1\\\":\\\"71\\\",\\\"col2\\\":\\\"435\\\",\\\"col3\\\":\\\"xxx\\\",\\\"col4\\\":\\\"330\\\",\\\"col5\\\":\\\"25\\\",\\\"col6\\\":\\\"10\\\"},\\\"row3\\\":{\\\"col0\\\":\\\"350\\\",\\\"col1\\\":\\\"71\\\",\\\"col2\\\":\\\"500\\\",\\\"col3\\\":\\\"500\\\",\\\"col4\\\":\\\"330\\\",\\\"col5\\\":\\\"25\\\",\\\"col6\\\":\\\"10\\\"},\\\"row4\\\":{\\\"col0\\\":\\\"400\\\",\\\"col1\\\":\\\"71\\\",\\\"col2\\\":\\\"550\\\",\\\"col3\\\":\\\"550\\\",\\\"col4\\\":\\\"330\\\",\\\"col5\\\":\\\"25\\\",\\\"col6\\\":\\\"10\\\"},\\\"row5\\\":{\\\"col0\\\":\\\"450\\\",\\\"col1\\\":\\\"71\\\",\\\"col2\\\":\\\"600\\\",\\\"col3\\\":\\\"600\\\",\\\"col4\\\":\\\"330\\\",\\\"col5\\\":\\\"25\\\",\\\"col6\\\":\\\"10\\\"},\\\"row6\\\":{\\\"col0\\\":\\\"500\\\",\\\"col1\\\":\\\"80\\\",\\\"col2\\\":\\\"650\\\",\\\"col3\\\":\\\"650\\\",\\\"col4\\\":\\\"380\\\",\\\"col5\\\":\\\"25\\\",\\\"col6\\\":\\\"10\\\"},\\\"row7\\\":{\\\"col0\\\":\\\"560\\\",\\\"col1\\\":\\\"80\\\",\\\"col2\\\":\\\"710\\\",\\\"col3\\\":\\\"710\\\",\\\"col4\\\":\\\"380\\\",\\\"col5\\\":\\\"25\\\",\\\"col6\\\":\\\"10\\\"},\\\"row8\\\":{\\\"col0\\\":\\\"600\\\",\\\"col1\\\":\\\"80\\\",\\\"col2\\\":\\\"800\\\",\\\"col3\\\":\\\"800\\\",\\\"col4\\\":\\\"380\\\",\\\"col5\\\":\\\"25\\\",\\\"col6\\\":\\\"10\\\"},\\\"row9\\\":{\\\"col0\\\":\\\"630\\\",\\\"col1\\\":\\\"80\\\",\\\"col2\\\":\\\"800\\\",\\\"col3\\\":\\\"800\\\",\\\"col4\\\":\\\"380\\\",\\\"col5\\\":\\\"25\\\",\\\"col6\\\":\\\"10\\\"},\\\"row10\\\":{\\\"col0\\\":\\\"630\\\",\\\"col1\\\":\\\"90\\\",\\\"col2\\\":\\\"800\\\",\\\"col3\\\":\\\"800\\\",\\\"col4\\\":\\\"400\\\",\\\"col5\\\":\\\"25\\\",\\\"col6\\\":\\\"10\\\"},\\\"row11\\\":{\\\"col0\\\":\\\"710\\\",\\\"col1\\\":\\\"80\\\",\\\"col2\\\":\\\"900\\\",\\\"col3\\\":\\\"900\\\",\\\"col4\\\":\\\"375\\\",\\\"col5\\\":\\\"40\\\",\\\"col6\\\":\\\"12\\\"},\\\"row12\\\":{\\\"col0\\\":\\\"710\\\",\\\"col1\\\":\\\"90\\\",\\\"col2\\\":\\\"900\\\",\\\"col3\\\":\\\"900\\\",\\\"col4\\\":\\\"400\\\",\\\"col5\\\":\\\"40\\\",\\\"col6\\\":\\\"12\\\"}}}\",\"columns\":{\"col0\":{\"heading\":\"Fan Size\",\"width\":\"\",\"align\":\"left\"},\"col1\":{\"heading\":\"Frame\",\"width\":\"\",\"align\":\"left\"},\"col2\":{\"heading\":\"A\",\"width\":\"\",\"align\":\"left\"},\"col3\":{\"heading\":\"B\",\"width\":\"\",\"align\":\"left\"},\"col4\":{\"heading\":\"C\",\"width\":\"\",\"align\":\"left\"},\"col5\":{\"heading\":\"D\",\"width\":\"\",\"align\":\"left\"},\"col6\":{\"heading\":\"E\",\"width\":\"\",\"align\":\"left\"}},\"rows\":{\"row0\":{\"col0\":\"250\",\"col1\":\"71\",\"col2\":\"370\",\"col3\":\"370\",\"col4\":\"330\",\"col5\":\"25\",\"col6\":\"10\"},\"row1\":{\"col0\":\"300\",\"col1\":\"71\",\"col2\":\"420\",\"col3\":\"420\",\"col4\":\"330\",\"col5\":\"25\",\"col6\":\"10\"},\"row2\":{\"col0\":\"315\",\"col1\":\"71\",\"col2\":\"435\",\"col3\":\"xxx\",\"col4\":\"330\",\"col5\":\"25\",\"col6\":\"10\"},\"row3\":{\"col0\":\"350\",\"col1\":\"71\",\"col2\":\"500\",\"col3\":\"500\",\"col4\":\"330\",\"col5\":\"25\",\"col6\":\"10\"},\"row4\":{\"col0\":\"400\",\"col1\":\"71\",\"col2\":\"550\",\"col3\":\"550\",\"col4\":\"330\",\"col5\":\"25\",\"col6\":\"10\"},\"row5\":{\"col0\":\"450\",\"col1\":\"71\",\"col2\":\"600\",\"col3\":\"600\",\"col4\":\"330\",\"col5\":\"25\",\"col6\":\"10\"},\"row6\":{\"col0\":\"500\",\"col1\":\"80\",\"col2\":\"650\",\"col3\":\"650\",\"col4\":\"380\",\"col5\":\"25\",\"col6\":\"10\"},\"row7\":{\"col0\":\"560\",\"col1\":\"80\",\"col2\":\"710\",\"col3\":\"710\",\"col4\":\"380\",\"col5\":\"25\",\"col6\":\"10\"},\"row8\":{\"col0\":\"600\",\"col1\":\"80\",\"col2\":\"800\",\"col3\":\"800\",\"col4\":\"380\",\"col5\":\"25\",\"col6\":\"10\"},\"row9\":{\"col0\":\"630\",\"col1\":\"80\",\"col2\":\"800\",\"col3\":\"800\",\"col4\":\"380\",\"col5\":\"25\",\"col6\":\"10\"},\"row10\":{\"col0\":\"630\",\"col1\":\"90\",\"col2\":\"800\",\"col3\":\"800\",\"col4\":\"400\",\"col5\":\"25\",\"col6\":\"10\"},\"row11\":{\"col0\":\"710\",\"col1\":\"80\",\"col2\":\"900\",\"col3\":\"900\",\"col4\":\"375\",\"col5\":\"40\",\"col6\":\"12\"},\"row12\":{\"col0\":\"710\",\"col1\":\"90\",\"col2\":\"900\",\"col3\":\"900\",\"col4\":\"400\",\"col5\":\"40\",\"col6\":\"12\"}}}},\"50\":{\"type\":\"4\",\"fields\":{\"dataTable\":\"{\\\"columns\\\":{\\\"col0\\\":{\\\"heading\\\":\\\"Fan Size\\\",\\\"width\\\":\\\"\\\",\\\"align\\\":\\\"left\\\"},\\\"col1\\\":{\\\"heading\\\":\\\"Frame\\\",\\\"width\\\":\\\"\\\",\\\"align\\\":\\\"left\\\"},\\\"col2\\\":{\\\"heading\\\":\\\"A\\\",\\\"width\\\":\\\"\\\",\\\"align\\\":\\\"left\\\"},\\\"col3\\\":{\\\"heading\\\":\\\"B\\\",\\\"width\\\":\\\"\\\",\\\"align\\\":\\\"left\\\"},\\\"col4\\\":{\\\"heading\\\":\\\"C\\\",\\\"width\\\":\\\"\\\",\\\"align\\\":\\\"left\\\"},\\\"col5\\\":{\\\"heading\\\":\\\"D\\\",\\\"width\\\":\\\"\\\",\\\"align\\\":\\\"left\\\"},\\\"col6\\\":{\\\"heading\\\":\\\"E\\\",\\\"width\\\":\\\"\\\",\\\"align\\\":\\\"left\\\"}},\\\"rows\\\":{\\\"row0\\\":{\\\"col0\\\":\\\"710\\\",\\\"col1\\\":\\\"100\\\",\\\"col2\\\":\\\"900\\\",\\\"col3\\\":\\\"900\\\",\\\"col4\\\":\\\"445\\\",\\\"col5\\\":\\\"40\\\",\\\"col6\\\":\\\"12\\\"},\\\"row1\\\":{\\\"col0\\\":\\\"800\\\",\\\"col1\\\":\\\"90\\\",\\\"col2\\\":\\\"1000\\\",\\\"col3\\\":\\\"1000\\\",\\\"col4\\\":\\\"415\\\",\\\"col5\\\":\\\"40\\\",\\\"col6\\\":\\\"12\\\"},\\\"row2\\\":{\\\"col0\\\":\\\"800\\\",\\\"col1\\\":\\\"100\\\",\\\"col2\\\":\\\"1000\\\",\\\"col3\\\":\\\"1000\\\",\\\"col4\\\":\\\"460\\\",\\\"col5\\\":\\\"40\\\",\\\"col6\\\":\\\"12\\\"},\\\"row3\\\":{\\\"col0\\\":\\\"800\\\",\\\"col1\\\":\\\"112\\\",\\\"col2\\\":\\\"1000\\\",\\\"col3\\\":\\\"1000\\\",\\\"col4\\\":\\\"460\\\",\\\"col5\\\":\\\"40\\\",\\\"col6\\\":\\\"12\\\"},\\\"row4\\\":{\\\"col0\\\":\\\"900\\\",\\\"col1\\\":\\\"100\\\",\\\"col2\\\":\\\"1100\\\",\\\"col3\\\":\\\"1100\\\",\\\"col4\\\":\\\"460\\\",\\\"col5\\\":\\\"50\\\",\\\"col6\\\":\\\"14\\\"},\\\"row5\\\":{\\\"col0\\\":\\\"900\\\",\\\"col1\\\":\\\"112\\\",\\\"col2\\\":\\\"1100\\\",\\\"col3\\\":\\\"1100\\\",\\\"col4\\\":\\\"465\\\",\\\"col5\\\":\\\"50\\\",\\\"col6\\\":\\\"14\\\"},\\\"row6\\\":{\\\"col0\\\":\\\"900\\\",\\\"col1\\\":\\\"132\\\",\\\"col2\\\":\\\"1100\\\",\\\"col3\\\":\\\"1100\\\",\\\"col4\\\":\\\"540\\\",\\\"col5\\\":\\\"50\\\",\\\"col6\\\":\\\"14\\\"},\\\"row7\\\":{\\\"col0\\\":\\\"1000\\\",\\\"col1\\\":\\\"100\\\",\\\"col2\\\":\\\"1250\\\",\\\"col3\\\":\\\"1250\\\",\\\"col4\\\":\\\"460\\\",\\\"col5\\\":\\\"50\\\",\\\"col6\\\":\\\"14\\\"},\\\"row8\\\":{\\\"col0\\\":\\\"1000\\\",\\\"col1\\\":\\\"112\\\",\\\"col2\\\":\\\"1250\\\",\\\"col3\\\":\\\"1250\\\",\\\"col4\\\":\\\"460\\\",\\\"col5\\\":\\\"50\\\",\\\"col6\\\":\\\"14\\\"},\\\"row9\\\":{\\\"col0\\\":\\\"1000\\\",\\\"col1\\\":\\\"132\\\",\\\"col2\\\":\\\"1250\\\",\\\"col3\\\":\\\"1250\\\",\\\"col4\\\":\\\"465\\\",\\\"col5\\\":\\\"50\\\",\\\"col6\\\":\\\"14\\\"}}}\",\"columns\":{\"col0\":{\"heading\":\"Fan Size\",\"width\":\"\",\"align\":\"left\"},\"col1\":{\"heading\":\"Frame\",\"width\":\"\",\"align\":\"left\"},\"col2\":{\"heading\":\"A\",\"width\":\"\",\"align\":\"left\"},\"col3\":{\"heading\":\"B\",\"width\":\"\",\"align\":\"left\"},\"col4\":{\"heading\":\"C\",\"width\":\"\",\"align\":\"left\"},\"col5\":{\"heading\":\"D\",\"width\":\"\",\"align\":\"left\"},\"col6\":{\"heading\":\"E\",\"width\":\"\",\"align\":\"left\"}},\"rows\":{\"row0\":{\"col0\":\"710\",\"col1\":\"100\",\"col2\":\"900\",\"col3\":\"900\",\"col4\":\"445\",\"col5\":\"40\",\"col6\":\"12\"},\"row1\":{\"col0\":\"800\",\"col1\":\"90\",\"col2\":\"1000\",\"col3\":\"1000\",\"col4\":\"415\",\"col5\":\"40\",\"col6\":\"12\"},\"row2\":{\"col0\":\"800\",\"col1\":\"100\",\"col2\":\"1000\",\"col3\":\"1000\",\"col4\":\"460\",\"col5\":\"40\",\"col6\":\"12\"},\"row3\":{\"col0\":\"800\",\"col1\":\"112\",\"col2\":\"1000\",\"col3\":\"1000\",\"col4\":\"460\",\"col5\":\"40\",\"col6\":\"12\"},\"row4\":{\"col0\":\"900\",\"col1\":\"100\",\"col2\":\"1100\",\"col3\":\"1100\",\"col4\":\"460\",\"col5\":\"50\",\"col6\":\"14\"},\"row5\":{\"col0\":\"900\",\"col1\":\"112\",\"col2\":\"1100\",\"col3\":\"1100\",\"col4\":\"465\",\"col5\":\"50\",\"col6\":\"14\"},\"row6\":{\"col0\":\"900\",\"col1\":\"132\",\"col2\":\"1100\",\"col3\":\"1100\",\"col4\":\"540\",\"col5\":\"50\",\"col6\":\"14\"},\"row7\":{\"col0\":\"1000\",\"col1\":\"100\",\"col2\":\"1250\",\"col3\":\"1250\",\"col4\":\"460\",\"col5\":\"50\",\"col6\":\"14\"},\"row8\":{\"col0\":\"1000\",\"col1\":\"112\",\"col2\":\"1250\",\"col3\":\"1250\",\"col4\":\"460\",\"col5\":\"50\",\"col6\":\"14\"},\"row9\":{\"col0\":\"1000\",\"col1\":\"132\",\"col2\":\"1250\",\"col3\":\"1250\",\"col4\":\"465\",\"col5\":\"50\",\"col6\":\"14\"}}}}},\"18\":[\"53\"],\"19\":[\"55\",\"56\"],\"48\":\"\",\"49\":\"\",\"50\":\"\",\"51\":\"\",\"52\":\"\",\"53\":\"\",\"12\":\"Wall or roof mounting where ducting is not required.\",\"11\":\"<p>Plate Mounted Axial fans are designed for Clean Air Supply and extraction of poor quality air.&nbsp;<\\/p>\",\"16\":{\"48\":{\"type\":\"3\",\"fields\":{\"fd_st_noteText\":\"1. This type of fan can be fitted beneath in LOW PROFILE or VERTICAL JET ROOF COWL as supplied by Victoria Fans.\\r\\n2. The fans may only be operated when installed as intended and when safety is ensured.\"}}}}}', '2017-07-25 09:55:45', '2017-07-25 09:55:45', '0ddd5fc7-06f1-4b4e-b1f2-936aa55fae42'),
 ('135', '18', '3', '1', 'en', '27', '', '{\"typeId\":\"3\",\"authorId\":\"1\",\"title\":\"Plate Mounted Axial\",\"slug\":\"plate-mounted-axial-flow-fan\",\"postDate\":1488211380,\"expiryDate\":null,\"enabled\":1,\"parentId\":\"17\",\"fields\":{\"34\":[\"4\",\"6\"],\"13\":{\"45\":{\"type\":\"2\",\"fields\":{\"fd_st_component_name\":\"Mounting Plate\",\"fd_st_componentText\":\"Fabricated in Steel and finished in Epoxy resin. 304 or 316 Stainless Steel available if required.\\u200b\"}},\"46\":{\"type\":\"2\",\"fields\":{\"fd_st_component_name\":\"Impellers\",\"fd_st_componentText\":\"Aluminium Hub with polypropylene blades. Anti-Static or Aluminium blades available if required\"}},\"47\":{\"type\":\"2\",\"fields\":{\"fd_st_component_name\":\"Motors\",\"fd_st_componentText\":\"Single or 3 phase Class F IP55 as standard with 2 speed, Zone 1 or Zone 2 as optional extras\"}}},\"21\":{\"49\":{\"type\":\"4\",\"fields\":{\"dataTable\":\"{\\\"columns\\\":{\\\"col0\\\":{\\\"heading\\\":\\\"Fan Size\\\",\\\"width\\\":\\\"\\\",\\\"align\\\":\\\"left\\\"},\\\"col1\\\":{\\\"heading\\\":\\\"Frame\\\",\\\"width\\\":\\\"\\\",\\\"align\\\":\\\"left\\\"},\\\"col2\\\":{\\\"heading\\\":\\\"A\\\",\\\"width\\\":\\\"\\\",\\\"align\\\":\\\"left\\\"},\\\"col3\\\":{\\\"heading\\\":\\\"B\\\",\\\"width\\\":\\\"\\\",\\\"align\\\":\\\"left\\\"},\\\"col4\\\":{\\\"heading\\\":\\\"C\\\",\\\"width\\\":\\\"\\\",\\\"align\\\":\\\"left\\\"},\\\"col5\\\":{\\\"heading\\\":\\\"D\\\",\\\"width\\\":\\\"\\\",\\\"align\\\":\\\"left\\\"},\\\"col6\\\":{\\\"heading\\\":\\\"E\\\",\\\"width\\\":\\\"\\\",\\\"align\\\":\\\"left\\\"}},\\\"rows\\\":{\\\"row0\\\":{\\\"col0\\\":\\\"250\\\",\\\"col1\\\":\\\"71\\\",\\\"col2\\\":\\\"370\\\",\\\"col3\\\":\\\"370\\\",\\\"col4\\\":\\\"330\\\",\\\"col5\\\":\\\"25\\\",\\\"col6\\\":\\\"10\\\"},\\\"row1\\\":{\\\"col0\\\":\\\"300\\\",\\\"col1\\\":\\\"71\\\",\\\"col2\\\":\\\"420\\\",\\\"col3\\\":\\\"420\\\",\\\"col4\\\":\\\"330\\\",\\\"col5\\\":\\\"25\\\",\\\"col6\\\":\\\"10\\\"},\\\"row2\\\":{\\\"col0\\\":\\\"315\\\",\\\"col1\\\":\\\"71\\\",\\\"col2\\\":\\\"435\\\",\\\"col3\\\":\\\"xxx\\\",\\\"col4\\\":\\\"330\\\",\\\"col5\\\":\\\"25\\\",\\\"col6\\\":\\\"10\\\"},\\\"row3\\\":{\\\"col0\\\":\\\"350\\\",\\\"col1\\\":\\\"71\\\",\\\"col2\\\":\\\"500\\\",\\\"col3\\\":\\\"500\\\",\\\"col4\\\":\\\"330\\\",\\\"col5\\\":\\\"25\\\",\\\"col6\\\":\\\"10\\\"},\\\"row4\\\":{\\\"col0\\\":\\\"400\\\",\\\"col1\\\":\\\"71\\\",\\\"col2\\\":\\\"550\\\",\\\"col3\\\":\\\"550\\\",\\\"col4\\\":\\\"330\\\",\\\"col5\\\":\\\"25\\\",\\\"col6\\\":\\\"10\\\"},\\\"row5\\\":{\\\"col0\\\":\\\"450\\\",\\\"col1\\\":\\\"71\\\",\\\"col2\\\":\\\"600\\\",\\\"col3\\\":\\\"600\\\",\\\"col4\\\":\\\"330\\\",\\\"col5\\\":\\\"25\\\",\\\"col6\\\":\\\"10\\\"},\\\"row6\\\":{\\\"col0\\\":\\\"500\\\",\\\"col1\\\":\\\"80\\\",\\\"col2\\\":\\\"650\\\",\\\"col3\\\":\\\"650\\\",\\\"col4\\\":\\\"380\\\",\\\"col5\\\":\\\"25\\\",\\\"col6\\\":\\\"10\\\"},\\\"row7\\\":{\\\"col0\\\":\\\"560\\\",\\\"col1\\\":\\\"80\\\",\\\"col2\\\":\\\"710\\\",\\\"col3\\\":\\\"710\\\",\\\"col4\\\":\\\"380\\\",\\\"col5\\\":\\\"25\\\",\\\"col6\\\":\\\"10\\\"},\\\"row8\\\":{\\\"col0\\\":\\\"600\\\",\\\"col1\\\":\\\"80\\\",\\\"col2\\\":\\\"800\\\",\\\"col3\\\":\\\"800\\\",\\\"col4\\\":\\\"380\\\",\\\"col5\\\":\\\"25\\\",\\\"col6\\\":\\\"10\\\"},\\\"row9\\\":{\\\"col0\\\":\\\"630\\\",\\\"col1\\\":\\\"80\\\",\\\"col2\\\":\\\"800\\\",\\\"col3\\\":\\\"800\\\",\\\"col4\\\":\\\"380\\\",\\\"col5\\\":\\\"25\\\",\\\"col6\\\":\\\"10\\\"},\\\"row10\\\":{\\\"col0\\\":\\\"630\\\",\\\"col1\\\":\\\"90\\\",\\\"col2\\\":\\\"800\\\",\\\"col3\\\":\\\"800\\\",\\\"col4\\\":\\\"400\\\",\\\"col5\\\":\\\"25\\\",\\\"col6\\\":\\\"10\\\"},\\\"row11\\\":{\\\"col0\\\":\\\"710\\\",\\\"col1\\\":\\\"80\\\",\\\"col2\\\":\\\"900\\\",\\\"col3\\\":\\\"900\\\",\\\"col4\\\":\\\"375\\\",\\\"col5\\\":\\\"40\\\",\\\"col6\\\":\\\"12\\\"},\\\"row12\\\":{\\\"col0\\\":\\\"710\\\",\\\"col1\\\":\\\"90\\\",\\\"col2\\\":\\\"900\\\",\\\"col3\\\":\\\"900\\\",\\\"col4\\\":\\\"400\\\",\\\"col5\\\":\\\"40\\\",\\\"col6\\\":\\\"12\\\"}}}\",\"columns\":{\"col0\":{\"heading\":\"Fan Size\",\"width\":\"\",\"align\":\"left\"},\"col1\":{\"heading\":\"Frame\",\"width\":\"\",\"align\":\"left\"},\"col2\":{\"heading\":\"A\",\"width\":\"\",\"align\":\"left\"},\"col3\":{\"heading\":\"B\",\"width\":\"\",\"align\":\"left\"},\"col4\":{\"heading\":\"C\",\"width\":\"\",\"align\":\"left\"},\"col5\":{\"heading\":\"D\",\"width\":\"\",\"align\":\"left\"},\"col6\":{\"heading\":\"E\",\"width\":\"\",\"align\":\"left\"}},\"rows\":{\"row0\":{\"col0\":\"250\",\"col1\":\"71\",\"col2\":\"370\",\"col3\":\"370\",\"col4\":\"330\",\"col5\":\"25\",\"col6\":\"10\"},\"row1\":{\"col0\":\"300\",\"col1\":\"71\",\"col2\":\"420\",\"col3\":\"420\",\"col4\":\"330\",\"col5\":\"25\",\"col6\":\"10\"},\"row2\":{\"col0\":\"315\",\"col1\":\"71\",\"col2\":\"435\",\"col3\":\"xxx\",\"col4\":\"330\",\"col5\":\"25\",\"col6\":\"10\"},\"row3\":{\"col0\":\"350\",\"col1\":\"71\",\"col2\":\"500\",\"col3\":\"500\",\"col4\":\"330\",\"col5\":\"25\",\"col6\":\"10\"},\"row4\":{\"col0\":\"400\",\"col1\":\"71\",\"col2\":\"550\",\"col3\":\"550\",\"col4\":\"330\",\"col5\":\"25\",\"col6\":\"10\"},\"row5\":{\"col0\":\"450\",\"col1\":\"71\",\"col2\":\"600\",\"col3\":\"600\",\"col4\":\"330\",\"col5\":\"25\",\"col6\":\"10\"},\"row6\":{\"col0\":\"500\",\"col1\":\"80\",\"col2\":\"650\",\"col3\":\"650\",\"col4\":\"380\",\"col5\":\"25\",\"col6\":\"10\"},\"row7\":{\"col0\":\"560\",\"col1\":\"80\",\"col2\":\"710\",\"col3\":\"710\",\"col4\":\"380\",\"col5\":\"25\",\"col6\":\"10\"},\"row8\":{\"col0\":\"600\",\"col1\":\"80\",\"col2\":\"800\",\"col3\":\"800\",\"col4\":\"380\",\"col5\":\"25\",\"col6\":\"10\"},\"row9\":{\"col0\":\"630\",\"col1\":\"80\",\"col2\":\"800\",\"col3\":\"800\",\"col4\":\"380\",\"col5\":\"25\",\"col6\":\"10\"},\"row10\":{\"col0\":\"630\",\"col1\":\"90\",\"col2\":\"800\",\"col3\":\"800\",\"col4\":\"400\",\"col5\":\"25\",\"col6\":\"10\"},\"row11\":{\"col0\":\"710\",\"col1\":\"80\",\"col2\":\"900\",\"col3\":\"900\",\"col4\":\"375\",\"col5\":\"40\",\"col6\":\"12\"},\"row12\":{\"col0\":\"710\",\"col1\":\"90\",\"col2\":\"900\",\"col3\":\"900\",\"col4\":\"400\",\"col5\":\"40\",\"col6\":\"12\"}}}},\"50\":{\"type\":\"4\",\"fields\":{\"dataTable\":\"{\\\"columns\\\":{\\\"col0\\\":{\\\"heading\\\":\\\"Fan Size\\\",\\\"width\\\":\\\"\\\",\\\"align\\\":\\\"left\\\"},\\\"col1\\\":{\\\"heading\\\":\\\"Frame\\\",\\\"width\\\":\\\"\\\",\\\"align\\\":\\\"left\\\"},\\\"col2\\\":{\\\"heading\\\":\\\"A\\\",\\\"width\\\":\\\"\\\",\\\"align\\\":\\\"left\\\"},\\\"col3\\\":{\\\"heading\\\":\\\"B\\\",\\\"width\\\":\\\"\\\",\\\"align\\\":\\\"left\\\"},\\\"col4\\\":{\\\"heading\\\":\\\"C\\\",\\\"width\\\":\\\"\\\",\\\"align\\\":\\\"left\\\"},\\\"col5\\\":{\\\"heading\\\":\\\"D\\\",\\\"width\\\":\\\"\\\",\\\"align\\\":\\\"left\\\"},\\\"col6\\\":{\\\"heading\\\":\\\"E\\\",\\\"width\\\":\\\"\\\",\\\"align\\\":\\\"left\\\"}},\\\"rows\\\":{\\\"row0\\\":{\\\"col0\\\":\\\"710\\\",\\\"col1\\\":\\\"100\\\",\\\"col2\\\":\\\"900\\\",\\\"col3\\\":\\\"900\\\",\\\"col4\\\":\\\"445\\\",\\\"col5\\\":\\\"40\\\",\\\"col6\\\":\\\"12\\\"},\\\"row1\\\":{\\\"col0\\\":\\\"800\\\",\\\"col1\\\":\\\"90\\\",\\\"col2\\\":\\\"1000\\\",\\\"col3\\\":\\\"1000\\\",\\\"col4\\\":\\\"415\\\",\\\"col5\\\":\\\"40\\\",\\\"col6\\\":\\\"12\\\"},\\\"row2\\\":{\\\"col0\\\":\\\"800\\\",\\\"col1\\\":\\\"100\\\",\\\"col2\\\":\\\"1000\\\",\\\"col3\\\":\\\"1000\\\",\\\"col4\\\":\\\"460\\\",\\\"col5\\\":\\\"40\\\",\\\"col6\\\":\\\"12\\\"},\\\"row3\\\":{\\\"col0\\\":\\\"800\\\",\\\"col1\\\":\\\"112\\\",\\\"col2\\\":\\\"1000\\\",\\\"col3\\\":\\\"1000\\\",\\\"col4\\\":\\\"460\\\",\\\"col5\\\":\\\"40\\\",\\\"col6\\\":\\\"12\\\"},\\\"row4\\\":{\\\"col0\\\":\\\"900\\\",\\\"col1\\\":\\\"100\\\",\\\"col2\\\":\\\"1100\\\",\\\"col3\\\":\\\"1100\\\",\\\"col4\\\":\\\"460\\\",\\\"col5\\\":\\\"50\\\",\\\"col6\\\":\\\"14\\\"},\\\"row5\\\":{\\\"col0\\\":\\\"900\\\",\\\"col1\\\":\\\"112\\\",\\\"col2\\\":\\\"1100\\\",\\\"col3\\\":\\\"1100\\\",\\\"col4\\\":\\\"465\\\",\\\"col5\\\":\\\"50\\\",\\\"col6\\\":\\\"14\\\"},\\\"row6\\\":{\\\"col0\\\":\\\"900\\\",\\\"col1\\\":\\\"132\\\",\\\"col2\\\":\\\"1100\\\",\\\"col3\\\":\\\"1100\\\",\\\"col4\\\":\\\"540\\\",\\\"col5\\\":\\\"50\\\",\\\"col6\\\":\\\"14\\\"},\\\"row7\\\":{\\\"col0\\\":\\\"1000\\\",\\\"col1\\\":\\\"100\\\",\\\"col2\\\":\\\"1250\\\",\\\"col3\\\":\\\"1250\\\",\\\"col4\\\":\\\"460\\\",\\\"col5\\\":\\\"50\\\",\\\"col6\\\":\\\"14\\\"},\\\"row8\\\":{\\\"col0\\\":\\\"1000\\\",\\\"col1\\\":\\\"112\\\",\\\"col2\\\":\\\"1250\\\",\\\"col3\\\":\\\"1250\\\",\\\"col4\\\":\\\"460\\\",\\\"col5\\\":\\\"50\\\",\\\"col6\\\":\\\"14\\\"},\\\"row9\\\":{\\\"col0\\\":\\\"1000\\\",\\\"col1\\\":\\\"132\\\",\\\"col2\\\":\\\"1250\\\",\\\"col3\\\":\\\"1250\\\",\\\"col4\\\":\\\"465\\\",\\\"col5\\\":\\\"50\\\",\\\"col6\\\":\\\"14\\\"}}}\",\"columns\":{\"col0\":{\"heading\":\"Fan Size\",\"width\":\"\",\"align\":\"left\"},\"col1\":{\"heading\":\"Frame\",\"width\":\"\",\"align\":\"left\"},\"col2\":{\"heading\":\"A\",\"width\":\"\",\"align\":\"left\"},\"col3\":{\"heading\":\"B\",\"width\":\"\",\"align\":\"left\"},\"col4\":{\"heading\":\"C\",\"width\":\"\",\"align\":\"left\"},\"col5\":{\"heading\":\"D\",\"width\":\"\",\"align\":\"left\"},\"col6\":{\"heading\":\"E\",\"width\":\"\",\"align\":\"left\"}},\"rows\":{\"row0\":{\"col0\":\"710\",\"col1\":\"100\",\"col2\":\"900\",\"col3\":\"900\",\"col4\":\"445\",\"col5\":\"40\",\"col6\":\"12\"},\"row1\":{\"col0\":\"800\",\"col1\":\"90\",\"col2\":\"1000\",\"col3\":\"1000\",\"col4\":\"415\",\"col5\":\"40\",\"col6\":\"12\"},\"row2\":{\"col0\":\"800\",\"col1\":\"100\",\"col2\":\"1000\",\"col3\":\"1000\",\"col4\":\"460\",\"col5\":\"40\",\"col6\":\"12\"},\"row3\":{\"col0\":\"800\",\"col1\":\"112\",\"col2\":\"1000\",\"col3\":\"1000\",\"col4\":\"460\",\"col5\":\"40\",\"col6\":\"12\"},\"row4\":{\"col0\":\"900\",\"col1\":\"100\",\"col2\":\"1100\",\"col3\":\"1100\",\"col4\":\"460\",\"col5\":\"50\",\"col6\":\"14\"},\"row5\":{\"col0\":\"900\",\"col1\":\"112\",\"col2\":\"1100\",\"col3\":\"1100\",\"col4\":\"465\",\"col5\":\"50\",\"col6\":\"14\"},\"row6\":{\"col0\":\"900\",\"col1\":\"132\",\"col2\":\"1100\",\"col3\":\"1100\",\"col4\":\"540\",\"col5\":\"50\",\"col6\":\"14\"},\"row7\":{\"col0\":\"1000\",\"col1\":\"100\",\"col2\":\"1250\",\"col3\":\"1250\",\"col4\":\"460\",\"col5\":\"50\",\"col6\":\"14\"},\"row8\":{\"col0\":\"1000\",\"col1\":\"112\",\"col2\":\"1250\",\"col3\":\"1250\",\"col4\":\"460\",\"col5\":\"50\",\"col6\":\"14\"},\"row9\":{\"col0\":\"1000\",\"col1\":\"132\",\"col2\":\"1250\",\"col3\":\"1250\",\"col4\":\"465\",\"col5\":\"50\",\"col6\":\"14\"}}}}},\"18\":[\"53\"],\"19\":[\"55\",\"56\"],\"48\":\"\",\"49\":\"\",\"50\":\"\",\"51\":\"\",\"52\":\"\",\"53\":\"\",\"12\":\"Wall or roof mounting where ducting is not required.\",\"11\":\"<p>Plate Mounted Axial fans are designed for Clean Air Supply and extraction of poor quality air.&nbsp;<\\/p>\",\"16\":{\"48\":{\"type\":\"3\",\"fields\":{\"fd_st_noteText\":\"1. This type of fan can be fitted beneath in LOW PROFILE or VERTICAL JET ROOF COWL as supplied by Victoria Fans.\\r\\n2. The fans may only be operated when installed as intended and when safety is ensured.\"}}}}}', '2017-07-25 09:57:05', '2017-07-25 09:57:05', 'cc6723ee-e96f-4179-bc6a-2a85b5924056'),
 ('136', '21', '3', '1', 'en', '6', '', '{\"typeId\":\"4\",\"authorId\":\"1\",\"title\":\"Flameproof Fans EXD Zone 1 & 2\",\"slug\":\"flameproof-fans\",\"postDate\":1488211680,\"expiryDate\":null,\"enabled\":1,\"parentId\":\"\",\"fields\":{\"48\":\"\",\"49\":\"\",\"50\":\"\",\"51\":\"\",\"52\":\"\",\"53\":\"\",\"3\":\"<p>Morbi quis pulvinar nisi. Proin et magna enim. Donec quis mi vitae diam fringilla placerat et hendrerit massa. Vestibulum sit amet urna posuere diam lacinia egestas.<\\/p>\",\"4\":\"\",\"25\":[\"60\"],\"7\":\"\"}}', '2017-07-25 09:58:01', '2017-07-25 09:58:01', 'ab9625af-606c-441c-94d0-eb6b69a3760f'),
 ('137', '24', '3', '1', 'en', '6', '', '{\"typeId\":\"3\",\"authorId\":\"1\",\"title\":\"Long Cased Axial\",\"slug\":\"long-cased-axial-flow-fans\",\"postDate\":1488211740,\"expiryDate\":null,\"enabled\":1,\"parentId\":\"17\",\"fields\":{\"34\":\"\",\"13\":\"\",\"21\":{\"new1\":{\"type\":\"4\",\"fields\":{\"dataTable\":\"{\\\"columns\\\":{\\\"col1\\\":{\\\"heading\\\":\\\"Fan Size\\\",\\\"width\\\":\\\"\\\",\\\"align\\\":\\\"left\\\"},\\\"col2\\\":{\\\"heading\\\":\\\"A\\\",\\\"width\\\":\\\"\\\",\\\"align\\\":\\\"left\\\"},\\\"col3\\\":{\\\"heading\\\":\\\"B\\\",\\\"width\\\":\\\"\\\",\\\"align\\\":\\\"left\\\"},\\\"col4\\\":{\\\"heading\\\":\\\"C\\\",\\\"width\\\":\\\"\\\",\\\"align\\\":\\\"left\\\"},\\\"col5\\\":{\\\"heading\\\":\\\"D\\\",\\\"width\\\":\\\"\\\",\\\"align\\\":\\\"left\\\"},\\\"col6\\\":{\\\"heading\\\":\\\"E\\\",\\\"width\\\":\\\"\\\",\\\"align\\\":\\\"left\\\"},\\\"col7\\\":{\\\"heading\\\":\\\"F\\\",\\\"width\\\":\\\"\\\",\\\"align\\\":\\\"left\\\"}},\\\"rows\\\":{\\\"row1\\\":{\\\"col1\\\":\\\"250\\\",\\\"col2\\\":\\\"250\\\",\\\"col3\\\":\\\"315\\\",\\\"col4\\\":\\\"320\\\",\\\"col5\\\":\\\"8\\\",\\\"col6\\\":\\\"10\\\",\\\"col7\\\":\\\"295\\\"},\\\"row2\\\":{\\\"col1\\\":\\\"315\\\",\\\"col2\\\":\\\"315\\\",\\\"col3\\\":\\\"379\\\",\\\"col4\\\":\\\"380\\\",\\\"col5\\\":\\\"8\\\",\\\"col6\\\":\\\"10\\\",\\\"col7\\\":\\\"355\\\"},\\\"row3\\\":{\\\"col1\\\":\\\"355\\\",\\\"col2\\\":\\\"355\\\",\\\"col3\\\":\\\"439\\\",\\\"col4\\\":\\\"400\\\",\\\"col5\\\":\\\"8\\\",\\\"col6\\\":\\\"10\\\",\\\"col7\\\":\\\"395\\\"},\\\"row4\\\":{\\\"col1\\\":\\\"400\\\",\\\"col2\\\":\\\"400\\\",\\\"col3\\\":\\\"485\\\",\\\"col4\\\":\\\"430\\\",\\\"col5\\\":\\\"8\\\",\\\"col6\\\":\\\"12\\\",\\\"col7\\\":\\\"450\\\"},\\\"row5\\\":{\\\"col1\\\":\\\"450\\\",\\\"col2\\\":\\\"450\\\",\\\"col3\\\":\\\"534\\\",\\\"col4\\\":\\\"430\\\",\\\"col5\\\":\\\"8\\\",\\\"col6\\\":\\\"12\\\",\\\"col7\\\":\\\"500\\\"},\\\"row6\\\":{\\\"col1\\\":\\\"500\\\",\\\"col2\\\":\\\"500\\\",\\\"col3\\\":\\\"584\\\",\\\"col4\\\":\\\"500\\\",\\\"col5\\\":\\\"12\\\",\\\"col6\\\":\\\"12\\\",\\\"col7\\\":\\\"560\\\"},\\\"row7\\\":{\\\"col1\\\":\\\"560\\\",\\\"col2\\\":\\\"560\\\",\\\"col3\\\":\\\"644\\\",\\\"col4\\\":\\\"500\\\",\\\"col5\\\":\\\"12\\\",\\\"col6\\\":\\\"12\\\",\\\"col7\\\":\\\"620\\\"},\\\"row8\\\":{\\\"col1\\\":\\\"630\\\",\\\"col2\\\":\\\"630\\\",\\\"col3\\\":\\\"714\\\",\\\"col4\\\":\\\"500\\\",\\\"col5\\\":\\\"12\\\",\\\"col6\\\":\\\"12\\\",\\\"col7\\\":\\\"690\\\"},\\\"row9\\\":{\\\"col1\\\":\\\"710\\\",\\\"col2\\\":\\\"710\\\",\\\"col3\\\":\\\"794\\\",\\\"col4\\\":\\\"520\\\",\\\"col5\\\":\\\"16\\\",\\\"col6\\\":\\\"12\\\",\\\"col7\\\":\\\"770\\\"},\\\"row10\\\":{\\\"col1\\\":\\\"800\\\",\\\"col2\\\":\\\"800\\\",\\\"col3\\\":\\\"908\\\",\\\"col4\\\":\\\"650\\\",\\\"col5\\\":\\\"16\\\",\\\"col6\\\":\\\"12\\\",\\\"col7\\\":\\\"860\\\"},\\\"row11\\\":{\\\"col1\\\":\\\"900\\\",\\\"col2\\\":\\\"900\\\",\\\"col3\\\":\\\"1033\\\",\\\"col4\\\":\\\"700\\\",\\\"col5\\\":\\\"16\\\",\\\"col6\\\":\\\"15\\\",\\\"col7\\\":\\\"970\\\"},\\\"row12\\\":{\\\"col1\\\":\\\"1000\\\",\\\"col2\\\":\\\"1000\\\",\\\"col3\\\":\\\"1133\\\",\\\"col4\\\":\\\"900\\\",\\\"col5\\\":\\\"16\\\",\\\"col6\\\":\\\"15\\\",\\\"col7\\\":\\\"1070\\\"},\\\"row13\\\":{\\\"col1\\\":\\\"1120\\\",\\\"col2\\\":\\\"1120\\\",\\\"col3\\\":\\\"1253\\\",\\\"col4\\\":\\\"1000\\\",\\\"col5\\\":\\\"20\\\",\\\"col6\\\":\\\"18\\\",\\\"col7\\\":\\\"1190\\\"},\\\"row14\\\":{\\\"col1\\\":\\\"1250\\\",\\\"col2\\\":\\\"1250\\\",\\\"col3\\\":\\\"1406\\\",\\\"col4\\\":\\\"1000\\\",\\\"col5\\\":\\\"20\\\",\\\"col6\\\":\\\"18\\\",\\\"col7\\\":\\\"1320\\\"},\\\"row15\\\":{\\\"col1\\\":\\\"1400\\\",\\\"col2\\\":\\\"1400\\\",\\\"col3\\\":\\\"1556\\\",\\\"col4\\\":\\\"1000\\\",\\\"col5\\\":\\\"20\\\",\\\"col6\\\":\\\"18\\\",\\\"col7\\\":\\\"1470\\\"},\\\"row16\\\":{\\\"col1\\\":\\\"1600\\\",\\\"col2\\\":\\\"1600\\\",\\\"col3\\\":\\\"1758\\\",\\\"col4\\\":\\\"1250\\\",\\\"col5\\\":\\\"24\\\",\\\"col6\\\":\\\"18\\\",\\\"col7\\\":\\\"1680\\\"}}}\",\"columns\":{\"col1\":{\"heading\":\"Fan Size\",\"width\":\"\",\"align\":\"left\"},\"col2\":{\"heading\":\"A\",\"width\":\"\",\"align\":\"left\"},\"col3\":{\"heading\":\"B\",\"width\":\"\",\"align\":\"left\"},\"col4\":{\"heading\":\"C\",\"width\":\"\",\"align\":\"left\"},\"col5\":{\"heading\":\"D\",\"width\":\"\",\"align\":\"left\"},\"col6\":{\"heading\":\"E\",\"width\":\"\",\"align\":\"left\"},\"col7\":{\"heading\":\"F\",\"width\":\"\",\"align\":\"left\"}},\"rows\":{\"row1\":{\"col1\":\"250\",\"col2\":\"250\",\"col3\":\"315\",\"col4\":\"320\",\"col5\":\"8\",\"col6\":\"10\",\"col7\":\"295\"},\"row2\":{\"col1\":\"315\",\"col2\":\"315\",\"col3\":\"379\",\"col4\":\"380\",\"col5\":\"8\",\"col6\":\"10\",\"col7\":\"355\"},\"row3\":{\"col1\":\"355\",\"col2\":\"355\",\"col3\":\"439\",\"col4\":\"400\",\"col5\":\"8\",\"col6\":\"10\",\"col7\":\"395\"},\"row4\":{\"col1\":\"400\",\"col2\":\"400\",\"col3\":\"485\",\"col4\":\"430\",\"col5\":\"8\",\"col6\":\"12\",\"col7\":\"450\"},\"row5\":{\"col1\":\"450\",\"col2\":\"450\",\"col3\":\"534\",\"col4\":\"430\",\"col5\":\"8\",\"col6\":\"12\",\"col7\":\"500\"},\"row6\":{\"col1\":\"500\",\"col2\":\"500\",\"col3\":\"584\",\"col4\":\"500\",\"col5\":\"12\",\"col6\":\"12\",\"col7\":\"560\"},\"row7\":{\"col1\":\"560\",\"col2\":\"560\",\"col3\":\"644\",\"col4\":\"500\",\"col5\":\"12\",\"col6\":\"12\",\"col7\":\"620\"},\"row8\":{\"col1\":\"630\",\"col2\":\"630\",\"col3\":\"714\",\"col4\":\"500\",\"col5\":\"12\",\"col6\":\"12\",\"col7\":\"690\"},\"row9\":{\"col1\":\"710\",\"col2\":\"710\",\"col3\":\"794\",\"col4\":\"520\",\"col5\":\"16\",\"col6\":\"12\",\"col7\":\"770\"},\"row10\":{\"col1\":\"800\",\"col2\":\"800\",\"col3\":\"908\",\"col4\":\"650\",\"col5\":\"16\",\"col6\":\"12\",\"col7\":\"860\"},\"row11\":{\"col1\":\"900\",\"col2\":\"900\",\"col3\":\"1033\",\"col4\":\"700\",\"col5\":\"16\",\"col6\":\"15\",\"col7\":\"970\"},\"row12\":{\"col1\":\"1000\",\"col2\":\"1000\",\"col3\":\"1133\",\"col4\":\"900\",\"col5\":\"16\",\"col6\":\"15\",\"col7\":\"1070\"},\"row13\":{\"col1\":\"1120\",\"col2\":\"1120\",\"col3\":\"1253\",\"col4\":\"1000\",\"col5\":\"20\",\"col6\":\"18\",\"col7\":\"1190\"},\"row14\":{\"col1\":\"1250\",\"col2\":\"1250\",\"col3\":\"1406\",\"col4\":\"1000\",\"col5\":\"20\",\"col6\":\"18\",\"col7\":\"1320\"},\"row15\":{\"col1\":\"1400\",\"col2\":\"1400\",\"col3\":\"1556\",\"col4\":\"1000\",\"col5\":\"20\",\"col6\":\"18\",\"col7\":\"1470\"},\"row16\":{\"col1\":\"1600\",\"col2\":\"1600\",\"col3\":\"1758\",\"col4\":\"1250\",\"col5\":\"24\",\"col6\":\"18\",\"col7\":\"1680\"}}}}},\"18\":[\"54\"],\"19\":\"\",\"48\":\"\",\"49\":\"\",\"50\":\"\",\"51\":\"\",\"52\":\"\",\"53\":\"\",\"12\":\"\",\"11\":\"<p>Long Cased Axial&nbsp;Mauris tristique nunc eu orci sollicitudin ultricies. Duis ultricies eros scelerisque bibendum viverra. Suspendisse volutpat sagittis pretium. Suspendisse porttitor faucibus quam, in dapibus odio semper ac. Pellentesque a sapien tincidunt, consequat tortor sit amet, tempor magna. Nullam blandit vitae lectus id efficitur.<\\/p>\",\"16\":{\"new1\":{\"type\":\"3\",\"fields\":{\"fd_st_noteText\":\"Flange Drillings to BS EN ISO13351 (E)\"}}}}}', '2017-07-25 10:11:38', '2017-07-25 10:11:38', '859740bb-034c-44f4-be12-6e939301f25a'),
 ('138', '24', '3', '1', 'en', '7', '', '{\"typeId\":\"3\",\"authorId\":\"1\",\"title\":\"Long Cased Axial\",\"slug\":\"long-cased-axial-flow-fans\",\"postDate\":1488211740,\"expiryDate\":null,\"enabled\":1,\"parentId\":\"17\",\"fields\":{\"34\":\"\",\"13\":\"\",\"21\":{\"120\":{\"type\":\"4\",\"fields\":{\"dataTable\":\"{\\\"columns\\\":{\\\"col0\\\":{\\\"heading\\\":\\\"Fan Size\\\",\\\"width\\\":\\\"\\\",\\\"align\\\":\\\"left\\\"},\\\"col1\\\":{\\\"heading\\\":\\\"A\\\",\\\"width\\\":\\\"\\\",\\\"align\\\":\\\"left\\\"},\\\"col2\\\":{\\\"heading\\\":\\\"B\\\",\\\"width\\\":\\\"\\\",\\\"align\\\":\\\"left\\\"},\\\"col3\\\":{\\\"heading\\\":\\\"C\\\",\\\"width\\\":\\\"\\\",\\\"align\\\":\\\"left\\\"},\\\"col4\\\":{\\\"heading\\\":\\\"D\\\",\\\"width\\\":\\\"\\\",\\\"align\\\":\\\"left\\\"},\\\"col5\\\":{\\\"heading\\\":\\\"E\\\",\\\"width\\\":\\\"\\\",\\\"align\\\":\\\"left\\\"},\\\"col6\\\":{\\\"heading\\\":\\\"F\\\",\\\"width\\\":\\\"\\\",\\\"align\\\":\\\"left\\\"}},\\\"rows\\\":{\\\"row0\\\":{\\\"col0\\\":\\\"250\\\",\\\"col1\\\":\\\"250\\\",\\\"col2\\\":\\\"315\\\",\\\"col3\\\":\\\"320\\\",\\\"col4\\\":\\\"8\\\",\\\"col5\\\":\\\"10\\\",\\\"col6\\\":\\\"295\\\"},\\\"row1\\\":{\\\"col0\\\":\\\"315\\\",\\\"col1\\\":\\\"315\\\",\\\"col2\\\":\\\"379\\\",\\\"col3\\\":\\\"380\\\",\\\"col4\\\":\\\"8\\\",\\\"col5\\\":\\\"10\\\",\\\"col6\\\":\\\"355\\\"},\\\"row2\\\":{\\\"col0\\\":\\\"355\\\",\\\"col1\\\":\\\"355\\\",\\\"col2\\\":\\\"439\\\",\\\"col3\\\":\\\"400\\\",\\\"col4\\\":\\\"8\\\",\\\"col5\\\":\\\"10\\\",\\\"col6\\\":\\\"395\\\"},\\\"row3\\\":{\\\"col0\\\":\\\"400\\\",\\\"col1\\\":\\\"400\\\",\\\"col2\\\":\\\"485\\\",\\\"col3\\\":\\\"430\\\",\\\"col4\\\":\\\"8\\\",\\\"col5\\\":\\\"12\\\",\\\"col6\\\":\\\"450\\\"},\\\"row4\\\":{\\\"col0\\\":\\\"450\\\",\\\"col1\\\":\\\"450\\\",\\\"col2\\\":\\\"534\\\",\\\"col3\\\":\\\"430\\\",\\\"col4\\\":\\\"8\\\",\\\"col5\\\":\\\"12\\\",\\\"col6\\\":\\\"500\\\"},\\\"row5\\\":{\\\"col0\\\":\\\"500\\\",\\\"col1\\\":\\\"500\\\",\\\"col2\\\":\\\"584\\\",\\\"col3\\\":\\\"500\\\",\\\"col4\\\":\\\"12\\\",\\\"col5\\\":\\\"12\\\",\\\"col6\\\":\\\"560\\\"},\\\"row6\\\":{\\\"col0\\\":\\\"560\\\",\\\"col1\\\":\\\"560\\\",\\\"col2\\\":\\\"644\\\",\\\"col3\\\":\\\"500\\\",\\\"col4\\\":\\\"12\\\",\\\"col5\\\":\\\"12\\\",\\\"col6\\\":\\\"620\\\"},\\\"row7\\\":{\\\"col0\\\":\\\"630\\\",\\\"col1\\\":\\\"630\\\",\\\"col2\\\":\\\"714\\\",\\\"col3\\\":\\\"500\\\",\\\"col4\\\":\\\"12\\\",\\\"col5\\\":\\\"12\\\",\\\"col6\\\":\\\"690\\\"},\\\"row8\\\":{\\\"col0\\\":\\\"710\\\",\\\"col1\\\":\\\"710\\\",\\\"col2\\\":\\\"794\\\",\\\"col3\\\":\\\"520\\\",\\\"col4\\\":\\\"16\\\",\\\"col5\\\":\\\"12\\\",\\\"col6\\\":\\\"770\\\"},\\\"row9\\\":{\\\"col0\\\":\\\"800\\\",\\\"col1\\\":\\\"800\\\",\\\"col2\\\":\\\"908\\\",\\\"col3\\\":\\\"650\\\",\\\"col4\\\":\\\"16\\\",\\\"col5\\\":\\\"12\\\",\\\"col6\\\":\\\"860\\\"},\\\"row10\\\":{\\\"col0\\\":\\\"900\\\",\\\"col1\\\":\\\"900\\\",\\\"col2\\\":\\\"1033\\\",\\\"col3\\\":\\\"700\\\",\\\"col4\\\":\\\"16\\\",\\\"col5\\\":\\\"15\\\",\\\"col6\\\":\\\"970\\\"},\\\"row11\\\":{\\\"col0\\\":\\\"1000\\\",\\\"col1\\\":\\\"1000\\\",\\\"col2\\\":\\\"1133\\\",\\\"col3\\\":\\\"900\\\",\\\"col4\\\":\\\"16\\\",\\\"col5\\\":\\\"15\\\",\\\"col6\\\":\\\"1070\\\"},\\\"row12\\\":{\\\"col0\\\":\\\"1120\\\",\\\"col1\\\":\\\"1120\\\",\\\"col2\\\":\\\"1253\\\",\\\"col3\\\":\\\"1000\\\",\\\"col4\\\":\\\"20\\\",\\\"col5\\\":\\\"18\\\",\\\"col6\\\":\\\"1190\\\"},\\\"row13\\\":{\\\"col0\\\":\\\"1250\\\",\\\"col1\\\":\\\"1250\\\",\\\"col2\\\":\\\"1406\\\",\\\"col3\\\":\\\"1000\\\",\\\"col4\\\":\\\"20\\\",\\\"col5\\\":\\\"18\\\",\\\"col6\\\":\\\"1320\\\"},\\\"row14\\\":{\\\"col0\\\":\\\"1400\\\",\\\"col1\\\":\\\"1400\\\",\\\"col2\\\":\\\"1556\\\",\\\"col3\\\":\\\"1000\\\",\\\"col4\\\":\\\"20\\\",\\\"col5\\\":\\\"18\\\",\\\"col6\\\":\\\"1470\\\"},\\\"row15\\\":{\\\"col0\\\":\\\"1600\\\",\\\"col1\\\":\\\"1600\\\",\\\"col2\\\":\\\"1758\\\",\\\"col3\\\":\\\"1250\\\",\\\"col4\\\":\\\"24\\\",\\\"col5\\\":\\\"18\\\",\\\"col6\\\":\\\"1680\\\"}}}\",\"columns\":{\"col0\":{\"heading\":\"Fan Size\",\"width\":\"\",\"align\":\"left\"},\"col1\":{\"heading\":\"A\",\"width\":\"\",\"align\":\"left\"},\"col2\":{\"heading\":\"B\",\"width\":\"\",\"align\":\"left\"},\"col3\":{\"heading\":\"C\",\"width\":\"\",\"align\":\"left\"},\"col4\":{\"heading\":\"D\",\"width\":\"\",\"align\":\"left\"},\"col5\":{\"heading\":\"E\",\"width\":\"\",\"align\":\"left\"},\"col6\":{\"heading\":\"F\",\"width\":\"\",\"align\":\"left\"}},\"rows\":{\"row0\":{\"col0\":\"250\",\"col1\":\"250\",\"col2\":\"315\",\"col3\":\"320\",\"col4\":\"8\",\"col5\":\"10\",\"col6\":\"295\"},\"row1\":{\"col0\":\"315\",\"col1\":\"315\",\"col2\":\"379\",\"col3\":\"380\",\"col4\":\"8\",\"col5\":\"10\",\"col6\":\"355\"},\"row2\":{\"col0\":\"355\",\"col1\":\"355\",\"col2\":\"439\",\"col3\":\"400\",\"col4\":\"8\",\"col5\":\"10\",\"col6\":\"395\"},\"row3\":{\"col0\":\"400\",\"col1\":\"400\",\"col2\":\"485\",\"col3\":\"430\",\"col4\":\"8\",\"col5\":\"12\",\"col6\":\"450\"},\"row4\":{\"col0\":\"450\",\"col1\":\"450\",\"col2\":\"534\",\"col3\":\"430\",\"col4\":\"8\",\"col5\":\"12\",\"col6\":\"500\"},\"row5\":{\"col0\":\"500\",\"col1\":\"500\",\"col2\":\"584\",\"col3\":\"500\",\"col4\":\"12\",\"col5\":\"12\",\"col6\":\"560\"},\"row6\":{\"col0\":\"560\",\"col1\":\"560\",\"col2\":\"644\",\"col3\":\"500\",\"col4\":\"12\",\"col5\":\"12\",\"col6\":\"620\"},\"row7\":{\"col0\":\"630\",\"col1\":\"630\",\"col2\":\"714\",\"col3\":\"500\",\"col4\":\"12\",\"col5\":\"12\",\"col6\":\"690\"},\"row8\":{\"col0\":\"710\",\"col1\":\"710\",\"col2\":\"794\",\"col3\":\"520\",\"col4\":\"16\",\"col5\":\"12\",\"col6\":\"770\"},\"row9\":{\"col0\":\"800\",\"col1\":\"800\",\"col2\":\"908\",\"col3\":\"650\",\"col4\":\"16\",\"col5\":\"12\",\"col6\":\"860\"},\"row10\":{\"col0\":\"900\",\"col1\":\"900\",\"col2\":\"1033\",\"col3\":\"700\",\"col4\":\"16\",\"col5\":\"15\",\"col6\":\"970\"},\"row11\":{\"col0\":\"1000\",\"col1\":\"1000\",\"col2\":\"1133\",\"col3\":\"900\",\"col4\":\"16\",\"col5\":\"15\",\"col6\":\"1070\"},\"row12\":{\"col0\":\"1120\",\"col1\":\"1120\",\"col2\":\"1253\",\"col3\":\"1000\",\"col4\":\"20\",\"col5\":\"18\",\"col6\":\"1190\"},\"row13\":{\"col0\":\"1250\",\"col1\":\"1250\",\"col2\":\"1406\",\"col3\":\"1000\",\"col4\":\"20\",\"col5\":\"18\",\"col6\":\"1320\"},\"row14\":{\"col0\":\"1400\",\"col1\":\"1400\",\"col2\":\"1556\",\"col3\":\"1000\",\"col4\":\"20\",\"col5\":\"18\",\"col6\":\"1470\"},\"row15\":{\"col0\":\"1600\",\"col1\":\"1600\",\"col2\":\"1758\",\"col3\":\"1250\",\"col4\":\"24\",\"col5\":\"18\",\"col6\":\"1680\"}}}}},\"18\":[\"54\"],\"19\":[\"122\"],\"48\":\"\",\"49\":\"\",\"50\":\"\",\"51\":\"\",\"52\":\"\",\"53\":\"\",\"12\":\"\",\"11\":\"<p>Long Cased Axial&nbsp;Mauris tristique nunc eu orci sollicitudin ultricies. Duis ultricies eros scelerisque bibendum viverra. Suspendisse volutpat sagittis pretium. Suspendisse porttitor faucibus quam, in dapibus odio semper ac. Pellentesque a sapien tincidunt, consequat tortor sit amet, tempor magna. Nullam blandit vitae lectus id efficitur.<\\/p>\",\"16\":{\"121\":{\"type\":\"3\",\"fields\":{\"fd_st_noteText\":\"Flange Drillings to BS EN ISO13351 (E)\"}}}}}', '2017-07-25 10:16:13', '2017-07-25 10:16:13', 'af06f5f7-08d4-4bc0-a654-f3defccf33cb'),
 ('139', '25', '3', '1', 'en', '4', '', '{\"typeId\":\"3\",\"authorId\":\"1\",\"title\":\"Short Cased Axial\",\"slug\":\"short-cased-axial-flow-fans\",\"postDate\":1488211800,\"expiryDate\":null,\"enabled\":1,\"parentId\":\"17\",\"fields\":{\"34\":\"\",\"13\":\"\",\"21\":{\"new1\":{\"type\":\"4\",\"fields\":{\"dataTable\":\"{\\\"columns\\\":{\\\"col1\\\":{\\\"heading\\\":\\\"Fan Size\\\",\\\"width\\\":\\\"\\\",\\\"align\\\":\\\"left\\\"},\\\"col2\\\":{\\\"heading\\\":\\\"A\\\",\\\"width\\\":\\\"\\\",\\\"align\\\":\\\"left\\\"},\\\"col3\\\":{\\\"heading\\\":\\\"B\\\",\\\"width\\\":\\\"\\\",\\\"align\\\":\\\"left\\\"},\\\"col4\\\":{\\\"heading\\\":\\\"C\\\",\\\"width\\\":\\\"\\\",\\\"align\\\":\\\"left\\\"},\\\"col5\\\":{\\\"heading\\\":\\\"D\\\",\\\"width\\\":\\\"\\\",\\\"align\\\":\\\"left\\\"},\\\"col6\\\":{\\\"heading\\\":\\\"E\\\",\\\"width\\\":\\\"\\\",\\\"align\\\":\\\"left\\\"},\\\"col7\\\":{\\\"heading\\\":\\\"F\\\",\\\"width\\\":\\\"\\\",\\\"align\\\":\\\"left\\\"}},\\\"rows\\\":{\\\"row1\\\":{\\\"col1\\\":\\\"250\\\",\\\"col2\\\":\\\"250\\\",\\\"col3\\\":\\\"315\\\",\\\"col4\\\":\\\"150\\\",\\\"col5\\\":\\\"8\\\",\\\"col6\\\":\\\"10\\\",\\\"col7\\\":\\\"295\\\"},\\\"row2\\\":{\\\"col1\\\":\\\"315\\\",\\\"col2\\\":\\\"315\\\",\\\"col3\\\":\\\"379\\\",\\\"col4\\\":\\\"160\\\",\\\"col5\\\":\\\"8\\\",\\\"col6\\\":\\\"10\\\",\\\"col7\\\":\\\"355\\\"},\\\"row3\\\":{\\\"col1\\\":\\\"355\\\",\\\"col2\\\":\\\"355\\\",\\\"col3\\\":\\\"439\\\",\\\"col4\\\":\\\"160\\\",\\\"col5\\\":\\\"8\\\",\\\"col6\\\":\\\"10\\\",\\\"col7\\\":\\\"395\\\"},\\\"row4\\\":{\\\"col1\\\":\\\"400\\\",\\\"col2\\\":\\\"400\\\",\\\"col3\\\":\\\"484\\\",\\\"col4\\\":\\\"170\\\",\\\"col5\\\":\\\"8\\\",\\\"col6\\\":\\\"12\\\",\\\"col7\\\":\\\"450\\\"},\\\"row5\\\":{\\\"col1\\\":\\\"450\\\",\\\"col2\\\":\\\"450\\\",\\\"col3\\\":\\\"534\\\",\\\"col4\\\":\\\"180\\\",\\\"col5\\\":\\\"8\\\",\\\"col6\\\":\\\"12\\\",\\\"col7\\\":\\\"500\\\"},\\\"row6\\\":{\\\"col1\\\":\\\"560\\\",\\\"col2\\\":\\\"560\\\",\\\"col3\\\":\\\"644\\\",\\\"col4\\\":\\\"210\\\",\\\"col5\\\":\\\"12\\\",\\\"col6\\\":\\\"12\\\",\\\"col7\\\":\\\"560\\\"},\\\"row7\\\":{\\\"col1\\\":\\\"630\\\",\\\"col2\\\":\\\"630\\\",\\\"col3\\\":\\\"714\\\",\\\"col4\\\":\\\"210\\\",\\\"col5\\\":\\\"12\\\",\\\"col6\\\":\\\"12\\\",\\\"col7\\\":\\\"690\\\"},\\\"row8\\\":{\\\"col1\\\":\\\"710\\\",\\\"col2\\\":\\\"710\\\",\\\"col3\\\":\\\"794\\\",\\\"col4\\\":\\\"250\\\",\\\"col5\\\":\\\"16\\\",\\\"col6\\\":\\\"12\\\",\\\"col7\\\":\\\"770\\\"},\\\"row9\\\":{\\\"col1\\\":\\\"800\\\",\\\"col2\\\":\\\"800\\\",\\\"col3\\\":\\\"908\\\",\\\"col4\\\":\\\"300\\\",\\\"col5\\\":\\\"16\\\",\\\"col6\\\":\\\"12\\\",\\\"col7\\\":\\\"860\\\"},\\\"row10\\\":{\\\"col1\\\":\\\"900\\\",\\\"col2\\\":\\\"900\\\",\\\"col3\\\":\\\"1033\\\",\\\"col4\\\":\\\"350\\\",\\\"col5\\\":\\\"16\\\",\\\"col6\\\":\\\"15\\\",\\\"col7\\\":\\\"970\\\"},\\\"row11\\\":{\\\"col1\\\":\\\"1000\\\",\\\"col2\\\":\\\"1000\\\",\\\"col3\\\":\\\"1133\\\",\\\"col4\\\":\\\"400\\\",\\\"col5\\\":\\\"16\\\",\\\"col6\\\":\\\"15\\\",\\\"col7\\\":\\\"1070\\\"},\\\"row12\\\":{\\\"col1\\\":\\\"1120\\\",\\\"col2\\\":\\\"1120\\\",\\\"col3\\\":\\\"1253\\\",\\\"col4\\\":\\\"500\\\",\\\"col5\\\":\\\"20\\\",\\\"col6\\\":\\\"18\\\",\\\"col7\\\":\\\"1190\\\"},\\\"row13\\\":{\\\"col1\\\":\\\"1250\\\",\\\"col2\\\":\\\"1250\\\",\\\"col3\\\":\\\"1406\\\",\\\"col4\\\":\\\"600\\\",\\\"col5\\\":\\\"20\\\",\\\"col6\\\":\\\"18\\\",\\\"col7\\\":\\\"1320\\\"},\\\"row14\\\":{\\\"col1\\\":\\\"1400\\\",\\\"col2\\\":\\\"1400\\\",\\\"col3\\\":\\\"1556\\\",\\\"col4\\\":\\\"600\\\",\\\"col5\\\":\\\"20\\\",\\\"col6\\\":\\\"18\\\",\\\"col7\\\":\\\"1470\\\"},\\\"row15\\\":{\\\"col1\\\":\\\"1600\\\",\\\"col2\\\":\\\"1600\\\",\\\"col3\\\":\\\"1758\\\",\\\"col4\\\":\\\"700\\\",\\\"col5\\\":\\\"24\\\",\\\"col6\\\":\\\"18\\\",\\\"col7\\\":\\\"1680\\\"}}}\",\"columns\":{\"col1\":{\"heading\":\"Fan Size\",\"width\":\"\",\"align\":\"left\"},\"col2\":{\"heading\":\"A\",\"width\":\"\",\"align\":\"left\"},\"col3\":{\"heading\":\"B\",\"width\":\"\",\"align\":\"left\"},\"col4\":{\"heading\":\"C\",\"width\":\"\",\"align\":\"left\"},\"col5\":{\"heading\":\"D\",\"width\":\"\",\"align\":\"left\"},\"col6\":{\"heading\":\"E\",\"width\":\"\",\"align\":\"left\"},\"col7\":{\"heading\":\"F\",\"width\":\"\",\"align\":\"left\"}},\"rows\":{\"row1\":{\"col1\":\"250\",\"col2\":\"250\",\"col3\":\"315\",\"col4\":\"150\",\"col5\":\"8\",\"col6\":\"10\",\"col7\":\"295\"},\"row2\":{\"col1\":\"315\",\"col2\":\"315\",\"col3\":\"379\",\"col4\":\"160\",\"col5\":\"8\",\"col6\":\"10\",\"col7\":\"355\"},\"row3\":{\"col1\":\"355\",\"col2\":\"355\",\"col3\":\"439\",\"col4\":\"160\",\"col5\":\"8\",\"col6\":\"10\",\"col7\":\"395\"},\"row4\":{\"col1\":\"400\",\"col2\":\"400\",\"col3\":\"484\",\"col4\":\"170\",\"col5\":\"8\",\"col6\":\"12\",\"col7\":\"450\"},\"row5\":{\"col1\":\"450\",\"col2\":\"450\",\"col3\":\"534\",\"col4\":\"180\",\"col5\":\"8\",\"col6\":\"12\",\"col7\":\"500\"},\"row6\":{\"col1\":\"560\",\"col2\":\"560\",\"col3\":\"644\",\"col4\":\"210\",\"col5\":\"12\",\"col6\":\"12\",\"col7\":\"560\"},\"row7\":{\"col1\":\"630\",\"col2\":\"630\",\"col3\":\"714\",\"col4\":\"210\",\"col5\":\"12\",\"col6\":\"12\",\"col7\":\"690\"},\"row8\":{\"col1\":\"710\",\"col2\":\"710\",\"col3\":\"794\",\"col4\":\"250\",\"col5\":\"16\",\"col6\":\"12\",\"col7\":\"770\"},\"row9\":{\"col1\":\"800\",\"col2\":\"800\",\"col3\":\"908\",\"col4\":\"300\",\"col5\":\"16\",\"col6\":\"12\",\"col7\":\"860\"},\"row10\":{\"col1\":\"900\",\"col2\":\"900\",\"col3\":\"1033\",\"col4\":\"350\",\"col5\":\"16\",\"col6\":\"15\",\"col7\":\"970\"},\"row11\":{\"col1\":\"1000\",\"col2\":\"1000\",\"col3\":\"1133\",\"col4\":\"400\",\"col5\":\"16\",\"col6\":\"15\",\"col7\":\"1070\"},\"row12\":{\"col1\":\"1120\",\"col2\":\"1120\",\"col3\":\"1253\",\"col4\":\"500\",\"col5\":\"20\",\"col6\":\"18\",\"col7\":\"1190\"},\"row13\":{\"col1\":\"1250\",\"col2\":\"1250\",\"col3\":\"1406\",\"col4\":\"600\",\"col5\":\"20\",\"col6\":\"18\",\"col7\":\"1320\"},\"row14\":{\"col1\":\"1400\",\"col2\":\"1400\",\"col3\":\"1556\",\"col4\":\"600\",\"col5\":\"20\",\"col6\":\"18\",\"col7\":\"1470\"},\"row15\":{\"col1\":\"1600\",\"col2\":\"1600\",\"col3\":\"1758\",\"col4\":\"700\",\"col5\":\"24\",\"col6\":\"18\",\"col7\":\"1680\"}}}}},\"18\":[\"53\"],\"19\":[\"123\"],\"48\":\"\",\"49\":\"\",\"50\":\"\",\"51\":\"\",\"52\":\"\",\"53\":\"\",\"12\":\"\",\"11\":\"<p>Short Cased Axial&nbsp;Pellentesque id mollis lacus. Aenean quis urna mauris. Aenean laoreet ipsum non laoreet vehicula. Sed egestas interdum venenatis. Sed vel nisl eu nulla lacinia consectetur.<\\/p>\",\"16\":\"\"}}', '2017-07-25 10:37:10', '2017-07-25 10:37:10', '9e0aebf5-dec4-4a18-b8ef-b4a3dafc8528'),
 ('140', '25', '3', '1', 'en', '5', '', '{\"typeId\":\"3\",\"authorId\":\"1\",\"title\":\"Short Cased Axial\",\"slug\":\"short-cased-axial-flow-fans\",\"postDate\":1488211800,\"expiryDate\":null,\"enabled\":1,\"parentId\":\"17\",\"fields\":{\"34\":\"\",\"13\":\"\",\"21\":{\"124\":{\"type\":\"4\",\"fields\":{\"dataTable\":\"{\\\"columns\\\":{\\\"col0\\\":{\\\"heading\\\":\\\"Fan Size\\\",\\\"width\\\":\\\"\\\",\\\"align\\\":\\\"left\\\"},\\\"col1\\\":{\\\"heading\\\":\\\"A\\\",\\\"width\\\":\\\"\\\",\\\"align\\\":\\\"left\\\"},\\\"col2\\\":{\\\"heading\\\":\\\"B\\\",\\\"width\\\":\\\"\\\",\\\"align\\\":\\\"left\\\"},\\\"col3\\\":{\\\"heading\\\":\\\"C\\\",\\\"width\\\":\\\"\\\",\\\"align\\\":\\\"left\\\"},\\\"col4\\\":{\\\"heading\\\":\\\"D\\\",\\\"width\\\":\\\"\\\",\\\"align\\\":\\\"left\\\"},\\\"col5\\\":{\\\"heading\\\":\\\"E\\\",\\\"width\\\":\\\"\\\",\\\"align\\\":\\\"left\\\"},\\\"col6\\\":{\\\"heading\\\":\\\"F\\\",\\\"width\\\":\\\"\\\",\\\"align\\\":\\\"left\\\"}},\\\"rows\\\":{\\\"row0\\\":{\\\"col0\\\":\\\"250\\\",\\\"col1\\\":\\\"250\\\",\\\"col2\\\":\\\"315\\\",\\\"col3\\\":\\\"150\\\",\\\"col4\\\":\\\"8\\\",\\\"col5\\\":\\\"10\\\",\\\"col6\\\":\\\"295\\\"},\\\"row1\\\":{\\\"col0\\\":\\\"315\\\",\\\"col1\\\":\\\"315\\\",\\\"col2\\\":\\\"379\\\",\\\"col3\\\":\\\"160\\\",\\\"col4\\\":\\\"8\\\",\\\"col5\\\":\\\"10\\\",\\\"col6\\\":\\\"355\\\"},\\\"row2\\\":{\\\"col0\\\":\\\"355\\\",\\\"col1\\\":\\\"355\\\",\\\"col2\\\":\\\"439\\\",\\\"col3\\\":\\\"160\\\",\\\"col4\\\":\\\"8\\\",\\\"col5\\\":\\\"10\\\",\\\"col6\\\":\\\"395\\\"},\\\"row3\\\":{\\\"col0\\\":\\\"400\\\",\\\"col1\\\":\\\"400\\\",\\\"col2\\\":\\\"484\\\",\\\"col3\\\":\\\"170\\\",\\\"col4\\\":\\\"8\\\",\\\"col5\\\":\\\"12\\\",\\\"col6\\\":\\\"450\\\"},\\\"row4\\\":{\\\"col0\\\":\\\"450\\\",\\\"col1\\\":\\\"450\\\",\\\"col2\\\":\\\"534\\\",\\\"col3\\\":\\\"180\\\",\\\"col4\\\":\\\"8\\\",\\\"col5\\\":\\\"12\\\",\\\"col6\\\":\\\"500\\\"},\\\"row5\\\":{\\\"col0\\\":\\\"560\\\",\\\"col1\\\":\\\"560\\\",\\\"col2\\\":\\\"644\\\",\\\"col3\\\":\\\"210\\\",\\\"col4\\\":\\\"12\\\",\\\"col5\\\":\\\"12\\\",\\\"col6\\\":\\\"560\\\"},\\\"row6\\\":{\\\"col0\\\":\\\"630\\\",\\\"col1\\\":\\\"630\\\",\\\"col2\\\":\\\"714\\\",\\\"col3\\\":\\\"210\\\",\\\"col4\\\":\\\"12\\\",\\\"col5\\\":\\\"12\\\",\\\"col6\\\":\\\"690\\\"},\\\"row7\\\":{\\\"col0\\\":\\\"710\\\",\\\"col1\\\":\\\"710\\\",\\\"col2\\\":\\\"794\\\",\\\"col3\\\":\\\"250\\\",\\\"col4\\\":\\\"16\\\",\\\"col5\\\":\\\"12\\\",\\\"col6\\\":\\\"770\\\"},\\\"row8\\\":{\\\"col0\\\":\\\"800\\\",\\\"col1\\\":\\\"800\\\",\\\"col2\\\":\\\"908\\\",\\\"col3\\\":\\\"300\\\",\\\"col4\\\":\\\"16\\\",\\\"col5\\\":\\\"12\\\",\\\"col6\\\":\\\"860\\\"},\\\"row9\\\":{\\\"col0\\\":\\\"900\\\",\\\"col1\\\":\\\"900\\\",\\\"col2\\\":\\\"1033\\\",\\\"col3\\\":\\\"350\\\",\\\"col4\\\":\\\"16\\\",\\\"col5\\\":\\\"15\\\",\\\"col6\\\":\\\"970\\\"},\\\"row10\\\":{\\\"col0\\\":\\\"1000\\\",\\\"col1\\\":\\\"1000\\\",\\\"col2\\\":\\\"1133\\\",\\\"col3\\\":\\\"400\\\",\\\"col4\\\":\\\"16\\\",\\\"col5\\\":\\\"15\\\",\\\"col6\\\":\\\"1070\\\"},\\\"row11\\\":{\\\"col0\\\":\\\"1120\\\",\\\"col1\\\":\\\"1120\\\",\\\"col2\\\":\\\"1253\\\",\\\"col3\\\":\\\"500\\\",\\\"col4\\\":\\\"20\\\",\\\"col5\\\":\\\"18\\\",\\\"col6\\\":\\\"1190\\\"},\\\"row12\\\":{\\\"col0\\\":\\\"1250\\\",\\\"col1\\\":\\\"1250\\\",\\\"col2\\\":\\\"1406\\\",\\\"col3\\\":\\\"600\\\",\\\"col4\\\":\\\"20\\\",\\\"col5\\\":\\\"18\\\",\\\"col6\\\":\\\"1320\\\"},\\\"row13\\\":{\\\"col0\\\":\\\"1400\\\",\\\"col1\\\":\\\"1400\\\",\\\"col2\\\":\\\"1556\\\",\\\"col3\\\":\\\"600\\\",\\\"col4\\\":\\\"20\\\",\\\"col5\\\":\\\"18\\\",\\\"col6\\\":\\\"1470\\\"},\\\"row14\\\":{\\\"col0\\\":\\\"1600\\\",\\\"col1\\\":\\\"1600\\\",\\\"col2\\\":\\\"1758\\\",\\\"col3\\\":\\\"700\\\",\\\"col4\\\":\\\"24\\\",\\\"col5\\\":\\\"18\\\",\\\"col6\\\":\\\"1680\\\"}}}\",\"columns\":{\"col0\":{\"heading\":\"Fan Size\",\"width\":\"\",\"align\":\"left\"},\"col1\":{\"heading\":\"A\",\"width\":\"\",\"align\":\"left\"},\"col2\":{\"heading\":\"B\",\"width\":\"\",\"align\":\"left\"},\"col3\":{\"heading\":\"C\",\"width\":\"\",\"align\":\"left\"},\"col4\":{\"heading\":\"D\",\"width\":\"\",\"align\":\"left\"},\"col5\":{\"heading\":\"E\",\"width\":\"\",\"align\":\"left\"},\"col6\":{\"heading\":\"F\",\"width\":\"\",\"align\":\"left\"}},\"rows\":{\"row0\":{\"col0\":\"250\",\"col1\":\"250\",\"col2\":\"315\",\"col3\":\"150\",\"col4\":\"8\",\"col5\":\"10\",\"col6\":\"295\"},\"row1\":{\"col0\":\"315\",\"col1\":\"315\",\"col2\":\"379\",\"col3\":\"160\",\"col4\":\"8\",\"col5\":\"10\",\"col6\":\"355\"},\"row2\":{\"col0\":\"355\",\"col1\":\"355\",\"col2\":\"439\",\"col3\":\"160\",\"col4\":\"8\",\"col5\":\"10\",\"col6\":\"395\"},\"row3\":{\"col0\":\"400\",\"col1\":\"400\",\"col2\":\"484\",\"col3\":\"170\",\"col4\":\"8\",\"col5\":\"12\",\"col6\":\"450\"},\"row4\":{\"col0\":\"450\",\"col1\":\"450\",\"col2\":\"534\",\"col3\":\"180\",\"col4\":\"8\",\"col5\":\"12\",\"col6\":\"500\"},\"row5\":{\"col0\":\"560\",\"col1\":\"560\",\"col2\":\"644\",\"col3\":\"210\",\"col4\":\"12\",\"col5\":\"12\",\"col6\":\"560\"},\"row6\":{\"col0\":\"630\",\"col1\":\"630\",\"col2\":\"714\",\"col3\":\"210\",\"col4\":\"12\",\"col5\":\"12\",\"col6\":\"690\"},\"row7\":{\"col0\":\"710\",\"col1\":\"710\",\"col2\":\"794\",\"col3\":\"250\",\"col4\":\"16\",\"col5\":\"12\",\"col6\":\"770\"},\"row8\":{\"col0\":\"800\",\"col1\":\"800\",\"col2\":\"908\",\"col3\":\"300\",\"col4\":\"16\",\"col5\":\"12\",\"col6\":\"860\"},\"row9\":{\"col0\":\"900\",\"col1\":\"900\",\"col2\":\"1033\",\"col3\":\"350\",\"col4\":\"16\",\"col5\":\"15\",\"col6\":\"970\"},\"row10\":{\"col0\":\"1000\",\"col1\":\"1000\",\"col2\":\"1133\",\"col3\":\"400\",\"col4\":\"16\",\"col5\":\"15\",\"col6\":\"1070\"},\"row11\":{\"col0\":\"1120\",\"col1\":\"1120\",\"col2\":\"1253\",\"col3\":\"500\",\"col4\":\"20\",\"col5\":\"18\",\"col6\":\"1190\"},\"row12\":{\"col0\":\"1250\",\"col1\":\"1250\",\"col2\":\"1406\",\"col3\":\"600\",\"col4\":\"20\",\"col5\":\"18\",\"col6\":\"1320\"},\"row13\":{\"col0\":\"1400\",\"col1\":\"1400\",\"col2\":\"1556\",\"col3\":\"600\",\"col4\":\"20\",\"col5\":\"18\",\"col6\":\"1470\"},\"row14\":{\"col0\":\"1600\",\"col1\":\"1600\",\"col2\":\"1758\",\"col3\":\"700\",\"col4\":\"24\",\"col5\":\"18\",\"col6\":\"1680\"}}}}},\"18\":[\"53\"],\"19\":\"\",\"48\":\"\",\"49\":\"\",\"50\":\"\",\"51\":\"\",\"52\":\"\",\"53\":\"\",\"12\":\"\",\"11\":\"<p>Short Cased Axial&nbsp;Pellentesque id mollis lacus. Aenean quis urna mauris. Aenean laoreet ipsum non laoreet vehicula. Sed egestas interdum venenatis. Sed vel nisl eu nulla lacinia consectetur.<\\/p>\",\"16\":\"\"}}', '2017-07-25 14:09:18', '2017-07-25 14:09:18', 'c4fd7955-4b00-43df-882d-42da602619d4'),
 ('141', '24', '3', '1', 'en', '8', '', '{\"typeId\":\"3\",\"authorId\":\"1\",\"title\":\"Long Cased Axial\",\"slug\":\"long-cased-axial-flow-fans\",\"postDate\":1488211740,\"expiryDate\":null,\"enabled\":1,\"parentId\":\"17\",\"fields\":{\"34\":\"\",\"13\":\"\",\"21\":{\"120\":{\"type\":\"4\",\"fields\":{\"dataTable\":\"{\\\"columns\\\":{\\\"col0\\\":{\\\"heading\\\":\\\"Fan Size\\\",\\\"width\\\":\\\"\\\",\\\"align\\\":\\\"left\\\"},\\\"col1\\\":{\\\"heading\\\":\\\"A\\\",\\\"width\\\":\\\"\\\",\\\"align\\\":\\\"left\\\"},\\\"col2\\\":{\\\"heading\\\":\\\"B\\\",\\\"width\\\":\\\"\\\",\\\"align\\\":\\\"left\\\"},\\\"col3\\\":{\\\"heading\\\":\\\"C\\\",\\\"width\\\":\\\"\\\",\\\"align\\\":\\\"left\\\"},\\\"col4\\\":{\\\"heading\\\":\\\"D\\\",\\\"width\\\":\\\"\\\",\\\"align\\\":\\\"left\\\"},\\\"col5\\\":{\\\"heading\\\":\\\"E\\\",\\\"width\\\":\\\"\\\",\\\"align\\\":\\\"left\\\"},\\\"col6\\\":{\\\"heading\\\":\\\"F\\\",\\\"width\\\":\\\"\\\",\\\"align\\\":\\\"left\\\"}},\\\"rows\\\":{\\\"row0\\\":{\\\"col0\\\":\\\"250\\\",\\\"col1\\\":\\\"250\\\",\\\"col2\\\":\\\"315\\\",\\\"col3\\\":\\\"320\\\",\\\"col4\\\":\\\"8\\\",\\\"col5\\\":\\\"10\\\",\\\"col6\\\":\\\"295\\\"},\\\"row1\\\":{\\\"col0\\\":\\\"315\\\",\\\"col1\\\":\\\"315\\\",\\\"col2\\\":\\\"379\\\",\\\"col3\\\":\\\"380\\\",\\\"col4\\\":\\\"8\\\",\\\"col5\\\":\\\"10\\\",\\\"col6\\\":\\\"355\\\"},\\\"row2\\\":{\\\"col0\\\":\\\"355\\\",\\\"col1\\\":\\\"355\\\",\\\"col2\\\":\\\"439\\\",\\\"col3\\\":\\\"400\\\",\\\"col4\\\":\\\"8\\\",\\\"col5\\\":\\\"10\\\",\\\"col6\\\":\\\"395\\\"},\\\"row3\\\":{\\\"col0\\\":\\\"400\\\",\\\"col1\\\":\\\"400\\\",\\\"col2\\\":\\\"485\\\",\\\"col3\\\":\\\"430\\\",\\\"col4\\\":\\\"8\\\",\\\"col5\\\":\\\"12\\\",\\\"col6\\\":\\\"450\\\"},\\\"row4\\\":{\\\"col0\\\":\\\"450\\\",\\\"col1\\\":\\\"450\\\",\\\"col2\\\":\\\"534\\\",\\\"col3\\\":\\\"430\\\",\\\"col4\\\":\\\"8\\\",\\\"col5\\\":\\\"12\\\",\\\"col6\\\":\\\"500\\\"},\\\"row5\\\":{\\\"col0\\\":\\\"500\\\",\\\"col1\\\":\\\"500\\\",\\\"col2\\\":\\\"584\\\",\\\"col3\\\":\\\"500\\\",\\\"col4\\\":\\\"12\\\",\\\"col5\\\":\\\"12\\\",\\\"col6\\\":\\\"560\\\"},\\\"row6\\\":{\\\"col0\\\":\\\"560\\\",\\\"col1\\\":\\\"560\\\",\\\"col2\\\":\\\"644\\\",\\\"col3\\\":\\\"500\\\",\\\"col4\\\":\\\"12\\\",\\\"col5\\\":\\\"12\\\",\\\"col6\\\":\\\"620\\\"},\\\"row7\\\":{\\\"col0\\\":\\\"630\\\",\\\"col1\\\":\\\"630\\\",\\\"col2\\\":\\\"714\\\",\\\"col3\\\":\\\"500\\\",\\\"col4\\\":\\\"12\\\",\\\"col5\\\":\\\"12\\\",\\\"col6\\\":\\\"690\\\"},\\\"row8\\\":{\\\"col0\\\":\\\"710\\\",\\\"col1\\\":\\\"710\\\",\\\"col2\\\":\\\"794\\\",\\\"col3\\\":\\\"520\\\",\\\"col4\\\":\\\"16\\\",\\\"col5\\\":\\\"12\\\",\\\"col6\\\":\\\"770\\\"},\\\"row9\\\":{\\\"col0\\\":\\\"800\\\",\\\"col1\\\":\\\"800\\\",\\\"col2\\\":\\\"908\\\",\\\"col3\\\":\\\"650\\\",\\\"col4\\\":\\\"16\\\",\\\"col5\\\":\\\"12\\\",\\\"col6\\\":\\\"860\\\"},\\\"row10\\\":{\\\"col0\\\":\\\"900\\\",\\\"col1\\\":\\\"900\\\",\\\"col2\\\":\\\"1033\\\",\\\"col3\\\":\\\"700\\\",\\\"col4\\\":\\\"16\\\",\\\"col5\\\":\\\"15\\\",\\\"col6\\\":\\\"970\\\"},\\\"row11\\\":{\\\"col0\\\":\\\"1000\\\",\\\"col1\\\":\\\"1000\\\",\\\"col2\\\":\\\"1133\\\",\\\"col3\\\":\\\"900\\\",\\\"col4\\\":\\\"16\\\",\\\"col5\\\":\\\"15\\\",\\\"col6\\\":\\\"1070\\\"},\\\"row12\\\":{\\\"col0\\\":\\\"1120\\\",\\\"col1\\\":\\\"1120\\\",\\\"col2\\\":\\\"1253\\\",\\\"col3\\\":\\\"1000\\\",\\\"col4\\\":\\\"20\\\",\\\"col5\\\":\\\"18\\\",\\\"col6\\\":\\\"1190\\\"},\\\"row13\\\":{\\\"col0\\\":\\\"1250\\\",\\\"col1\\\":\\\"1250\\\",\\\"col2\\\":\\\"1406\\\",\\\"col3\\\":\\\"1000\\\",\\\"col4\\\":\\\"20\\\",\\\"col5\\\":\\\"18\\\",\\\"col6\\\":\\\"1320\\\"},\\\"row14\\\":{\\\"col0\\\":\\\"1400\\\",\\\"col1\\\":\\\"1400\\\",\\\"col2\\\":\\\"1556\\\",\\\"col3\\\":\\\"1000\\\",\\\"col4\\\":\\\"20\\\",\\\"col5\\\":\\\"18\\\",\\\"col6\\\":\\\"1470\\\"},\\\"row15\\\":{\\\"col0\\\":\\\"1600\\\",\\\"col1\\\":\\\"1600\\\",\\\"col2\\\":\\\"1758\\\",\\\"col3\\\":\\\"1250\\\",\\\"col4\\\":\\\"24\\\",\\\"col5\\\":\\\"18\\\",\\\"col6\\\":\\\"1680\\\"}}}\",\"columns\":{\"col0\":{\"heading\":\"Fan Size\",\"width\":\"\",\"align\":\"left\"},\"col1\":{\"heading\":\"A\",\"width\":\"\",\"align\":\"left\"},\"col2\":{\"heading\":\"B\",\"width\":\"\",\"align\":\"left\"},\"col3\":{\"heading\":\"C\",\"width\":\"\",\"align\":\"left\"},\"col4\":{\"heading\":\"D\",\"width\":\"\",\"align\":\"left\"},\"col5\":{\"heading\":\"E\",\"width\":\"\",\"align\":\"left\"},\"col6\":{\"heading\":\"F\",\"width\":\"\",\"align\":\"left\"}},\"rows\":{\"row0\":{\"col0\":\"250\",\"col1\":\"250\",\"col2\":\"315\",\"col3\":\"320\",\"col4\":\"8\",\"col5\":\"10\",\"col6\":\"295\"},\"row1\":{\"col0\":\"315\",\"col1\":\"315\",\"col2\":\"379\",\"col3\":\"380\",\"col4\":\"8\",\"col5\":\"10\",\"col6\":\"355\"},\"row2\":{\"col0\":\"355\",\"col1\":\"355\",\"col2\":\"439\",\"col3\":\"400\",\"col4\":\"8\",\"col5\":\"10\",\"col6\":\"395\"},\"row3\":{\"col0\":\"400\",\"col1\":\"400\",\"col2\":\"485\",\"col3\":\"430\",\"col4\":\"8\",\"col5\":\"12\",\"col6\":\"450\"},\"row4\":{\"col0\":\"450\",\"col1\":\"450\",\"col2\":\"534\",\"col3\":\"430\",\"col4\":\"8\",\"col5\":\"12\",\"col6\":\"500\"},\"row5\":{\"col0\":\"500\",\"col1\":\"500\",\"col2\":\"584\",\"col3\":\"500\",\"col4\":\"12\",\"col5\":\"12\",\"col6\":\"560\"},\"row6\":{\"col0\":\"560\",\"col1\":\"560\",\"col2\":\"644\",\"col3\":\"500\",\"col4\":\"12\",\"col5\":\"12\",\"col6\":\"620\"},\"row7\":{\"col0\":\"630\",\"col1\":\"630\",\"col2\":\"714\",\"col3\":\"500\",\"col4\":\"12\",\"col5\":\"12\",\"col6\":\"690\"},\"row8\":{\"col0\":\"710\",\"col1\":\"710\",\"col2\":\"794\",\"col3\":\"520\",\"col4\":\"16\",\"col5\":\"12\",\"col6\":\"770\"},\"row9\":{\"col0\":\"800\",\"col1\":\"800\",\"col2\":\"908\",\"col3\":\"650\",\"col4\":\"16\",\"col5\":\"12\",\"col6\":\"860\"},\"row10\":{\"col0\":\"900\",\"col1\":\"900\",\"col2\":\"1033\",\"col3\":\"700\",\"col4\":\"16\",\"col5\":\"15\",\"col6\":\"970\"},\"row11\":{\"col0\":\"1000\",\"col1\":\"1000\",\"col2\":\"1133\",\"col3\":\"900\",\"col4\":\"16\",\"col5\":\"15\",\"col6\":\"1070\"},\"row12\":{\"col0\":\"1120\",\"col1\":\"1120\",\"col2\":\"1253\",\"col3\":\"1000\",\"col4\":\"20\",\"col5\":\"18\",\"col6\":\"1190\"},\"row13\":{\"col0\":\"1250\",\"col1\":\"1250\",\"col2\":\"1406\",\"col3\":\"1000\",\"col4\":\"20\",\"col5\":\"18\",\"col6\":\"1320\"},\"row14\":{\"col0\":\"1400\",\"col1\":\"1400\",\"col2\":\"1556\",\"col3\":\"1000\",\"col4\":\"20\",\"col5\":\"18\",\"col6\":\"1470\"},\"row15\":{\"col0\":\"1600\",\"col1\":\"1600\",\"col2\":\"1758\",\"col3\":\"1250\",\"col4\":\"24\",\"col5\":\"18\",\"col6\":\"1680\"}}}}},\"18\":[\"54\"],\"19\":[\"125\",\"126\"],\"48\":\"\",\"49\":\"\",\"50\":\"\",\"51\":\"\",\"52\":\"\",\"53\":\"\",\"12\":\"\",\"11\":\"<p>Long Cased Axial&nbsp;Mauris tristique nunc eu orci sollicitudin ultricies. Duis ultricies eros scelerisque bibendum viverra. Suspendisse volutpat sagittis pretium. Suspendisse porttitor faucibus quam, in dapibus odio semper ac. Pellentesque a sapien tincidunt, consequat tortor sit amet, tempor magna. Nullam blandit vitae lectus id efficitur.<\\/p>\",\"16\":{\"121\":{\"type\":\"3\",\"fields\":{\"fd_st_noteText\":\"Flange Drillings to BS EN ISO13351 (E)\"}}}}}', '2017-07-25 14:12:42', '2017-07-25 14:12:42', 'ab3752ea-a84a-43f8-b930-5ce45105cc81'),
 ('142', '25', '3', '1', 'en', '6', '', '{\"typeId\":\"3\",\"authorId\":\"1\",\"title\":\"Short Cased Axial\",\"slug\":\"short-cased-axial-flow-fans\",\"postDate\":1488211800,\"expiryDate\":null,\"enabled\":1,\"parentId\":\"17\",\"fields\":{\"34\":\"\",\"13\":\"\",\"21\":{\"124\":{\"type\":\"4\",\"fields\":{\"dataTable\":\"{\\\"columns\\\":{\\\"col0\\\":{\\\"heading\\\":\\\"Fan Size\\\",\\\"width\\\":\\\"\\\",\\\"align\\\":\\\"left\\\"},\\\"col1\\\":{\\\"heading\\\":\\\"A\\\",\\\"width\\\":\\\"\\\",\\\"align\\\":\\\"left\\\"},\\\"col2\\\":{\\\"heading\\\":\\\"B\\\",\\\"width\\\":\\\"\\\",\\\"align\\\":\\\"left\\\"},\\\"col3\\\":{\\\"heading\\\":\\\"C\\\",\\\"width\\\":\\\"\\\",\\\"align\\\":\\\"left\\\"},\\\"col4\\\":{\\\"heading\\\":\\\"D\\\",\\\"width\\\":\\\"\\\",\\\"align\\\":\\\"left\\\"},\\\"col5\\\":{\\\"heading\\\":\\\"E\\\",\\\"width\\\":\\\"\\\",\\\"align\\\":\\\"left\\\"},\\\"col6\\\":{\\\"heading\\\":\\\"F\\\",\\\"width\\\":\\\"\\\",\\\"align\\\":\\\"left\\\"}},\\\"rows\\\":{\\\"row0\\\":{\\\"col0\\\":\\\"250\\\",\\\"col1\\\":\\\"250\\\",\\\"col2\\\":\\\"315\\\",\\\"col3\\\":\\\"150\\\",\\\"col4\\\":\\\"8\\\",\\\"col5\\\":\\\"10\\\",\\\"col6\\\":\\\"295\\\"},\\\"row1\\\":{\\\"col0\\\":\\\"315\\\",\\\"col1\\\":\\\"315\\\",\\\"col2\\\":\\\"379\\\",\\\"col3\\\":\\\"160\\\",\\\"col4\\\":\\\"8\\\",\\\"col5\\\":\\\"10\\\",\\\"col6\\\":\\\"355\\\"},\\\"row2\\\":{\\\"col0\\\":\\\"355\\\",\\\"col1\\\":\\\"355\\\",\\\"col2\\\":\\\"439\\\",\\\"col3\\\":\\\"160\\\",\\\"col4\\\":\\\"8\\\",\\\"col5\\\":\\\"10\\\",\\\"col6\\\":\\\"395\\\"},\\\"row3\\\":{\\\"col0\\\":\\\"400\\\",\\\"col1\\\":\\\"400\\\",\\\"col2\\\":\\\"484\\\",\\\"col3\\\":\\\"170\\\",\\\"col4\\\":\\\"8\\\",\\\"col5\\\":\\\"12\\\",\\\"col6\\\":\\\"450\\\"},\\\"row4\\\":{\\\"col0\\\":\\\"450\\\",\\\"col1\\\":\\\"450\\\",\\\"col2\\\":\\\"534\\\",\\\"col3\\\":\\\"180\\\",\\\"col4\\\":\\\"8\\\",\\\"col5\\\":\\\"12\\\",\\\"col6\\\":\\\"500\\\"},\\\"row5\\\":{\\\"col0\\\":\\\"560\\\",\\\"col1\\\":\\\"560\\\",\\\"col2\\\":\\\"644\\\",\\\"col3\\\":\\\"210\\\",\\\"col4\\\":\\\"12\\\",\\\"col5\\\":\\\"12\\\",\\\"col6\\\":\\\"560\\\"},\\\"row6\\\":{\\\"col0\\\":\\\"630\\\",\\\"col1\\\":\\\"630\\\",\\\"col2\\\":\\\"714\\\",\\\"col3\\\":\\\"210\\\",\\\"col4\\\":\\\"12\\\",\\\"col5\\\":\\\"12\\\",\\\"col6\\\":\\\"690\\\"},\\\"row7\\\":{\\\"col0\\\":\\\"710\\\",\\\"col1\\\":\\\"710\\\",\\\"col2\\\":\\\"794\\\",\\\"col3\\\":\\\"250\\\",\\\"col4\\\":\\\"16\\\",\\\"col5\\\":\\\"12\\\",\\\"col6\\\":\\\"770\\\"},\\\"row8\\\":{\\\"col0\\\":\\\"800\\\",\\\"col1\\\":\\\"800\\\",\\\"col2\\\":\\\"908\\\",\\\"col3\\\":\\\"300\\\",\\\"col4\\\":\\\"16\\\",\\\"col5\\\":\\\"12\\\",\\\"col6\\\":\\\"860\\\"},\\\"row9\\\":{\\\"col0\\\":\\\"900\\\",\\\"col1\\\":\\\"900\\\",\\\"col2\\\":\\\"1033\\\",\\\"col3\\\":\\\"350\\\",\\\"col4\\\":\\\"16\\\",\\\"col5\\\":\\\"15\\\",\\\"col6\\\":\\\"970\\\"},\\\"row10\\\":{\\\"col0\\\":\\\"1000\\\",\\\"col1\\\":\\\"1000\\\",\\\"col2\\\":\\\"1133\\\",\\\"col3\\\":\\\"400\\\",\\\"col4\\\":\\\"16\\\",\\\"col5\\\":\\\"15\\\",\\\"col6\\\":\\\"1070\\\"},\\\"row11\\\":{\\\"col0\\\":\\\"1120\\\",\\\"col1\\\":\\\"1120\\\",\\\"col2\\\":\\\"1253\\\",\\\"col3\\\":\\\"500\\\",\\\"col4\\\":\\\"20\\\",\\\"col5\\\":\\\"18\\\",\\\"col6\\\":\\\"1190\\\"},\\\"row12\\\":{\\\"col0\\\":\\\"1250\\\",\\\"col1\\\":\\\"1250\\\",\\\"col2\\\":\\\"1406\\\",\\\"col3\\\":\\\"600\\\",\\\"col4\\\":\\\"20\\\",\\\"col5\\\":\\\"18\\\",\\\"col6\\\":\\\"1320\\\"},\\\"row13\\\":{\\\"col0\\\":\\\"1400\\\",\\\"col1\\\":\\\"1400\\\",\\\"col2\\\":\\\"1556\\\",\\\"col3\\\":\\\"600\\\",\\\"col4\\\":\\\"20\\\",\\\"col5\\\":\\\"18\\\",\\\"col6\\\":\\\"1470\\\"},\\\"row14\\\":{\\\"col0\\\":\\\"1600\\\",\\\"col1\\\":\\\"1600\\\",\\\"col2\\\":\\\"1758\\\",\\\"col3\\\":\\\"700\\\",\\\"col4\\\":\\\"24\\\",\\\"col5\\\":\\\"18\\\",\\\"col6\\\":\\\"1680\\\"}}}\",\"columns\":{\"col0\":{\"heading\":\"Fan Size\",\"width\":\"\",\"align\":\"left\"},\"col1\":{\"heading\":\"A\",\"width\":\"\",\"align\":\"left\"},\"col2\":{\"heading\":\"B\",\"width\":\"\",\"align\":\"left\"},\"col3\":{\"heading\":\"C\",\"width\":\"\",\"align\":\"left\"},\"col4\":{\"heading\":\"D\",\"width\":\"\",\"align\":\"left\"},\"col5\":{\"heading\":\"E\",\"width\":\"\",\"align\":\"left\"},\"col6\":{\"heading\":\"F\",\"width\":\"\",\"align\":\"left\"}},\"rows\":{\"row0\":{\"col0\":\"250\",\"col1\":\"250\",\"col2\":\"315\",\"col3\":\"150\",\"col4\":\"8\",\"col5\":\"10\",\"col6\":\"295\"},\"row1\":{\"col0\":\"315\",\"col1\":\"315\",\"col2\":\"379\",\"col3\":\"160\",\"col4\":\"8\",\"col5\":\"10\",\"col6\":\"355\"},\"row2\":{\"col0\":\"355\",\"col1\":\"355\",\"col2\":\"439\",\"col3\":\"160\",\"col4\":\"8\",\"col5\":\"10\",\"col6\":\"395\"},\"row3\":{\"col0\":\"400\",\"col1\":\"400\",\"col2\":\"484\",\"col3\":\"170\",\"col4\":\"8\",\"col5\":\"12\",\"col6\":\"450\"},\"row4\":{\"col0\":\"450\",\"col1\":\"450\",\"col2\":\"534\",\"col3\":\"180\",\"col4\":\"8\",\"col5\":\"12\",\"col6\":\"500\"},\"row5\":{\"col0\":\"560\",\"col1\":\"560\",\"col2\":\"644\",\"col3\":\"210\",\"col4\":\"12\",\"col5\":\"12\",\"col6\":\"560\"},\"row6\":{\"col0\":\"630\",\"col1\":\"630\",\"col2\":\"714\",\"col3\":\"210\",\"col4\":\"12\",\"col5\":\"12\",\"col6\":\"690\"},\"row7\":{\"col0\":\"710\",\"col1\":\"710\",\"col2\":\"794\",\"col3\":\"250\",\"col4\":\"16\",\"col5\":\"12\",\"col6\":\"770\"},\"row8\":{\"col0\":\"800\",\"col1\":\"800\",\"col2\":\"908\",\"col3\":\"300\",\"col4\":\"16\",\"col5\":\"12\",\"col6\":\"860\"},\"row9\":{\"col0\":\"900\",\"col1\":\"900\",\"col2\":\"1033\",\"col3\":\"350\",\"col4\":\"16\",\"col5\":\"15\",\"col6\":\"970\"},\"row10\":{\"col0\":\"1000\",\"col1\":\"1000\",\"col2\":\"1133\",\"col3\":\"400\",\"col4\":\"16\",\"col5\":\"15\",\"col6\":\"1070\"},\"row11\":{\"col0\":\"1120\",\"col1\":\"1120\",\"col2\":\"1253\",\"col3\":\"500\",\"col4\":\"20\",\"col5\":\"18\",\"col6\":\"1190\"},\"row12\":{\"col0\":\"1250\",\"col1\":\"1250\",\"col2\":\"1406\",\"col3\":\"600\",\"col4\":\"20\",\"col5\":\"18\",\"col6\":\"1320\"},\"row13\":{\"col0\":\"1400\",\"col1\":\"1400\",\"col2\":\"1556\",\"col3\":\"600\",\"col4\":\"20\",\"col5\":\"18\",\"col6\":\"1470\"},\"row14\":{\"col0\":\"1600\",\"col1\":\"1600\",\"col2\":\"1758\",\"col3\":\"700\",\"col4\":\"24\",\"col5\":\"18\",\"col6\":\"1680\"}}}}},\"18\":[\"53\"],\"19\":[\"127\",\"128\"],\"48\":\"\",\"49\":\"\",\"50\":\"\",\"51\":\"\",\"52\":\"\",\"53\":\"\",\"12\":\"\",\"11\":\"<p>Short Cased Axial&nbsp;Pellentesque id mollis lacus. Aenean quis urna mauris. Aenean laoreet ipsum non laoreet vehicula. Sed egestas interdum venenatis. Sed vel nisl eu nulla lacinia consectetur.<\\/p>\",\"16\":\"\"}}', '2017-07-25 14:12:54', '2017-07-25 14:12:54', '35dddb0f-ec9d-4936-8fa4-12507f637755'),
 ('143', '23', '3', '1', 'en', '6', '', '{\"typeId\":\"3\",\"authorId\":\"1\",\"title\":\"Cylindrical Bifurcated\",\"slug\":\"cylindrical-bifurcated-fans\",\"postDate\":1488211740,\"expiryDate\":null,\"enabled\":1,\"parentId\":\"19\",\"fields\":{\"34\":\"\",\"13\":\"\",\"21\":{\"new1\":{\"type\":\"4\",\"fields\":{\"dataTable\":\"{\\\"columns\\\":{\\\"col1\\\":{\\\"heading\\\":\\\"Fan Size\\\",\\\"width\\\":\\\"\\\",\\\"align\\\":\\\"left\\\"},\\\"col2\\\":{\\\"heading\\\":\\\"A\\\",\\\"width\\\":\\\"\\\",\\\"align\\\":\\\"left\\\"},\\\"col3\\\":{\\\"heading\\\":\\\"B\\\",\\\"width\\\":\\\"\\\",\\\"align\\\":\\\"left\\\"},\\\"col4\\\":{\\\"heading\\\":\\\"C\\\",\\\"width\\\":\\\"\\\",\\\"align\\\":\\\"left\\\"},\\\"col5\\\":{\\\"heading\\\":\\\"D\\\",\\\"width\\\":\\\"\\\",\\\"align\\\":\\\"left\\\"},\\\"col6\\\":{\\\"heading\\\":\\\"E\\\",\\\"width\\\":\\\"\\\",\\\"align\\\":\\\"left\\\"},\\\"col7\\\":{\\\"heading\\\":\\\"F\\\",\\\"width\\\":\\\"\\\",\\\"align\\\":\\\"left\\\"},\\\"col8\\\":{\\\"heading\\\":\\\"G\\\",\\\"width\\\":\\\"\\\",\\\"align\\\":\\\"left\\\"}},\\\"rows\\\":{\\\"row1\\\":{\\\"col1\\\":\\\"500\\\",\\\"col2\\\":\\\"500\\\",\\\"col3\\\":\\\"584\\\",\\\"col4\\\":\\\"600\\\",\\\"col5\\\":\\\"8\\\",\\\"col6\\\":\\\"12\\\",\\\"col7\\\":\\\"544\\\",\\\"col8\\\":\\\"320\\\"},\\\"row2\\\":{\\\"col1\\\":\\\"560\\\",\\\"col2\\\":\\\"560\\\",\\\"col3\\\":\\\"644\\\",\\\"col4\\\":\\\"600\\\",\\\"col5\\\":\\\"12\\\",\\\"col6\\\":\\\"12\\\",\\\"col7\\\":\\\"604\\\",\\\"col8\\\":\\\"350\\\"},\\\"row3\\\":{\\\"col1\\\":\\\"630\\\",\\\"col2\\\":\\\"630\\\",\\\"col3\\\":\\\"714\\\",\\\"col4\\\":\\\"800\\\",\\\"col5\\\":\\\"12\\\",\\\"col6\\\":\\\"12\\\",\\\"col7\\\":\\\"674\\\",\\\"col8\\\":\\\"390\\\"},\\\"row4\\\":{\\\"col1\\\":\\\"710\\\",\\\"col2\\\":\\\"710\\\",\\\"col3\\\":\\\"794\\\",\\\"col4\\\":\\\"800\\\",\\\"col5\\\":\\\"12\\\",\\\"col6\\\":\\\"12\\\",\\\"col7\\\":\\\"754\\\",\\\"col8\\\":\\\"420\\\"},\\\"row5\\\":{\\\"col1\\\":\\\"800\\\",\\\"col2\\\":\\\"800\\\",\\\"col3\\\":\\\"908\\\",\\\"col4\\\":\\\"850\\\",\\\"col5\\\":\\\"12\\\",\\\"col6\\\":\\\"14\\\",\\\"col7\\\":\\\"858\\\",\\\"col8\\\":\\\"490\\\"},\\\"row6\\\":{\\\"col1\\\":\\\"900\\\",\\\"col2\\\":\\\"900\\\",\\\"col3\\\":\\\"1033\\\",\\\"col4\\\":\\\"900\\\",\\\"col5\\\":\\\"16\\\",\\\"col6\\\":\\\"18\\\",\\\"col7\\\":\\\"980\\\",\\\"col8\\\":\\\"560\\\"},\\\"row7\\\":{\\\"col1\\\":\\\"1000\\\",\\\"col2\\\":\\\"1000\\\",\\\"col3\\\":\\\"1133\\\",\\\"col4\\\":\\\"950\\\",\\\"col5\\\":\\\"16\\\",\\\"col6\\\":\\\"18\\\",\\\"col7\\\":\\\"1080\\\",\\\"col8\\\":\\\"620\\\"}}}\",\"columns\":{\"col1\":{\"heading\":\"Fan Size\",\"width\":\"\",\"align\":\"left\"},\"col2\":{\"heading\":\"A\",\"width\":\"\",\"align\":\"left\"},\"col3\":{\"heading\":\"B\",\"width\":\"\",\"align\":\"left\"},\"col4\":{\"heading\":\"C\",\"width\":\"\",\"align\":\"left\"},\"col5\":{\"heading\":\"D\",\"width\":\"\",\"align\":\"left\"},\"col6\":{\"heading\":\"E\",\"width\":\"\",\"align\":\"left\"},\"col7\":{\"heading\":\"F\",\"width\":\"\",\"align\":\"left\"},\"col8\":{\"heading\":\"G\",\"width\":\"\",\"align\":\"left\"}},\"rows\":{\"row1\":{\"col1\":\"500\",\"col2\":\"500\",\"col3\":\"584\",\"col4\":\"600\",\"col5\":\"8\",\"col6\":\"12\",\"col7\":\"544\",\"col8\":\"320\"},\"row2\":{\"col1\":\"560\",\"col2\":\"560\",\"col3\":\"644\",\"col4\":\"600\",\"col5\":\"12\",\"col6\":\"12\",\"col7\":\"604\",\"col8\":\"350\"},\"row3\":{\"col1\":\"630\",\"col2\":\"630\",\"col3\":\"714\",\"col4\":\"800\",\"col5\":\"12\",\"col6\":\"12\",\"col7\":\"674\",\"col8\":\"390\"},\"row4\":{\"col1\":\"710\",\"col2\":\"710\",\"col3\":\"794\",\"col4\":\"800\",\"col5\":\"12\",\"col6\":\"12\",\"col7\":\"754\",\"col8\":\"420\"},\"row5\":{\"col1\":\"800\",\"col2\":\"800\",\"col3\":\"908\",\"col4\":\"850\",\"col5\":\"12\",\"col6\":\"14\",\"col7\":\"858\",\"col8\":\"490\"},\"row6\":{\"col1\":\"900\",\"col2\":\"900\",\"col3\":\"1033\",\"col4\":\"900\",\"col5\":\"16\",\"col6\":\"18\",\"col7\":\"980\",\"col8\":\"560\"},\"row7\":{\"col1\":\"1000\",\"col2\":\"1000\",\"col3\":\"1133\",\"col4\":\"950\",\"col5\":\"16\",\"col6\":\"18\",\"col7\":\"1080\",\"col8\":\"620\"}}}}},\"18\":[\"53\"],\"19\":\"\",\"48\":\"\",\"49\":\"\",\"50\":\"\",\"51\":\"\",\"52\":\"\",\"53\":\"\",\"12\":\"\",\"11\":\"<p>Curabitur magna sapien, consectetur eget nulla tincidunt, euismod ultrices mi. Praesent id venenatis felis, at accumsan elit. Vivamus bibendum ullamcorper arcu ut efficitur.<\\/p>\",\"16\":\"\"}}', '2017-07-25 14:29:03', '2017-07-25 14:29:03', '7e72e188-15f7-425f-9aee-4d95c261182f'),
 ('144', '28', '3', '1', 'en', '6', '', '{\"typeId\":\"3\",\"authorId\":\"1\",\"title\":\"Man Cooler Axial\",\"slug\":\"man-cooler-axial-flow-fans\",\"postDate\":1488211800,\"expiryDate\":null,\"enabled\":1,\"parentId\":\"17\",\"fields\":{\"34\":\"\",\"13\":\"\",\"21\":{\"new1\":{\"type\":\"4\",\"fields\":{\"dataTable\":\"{\\\"columns\\\":{\\\"col1\\\":{\\\"heading\\\":\\\"Fan Size\\\",\\\"width\\\":\\\"\\\",\\\"align\\\":\\\"left\\\"},\\\"col2\\\":{\\\"heading\\\":\\\"A\\\",\\\"width\\\":\\\"\\\",\\\"align\\\":\\\"left\\\"},\\\"col3\\\":{\\\"heading\\\":\\\"B\\\",\\\"width\\\":\\\"\\\",\\\"align\\\":\\\"left\\\"},\\\"col4\\\":{\\\"heading\\\":\\\"C\\\",\\\"width\\\":\\\"\\\",\\\"align\\\":\\\"left\\\"},\\\"col5\\\":{\\\"heading\\\":\\\"D\\\",\\\"width\\\":\\\"\\\",\\\"align\\\":\\\"left\\\"},\\\"col6\\\":{\\\"heading\\\":\\\"E\\\",\\\"width\\\":\\\"\\\",\\\"align\\\":\\\"left\\\"},\\\"col7\\\":{\\\"heading\\\":\\\"F\\\",\\\"width\\\":\\\"\\\",\\\"align\\\":\\\"left\\\"},\\\"col8\\\":{\\\"heading\\\":\\\"G\\\",\\\"width\\\":\\\"\\\",\\\"align\\\":\\\"left\\\"}},\\\"rows\\\":{\\\"row1\\\":{\\\"col1\\\":\\\"250\\\",\\\"col2\\\":\\\"250\\\",\\\"col3\\\":\\\"334\\\",\\\"col4\\\":\\\"300\\\",\\\"col5\\\":\\\"8\\\",\\\"col6\\\":\\\"10\\\",\\\"col7\\\":\\\"294\\\",\\\"col8\\\":\\\"300\\\"},\\\"row2\\\":{\\\"col1\\\":\\\"315\\\",\\\"col2\\\":\\\"315\\\",\\\"col3\\\":\\\"378\\\",\\\"col4\\\":\\\"320\\\",\\\"col5\\\":\\\"8\\\",\\\"col6\\\":\\\"10\\\",\\\"col7\\\":\\\"355\\\",\\\"col8\\\":\\\"320\\\"},\\\"row3\\\":{\\\"col1\\\":\\\"400\\\",\\\"col2\\\":\\\"400\\\",\\\"col3\\\":\\\"484\\\",\\\"col4\\\":\\\"400\\\",\\\"col5\\\":\\\"8\\\",\\\"col6\\\":\\\"12\\\",\\\"col7\\\":\\\"444\\\",\\\"col8\\\":\\\"400\\\"},\\\"row4\\\":{\\\"col1\\\":\\\"450\\\",\\\"col2\\\":\\\"450\\\",\\\"col3\\\":\\\"534\\\",\\\"col4\\\":\\\"430\\\",\\\"col5\\\":\\\"8\\\",\\\"col6\\\":\\\"12\\\",\\\"col7\\\":\\\"494\\\",\\\"col8\\\":\\\"430\\\"},\\\"row5\\\":{\\\"col1\\\":\\\"500\\\",\\\"col2\\\":\\\"500\\\",\\\"col3\\\":\\\"584\\\",\\\"col4\\\":\\\"430\\\",\\\"col5\\\":\\\"8\\\",\\\"col6\\\":\\\"12\\\",\\\"col7\\\":\\\"544\\\",\\\"col8\\\":\\\"430\\\"},\\\"row6\\\":{\\\"col1\\\":\\\"560\\\",\\\"col2\\\":\\\"560\\\",\\\"col3\\\":\\\"644\\\",\\\"col4\\\":\\\"500\\\",\\\"col5\\\":\\\"12\\\",\\\"col6\\\":\\\"12\\\",\\\"col7\\\":\\\"604\\\",\\\"col8\\\":\\\"500\\\"},\\\"row7\\\":{\\\"col1\\\":\\\"630\\\",\\\"col2\\\":\\\"630\\\",\\\"col3\\\":\\\"714\\\",\\\"col4\\\":\\\"500\\\",\\\"col5\\\":\\\"12\\\",\\\"col6\\\":\\\"12\\\",\\\"col7\\\":\\\"674\\\",\\\"col8\\\":\\\"500\\\"},\\\"row8\\\":{\\\"col1\\\":\\\"710\\\",\\\"col2\\\":\\\"710\\\",\\\"col3\\\":\\\"794\\\",\\\"col4\\\":\\\"520\\\",\\\"col5\\\":\\\"12\\\",\\\"col6\\\":\\\"12\\\",\\\"col7\\\":\\\"754\\\",\\\"col8\\\":\\\"520\\\"},\\\"row9\\\":{\\\"col1\\\":\\\"800\\\",\\\"col2\\\":\\\"800\\\",\\\"col3\\\":\\\"908\\\",\\\"col4\\\":\\\"650\\\",\\\"col5\\\":\\\"12\\\",\\\"col6\\\":\\\"14\\\",\\\"col7\\\":\\\"858\\\",\\\"col8\\\":\\\"650\\\"},\\\"row10\\\":{\\\"col1\\\":\\\"900\\\",\\\"col2\\\":\\\"900\\\",\\\"col3\\\":\\\"1033\\\",\\\"col4\\\":\\\"700\\\",\\\"col5\\\":\\\"16\\\",\\\"col6\\\":\\\"18\\\",\\\"col7\\\":\\\"980\\\",\\\"col8\\\":\\\"700\\\"},\\\"row11\\\":{\\\"col1\\\":\\\"1000\\\",\\\"col2\\\":\\\"1000\\\",\\\"col3\\\":\\\"1133\\\",\\\"col4\\\":\\\"900\\\",\\\"col5\\\":\\\"16\\\",\\\"col6\\\":\\\"18\\\",\\\"col7\\\":\\\"1080\\\",\\\"col8\\\":\\\"900\\\"}}}\",\"columns\":{\"col1\":{\"heading\":\"Fan Size\",\"width\":\"\",\"align\":\"left\"},\"col2\":{\"heading\":\"A\",\"width\":\"\",\"align\":\"left\"},\"col3\":{\"heading\":\"B\",\"width\":\"\",\"align\":\"left\"},\"col4\":{\"heading\":\"C\",\"width\":\"\",\"align\":\"left\"},\"col5\":{\"heading\":\"D\",\"width\":\"\",\"align\":\"left\"},\"col6\":{\"heading\":\"E\",\"width\":\"\",\"align\":\"left\"},\"col7\":{\"heading\":\"F\",\"width\":\"\",\"align\":\"left\"},\"col8\":{\"heading\":\"G\",\"width\":\"\",\"align\":\"left\"}},\"rows\":{\"row1\":{\"col1\":\"250\",\"col2\":\"250\",\"col3\":\"334\",\"col4\":\"300\",\"col5\":\"8\",\"col6\":\"10\",\"col7\":\"294\",\"col8\":\"300\"},\"row2\":{\"col1\":\"315\",\"col2\":\"315\",\"col3\":\"378\",\"col4\":\"320\",\"col5\":\"8\",\"col6\":\"10\",\"col7\":\"355\",\"col8\":\"320\"},\"row3\":{\"col1\":\"400\",\"col2\":\"400\",\"col3\":\"484\",\"col4\":\"400\",\"col5\":\"8\",\"col6\":\"12\",\"col7\":\"444\",\"col8\":\"400\"},\"row4\":{\"col1\":\"450\",\"col2\":\"450\",\"col3\":\"534\",\"col4\":\"430\",\"col5\":\"8\",\"col6\":\"12\",\"col7\":\"494\",\"col8\":\"430\"},\"row5\":{\"col1\":\"500\",\"col2\":\"500\",\"col3\":\"584\",\"col4\":\"430\",\"col5\":\"8\",\"col6\":\"12\",\"col7\":\"544\",\"col8\":\"430\"},\"row6\":{\"col1\":\"560\",\"col2\":\"560\",\"col3\":\"644\",\"col4\":\"500\",\"col5\":\"12\",\"col6\":\"12\",\"col7\":\"604\",\"col8\":\"500\"},\"row7\":{\"col1\":\"630\",\"col2\":\"630\",\"col3\":\"714\",\"col4\":\"500\",\"col5\":\"12\",\"col6\":\"12\",\"col7\":\"674\",\"col8\":\"500\"},\"row8\":{\"col1\":\"710\",\"col2\":\"710\",\"col3\":\"794\",\"col4\":\"520\",\"col5\":\"12\",\"col6\":\"12\",\"col7\":\"754\",\"col8\":\"520\"},\"row9\":{\"col1\":\"800\",\"col2\":\"800\",\"col3\":\"908\",\"col4\":\"650\",\"col5\":\"12\",\"col6\":\"14\",\"col7\":\"858\",\"col8\":\"650\"},\"row10\":{\"col1\":\"900\",\"col2\":\"900\",\"col3\":\"1033\",\"col4\":\"700\",\"col5\":\"16\",\"col6\":\"18\",\"col7\":\"980\",\"col8\":\"700\"},\"row11\":{\"col1\":\"1000\",\"col2\":\"1000\",\"col3\":\"1133\",\"col4\":\"900\",\"col5\":\"16\",\"col6\":\"18\",\"col7\":\"1080\",\"col8\":\"900\"}}}}},\"18\":[\"54\"],\"19\":\"\",\"48\":\"\",\"49\":\"\",\"50\":\"\",\"51\":\"\",\"52\":\"\",\"53\":\"\",\"12\":\"\",\"11\":\"<p>As an alternative to fixed installations, this flexible range is ideal in the ventilation of factories or confined spaces such as ships\' holds. &nbsp;Man Cooler Fans are also useful for cooling bricks and drying grain. &nbsp;These fans can be aimed at distinct locations by fitting a flexible or canvas hose.<\\/p>\",\"16\":\"\"}}', '2017-07-25 14:36:50', '2017-07-25 14:36:50', '69556dd6-65cc-43e3-a9e9-4216541dad55'),
 ('145', '28', '3', '1', 'en', '7', '', '{\"typeId\":\"3\",\"authorId\":\"1\",\"title\":\"Man Cooler Axial\",\"slug\":\"man-cooler-axial-flow-fans\",\"postDate\":1488211800,\"expiryDate\":null,\"enabled\":1,\"parentId\":\"17\",\"fields\":{\"34\":\"\",\"13\":\"\",\"21\":{\"130\":{\"type\":\"4\",\"fields\":{\"dataTable\":\"{\\\"columns\\\":{\\\"col0\\\":{\\\"heading\\\":\\\"Fan Size\\\",\\\"width\\\":\\\"\\\",\\\"align\\\":\\\"left\\\"},\\\"col1\\\":{\\\"heading\\\":\\\"A\\\",\\\"width\\\":\\\"\\\",\\\"align\\\":\\\"left\\\"},\\\"col2\\\":{\\\"heading\\\":\\\"B\\\",\\\"width\\\":\\\"\\\",\\\"align\\\":\\\"left\\\"},\\\"col3\\\":{\\\"heading\\\":\\\"C\\\",\\\"width\\\":\\\"\\\",\\\"align\\\":\\\"left\\\"},\\\"col4\\\":{\\\"heading\\\":\\\"D\\\",\\\"width\\\":\\\"\\\",\\\"align\\\":\\\"left\\\"},\\\"col5\\\":{\\\"heading\\\":\\\"E\\\",\\\"width\\\":\\\"\\\",\\\"align\\\":\\\"left\\\"},\\\"col6\\\":{\\\"heading\\\":\\\"F\\\",\\\"width\\\":\\\"\\\",\\\"align\\\":\\\"left\\\"},\\\"col7\\\":{\\\"heading\\\":\\\"G\\\",\\\"width\\\":\\\"\\\",\\\"align\\\":\\\"left\\\"}},\\\"rows\\\":{\\\"row0\\\":{\\\"col0\\\":\\\"250\\\",\\\"col1\\\":\\\"250\\\",\\\"col2\\\":\\\"334\\\",\\\"col3\\\":\\\"300\\\",\\\"col4\\\":\\\"8\\\",\\\"col5\\\":\\\"10\\\",\\\"col6\\\":\\\"294\\\",\\\"col7\\\":\\\"300\\\"},\\\"row1\\\":{\\\"col0\\\":\\\"315\\\",\\\"col1\\\":\\\"315\\\",\\\"col2\\\":\\\"378\\\",\\\"col3\\\":\\\"320\\\",\\\"col4\\\":\\\"8\\\",\\\"col5\\\":\\\"10\\\",\\\"col6\\\":\\\"355\\\",\\\"col7\\\":\\\"320\\\"},\\\"row2\\\":{\\\"col0\\\":\\\"400\\\",\\\"col1\\\":\\\"400\\\",\\\"col2\\\":\\\"484\\\",\\\"col3\\\":\\\"400\\\",\\\"col4\\\":\\\"8\\\",\\\"col5\\\":\\\"12\\\",\\\"col6\\\":\\\"444\\\",\\\"col7\\\":\\\"400\\\"},\\\"row3\\\":{\\\"col0\\\":\\\"450\\\",\\\"col1\\\":\\\"450\\\",\\\"col2\\\":\\\"534\\\",\\\"col3\\\":\\\"430\\\",\\\"col4\\\":\\\"8\\\",\\\"col5\\\":\\\"12\\\",\\\"col6\\\":\\\"494\\\",\\\"col7\\\":\\\"430\\\"},\\\"row4\\\":{\\\"col0\\\":\\\"500\\\",\\\"col1\\\":\\\"500\\\",\\\"col2\\\":\\\"584\\\",\\\"col3\\\":\\\"430\\\",\\\"col4\\\":\\\"8\\\",\\\"col5\\\":\\\"12\\\",\\\"col6\\\":\\\"544\\\",\\\"col7\\\":\\\"430\\\"},\\\"row5\\\":{\\\"col0\\\":\\\"560\\\",\\\"col1\\\":\\\"560\\\",\\\"col2\\\":\\\"644\\\",\\\"col3\\\":\\\"500\\\",\\\"col4\\\":\\\"12\\\",\\\"col5\\\":\\\"12\\\",\\\"col6\\\":\\\"604\\\",\\\"col7\\\":\\\"500\\\"},\\\"row6\\\":{\\\"col0\\\":\\\"630\\\",\\\"col1\\\":\\\"630\\\",\\\"col2\\\":\\\"714\\\",\\\"col3\\\":\\\"500\\\",\\\"col4\\\":\\\"12\\\",\\\"col5\\\":\\\"12\\\",\\\"col6\\\":\\\"674\\\",\\\"col7\\\":\\\"500\\\"},\\\"row7\\\":{\\\"col0\\\":\\\"710\\\",\\\"col1\\\":\\\"710\\\",\\\"col2\\\":\\\"794\\\",\\\"col3\\\":\\\"520\\\",\\\"col4\\\":\\\"12\\\",\\\"col5\\\":\\\"12\\\",\\\"col6\\\":\\\"754\\\",\\\"col7\\\":\\\"520\\\"},\\\"row8\\\":{\\\"col0\\\":\\\"800\\\",\\\"col1\\\":\\\"800\\\",\\\"col2\\\":\\\"908\\\",\\\"col3\\\":\\\"650\\\",\\\"col4\\\":\\\"12\\\",\\\"col5\\\":\\\"14\\\",\\\"col6\\\":\\\"858\\\",\\\"col7\\\":\\\"650\\\"},\\\"row9\\\":{\\\"col0\\\":\\\"900\\\",\\\"col1\\\":\\\"900\\\",\\\"col2\\\":\\\"1033\\\",\\\"col3\\\":\\\"700\\\",\\\"col4\\\":\\\"16\\\",\\\"col5\\\":\\\"18\\\",\\\"col6\\\":\\\"980\\\",\\\"col7\\\":\\\"700\\\"},\\\"row10\\\":{\\\"col0\\\":\\\"1000\\\",\\\"col1\\\":\\\"1000\\\",\\\"col2\\\":\\\"1133\\\",\\\"col3\\\":\\\"900\\\",\\\"col4\\\":\\\"16\\\",\\\"col5\\\":\\\"18\\\",\\\"col6\\\":\\\"1080\\\",\\\"col7\\\":\\\"900\\\"}}}\",\"columns\":{\"col0\":{\"heading\":\"Fan Size\",\"width\":\"\",\"align\":\"left\"},\"col1\":{\"heading\":\"A\",\"width\":\"\",\"align\":\"left\"},\"col2\":{\"heading\":\"B\",\"width\":\"\",\"align\":\"left\"},\"col3\":{\"heading\":\"C\",\"width\":\"\",\"align\":\"left\"},\"col4\":{\"heading\":\"D\",\"width\":\"\",\"align\":\"left\"},\"col5\":{\"heading\":\"E\",\"width\":\"\",\"align\":\"left\"},\"col6\":{\"heading\":\"F\",\"width\":\"\",\"align\":\"left\"},\"col7\":{\"heading\":\"G\",\"width\":\"\",\"align\":\"left\"}},\"rows\":{\"row0\":{\"col0\":\"250\",\"col1\":\"250\",\"col2\":\"334\",\"col3\":\"300\",\"col4\":\"8\",\"col5\":\"10\",\"col6\":\"294\",\"col7\":\"300\"},\"row1\":{\"col0\":\"315\",\"col1\":\"315\",\"col2\":\"378\",\"col3\":\"320\",\"col4\":\"8\",\"col5\":\"10\",\"col6\":\"355\",\"col7\":\"320\"},\"row2\":{\"col0\":\"400\",\"col1\":\"400\",\"col2\":\"484\",\"col3\":\"400\",\"col4\":\"8\",\"col5\":\"12\",\"col6\":\"444\",\"col7\":\"400\"},\"row3\":{\"col0\":\"450\",\"col1\":\"450\",\"col2\":\"534\",\"col3\":\"430\",\"col4\":\"8\",\"col5\":\"12\",\"col6\":\"494\",\"col7\":\"430\"},\"row4\":{\"col0\":\"500\",\"col1\":\"500\",\"col2\":\"584\",\"col3\":\"430\",\"col4\":\"8\",\"col5\":\"12\",\"col6\":\"544\",\"col7\":\"430\"},\"row5\":{\"col0\":\"560\",\"col1\":\"560\",\"col2\":\"644\",\"col3\":\"500\",\"col4\":\"12\",\"col5\":\"12\",\"col6\":\"604\",\"col7\":\"500\"},\"row6\":{\"col0\":\"630\",\"col1\":\"630\",\"col2\":\"714\",\"col3\":\"500\",\"col4\":\"12\",\"col5\":\"12\",\"col6\":\"674\",\"col7\":\"500\"},\"row7\":{\"col0\":\"710\",\"col1\":\"710\",\"col2\":\"794\",\"col3\":\"520\",\"col4\":\"12\",\"col5\":\"12\",\"col6\":\"754\",\"col7\":\"520\"},\"row8\":{\"col0\":\"800\",\"col1\":\"800\",\"col2\":\"908\",\"col3\":\"650\",\"col4\":\"12\",\"col5\":\"14\",\"col6\":\"858\",\"col7\":\"650\"},\"row9\":{\"col0\":\"900\",\"col1\":\"900\",\"col2\":\"1033\",\"col3\":\"700\",\"col4\":\"16\",\"col5\":\"18\",\"col6\":\"980\",\"col7\":\"700\"},\"row10\":{\"col0\":\"1000\",\"col1\":\"1000\",\"col2\":\"1133\",\"col3\":\"900\",\"col4\":\"16\",\"col5\":\"18\",\"col6\":\"1080\",\"col7\":\"900\"}}}}},\"18\":[\"54\"],\"19\":\"\",\"48\":\"\",\"49\":\"\",\"50\":\"\",\"51\":\"\",\"52\":\"\",\"53\":\"\",\"12\":\"\",\"11\":\"<p>As an alternative to fixed installations, this flexible range is ideal in the ventilation of factories or confined spaces such as ships\' holds. &nbsp;Man Cooler Fans are also useful for cooling bricks and drying grain. &nbsp;These fans can be aimed at distinct locations by fitting a flexible or canvas hose.<\\/p>\",\"16\":\"\"}}', '2017-07-25 14:36:55', '2017-07-25 14:36:55', 'a8cd3d9e-d8ef-4da8-b016-6b535387df22'),
 ('146', '119', '3', '1', 'en', '2', '', '{\"typeId\":\"3\",\"authorId\":\"1\",\"title\":\"Silencers\",\"slug\":\"silencers\",\"postDate\":1500976320,\"expiryDate\":null,\"enabled\":1,\"parentId\":\"108\",\"fields\":{\"34\":\"\",\"13\":\"\",\"21\":\"\",\"18\":\"\",\"19\":\"\",\"48\":\"\",\"49\":\"\",\"50\":\"\",\"51\":\"\",\"52\":\"\",\"53\":\"\",\"12\":\"\",\"11\":\"<p>TEST<\\/p>\",\"16\":\"\"}}', '2017-07-25 14:47:16', '2017-07-25 14:47:16', '209ffcbc-2a6e-4b26-84fa-1a970c3c3d2e'),
 ('147', '119', '3', '1', 'en', '3', '', '{\"typeId\":\"3\",\"authorId\":\"1\",\"title\":\"Silencers\",\"slug\":\"silencers\",\"postDate\":1500976320,\"expiryDate\":null,\"enabled\":1,\"parentId\":\"108\",\"fields\":{\"34\":\"\",\"13\":\"\",\"21\":\"\",\"18\":\"\",\"19\":\"\",\"48\":\"\",\"49\":\"\",\"50\":\"\",\"51\":\"\",\"52\":\"\",\"53\":\"\",\"12\":\"\",\"11\":\"<p>In both commercial and industrial applications the use of duct mounted silencers to reduce noise emission from fans is become more commonplace as increasing legislation calls for better and more comfortable working environments.<\\/p>\\r\\n<p>At Victoria Industrial Fans we have a special acoustic service whereby engineers and consultants can call upon our expertise in selecting the correct method of acoustic treatment to give guaranteed noise levels in hospitals, offices, factories, etc.&nbsp; Simply call our office for more details.<\\/p>\\r\\n<p>Quite the most commonly used silencers are what is known as CYLINDRICAL (STT) and POD (STP) type silencers.&nbsp; The tabulation shows the pressure losses*<\\/p>\\r\\n<p>*Through POD type silencers.&nbsp; The losses through CYLINDRICAL silencers are considerably less.<\\/p>\\r\\n<p>The length of the silencer is a function of its diameter i.e. 1 x diameter long or 2 x diameter long.&nbsp; Obviously the longer the attenuator the greater the pressure drop and the greater the acoustic performance.<\\/p>\\r\\n<p>POD type silencers give better attenuation that CYLINDRICAL type silencers.<\\/p>\",\"16\":\"\"}}', '2017-07-25 14:49:21', '2017-07-25 14:49:21', '133d2a6c-f855-429f-a431-09d2d04be345'),
 ('148', '119', '3', '1', 'en', '4', '', '{\"typeId\":\"4\",\"authorId\":\"1\",\"title\":\"Silencers\",\"slug\":\"silencers\",\"postDate\":1500976320,\"expiryDate\":null,\"enabled\":1,\"parentId\":\"108\",\"fields\":{\"48\":\"\",\"49\":\"\",\"50\":\"\",\"51\":\"\",\"52\":\"\",\"53\":\"\",\"3\":\"<p>In both commercial and industrial applications the use of duct mounted silencers to reduce noise emission from fans is become more commonplace as increasing legislation calls for better and more comfortable working environments.<\\/p>\\r\\n<p>At Victoria Industrial Fans we have a special acoustic service whereby engineers and consultants can call upon our expertise in selecting the correct method of acoustic treatment to give guaranteed noise levels in hospitals, offices, factories, etc.&nbsp; Simply call our office for more details.<\\/p>\\r\\n<p>Quite the most commonly used silencers are what is known as CYLINDRICAL (STT) and POD (STP) type silencers.&nbsp; The tabulation shows the pressure losses*<\\/p>\\r\\n<p>The length of the silencer is a function of its diameter i.e. 1 x diameter long or 2 x diameter long.&nbsp; Obviously the longer the attenuator the greater the pressure drop and the greater the acoustic performance.<br><\\/p>\\r\\n<p>POD type silencers give better attenuation that CYLINDRICAL type silencers.<\\/p>\",\"4\":{\"new1\":{\"type\":\"1\",\"fields\":{\"fd_St_Header\":\"Finish\",\"fd_st_text\":\"<p>Standard Silencers \\u2013 galvanised sheet.<\\/p><p><\\/p>\"}},\"new2\":{\"type\":\"1\",\"fields\":{\"fd_St_Header\":\"Optional Extras\",\"fd_st_text\":\"<p>Melinex lining for steam\\/high humidity\\/hospital and food industries.&nbsp; Epoxy coating, Stainless steel construction.<\\/p><p><\\/p>\"}}},\"25\":\"\",\"7\":\"*Through POD type silencers.  The losses through CYLINDRICAL silencers are considerably less.\"}}', '2017-07-25 15:02:25', '2017-07-25 15:02:25', '3f1341ee-d779-495f-83bf-ef5e93316a1b'),
 ('149', '118', '3', '1', 'en', '2', '', '{\"typeId\":\"4\",\"authorId\":\"1\",\"title\":\"Anti-Vibration Mountings\",\"slug\":\"anti-vibration-mountings\",\"postDate\":1500976260,\"expiryDate\":null,\"enabled\":1,\"parentId\":\"108\",\"fields\":{\"48\":\"\",\"49\":\"\",\"50\":\"\",\"51\":\"\",\"52\":\"\",\"53\":\"\",\"3\":\"\",\"4\":\"\",\"25\":\"\",\"7\":\"\"}}', '2017-07-25 15:02:36', '2017-07-25 15:02:36', '0f383ebe-29a8-4c7b-82dc-d9a699e44815'),
 ('150', '113', '3', '1', 'en', '3', '', '{\"typeId\":\"4\",\"authorId\":\"1\",\"title\":\"Flexible Connections\",\"slug\":\"flexible-connections\",\"postDate\":1500974820,\"expiryDate\":null,\"enabled\":1,\"parentId\":\"108\",\"fields\":{\"48\":\"\",\"49\":\"\",\"50\":\"\",\"51\":\"\",\"52\":\"\",\"53\":\"\",\"3\":\"\",\"4\":\"\",\"25\":\"\",\"7\":\"\"}}', '2017-07-25 15:02:50', '2017-07-25 15:02:50', 'b716366a-66bf-4fc5-8b38-947c168f87c7'),
 ('151', '112', '3', '1', 'en', '3', '', '{\"typeId\":\"4\",\"authorId\":\"1\",\"title\":\"Mating Flanges\",\"slug\":\"mating-flanges\",\"postDate\":1500974760,\"expiryDate\":null,\"enabled\":1,\"parentId\":\"108\",\"fields\":{\"48\":\"\",\"49\":\"\",\"50\":\"\",\"51\":\"\",\"52\":\"\",\"53\":\"\",\"3\":\"\",\"4\":\"\",\"25\":\"\",\"7\":\"\"}}', '2017-07-25 15:03:00', '2017-07-25 15:03:00', '6063d390-0afb-4961-bf02-2ef55c15c76f'),
 ('152', '111', '3', '1', 'en', '3', '', '{\"typeId\":\"4\",\"authorId\":\"1\",\"title\":\"A. V. Mounts\",\"slug\":\"a-v-mounts\",\"postDate\":1500974640,\"expiryDate\":null,\"enabled\":1,\"parentId\":\"108\",\"fields\":{\"48\":\"\",\"49\":\"\",\"50\":\"\",\"51\":\"\",\"52\":\"\",\"53\":\"\",\"3\":\"\",\"4\":\"\",\"25\":\"\",\"7\":\"\"}}', '2017-07-25 15:03:16', '2017-07-25 15:03:16', '4e7d4fed-1825-4395-b147-bd850ee6f6a6'),
 ('153', '110', '3', '1', 'en', '3', '', '{\"typeId\":\"4\",\"authorId\":\"1\",\"title\":\"Mounting Feet\",\"slug\":\"mounting-feet\",\"postDate\":1500974580,\"expiryDate\":null,\"enabled\":1,\"parentId\":\"108\",\"fields\":{\"48\":\"\",\"49\":\"\",\"50\":\"\",\"51\":\"\",\"52\":\"\",\"53\":\"\",\"3\":\"\",\"4\":\"\",\"25\":\"\",\"7\":\"\"}}', '2017-07-25 15:03:27', '2017-07-25 15:03:27', '54e1cd1b-5f14-45a3-b4a2-409c5ae39404'),
 ('154', '119', '3', '1', 'en', '5', '', '{\"typeId\":\"4\",\"authorId\":\"1\",\"title\":\"Silencers\",\"slug\":\"silencers\",\"postDate\":1500976320,\"expiryDate\":null,\"enabled\":1,\"parentId\":\"108\",\"fields\":{\"21\":{\"new1\":{\"type\":\"4\",\"fields\":{\"dataTable\":\"{\\\"columns\\\":{\\\"col1\\\":{\\\"heading\\\":\\\"Fan Size\\\",\\\"width\\\":\\\"\\\",\\\"align\\\":\\\"left\\\"},\\\"col2\\\":{\\\"heading\\\":\\\"A\\\",\\\"width\\\":\\\"\\\",\\\"align\\\":\\\"left\\\"},\\\"col3\\\":{\\\"heading\\\":\\\"A\\\",\\\"width\\\":\\\"\\\",\\\"align\\\":\\\"left\\\"},\\\"col4\\\":{\\\"heading\\\":\\\"A\\\",\\\"width\\\":\\\"\\\",\\\"align\\\":\\\"left\\\"},\\\"col5\\\":{\\\"heading\\\":\\\"B\\\",\\\"width\\\":\\\"\\\",\\\"align\\\":\\\"left\\\"},\\\"col6\\\":{\\\"heading\\\":\\\"C\\\",\\\"width\\\":\\\"\\\",\\\"align\\\":\\\"left\\\"},\\\"col7\\\":{\\\"heading\\\":\\\"D\\\",\\\"width\\\":\\\"\\\",\\\"align\\\":\\\"left\\\"},\\\"col8\\\":{\\\"heading\\\":\\\"E\\\",\\\"width\\\":\\\"\\\",\\\"align\\\":\\\"left\\\"},\\\"col9\\\":{\\\"heading\\\":\\\"F\\\",\\\"width\\\":\\\"\\\",\\\"align\\\":\\\"left\\\"},\\\"col10\\\":{\\\"heading\\\":\\\"G\\\",\\\"width\\\":\\\"\\\",\\\"align\\\":\\\"left\\\"}},\\\"rows\\\":{\\\"row1\\\":{\\\"col1\\\":\\\"\\\",\\\"col2\\\":\\\"\\\",\\\"col3\\\":\\\"\\\",\\\"col4\\\":\\\"\\\",\\\"col5\\\":\\\"\\\",\\\"col6\\\":\\\"\\\",\\\"col7\\\":\\\"\\\",\\\"col8\\\":\\\"\\\",\\\"col9\\\":\\\"\\\",\\\"col10\\\":\\\"\\\"}}}\",\"columns\":{\"col1\":{\"heading\":\"Fan Size\",\"width\":\"\",\"align\":\"left\"},\"col2\":{\"heading\":\"A\",\"width\":\"\",\"align\":\"left\"},\"col3\":{\"heading\":\"A\",\"width\":\"\",\"align\":\"left\"},\"col4\":{\"heading\":\"A\",\"width\":\"\",\"align\":\"left\"},\"col5\":{\"heading\":\"B\",\"width\":\"\",\"align\":\"left\"},\"col6\":{\"heading\":\"C\",\"width\":\"\",\"align\":\"left\"},\"col7\":{\"heading\":\"D\",\"width\":\"\",\"align\":\"left\"},\"col8\":{\"heading\":\"E\",\"width\":\"\",\"align\":\"left\"},\"col9\":{\"heading\":\"F\",\"width\":\"\",\"align\":\"left\"},\"col10\":{\"heading\":\"G\",\"width\":\"\",\"align\":\"left\"}},\"rows\":{\"row1\":{\"col1\":\"\",\"col2\":\"\",\"col3\":\"\",\"col4\":\"\",\"col5\":\"\",\"col6\":\"\",\"col7\":\"\",\"col8\":\"\",\"col9\":\"\",\"col10\":\"\"}}}}},\"19\":\"\",\"48\":\"\",\"49\":\"\",\"50\":\"\",\"51\":\"\",\"52\":\"\",\"53\":\"\",\"3\":\"<p>In both commercial and industrial applications the use of duct mounted silencers to reduce noise emission from fans is become more commonplace as increasing legislation calls for better and more comfortable working environments.<\\/p>\\r\\n<p>At Victoria Industrial Fans we have a special acoustic service whereby engineers and consultants can call upon our expertise in selecting the correct method of acoustic treatment to give guaranteed noise levels in hospitals, offices, factories, etc.&nbsp; Simply call our office for more details.<\\/p>\\r\\n<p>Quite the most commonly used silencers are what is known as CYLINDRICAL (STT) and POD (STP) type silencers.&nbsp; The tabulation shows the pressure losses*<\\/p>\\r\\n<p>The length of the silencer is a function of its diameter i.e. 1 x diameter long or 2 x diameter long.&nbsp; Obviously the longer the attenuator the greater the pressure drop and the greater the acoustic performance.<br><\\/p>\\r\\n<p>POD type silencers give better attenuation that CYLINDRICAL type silencers.<\\/p>\",\"4\":{\"132\":{\"type\":\"1\",\"fields\":{\"fd_St_Header\":\"Finish\",\"fd_st_text\":\"<p>Standard Silencers \\u2013 galvanised sheet.<\\/p>\"}},\"133\":{\"type\":\"1\",\"fields\":{\"fd_St_Header\":\"Optional Extras\",\"fd_st_text\":\"<p>Melinex lining for steam\\/high humidity\\/hospital and food industries.&nbsp; Epoxy coating, Stainless steel construction.<\\/p>\"}}},\"25\":\"\",\"7\":\"*Through POD type silencers.  The losses through CYLINDRICAL silencers are considerably less.\"}}', '2017-07-25 15:09:21', '2017-07-25 15:09:21', '7cb815ee-c990-49f8-bf75-84def268fa87'),
 ('155', '119', '3', '1', 'en', '6', '', '{\"typeId\":\"8\",\"authorId\":\"1\",\"title\":\"Silencers\",\"slug\":\"silencers\",\"postDate\":1500976320,\"expiryDate\":null,\"enabled\":1,\"parentId\":\"108\",\"fields\":{\"35\":\"\"}}', '2017-07-25 15:20:54', '2017-07-25 15:20:54', 'b422b784-3d04-4733-8252-80a5a72f6f2b'),
 ('156', '118', '3', '1', 'en', '3', '', '{\"typeId\":\"8\",\"authorId\":\"1\",\"title\":\"Anti-Vibration Mountings\",\"slug\":\"anti-vibration-mountings\",\"postDate\":1500976260,\"expiryDate\":null,\"enabled\":1,\"parentId\":\"108\",\"fields\":{\"35\":\"\"}}', '2017-07-25 15:21:05', '2017-07-25 15:21:05', '91fdf2c9-c73e-4759-94f9-01f230c9a851'),
 ('157', '113', '3', '1', 'en', '4', '', '{\"typeId\":\"8\",\"authorId\":\"1\",\"title\":\"Flexible Connections\",\"slug\":\"flexible-connections\",\"postDate\":1500974820,\"expiryDate\":null,\"enabled\":1,\"parentId\":\"108\",\"fields\":{\"35\":\"\"}}', '2017-07-25 15:21:17', '2017-07-25 15:21:17', '19352eab-a94e-4348-822d-caea3400232a'),
 ('158', '112', '3', '1', 'en', '4', '', '{\"typeId\":\"8\",\"authorId\":\"1\",\"title\":\"Mating Flanges\",\"slug\":\"mating-flanges\",\"postDate\":1500974760,\"expiryDate\":null,\"enabled\":1,\"parentId\":\"108\",\"fields\":{\"35\":\"\"}}', '2017-07-25 15:21:32', '2017-07-25 15:21:32', '934333d6-9b8a-49a9-bc27-1efa329da830'),
 ('159', '111', '3', '1', 'en', '4', '', '{\"typeId\":\"8\",\"authorId\":\"1\",\"title\":\"A. V. Mounts\",\"slug\":\"a-v-mounts\",\"postDate\":1500974640,\"expiryDate\":null,\"enabled\":1,\"parentId\":\"108\",\"fields\":{\"35\":\"\"}}', '2017-07-25 15:21:41', '2017-07-25 15:21:41', '428d067f-0b64-45c6-ad53-2e3d2f188566'),
 ('160', '110', '3', '1', 'en', '4', '', '{\"typeId\":\"8\",\"authorId\":\"1\",\"title\":\"Mounting Feet\",\"slug\":\"mounting-feet\",\"postDate\":1500974580,\"expiryDate\":null,\"enabled\":1,\"parentId\":\"108\",\"fields\":{\"35\":\"\"}}', '2017-07-25 15:22:04', '2017-07-25 15:22:04', '6790b00d-9349-4fb3-ad84-87a47d2d69e8'),
 ('161', '119', '3', '1', 'en', '7', '', '{\"typeId\":\"8\",\"authorId\":\"1\",\"title\":\"Silencers\",\"slug\":\"silencers\",\"postDate\":1500976320,\"expiryDate\":null,\"enabled\":1,\"parentId\":\"108\",\"fields\":{\"35\":{\"new1\":{\"type\":\"ancilliaryItemText\",\"enabled\":\"1\",\"fields\":{\"itemText\":\"<p>In both commercial and industrial applications the use of duct mounted silencers to reduce noise emission from fans is become more commonplace as increasing legislation calls for better and more comfortable working environments.<\\/p>\\r\\n<p>At Victoria Industrial Fans we have a special acoustic service whereby engineers and consultants can call upon our expertise in selecting the correct method of acoustic treatment to give guaranteed noise levels in hospitals, offices, factories, etc.&nbsp; Simply call our office for more details.<\\/p>\\r\\n<p>Quite the most commonly used silencers are what is known as CYLINDRICAL (STT) and POD (STP) type silencers.&nbsp; The tabulation shows the pressure losses*<\\/p>\\r\\n<p>The length of the silencer is a function of its diameter i.e. 1 x diameter long or 2 x diameter long.&nbsp; Obviously the longer the attenuator the greater the pressure drop and the greater the acoustic performance.<br><\\/p>\\r\\n<p>POD type silencers give better attenuation that CYLINDRICAL type silencers.<\\/p>\"}},\"new2\":{\"type\":\"itemDataTable\",\"enabled\":\"1\",\"fields\":{\"dataTable\":\"{\\\"columns\\\":{\\\"col1\\\":{\\\"heading\\\":\\\"Diameter\\\",\\\"width\\\":\\\"\\\",\\\"align\\\":\\\"left\\\"},\\\"col2\\\":{\\\"heading\\\":\\\"A\\\",\\\"width\\\":\\\"\\\",\\\"align\\\":\\\"left\\\"},\\\"col3\\\":{\\\"heading\\\":\\\"A\\\",\\\"width\\\":\\\"\\\",\\\"align\\\":\\\"left\\\"},\\\"col4\\\":{\\\"heading\\\":\\\"A\\\",\\\"width\\\":\\\"\\\",\\\"align\\\":\\\"left\\\"},\\\"col5\\\":{\\\"heading\\\":\\\"B\\\",\\\"width\\\":\\\"\\\",\\\"align\\\":\\\"left\\\"},\\\"col6\\\":{\\\"heading\\\":\\\"C\\\",\\\"width\\\":\\\"\\\",\\\"align\\\":\\\"left\\\"},\\\"col7\\\":{\\\"heading\\\":\\\"D\\\",\\\"width\\\":\\\"\\\",\\\"align\\\":\\\"left\\\"},\\\"col8\\\":{\\\"heading\\\":\\\"E\\\",\\\"width\\\":\\\"\\\",\\\"align\\\":\\\"left\\\"}},\\\"rows\\\":{\\\"row1\\\":{\\\"col1\\\":\\\"250\\\",\\\"col2\\\":\\\"250\\\",\\\"col3\\\":\\\"375\\\",\\\"col4\\\":\\\"500\\\",\\\"col5\\\":\\\"350\\\",\\\"col6\\\":\\\"294\\\",\\\"col7\\\":\\\"8\\\",\\\"col8\\\":\\\"8\\\"}}}\",\"columns\":{\"col1\":{\"heading\":\"Diameter\",\"width\":\"\",\"align\":\"left\"},\"col2\":{\"heading\":\"A\",\"width\":\"\",\"align\":\"left\"},\"col3\":{\"heading\":\"A\",\"width\":\"\",\"align\":\"left\"},\"col4\":{\"heading\":\"A\",\"width\":\"\",\"align\":\"left\"},\"col5\":{\"heading\":\"B\",\"width\":\"\",\"align\":\"left\"},\"col6\":{\"heading\":\"C\",\"width\":\"\",\"align\":\"left\"},\"col7\":{\"heading\":\"D\",\"width\":\"\",\"align\":\"left\"},\"col8\":{\"heading\":\"E\",\"width\":\"\",\"align\":\"left\"}},\"rows\":{\"row1\":{\"col1\":\"250\",\"col2\":\"250\",\"col3\":\"375\",\"col4\":\"500\",\"col5\":\"350\",\"col6\":\"294\",\"col7\":\"8\",\"col8\":\"8\"}}}},\"new3\":{\"type\":\"itemTechnicalDrawing\",\"enabled\":\"1\",\"fields\":{\"itemDrawing\":[\"125\"]}}}}}', '2017-07-25 15:27:34', '2017-07-25 15:27:34', 'ee46594f-dc50-4251-9953-83db5f45fa0a'),
 ('162', '119', '3', '1', 'en', '8', '', '{\"typeId\":\"8\",\"authorId\":\"1\",\"title\":\"Silencer\",\"slug\":\"silencers\",\"postDate\":1500976320,\"expiryDate\":null,\"enabled\":1,\"parentId\":\"108\",\"fields\":{\"35\":{\"135\":{\"type\":\"ancilliaryItemText\",\"enabled\":\"1\",\"fields\":{\"itemText\":\"<p>In both commercial and industrial applications the use of duct mounted silencers to reduce noise emission from fans is become more commonplace as increasing legislation calls for better and more comfortable working environments.<\\/p>\\r\\n<p>At Victoria Industrial Fans we have a special acoustic service whereby engineers and consultants can call upon our expertise in selecting the correct method of acoustic treatment to give guaranteed noise levels in hospitals, offices, factories, etc.&nbsp; Simply call our office for more details.<\\/p>\\r\\n<p>Quite the most commonly used silencers are what is known as CYLINDRICAL (STT) and POD (STP) type silencers.&nbsp; The tabulation shows the pressure losses*<\\/p>\\r\\n<p>The length of the silencer is a function of its diameter i.e. 1 x diameter long or 2 x diameter long.&nbsp; Obviously the longer the attenuator the greater the pressure drop and the greater the acoustic performance.<br><\\/p>\\r\\n<p>POD type silencers give better attenuation that CYLINDRICAL type silencers.<\\/p>\"}},\"136\":{\"type\":\"itemDataTable\",\"enabled\":\"1\",\"fields\":{\"dataTable\":\"{\\\"columns\\\":{\\\"col0\\\":{\\\"heading\\\":\\\"Diameter\\\",\\\"width\\\":\\\"\\\",\\\"align\\\":\\\"left\\\"},\\\"col1\\\":{\\\"heading\\\":\\\"A\\\",\\\"width\\\":\\\"\\\",\\\"align\\\":\\\"left\\\"},\\\"col2\\\":{\\\"heading\\\":\\\"A\\\",\\\"width\\\":\\\"\\\",\\\"align\\\":\\\"left\\\"},\\\"col3\\\":{\\\"heading\\\":\\\"A\\\",\\\"width\\\":\\\"\\\",\\\"align\\\":\\\"left\\\"},\\\"col4\\\":{\\\"heading\\\":\\\"B\\\",\\\"width\\\":\\\"\\\",\\\"align\\\":\\\"left\\\"},\\\"col5\\\":{\\\"heading\\\":\\\"C\\\",\\\"width\\\":\\\"\\\",\\\"align\\\":\\\"left\\\"},\\\"col6\\\":{\\\"heading\\\":\\\"D\\\",\\\"width\\\":\\\"\\\",\\\"align\\\":\\\"left\\\"},\\\"col7\\\":{\\\"heading\\\":\\\"E\\\",\\\"width\\\":\\\"\\\",\\\"align\\\":\\\"left\\\"}},\\\"rows\\\":{\\\"row0\\\":{\\\"col0\\\":\\\"250\\\",\\\"col1\\\":\\\"250\\\",\\\"col2\\\":\\\"375\\\",\\\"col3\\\":\\\"500\\\",\\\"col4\\\":\\\"350\\\",\\\"col5\\\":\\\"294\\\",\\\"col6\\\":\\\"8\\\",\\\"col7\\\":\\\"8\\\"}}}\",\"columns\":{\"col0\":{\"heading\":\"Diameter\",\"width\":\"\",\"align\":\"left\"},\"col1\":{\"heading\":\"A\",\"width\":\"\",\"align\":\"left\"},\"col2\":{\"heading\":\"A\",\"width\":\"\",\"align\":\"left\"},\"col3\":{\"heading\":\"A\",\"width\":\"\",\"align\":\"left\"},\"col4\":{\"heading\":\"B\",\"width\":\"\",\"align\":\"left\"},\"col5\":{\"heading\":\"C\",\"width\":\"\",\"align\":\"left\"},\"col6\":{\"heading\":\"D\",\"width\":\"\",\"align\":\"left\"},\"col7\":{\"heading\":\"E\",\"width\":\"\",\"align\":\"left\"}},\"rows\":{\"row0\":{\"col0\":\"250\",\"col1\":\"250\",\"col2\":\"375\",\"col3\":\"500\",\"col4\":\"350\",\"col5\":\"294\",\"col6\":\"8\",\"col7\":\"8\"}}}},\"137\":{\"type\":\"itemTechnicalDrawing\",\"enabled\":\"1\",\"fields\":{\"itemDrawing\":[\"125\"]}}}}}', '2017-07-25 15:28:25', '2017-07-25 15:28:25', '54be58b4-717b-4d29-ae2f-849684470d93'),
 ('163', '119', '3', '1', 'en', '9', '', '{\"typeId\":\"8\",\"authorId\":\"1\",\"title\":\"Silencer\",\"slug\":\"silencers\",\"postDate\":1500976320,\"expiryDate\":null,\"enabled\":1,\"parentId\":\"108\",\"fields\":{\"35\":{\"135\":{\"type\":\"ancilliaryItemText\",\"enabled\":\"1\",\"fields\":{\"itemText\":\"<p>In both commercial and industrial applications the use of duct mounted silencers to reduce noise emission from fans is become more commonplace as increasing legislation calls for better and more comfortable working environments.<\\/p>\\r\\n<p>At Victoria Industrial Fans we have a special acoustic service whereby engineers and consultants can call upon our expertise in selecting the correct method of acoustic treatment to give guaranteed noise levels in hospitals, offices, factories, etc.&nbsp; Simply call our office for more details.<\\/p>\\r\\n<p>Quite the most commonly used silencers are what is known as CYLINDRICAL (STT) and POD (STP) type silencers.&nbsp; The tabulation shows the pressure losses*<\\/p>\\r\\n<p>The length of the silencer is a function of its diameter i.e. 1 x diameter long or 2 x diameter long.&nbsp; Obviously the longer the attenuator the greater the pressure drop and the greater the acoustic performance.<br><\\/p>\\r\\n<p>POD type silencers give better attenuation that CYLINDRICAL type silencers.<\\/p>\"}},\"136\":{\"type\":\"itemDataTable\",\"enabled\":\"1\",\"fields\":{\"dataTable\":\"{\\\"columns\\\":{\\\"col0\\\":{\\\"heading\\\":\\\"Diameter\\\",\\\"width\\\":\\\"\\\",\\\"align\\\":\\\"left\\\"},\\\"col1\\\":{\\\"heading\\\":\\\"A\\\",\\\"width\\\":\\\"\\\",\\\"align\\\":\\\"left\\\"},\\\"col2\\\":{\\\"heading\\\":\\\"A\\\",\\\"width\\\":\\\"\\\",\\\"align\\\":\\\"left\\\"},\\\"col3\\\":{\\\"heading\\\":\\\"A\\\",\\\"width\\\":\\\"\\\",\\\"align\\\":\\\"left\\\"},\\\"col4\\\":{\\\"heading\\\":\\\"B\\\",\\\"width\\\":\\\"\\\",\\\"align\\\":\\\"left\\\"},\\\"col5\\\":{\\\"heading\\\":\\\"C\\\",\\\"width\\\":\\\"\\\",\\\"align\\\":\\\"left\\\"},\\\"col6\\\":{\\\"heading\\\":\\\"D\\\",\\\"width\\\":\\\"\\\",\\\"align\\\":\\\"left\\\"},\\\"col7\\\":{\\\"heading\\\":\\\"E\\\",\\\"width\\\":\\\"\\\",\\\"align\\\":\\\"left\\\"}},\\\"rows\\\":{\\\"row0\\\":{\\\"col0\\\":\\\"250\\\",\\\"col1\\\":\\\"250\\\",\\\"col2\\\":\\\"375\\\",\\\"col3\\\":\\\"500\\\",\\\"col4\\\":\\\"350\\\",\\\"col5\\\":\\\"294\\\",\\\"col6\\\":\\\"8\\\",\\\"col7\\\":\\\"8\\\"}}}\",\"columns\":{\"col0\":{\"heading\":\"Diameter\",\"width\":\"\",\"align\":\"left\"},\"col1\":{\"heading\":\"A\",\"width\":\"\",\"align\":\"left\"},\"col2\":{\"heading\":\"A\",\"width\":\"\",\"align\":\"left\"},\"col3\":{\"heading\":\"A\",\"width\":\"\",\"align\":\"left\"},\"col4\":{\"heading\":\"B\",\"width\":\"\",\"align\":\"left\"},\"col5\":{\"heading\":\"C\",\"width\":\"\",\"align\":\"left\"},\"col6\":{\"heading\":\"D\",\"width\":\"\",\"align\":\"left\"},\"col7\":{\"heading\":\"E\",\"width\":\"\",\"align\":\"left\"}},\"rows\":{\"row0\":{\"col0\":\"250\",\"col1\":\"250\",\"col2\":\"375\",\"col3\":\"500\",\"col4\":\"350\",\"col5\":\"294\",\"col6\":\"8\",\"col7\":\"8\"}}}},\"137\":{\"type\":\"itemTechnicalDrawing\",\"enabled\":\"1\",\"fields\":{\"itemDrawing\":[\"125\"]}}}}}', '2017-07-25 15:28:57', '2017-07-25 15:28:57', 'd6faca92-61c0-486e-9b98-ed7e24726ad6'),
 ('164', '119', '3', '1', 'en', '10', '', '{\"typeId\":\"8\",\"authorId\":\"1\",\"title\":\"Silencer\",\"slug\":\"silencers\",\"postDate\":1500976320,\"expiryDate\":null,\"enabled\":1,\"parentId\":\"108\",\"fields\":{\"35\":{\"135\":{\"type\":\"ancilliaryItemText\",\"enabled\":\"1\",\"fields\":{\"itemText\":\"<p>sssIn both commercial and industrial applications the use of duct mounted silencers to reduce noise emission from fans is become more commonplace as increasing legislation calls for better and more comfortable working environments.<\\/p>\\r\\n<p>At Victoria Industrial Fans we have a special acoustic service whereby engineers and consultants can call upon our expertise in selecting the correct method of acoustic treatment to give guaranteed noise levels in hospitals, offices, factories, etc.&nbsp; Simply call our office for more details.<\\/p>\\r\\n<p>Quite the most commonly used silencers are what is known as CYLINDRICAL (STT) and POD (STP) type silencers.&nbsp; The tabulation shows the pressure losses*<\\/p>\\r\\n<p>The length of the silencer is a function of its diameter i.e. 1 x diameter long or 2 x diameter long.&nbsp; Obviously the longer the attenuator the greater the pressure drop and the greater the acoustic performance.<br><\\/p>\\r\\n<p>POD type silencers give better attenuation that CYLINDRICAL type silencers.<\\/p>\"}},\"136\":{\"type\":\"itemDataTable\",\"enabled\":\"1\",\"fields\":{\"dataTable\":\"{\\\"columns\\\":{\\\"col0\\\":{\\\"heading\\\":\\\"Diameter\\\",\\\"width\\\":\\\"\\\",\\\"align\\\":\\\"left\\\"},\\\"col1\\\":{\\\"heading\\\":\\\"A\\\",\\\"width\\\":\\\"\\\",\\\"align\\\":\\\"left\\\"},\\\"col2\\\":{\\\"heading\\\":\\\"A\\\",\\\"width\\\":\\\"\\\",\\\"align\\\":\\\"left\\\"},\\\"col3\\\":{\\\"heading\\\":\\\"A\\\",\\\"width\\\":\\\"\\\",\\\"align\\\":\\\"left\\\"},\\\"col4\\\":{\\\"heading\\\":\\\"B\\\",\\\"width\\\":\\\"\\\",\\\"align\\\":\\\"left\\\"},\\\"col5\\\":{\\\"heading\\\":\\\"C\\\",\\\"width\\\":\\\"\\\",\\\"align\\\":\\\"left\\\"},\\\"col6\\\":{\\\"heading\\\":\\\"D\\\",\\\"width\\\":\\\"\\\",\\\"align\\\":\\\"left\\\"},\\\"col7\\\":{\\\"heading\\\":\\\"E\\\",\\\"width\\\":\\\"\\\",\\\"align\\\":\\\"left\\\"}},\\\"rows\\\":{\\\"row0\\\":{\\\"col0\\\":\\\"250\\\",\\\"col1\\\":\\\"250\\\",\\\"col2\\\":\\\"375\\\",\\\"col3\\\":\\\"500\\\",\\\"col4\\\":\\\"350\\\",\\\"col5\\\":\\\"294\\\",\\\"col6\\\":\\\"8\\\",\\\"col7\\\":\\\"8\\\"}}}\",\"columns\":{\"col0\":{\"heading\":\"Diameter\",\"width\":\"\",\"align\":\"left\"},\"col1\":{\"heading\":\"A\",\"width\":\"\",\"align\":\"left\"},\"col2\":{\"heading\":\"A\",\"width\":\"\",\"align\":\"left\"},\"col3\":{\"heading\":\"A\",\"width\":\"\",\"align\":\"left\"},\"col4\":{\"heading\":\"B\",\"width\":\"\",\"align\":\"left\"},\"col5\":{\"heading\":\"C\",\"width\":\"\",\"align\":\"left\"},\"col6\":{\"heading\":\"D\",\"width\":\"\",\"align\":\"left\"},\"col7\":{\"heading\":\"E\",\"width\":\"\",\"align\":\"left\"}},\"rows\":{\"row0\":{\"col0\":\"250\",\"col1\":\"250\",\"col2\":\"375\",\"col3\":\"500\",\"col4\":\"350\",\"col5\":\"294\",\"col6\":\"8\",\"col7\":\"8\"}}}},\"137\":{\"type\":\"itemTechnicalDrawing\",\"enabled\":\"1\",\"fields\":{\"itemDrawing\":[\"125\"]}}}}}', '2017-07-25 15:30:01', '2017-07-25 15:30:01', '62a83b6e-9165-4a62-92d9-67ff35ada46c'),
 ('165', '119', '3', '1', 'en', '11', '', '{\"typeId\":\"8\",\"authorId\":\"1\",\"title\":\"Silencers\",\"slug\":\"silencers\",\"postDate\":1500976320,\"expiryDate\":null,\"enabled\":1,\"parentId\":\"108\",\"fields\":{\"35\":{\"135\":{\"type\":\"ancilliaryItemText\",\"enabled\":\"1\",\"fields\":{\"itemText\":\"<p>sssIn both commercial and industrial applications the use of duct mounted silencers to reduce noise emission from fans is become more commonplace as increasing legislation calls for better and more comfortable working environments.<\\/p>\\r\\n<p>At Victoria Industrial Fans we have a special acoustic service whereby engineers and consultants can call upon our expertise in selecting the correct method of acoustic treatment to give guaranteed noise levels in hospitals, offices, factories, etc.&nbsp; Simply call our office for more details.<\\/p>\\r\\n<p>Quite the most commonly used silencers are what is known as CYLINDRICAL (STT) and POD (STP) type silencers.&nbsp; The tabulation shows the pressure losses*<\\/p>\\r\\n<p>The length of the silencer is a function of its diameter i.e. 1 x diameter long or 2 x diameter long.&nbsp; Obviously the longer the attenuator the greater the pressure drop and the greater the acoustic performance.<br><\\/p>\\r\\n<p>POD type silencers give better attenuation that CYLINDRICAL type silencers.<\\/p>\"}},\"136\":{\"type\":\"itemDataTable\",\"enabled\":\"1\",\"fields\":{\"dataTable\":\"{\\\"columns\\\":{\\\"col0\\\":{\\\"heading\\\":\\\"Diameter\\\",\\\"width\\\":\\\"\\\",\\\"align\\\":\\\"left\\\"},\\\"col1\\\":{\\\"heading\\\":\\\"A\\\",\\\"width\\\":\\\"\\\",\\\"align\\\":\\\"left\\\"},\\\"col2\\\":{\\\"heading\\\":\\\"A\\\",\\\"width\\\":\\\"\\\",\\\"align\\\":\\\"left\\\"},\\\"col3\\\":{\\\"heading\\\":\\\"A\\\",\\\"width\\\":\\\"\\\",\\\"align\\\":\\\"left\\\"},\\\"col4\\\":{\\\"heading\\\":\\\"B\\\",\\\"width\\\":\\\"\\\",\\\"align\\\":\\\"left\\\"},\\\"col5\\\":{\\\"heading\\\":\\\"C\\\",\\\"width\\\":\\\"\\\",\\\"align\\\":\\\"left\\\"},\\\"col6\\\":{\\\"heading\\\":\\\"D\\\",\\\"width\\\":\\\"\\\",\\\"align\\\":\\\"left\\\"},\\\"col7\\\":{\\\"heading\\\":\\\"E\\\",\\\"width\\\":\\\"\\\",\\\"align\\\":\\\"left\\\"}},\\\"rows\\\":{\\\"row0\\\":{\\\"col0\\\":\\\"250\\\",\\\"col1\\\":\\\"250\\\",\\\"col2\\\":\\\"375\\\",\\\"col3\\\":\\\"500\\\",\\\"col4\\\":\\\"350\\\",\\\"col5\\\":\\\"294\\\",\\\"col6\\\":\\\"8\\\",\\\"col7\\\":\\\"8\\\"}}}\",\"columns\":{\"col0\":{\"heading\":\"Diameter\",\"width\":\"\",\"align\":\"left\"},\"col1\":{\"heading\":\"A\",\"width\":\"\",\"align\":\"left\"},\"col2\":{\"heading\":\"A\",\"width\":\"\",\"align\":\"left\"},\"col3\":{\"heading\":\"A\",\"width\":\"\",\"align\":\"left\"},\"col4\":{\"heading\":\"B\",\"width\":\"\",\"align\":\"left\"},\"col5\":{\"heading\":\"C\",\"width\":\"\",\"align\":\"left\"},\"col6\":{\"heading\":\"D\",\"width\":\"\",\"align\":\"left\"},\"col7\":{\"heading\":\"E\",\"width\":\"\",\"align\":\"left\"}},\"rows\":{\"row0\":{\"col0\":\"250\",\"col1\":\"250\",\"col2\":\"375\",\"col3\":\"500\",\"col4\":\"350\",\"col5\":\"294\",\"col6\":\"8\",\"col7\":\"8\"}}}},\"137\":{\"type\":\"itemTechnicalDrawing\",\"enabled\":\"1\",\"fields\":{\"itemDrawing\":[\"125\"]}}}}}', '2017-07-25 15:30:11', '2017-07-25 15:30:11', 'c85cdc51-308d-49e3-849b-a63aeb161e93'),
 ('166', '119', '3', '1', 'en', '12', '', '{\"typeId\":\"8\",\"authorId\":\"1\",\"title\":\"Silencers\",\"slug\":\"silencers\",\"postDate\":1500976320,\"expiryDate\":null,\"enabled\":1,\"parentId\":\"108\",\"fields\":{\"35\":{\"135\":{\"type\":\"ancilliaryItemText\",\"enabled\":\"1\",\"fields\":{\"itemText\":\"<p>sssIn both commercial and industrial applications the use of duct mounted silencers to reduce noise emission from fans is become more commonplace as increasing legislation calls for better and more comfortable working environments.<\\/p>\\r\\n<p>At Victoria Industrial Fans we have a special acoustic service whereby engineers and consultants can call upon our expertise in selecting the correct method of acoustic treatment to give guaranteed noise levels in hospitals, offices, factories, etc.&nbsp; Simply call our office for more details.<\\/p>\\r\\n<p>Quite the most commonly used silencers are what is known as CYLINDRICAL (STT) and POD (STP) type silencers.&nbsp; The tabulation shows the pressure losses*<\\/p>\\r\\n<p>The length of the silencer is a function of its diameter i.e. 1 x diameter long or 2 x diameter long.&nbsp; Obviously the longer the attenuator the greater the pressure drop and the greater the acoustic performance.<br><\\/p>\\r\\n<p>POD type silencers give better attenuation that CYLINDRICAL type silencers.<\\/p>\"}},\"136\":{\"type\":\"itemDataTable\",\"enabled\":\"1\",\"fields\":{\"dataTable\":\"{\\\"columns\\\":{\\\"col0\\\":{\\\"heading\\\":\\\"Diameter\\\",\\\"width\\\":\\\"\\\",\\\"align\\\":\\\"left\\\"},\\\"col1\\\":{\\\"heading\\\":\\\"A\\\",\\\"width\\\":\\\"\\\",\\\"align\\\":\\\"left\\\"},\\\"col2\\\":{\\\"heading\\\":\\\"A\\\",\\\"width\\\":\\\"\\\",\\\"align\\\":\\\"left\\\"},\\\"col3\\\":{\\\"heading\\\":\\\"A\\\",\\\"width\\\":\\\"\\\",\\\"align\\\":\\\"left\\\"},\\\"col4\\\":{\\\"heading\\\":\\\"B\\\",\\\"width\\\":\\\"\\\",\\\"align\\\":\\\"left\\\"},\\\"col5\\\":{\\\"heading\\\":\\\"C\\\",\\\"width\\\":\\\"\\\",\\\"align\\\":\\\"left\\\"},\\\"col6\\\":{\\\"heading\\\":\\\"D\\\",\\\"width\\\":\\\"\\\",\\\"align\\\":\\\"left\\\"},\\\"col7\\\":{\\\"heading\\\":\\\"E\\\",\\\"width\\\":\\\"\\\",\\\"align\\\":\\\"left\\\"}},\\\"rows\\\":{\\\"row0\\\":{\\\"col0\\\":\\\"250\\\",\\\"col1\\\":\\\"250\\\",\\\"col2\\\":\\\"375\\\",\\\"col3\\\":\\\"500\\\",\\\"col4\\\":\\\"350\\\",\\\"col5\\\":\\\"294\\\",\\\"col6\\\":\\\"8\\\",\\\"col7\\\":\\\"8\\\"},\\\"row1\\\":{\\\"col0\\\":\\\"315\\\",\\\"col1\\\":\\\"315\\\",\\\"col2\\\":\\\"472\\\",\\\"col3\\\":\\\"630\\\",\\\"col4\\\":\\\"425\\\",\\\"col5\\\":\\\"355\\\",\\\"col6\\\":\\\"8\\\",\\\"col7\\\":\\\"8\\\"}}}\",\"columns\":{\"col0\":{\"heading\":\"Diameter\",\"width\":\"\",\"align\":\"left\"},\"col1\":{\"heading\":\"A\",\"width\":\"\",\"align\":\"left\"},\"col2\":{\"heading\":\"A\",\"width\":\"\",\"align\":\"left\"},\"col3\":{\"heading\":\"A\",\"width\":\"\",\"align\":\"left\"},\"col4\":{\"heading\":\"B\",\"width\":\"\",\"align\":\"left\"},\"col5\":{\"heading\":\"C\",\"width\":\"\",\"align\":\"left\"},\"col6\":{\"heading\":\"D\",\"width\":\"\",\"align\":\"left\"},\"col7\":{\"heading\":\"E\",\"width\":\"\",\"align\":\"left\"}},\"rows\":{\"row0\":{\"col0\":\"250\",\"col1\":\"250\",\"col2\":\"375\",\"col3\":\"500\",\"col4\":\"350\",\"col5\":\"294\",\"col6\":\"8\",\"col7\":\"8\"},\"row1\":{\"col0\":\"315\",\"col1\":\"315\",\"col2\":\"472\",\"col3\":\"630\",\"col4\":\"425\",\"col5\":\"355\",\"col6\":\"8\",\"col7\":\"8\"}}}},\"137\":{\"type\":\"itemTechnicalDrawing\",\"enabled\":\"1\",\"fields\":{\"itemDrawing\":[\"125\"]}}}}}', '2017-07-25 16:03:50', '2017-07-25 16:03:50', '9bd3c956-93a5-43ed-bd4d-2090f8265e6f'),
 ('167', '119', '3', '1', 'en', '13', '', '{\"typeId\":\"8\",\"authorId\":\"1\",\"title\":\"Silencers\",\"slug\":\"silencers\",\"postDate\":1500976320,\"expiryDate\":null,\"enabled\":1,\"parentId\":\"108\",\"fields\":{\"35\":{\"135\":{\"type\":\"ancilliaryItemText\",\"enabled\":\"1\",\"fields\":{\"itemText\":\"<p>sssIn both commercial and industrial applications the use of duct mounted silencers to reduce noise emission from fans is become more commonplace as increasing legislation calls for better and more comfortable working environments.<\\/p>\\r\\n<p>At Victoria Industrial Fans we have a special acoustic service whereby engineers and consultants can call upon our expertise in selecting the correct method of acoustic treatment to give guaranteed noise levels in hospitals, offices, factories, etc.&nbsp; Simply call our office for more details.<\\/p>\\r\\n<p>Quite the most commonly used silencers are what is known as CYLINDRICAL (STT) and POD (STP) type silencers.&nbsp; The tabulation shows the pressure losses*<\\/p>\\r\\n<p>The length of the silencer is a function of its diameter i.e. 1 x diameter long or 2 x diameter long.&nbsp; Obviously the longer the attenuator the greater the pressure drop and the greater the acoustic performance.<br><\\/p>\\r\\n<p>POD type silencers give better attenuation that CYLINDRICAL type silencers.<\\/p>\"}},\"136\":{\"type\":\"itemDataTable\",\"enabled\":\"1\",\"fields\":{\"dataTable\":\"{\\\"columns\\\":{\\\"col0\\\":{\\\"heading\\\":\\\"Diameter\\\",\\\"width\\\":\\\"\\\",\\\"align\\\":\\\"left\\\"},\\\"col1\\\":{\\\"heading\\\":\\\"A\\\",\\\"width\\\":\\\"\\\",\\\"align\\\":\\\"left\\\"},\\\"col2\\\":{\\\"heading\\\":\\\"A\\\",\\\"width\\\":\\\"\\\",\\\"align\\\":\\\"left\\\"},\\\"col3\\\":{\\\"heading\\\":\\\"A\\\",\\\"width\\\":\\\"\\\",\\\"align\\\":\\\"left\\\"},\\\"col4\\\":{\\\"heading\\\":\\\"B\\\",\\\"width\\\":\\\"\\\",\\\"align\\\":\\\"left\\\"},\\\"col5\\\":{\\\"heading\\\":\\\"C\\\",\\\"width\\\":\\\"\\\",\\\"align\\\":\\\"left\\\"},\\\"col6\\\":{\\\"heading\\\":\\\"D\\\",\\\"width\\\":\\\"\\\",\\\"align\\\":\\\"left\\\"},\\\"col7\\\":{\\\"heading\\\":\\\"E\\\",\\\"width\\\":\\\"\\\",\\\"align\\\":\\\"left\\\"}},\\\"rows\\\":{\\\"row0\\\":{\\\"col0\\\":\\\"250\\\",\\\"col1\\\":\\\"250\\\",\\\"col2\\\":\\\"375\\\",\\\"col3\\\":\\\"500\\\",\\\"col4\\\":\\\"350\\\",\\\"col5\\\":\\\"294\\\",\\\"col6\\\":\\\"8\\\",\\\"col7\\\":\\\"8\\\"},\\\"row1\\\":{\\\"col0\\\":\\\"315\\\",\\\"col1\\\":\\\"315\\\",\\\"col2\\\":\\\"472\\\",\\\"col3\\\":\\\"630\\\",\\\"col4\\\":\\\"425\\\",\\\"col5\\\":\\\"355\\\",\\\"col6\\\":\\\"8\\\",\\\"col7\\\":\\\"8\\\"}}}\",\"columns\":{\"col0\":{\"heading\":\"Diameter\",\"width\":\"\",\"align\":\"left\"},\"col1\":{\"heading\":\"A\",\"width\":\"\",\"align\":\"left\"},\"col2\":{\"heading\":\"A\",\"width\":\"\",\"align\":\"left\"},\"col3\":{\"heading\":\"A\",\"width\":\"\",\"align\":\"left\"},\"col4\":{\"heading\":\"B\",\"width\":\"\",\"align\":\"left\"},\"col5\":{\"heading\":\"C\",\"width\":\"\",\"align\":\"left\"},\"col6\":{\"heading\":\"D\",\"width\":\"\",\"align\":\"left\"},\"col7\":{\"heading\":\"E\",\"width\":\"\",\"align\":\"left\"}},\"rows\":{\"row0\":{\"col0\":\"250\",\"col1\":\"250\",\"col2\":\"375\",\"col3\":\"500\",\"col4\":\"350\",\"col5\":\"294\",\"col6\":\"8\",\"col7\":\"8\"},\"row1\":{\"col0\":\"315\",\"col1\":\"315\",\"col2\":\"472\",\"col3\":\"630\",\"col4\":\"425\",\"col5\":\"355\",\"col6\":\"8\",\"col7\":\"8\"}}}},\"137\":{\"type\":\"itemTechnicalDrawing\",\"enabled\":\"1\",\"fields\":{\"itemDrawing\":[\"125\"]}},\"new1\":{\"type\":\"itemSupportingPhoto\",\"enabled\":\"1\",\"fields\":{\"itemSupportingPhoto\":[\"59\"]}}}}}', '2017-07-25 16:09:29', '2017-07-25 16:09:29', '4ac7c5d6-d825-4fe4-9193-4b7f5b21aa15'),
 ('168', '119', '3', '1', 'en', '14', '', '{\"typeId\":\"8\",\"authorId\":\"1\",\"title\":\"Silencers\",\"slug\":\"silencers\",\"postDate\":1500976320,\"expiryDate\":null,\"enabled\":1,\"parentId\":\"108\",\"fields\":{\"35\":{\"135\":{\"type\":\"ancilliaryItemText\",\"enabled\":\"1\",\"fields\":{\"itemText\":\"<p>sssIn both commercial and industrial applications the use of duct mounted silencers to reduce noise emission from fans is become more commonplace as increasing legislation calls for better and more comfortable working environments.<\\/p>\\r\\n<p>At Victoria Industrial Fans we have a special acoustic service whereby engineers and consultants can call upon our expertise in selecting the correct method of acoustic treatment to give guaranteed noise levels in hospitals, offices, factories, etc.&nbsp; Simply call our office for more details.<\\/p>\\r\\n<p>Quite the most commonly used silencers are what is known as CYLINDRICAL (STT) and POD (STP) type silencers.&nbsp; The tabulation shows the pressure losses*<\\/p>\\r\\n<p>The length of the silencer is a function of its diameter i.e. 1 x diameter long or 2 x diameter long.&nbsp; Obviously the longer the attenuator the greater the pressure drop and the greater the acoustic performance.<br><\\/p>\\r\\n<p>POD type silencers give better attenuation that CYLINDRICAL type silencers.<\\/p>\"}},\"136\":{\"type\":\"itemDataTable\",\"enabled\":\"1\",\"fields\":{\"dataTable\":\"{\\\"columns\\\":{\\\"col0\\\":{\\\"heading\\\":\\\"Diameter\\\",\\\"width\\\":\\\"\\\",\\\"align\\\":\\\"left\\\"},\\\"col1\\\":{\\\"heading\\\":\\\"A\\\",\\\"width\\\":\\\"\\\",\\\"align\\\":\\\"left\\\"},\\\"col2\\\":{\\\"heading\\\":\\\"A\\\",\\\"width\\\":\\\"\\\",\\\"align\\\":\\\"left\\\"},\\\"col3\\\":{\\\"heading\\\":\\\"A\\\",\\\"width\\\":\\\"\\\",\\\"align\\\":\\\"left\\\"},\\\"col4\\\":{\\\"heading\\\":\\\"B\\\",\\\"width\\\":\\\"\\\",\\\"align\\\":\\\"left\\\"},\\\"col5\\\":{\\\"heading\\\":\\\"C\\\",\\\"width\\\":\\\"\\\",\\\"align\\\":\\\"left\\\"},\\\"col6\\\":{\\\"heading\\\":\\\"D\\\",\\\"width\\\":\\\"\\\",\\\"align\\\":\\\"left\\\"},\\\"col7\\\":{\\\"heading\\\":\\\"E\\\",\\\"width\\\":\\\"\\\",\\\"align\\\":\\\"left\\\"}},\\\"rows\\\":{\\\"row0\\\":{\\\"col0\\\":\\\"250\\\",\\\"col1\\\":\\\"250\\\",\\\"col2\\\":\\\"375\\\",\\\"col3\\\":\\\"500\\\",\\\"col4\\\":\\\"350\\\",\\\"col5\\\":\\\"294\\\",\\\"col6\\\":\\\"8\\\",\\\"col7\\\":\\\"8\\\"},\\\"row1\\\":{\\\"col0\\\":\\\"315\\\",\\\"col1\\\":\\\"315\\\",\\\"col2\\\":\\\"472\\\",\\\"col3\\\":\\\"630\\\",\\\"col4\\\":\\\"425\\\",\\\"col5\\\":\\\"355\\\",\\\"col6\\\":\\\"8\\\",\\\"col7\\\":\\\"8\\\"}}}\",\"columns\":{\"col0\":{\"heading\":\"Diameter\",\"width\":\"\",\"align\":\"left\"},\"col1\":{\"heading\":\"A\",\"width\":\"\",\"align\":\"left\"},\"col2\":{\"heading\":\"A\",\"width\":\"\",\"align\":\"left\"},\"col3\":{\"heading\":\"A\",\"width\":\"\",\"align\":\"left\"},\"col4\":{\"heading\":\"B\",\"width\":\"\",\"align\":\"left\"},\"col5\":{\"heading\":\"C\",\"width\":\"\",\"align\":\"left\"},\"col6\":{\"heading\":\"D\",\"width\":\"\",\"align\":\"left\"},\"col7\":{\"heading\":\"E\",\"width\":\"\",\"align\":\"left\"}},\"rows\":{\"row0\":{\"col0\":\"250\",\"col1\":\"250\",\"col2\":\"375\",\"col3\":\"500\",\"col4\":\"350\",\"col5\":\"294\",\"col6\":\"8\",\"col7\":\"8\"},\"row1\":{\"col0\":\"315\",\"col1\":\"315\",\"col2\":\"472\",\"col3\":\"630\",\"col4\":\"425\",\"col5\":\"355\",\"col6\":\"8\",\"col7\":\"8\"}}}},\"137\":{\"type\":\"itemTechnicalDrawing\",\"enabled\":\"1\",\"fields\":{\"itemDrawing\":[\"125\"]}},\"138\":{\"type\":\"itemSupportingPhoto\",\"enabled\":\"1\",\"fields\":{\"itemSupportingPhoto\":\"\"}}}}}', '2017-07-25 16:11:10', '2017-07-25 16:11:10', 'e6de146c-184a-4244-ad58-1bde7821abd5'),
 ('169', '119', '3', '1', 'en', '15', '', '{\"typeId\":\"8\",\"authorId\":\"1\",\"title\":\"Silencers\",\"slug\":\"silencers\",\"postDate\":1500976320,\"expiryDate\":null,\"enabled\":1,\"parentId\":\"108\",\"fields\":{\"35\":{\"135\":{\"type\":\"ancilliaryItemText\",\"enabled\":\"1\",\"fields\":{\"itemText\":\"<p>sssIn both commercial and industrial applications the use of duct mounted silencers to reduce noise emission from fans is become more commonplace as increasing legislation calls for better and more comfortable working environments.<\\/p>\\r\\n<p>At Victoria Industrial Fans we have a special acoustic service whereby engineers and consultants can call upon our expertise in selecting the correct method of acoustic treatment to give guaranteed noise levels in hospitals, offices, factories, etc.&nbsp; Simply call our office for more details.<\\/p>\\r\\n<p>Quite the most commonly used silencers are what is known as CYLINDRICAL (STT) and POD (STP) type silencers.&nbsp; The tabulation shows the pressure losses*<\\/p>\\r\\n<p>The length of the silencer is a function of its diameter i.e. 1 x diameter long or 2 x diameter long.&nbsp; Obviously the longer the attenuator the greater the pressure drop and the greater the acoustic performance.<br><\\/p>\\r\\n<p>POD type silencers give better attenuation that CYLINDRICAL type silencers.<\\/p>\"}},\"137\":{\"type\":\"itemTechnicalDrawing\",\"enabled\":\"1\",\"fields\":{\"itemDrawing\":[\"125\"]}},\"136\":{\"type\":\"itemDataTable\",\"enabled\":\"1\",\"fields\":{\"dataTable\":\"{\\\"columns\\\":{\\\"col0\\\":{\\\"heading\\\":\\\"Diameter\\\",\\\"width\\\":\\\"\\\",\\\"align\\\":\\\"left\\\"},\\\"col1\\\":{\\\"heading\\\":\\\"A\\\",\\\"width\\\":\\\"\\\",\\\"align\\\":\\\"left\\\"},\\\"col2\\\":{\\\"heading\\\":\\\"A\\\",\\\"width\\\":\\\"\\\",\\\"align\\\":\\\"left\\\"},\\\"col3\\\":{\\\"heading\\\":\\\"A\\\",\\\"width\\\":\\\"\\\",\\\"align\\\":\\\"left\\\"},\\\"col4\\\":{\\\"heading\\\":\\\"B\\\",\\\"width\\\":\\\"\\\",\\\"align\\\":\\\"left\\\"},\\\"col5\\\":{\\\"heading\\\":\\\"C\\\",\\\"width\\\":\\\"\\\",\\\"align\\\":\\\"left\\\"},\\\"col6\\\":{\\\"heading\\\":\\\"D\\\",\\\"width\\\":\\\"\\\",\\\"align\\\":\\\"left\\\"},\\\"col7\\\":{\\\"heading\\\":\\\"E\\\",\\\"width\\\":\\\"\\\",\\\"align\\\":\\\"left\\\"}},\\\"rows\\\":{\\\"row0\\\":{\\\"col0\\\":\\\"250\\\",\\\"col1\\\":\\\"250\\\",\\\"col2\\\":\\\"375\\\",\\\"col3\\\":\\\"500\\\",\\\"col4\\\":\\\"350\\\",\\\"col5\\\":\\\"294\\\",\\\"col6\\\":\\\"8\\\",\\\"col7\\\":\\\"8\\\"},\\\"row1\\\":{\\\"col0\\\":\\\"315\\\",\\\"col1\\\":\\\"315\\\",\\\"col2\\\":\\\"472\\\",\\\"col3\\\":\\\"630\\\",\\\"col4\\\":\\\"425\\\",\\\"col5\\\":\\\"355\\\",\\\"col6\\\":\\\"8\\\",\\\"col7\\\":\\\"8\\\"}}}\",\"columns\":{\"col0\":{\"heading\":\"Diameter\",\"width\":\"\",\"align\":\"left\"},\"col1\":{\"heading\":\"A\",\"width\":\"\",\"align\":\"left\"},\"col2\":{\"heading\":\"A\",\"width\":\"\",\"align\":\"left\"},\"col3\":{\"heading\":\"A\",\"width\":\"\",\"align\":\"left\"},\"col4\":{\"heading\":\"B\",\"width\":\"\",\"align\":\"left\"},\"col5\":{\"heading\":\"C\",\"width\":\"\",\"align\":\"left\"},\"col6\":{\"heading\":\"D\",\"width\":\"\",\"align\":\"left\"},\"col7\":{\"heading\":\"E\",\"width\":\"\",\"align\":\"left\"}},\"rows\":{\"row0\":{\"col0\":\"250\",\"col1\":\"250\",\"col2\":\"375\",\"col3\":\"500\",\"col4\":\"350\",\"col5\":\"294\",\"col6\":\"8\",\"col7\":\"8\"},\"row1\":{\"col0\":\"315\",\"col1\":\"315\",\"col2\":\"472\",\"col3\":\"630\",\"col4\":\"425\",\"col5\":\"355\",\"col6\":\"8\",\"col7\":\"8\"}}}},\"138\":{\"type\":\"itemSupportingPhoto\",\"enabled\":\"1\",\"fields\":{\"itemSupportingPhoto\":\"\"}}}}}', '2017-07-25 16:11:39', '2017-07-25 16:11:39', '615ee44a-de48-48c7-a031-cdcc28f3ff32'),
 ('170', '28', '3', '1', 'en', '8', '', '{\"typeId\":\"4\",\"authorId\":\"1\",\"title\":\"Man Cooler Axial\",\"slug\":\"man-cooler-axial-flow-fans\",\"postDate\":1488211800,\"expiryDate\":null,\"enabled\":1,\"parentId\":\"17\",\"fields\":{\"21\":{\"130\":{\"type\":\"4\",\"fields\":{\"dataTable\":\"{\\\"columns\\\":{\\\"col0\\\":{\\\"heading\\\":\\\"Fan Size\\\",\\\"width\\\":\\\"\\\",\\\"align\\\":\\\"left\\\"},\\\"col1\\\":{\\\"heading\\\":\\\"A\\\",\\\"width\\\":\\\"\\\",\\\"align\\\":\\\"left\\\"},\\\"col2\\\":{\\\"heading\\\":\\\"B\\\",\\\"width\\\":\\\"\\\",\\\"align\\\":\\\"left\\\"},\\\"col3\\\":{\\\"heading\\\":\\\"C\\\",\\\"width\\\":\\\"\\\",\\\"align\\\":\\\"left\\\"},\\\"col4\\\":{\\\"heading\\\":\\\"D\\\",\\\"width\\\":\\\"\\\",\\\"align\\\":\\\"left\\\"},\\\"col5\\\":{\\\"heading\\\":\\\"E\\\",\\\"width\\\":\\\"\\\",\\\"align\\\":\\\"left\\\"},\\\"col6\\\":{\\\"heading\\\":\\\"F\\\",\\\"width\\\":\\\"\\\",\\\"align\\\":\\\"left\\\"},\\\"col7\\\":{\\\"heading\\\":\\\"G\\\",\\\"width\\\":\\\"\\\",\\\"align\\\":\\\"left\\\"}},\\\"rows\\\":{\\\"row0\\\":{\\\"col0\\\":\\\"250\\\",\\\"col1\\\":\\\"250\\\",\\\"col2\\\":\\\"334\\\",\\\"col3\\\":\\\"300\\\",\\\"col4\\\":\\\"8\\\",\\\"col5\\\":\\\"10\\\",\\\"col6\\\":\\\"294\\\",\\\"col7\\\":\\\"300\\\"},\\\"row1\\\":{\\\"col0\\\":\\\"315\\\",\\\"col1\\\":\\\"315\\\",\\\"col2\\\":\\\"378\\\",\\\"col3\\\":\\\"320\\\",\\\"col4\\\":\\\"8\\\",\\\"col5\\\":\\\"10\\\",\\\"col6\\\":\\\"355\\\",\\\"col7\\\":\\\"320\\\"},\\\"row2\\\":{\\\"col0\\\":\\\"400\\\",\\\"col1\\\":\\\"400\\\",\\\"col2\\\":\\\"484\\\",\\\"col3\\\":\\\"400\\\",\\\"col4\\\":\\\"8\\\",\\\"col5\\\":\\\"12\\\",\\\"col6\\\":\\\"444\\\",\\\"col7\\\":\\\"400\\\"},\\\"row3\\\":{\\\"col0\\\":\\\"450\\\",\\\"col1\\\":\\\"450\\\",\\\"col2\\\":\\\"534\\\",\\\"col3\\\":\\\"430\\\",\\\"col4\\\":\\\"8\\\",\\\"col5\\\":\\\"12\\\",\\\"col6\\\":\\\"494\\\",\\\"col7\\\":\\\"430\\\"},\\\"row4\\\":{\\\"col0\\\":\\\"500\\\",\\\"col1\\\":\\\"500\\\",\\\"col2\\\":\\\"584\\\",\\\"col3\\\":\\\"430\\\",\\\"col4\\\":\\\"8\\\",\\\"col5\\\":\\\"12\\\",\\\"col6\\\":\\\"544\\\",\\\"col7\\\":\\\"430\\\"},\\\"row5\\\":{\\\"col0\\\":\\\"560\\\",\\\"col1\\\":\\\"560\\\",\\\"col2\\\":\\\"644\\\",\\\"col3\\\":\\\"500\\\",\\\"col4\\\":\\\"12\\\",\\\"col5\\\":\\\"12\\\",\\\"col6\\\":\\\"604\\\",\\\"col7\\\":\\\"500\\\"},\\\"row6\\\":{\\\"col0\\\":\\\"630\\\",\\\"col1\\\":\\\"630\\\",\\\"col2\\\":\\\"714\\\",\\\"col3\\\":\\\"500\\\",\\\"col4\\\":\\\"12\\\",\\\"col5\\\":\\\"12\\\",\\\"col6\\\":\\\"674\\\",\\\"col7\\\":\\\"500\\\"},\\\"row7\\\":{\\\"col0\\\":\\\"710\\\",\\\"col1\\\":\\\"710\\\",\\\"col2\\\":\\\"794\\\",\\\"col3\\\":\\\"520\\\",\\\"col4\\\":\\\"12\\\",\\\"col5\\\":\\\"12\\\",\\\"col6\\\":\\\"754\\\",\\\"col7\\\":\\\"520\\\"},\\\"row8\\\":{\\\"col0\\\":\\\"800\\\",\\\"col1\\\":\\\"800\\\",\\\"col2\\\":\\\"908\\\",\\\"col3\\\":\\\"650\\\",\\\"col4\\\":\\\"12\\\",\\\"col5\\\":\\\"14\\\",\\\"col6\\\":\\\"858\\\",\\\"col7\\\":\\\"650\\\"},\\\"row9\\\":{\\\"col0\\\":\\\"900\\\",\\\"col1\\\":\\\"900\\\",\\\"col2\\\":\\\"1033\\\",\\\"col3\\\":\\\"700\\\",\\\"col4\\\":\\\"16\\\",\\\"col5\\\":\\\"18\\\",\\\"col6\\\":\\\"980\\\",\\\"col7\\\":\\\"700\\\"},\\\"row10\\\":{\\\"col0\\\":\\\"1000\\\",\\\"col1\\\":\\\"1000\\\",\\\"col2\\\":\\\"1133\\\",\\\"col3\\\":\\\"900\\\",\\\"col4\\\":\\\"16\\\",\\\"col5\\\":\\\"18\\\",\\\"col6\\\":\\\"1080\\\",\\\"col7\\\":\\\"900\\\"}}}\",\"columns\":{\"col0\":{\"heading\":\"Fan Size\",\"width\":\"\",\"align\":\"left\"},\"col1\":{\"heading\":\"A\",\"width\":\"\",\"align\":\"left\"},\"col2\":{\"heading\":\"B\",\"width\":\"\",\"align\":\"left\"},\"col3\":{\"heading\":\"C\",\"width\":\"\",\"align\":\"left\"},\"col4\":{\"heading\":\"D\",\"width\":\"\",\"align\":\"left\"},\"col5\":{\"heading\":\"E\",\"width\":\"\",\"align\":\"left\"},\"col6\":{\"heading\":\"F\",\"width\":\"\",\"align\":\"left\"},\"col7\":{\"heading\":\"G\",\"width\":\"\",\"align\":\"left\"}},\"rows\":{\"row0\":{\"col0\":\"250\",\"col1\":\"250\",\"col2\":\"334\",\"col3\":\"300\",\"col4\":\"8\",\"col5\":\"10\",\"col6\":\"294\",\"col7\":\"300\"},\"row1\":{\"col0\":\"315\",\"col1\":\"315\",\"col2\":\"378\",\"col3\":\"320\",\"col4\":\"8\",\"col5\":\"10\",\"col6\":\"355\",\"col7\":\"320\"},\"row2\":{\"col0\":\"400\",\"col1\":\"400\",\"col2\":\"484\",\"col3\":\"400\",\"col4\":\"8\",\"col5\":\"12\",\"col6\":\"444\",\"col7\":\"400\"},\"row3\":{\"col0\":\"450\",\"col1\":\"450\",\"col2\":\"534\",\"col3\":\"430\",\"col4\":\"8\",\"col5\":\"12\",\"col6\":\"494\",\"col7\":\"430\"},\"row4\":{\"col0\":\"500\",\"col1\":\"500\",\"col2\":\"584\",\"col3\":\"430\",\"col4\":\"8\",\"col5\":\"12\",\"col6\":\"544\",\"col7\":\"430\"},\"row5\":{\"col0\":\"560\",\"col1\":\"560\",\"col2\":\"644\",\"col3\":\"500\",\"col4\":\"12\",\"col5\":\"12\",\"col6\":\"604\",\"col7\":\"500\"},\"row6\":{\"col0\":\"630\",\"col1\":\"630\",\"col2\":\"714\",\"col3\":\"500\",\"col4\":\"12\",\"col5\":\"12\",\"col6\":\"674\",\"col7\":\"500\"},\"row7\":{\"col0\":\"710\",\"col1\":\"710\",\"col2\":\"794\",\"col3\":\"520\",\"col4\":\"12\",\"col5\":\"12\",\"col6\":\"754\",\"col7\":\"520\"},\"row8\":{\"col0\":\"800\",\"col1\":\"800\",\"col2\":\"908\",\"col3\":\"650\",\"col4\":\"12\",\"col5\":\"14\",\"col6\":\"858\",\"col7\":\"650\"},\"row9\":{\"col0\":\"900\",\"col1\":\"900\",\"col2\":\"1033\",\"col3\":\"700\",\"col4\":\"16\",\"col5\":\"18\",\"col6\":\"980\",\"col7\":\"700\"},\"row10\":{\"col0\":\"1000\",\"col1\":\"1000\",\"col2\":\"1133\",\"col3\":\"900\",\"col4\":\"16\",\"col5\":\"18\",\"col6\":\"1080\",\"col7\":\"900\"}}}}},\"19\":\"\",\"48\":\"\",\"49\":\"\",\"50\":\"\",\"51\":\"\",\"52\":\"\",\"53\":\"\",\"3\":\"<p>This range of fans are used to provide ventilation in factories or confined spaces where a fixed installation would not provide enough flexibility. &nbsp;These fans are useful in welding and paint fume exhausts, grain and hay drying, brick cooling, steel billet cooling and ships hold ventilation. Flexible or canvas hose can be fitted to the inlet of the fan to give \'point\' extract from remote locations.<\\/p>\",\"4\":{\"new1\":{\"type\":\"1\",\"fields\":{\"fd_St_Header\":\"Construction\",\"fd_st_text\":\"<p>The standard construction comprises mild steel fan body and swivel base with polypropylene or aluminium impeller & galvanised finish. &nbsp;An external terminal box is fitted to the outside of the casing for ease of connection onsite. &nbsp;The fans are supplied with inlet and outlet guards.<\\/p>\"}}},\"25\":\"\",\"7\":\"\"}}', '2017-07-26 10:23:03', '2017-07-26 10:23:03', 'ab2e25a0-a5ed-4939-93af-bb0d0e5778ca'),
 ('171', '28', '3', '1', 'en', '9', '', '{\"typeId\":\"4\",\"authorId\":\"1\",\"title\":\"Man Cooler Axial\",\"slug\":\"man-cooler-axial-flow-fans\",\"postDate\":1488211800,\"expiryDate\":null,\"enabled\":1,\"parentId\":\"17\",\"fields\":{\"21\":{\"130\":{\"type\":\"4\",\"fields\":{\"dataTable\":\"{\\\"columns\\\":{\\\"col0\\\":{\\\"heading\\\":\\\"Fan Size\\\",\\\"width\\\":\\\"\\\",\\\"align\\\":\\\"left\\\"},\\\"col1\\\":{\\\"heading\\\":\\\"A\\\",\\\"width\\\":\\\"\\\",\\\"align\\\":\\\"left\\\"},\\\"col2\\\":{\\\"heading\\\":\\\"B\\\",\\\"width\\\":\\\"\\\",\\\"align\\\":\\\"left\\\"},\\\"col3\\\":{\\\"heading\\\":\\\"C\\\",\\\"width\\\":\\\"\\\",\\\"align\\\":\\\"left\\\"},\\\"col4\\\":{\\\"heading\\\":\\\"D\\\",\\\"width\\\":\\\"\\\",\\\"align\\\":\\\"left\\\"},\\\"col5\\\":{\\\"heading\\\":\\\"E\\\",\\\"width\\\":\\\"\\\",\\\"align\\\":\\\"left\\\"},\\\"col6\\\":{\\\"heading\\\":\\\"F\\\",\\\"width\\\":\\\"\\\",\\\"align\\\":\\\"left\\\"},\\\"col7\\\":{\\\"heading\\\":\\\"G\\\",\\\"width\\\":\\\"\\\",\\\"align\\\":\\\"left\\\"}},\\\"rows\\\":{\\\"row0\\\":{\\\"col0\\\":\\\"250\\\",\\\"col1\\\":\\\"250\\\",\\\"col2\\\":\\\"334\\\",\\\"col3\\\":\\\"300\\\",\\\"col4\\\":\\\"8\\\",\\\"col5\\\":\\\"10\\\",\\\"col6\\\":\\\"294\\\",\\\"col7\\\":\\\"300\\\"},\\\"row1\\\":{\\\"col0\\\":\\\"315\\\",\\\"col1\\\":\\\"315\\\",\\\"col2\\\":\\\"378\\\",\\\"col3\\\":\\\"320\\\",\\\"col4\\\":\\\"8\\\",\\\"col5\\\":\\\"10\\\",\\\"col6\\\":\\\"355\\\",\\\"col7\\\":\\\"320\\\"},\\\"row2\\\":{\\\"col0\\\":\\\"400\\\",\\\"col1\\\":\\\"400\\\",\\\"col2\\\":\\\"484\\\",\\\"col3\\\":\\\"400\\\",\\\"col4\\\":\\\"8\\\",\\\"col5\\\":\\\"12\\\",\\\"col6\\\":\\\"444\\\",\\\"col7\\\":\\\"400\\\"},\\\"row3\\\":{\\\"col0\\\":\\\"450\\\",\\\"col1\\\":\\\"450\\\",\\\"col2\\\":\\\"534\\\",\\\"col3\\\":\\\"430\\\",\\\"col4\\\":\\\"8\\\",\\\"col5\\\":\\\"12\\\",\\\"col6\\\":\\\"494\\\",\\\"col7\\\":\\\"430\\\"},\\\"row4\\\":{\\\"col0\\\":\\\"500\\\",\\\"col1\\\":\\\"500\\\",\\\"col2\\\":\\\"584\\\",\\\"col3\\\":\\\"430\\\",\\\"col4\\\":\\\"8\\\",\\\"col5\\\":\\\"12\\\",\\\"col6\\\":\\\"544\\\",\\\"col7\\\":\\\"430\\\"},\\\"row5\\\":{\\\"col0\\\":\\\"560\\\",\\\"col1\\\":\\\"560\\\",\\\"col2\\\":\\\"644\\\",\\\"col3\\\":\\\"500\\\",\\\"col4\\\":\\\"12\\\",\\\"col5\\\":\\\"12\\\",\\\"col6\\\":\\\"604\\\",\\\"col7\\\":\\\"500\\\"},\\\"row6\\\":{\\\"col0\\\":\\\"630\\\",\\\"col1\\\":\\\"630\\\",\\\"col2\\\":\\\"714\\\",\\\"col3\\\":\\\"500\\\",\\\"col4\\\":\\\"12\\\",\\\"col5\\\":\\\"12\\\",\\\"col6\\\":\\\"674\\\",\\\"col7\\\":\\\"500\\\"},\\\"row7\\\":{\\\"col0\\\":\\\"710\\\",\\\"col1\\\":\\\"710\\\",\\\"col2\\\":\\\"794\\\",\\\"col3\\\":\\\"520\\\",\\\"col4\\\":\\\"12\\\",\\\"col5\\\":\\\"12\\\",\\\"col6\\\":\\\"754\\\",\\\"col7\\\":\\\"520\\\"},\\\"row8\\\":{\\\"col0\\\":\\\"800\\\",\\\"col1\\\":\\\"800\\\",\\\"col2\\\":\\\"908\\\",\\\"col3\\\":\\\"650\\\",\\\"col4\\\":\\\"12\\\",\\\"col5\\\":\\\"14\\\",\\\"col6\\\":\\\"858\\\",\\\"col7\\\":\\\"650\\\"},\\\"row9\\\":{\\\"col0\\\":\\\"900\\\",\\\"col1\\\":\\\"900\\\",\\\"col2\\\":\\\"1033\\\",\\\"col3\\\":\\\"700\\\",\\\"col4\\\":\\\"16\\\",\\\"col5\\\":\\\"18\\\",\\\"col6\\\":\\\"980\\\",\\\"col7\\\":\\\"700\\\"},\\\"row10\\\":{\\\"col0\\\":\\\"1000\\\",\\\"col1\\\":\\\"1000\\\",\\\"col2\\\":\\\"1133\\\",\\\"col3\\\":\\\"900\\\",\\\"col4\\\":\\\"16\\\",\\\"col5\\\":\\\"18\\\",\\\"col6\\\":\\\"1080\\\",\\\"col7\\\":\\\"900\\\"}}}\",\"columns\":{\"col0\":{\"heading\":\"Fan Size\",\"width\":\"\",\"align\":\"left\"},\"col1\":{\"heading\":\"A\",\"width\":\"\",\"align\":\"left\"},\"col2\":{\"heading\":\"B\",\"width\":\"\",\"align\":\"left\"},\"col3\":{\"heading\":\"C\",\"width\":\"\",\"align\":\"left\"},\"col4\":{\"heading\":\"D\",\"width\":\"\",\"align\":\"left\"},\"col5\":{\"heading\":\"E\",\"width\":\"\",\"align\":\"left\"},\"col6\":{\"heading\":\"F\",\"width\":\"\",\"align\":\"left\"},\"col7\":{\"heading\":\"G\",\"width\":\"\",\"align\":\"left\"}},\"rows\":{\"row0\":{\"col0\":\"250\",\"col1\":\"250\",\"col2\":\"334\",\"col3\":\"300\",\"col4\":\"8\",\"col5\":\"10\",\"col6\":\"294\",\"col7\":\"300\"},\"row1\":{\"col0\":\"315\",\"col1\":\"315\",\"col2\":\"378\",\"col3\":\"320\",\"col4\":\"8\",\"col5\":\"10\",\"col6\":\"355\",\"col7\":\"320\"},\"row2\":{\"col0\":\"400\",\"col1\":\"400\",\"col2\":\"484\",\"col3\":\"400\",\"col4\":\"8\",\"col5\":\"12\",\"col6\":\"444\",\"col7\":\"400\"},\"row3\":{\"col0\":\"450\",\"col1\":\"450\",\"col2\":\"534\",\"col3\":\"430\",\"col4\":\"8\",\"col5\":\"12\",\"col6\":\"494\",\"col7\":\"430\"},\"row4\":{\"col0\":\"500\",\"col1\":\"500\",\"col2\":\"584\",\"col3\":\"430\",\"col4\":\"8\",\"col5\":\"12\",\"col6\":\"544\",\"col7\":\"430\"},\"row5\":{\"col0\":\"560\",\"col1\":\"560\",\"col2\":\"644\",\"col3\":\"500\",\"col4\":\"12\",\"col5\":\"12\",\"col6\":\"604\",\"col7\":\"500\"},\"row6\":{\"col0\":\"630\",\"col1\":\"630\",\"col2\":\"714\",\"col3\":\"500\",\"col4\":\"12\",\"col5\":\"12\",\"col6\":\"674\",\"col7\":\"500\"},\"row7\":{\"col0\":\"710\",\"col1\":\"710\",\"col2\":\"794\",\"col3\":\"520\",\"col4\":\"12\",\"col5\":\"12\",\"col6\":\"754\",\"col7\":\"520\"},\"row8\":{\"col0\":\"800\",\"col1\":\"800\",\"col2\":\"908\",\"col3\":\"650\",\"col4\":\"12\",\"col5\":\"14\",\"col6\":\"858\",\"col7\":\"650\"},\"row9\":{\"col0\":\"900\",\"col1\":\"900\",\"col2\":\"1033\",\"col3\":\"700\",\"col4\":\"16\",\"col5\":\"18\",\"col6\":\"980\",\"col7\":\"700\"},\"row10\":{\"col0\":\"1000\",\"col1\":\"1000\",\"col2\":\"1133\",\"col3\":\"900\",\"col4\":\"16\",\"col5\":\"18\",\"col6\":\"1080\",\"col7\":\"900\"}}}}},\"19\":\"\",\"48\":\"\",\"49\":\"\",\"50\":\"\",\"51\":\"\",\"52\":\"\",\"53\":\"\",\"3\":\"<p>This range of fans are used to provide ventilation in factories or confined spaces where a fixed installation would not provide enough flexibility. &nbsp;These fans are useful in welding and paint fume exhausts, grain and hay drying, brick cooling, steel billet cooling and ships hold ventilation. Flexible or canvas hose can be fitted to the inlet of the fan to give \'point\' extract from remote locations.<\\/p>\",\"4\":{\"139\":{\"type\":\"1\",\"fields\":{\"fd_St_Header\":\"Construction\",\"fd_st_text\":\"<p>The standard construction comprises mild steel fan body and swivel base with polypropylene or aluminium impeller & galvanised finish. &nbsp;An external terminal box is fitted to the outside of the casing for ease of connection onsite. &nbsp;The fans are supplied with inlet and outlet guards.<\\/p>\"}},\"new1\":{\"type\":\"1\",\"fields\":{\"fd_St_Header\":\"Motors\",\"fd_st_text\":\"<p>Up to size 50cm, the fans can be fitted with single or three phase electric motors, thereafter they are normally fitted with three phase motors only.<\\/p><p>For the Petro-Chemical and other hazardous industries, the fans can be fitted with EExd Zone 1 or Zone 2 Motors.<\\/p>\"}},\"new2\":{\"type\":\"1\",\"fields\":{\"fd_St_Header\":\"Extras - If required\",\"fd_st_text\":\"<p>2 Speed Motors, Pre-wired starters, Epoxy Coating, Fixed or free casters and special voltages.<\\/p>\"}}},\"25\":\"\",\"7\":\"\"}}', '2017-07-26 10:26:09', '2017-07-26 10:26:09', '0b016dc6-244e-4341-8e80-1184134f3443'),
 ('172', '28', '3', '1', 'en', '10', '', '{\"typeId\":\"4\",\"authorId\":\"1\",\"title\":\"Man Cooler Axial\",\"slug\":\"man-cooler-axial-flow-fans\",\"postDate\":1488211800,\"expiryDate\":null,\"enabled\":1,\"parentId\":\"17\",\"fields\":{\"21\":{\"130\":{\"type\":\"4\",\"fields\":{\"dataTable\":\"{\\\"columns\\\":{\\\"col0\\\":{\\\"heading\\\":\\\"Fan Size\\\",\\\"width\\\":\\\"\\\",\\\"align\\\":\\\"left\\\"},\\\"col1\\\":{\\\"heading\\\":\\\"A\\\",\\\"width\\\":\\\"\\\",\\\"align\\\":\\\"left\\\"},\\\"col2\\\":{\\\"heading\\\":\\\"B\\\",\\\"width\\\":\\\"\\\",\\\"align\\\":\\\"left\\\"},\\\"col3\\\":{\\\"heading\\\":\\\"C\\\",\\\"width\\\":\\\"\\\",\\\"align\\\":\\\"left\\\"},\\\"col4\\\":{\\\"heading\\\":\\\"D\\\",\\\"width\\\":\\\"\\\",\\\"align\\\":\\\"left\\\"},\\\"col5\\\":{\\\"heading\\\":\\\"E\\\",\\\"width\\\":\\\"\\\",\\\"align\\\":\\\"left\\\"},\\\"col6\\\":{\\\"heading\\\":\\\"F\\\",\\\"width\\\":\\\"\\\",\\\"align\\\":\\\"left\\\"},\\\"col7\\\":{\\\"heading\\\":\\\"G\\\",\\\"width\\\":\\\"\\\",\\\"align\\\":\\\"left\\\"}},\\\"rows\\\":{\\\"row0\\\":{\\\"col0\\\":\\\"250\\\",\\\"col1\\\":\\\"250\\\",\\\"col2\\\":\\\"334\\\",\\\"col3\\\":\\\"300\\\",\\\"col4\\\":\\\"8\\\",\\\"col5\\\":\\\"10\\\",\\\"col6\\\":\\\"294\\\",\\\"col7\\\":\\\"300\\\"},\\\"row1\\\":{\\\"col0\\\":\\\"315\\\",\\\"col1\\\":\\\"315\\\",\\\"col2\\\":\\\"378\\\",\\\"col3\\\":\\\"320\\\",\\\"col4\\\":\\\"8\\\",\\\"col5\\\":\\\"10\\\",\\\"col6\\\":\\\"355\\\",\\\"col7\\\":\\\"320\\\"},\\\"row2\\\":{\\\"col0\\\":\\\"400\\\",\\\"col1\\\":\\\"400\\\",\\\"col2\\\":\\\"484\\\",\\\"col3\\\":\\\"400\\\",\\\"col4\\\":\\\"8\\\",\\\"col5\\\":\\\"12\\\",\\\"col6\\\":\\\"444\\\",\\\"col7\\\":\\\"400\\\"},\\\"row3\\\":{\\\"col0\\\":\\\"450\\\",\\\"col1\\\":\\\"450\\\",\\\"col2\\\":\\\"534\\\",\\\"col3\\\":\\\"430\\\",\\\"col4\\\":\\\"8\\\",\\\"col5\\\":\\\"12\\\",\\\"col6\\\":\\\"494\\\",\\\"col7\\\":\\\"430\\\"},\\\"row4\\\":{\\\"col0\\\":\\\"500\\\",\\\"col1\\\":\\\"500\\\",\\\"col2\\\":\\\"584\\\",\\\"col3\\\":\\\"430\\\",\\\"col4\\\":\\\"8\\\",\\\"col5\\\":\\\"12\\\",\\\"col6\\\":\\\"544\\\",\\\"col7\\\":\\\"430\\\"},\\\"row5\\\":{\\\"col0\\\":\\\"560\\\",\\\"col1\\\":\\\"560\\\",\\\"col2\\\":\\\"644\\\",\\\"col3\\\":\\\"500\\\",\\\"col4\\\":\\\"12\\\",\\\"col5\\\":\\\"12\\\",\\\"col6\\\":\\\"604\\\",\\\"col7\\\":\\\"500\\\"},\\\"row6\\\":{\\\"col0\\\":\\\"630\\\",\\\"col1\\\":\\\"630\\\",\\\"col2\\\":\\\"714\\\",\\\"col3\\\":\\\"500\\\",\\\"col4\\\":\\\"12\\\",\\\"col5\\\":\\\"12\\\",\\\"col6\\\":\\\"674\\\",\\\"col7\\\":\\\"500\\\"},\\\"row7\\\":{\\\"col0\\\":\\\"710\\\",\\\"col1\\\":\\\"710\\\",\\\"col2\\\":\\\"794\\\",\\\"col3\\\":\\\"520\\\",\\\"col4\\\":\\\"12\\\",\\\"col5\\\":\\\"12\\\",\\\"col6\\\":\\\"754\\\",\\\"col7\\\":\\\"520\\\"},\\\"row8\\\":{\\\"col0\\\":\\\"800\\\",\\\"col1\\\":\\\"800\\\",\\\"col2\\\":\\\"908\\\",\\\"col3\\\":\\\"650\\\",\\\"col4\\\":\\\"12\\\",\\\"col5\\\":\\\"14\\\",\\\"col6\\\":\\\"858\\\",\\\"col7\\\":\\\"650\\\"},\\\"row9\\\":{\\\"col0\\\":\\\"900\\\",\\\"col1\\\":\\\"900\\\",\\\"col2\\\":\\\"1033\\\",\\\"col3\\\":\\\"700\\\",\\\"col4\\\":\\\"16\\\",\\\"col5\\\":\\\"18\\\",\\\"col6\\\":\\\"980\\\",\\\"col7\\\":\\\"700\\\"},\\\"row10\\\":{\\\"col0\\\":\\\"1000\\\",\\\"col1\\\":\\\"1000\\\",\\\"col2\\\":\\\"1133\\\",\\\"col3\\\":\\\"900\\\",\\\"col4\\\":\\\"16\\\",\\\"col5\\\":\\\"18\\\",\\\"col6\\\":\\\"1080\\\",\\\"col7\\\":\\\"900\\\"}}}\",\"columns\":{\"col0\":{\"heading\":\"Fan Size\",\"width\":\"\",\"align\":\"left\"},\"col1\":{\"heading\":\"A\",\"width\":\"\",\"align\":\"left\"},\"col2\":{\"heading\":\"B\",\"width\":\"\",\"align\":\"left\"},\"col3\":{\"heading\":\"C\",\"width\":\"\",\"align\":\"left\"},\"col4\":{\"heading\":\"D\",\"width\":\"\",\"align\":\"left\"},\"col5\":{\"heading\":\"E\",\"width\":\"\",\"align\":\"left\"},\"col6\":{\"heading\":\"F\",\"width\":\"\",\"align\":\"left\"},\"col7\":{\"heading\":\"G\",\"width\":\"\",\"align\":\"left\"}},\"rows\":{\"row0\":{\"col0\":\"250\",\"col1\":\"250\",\"col2\":\"334\",\"col3\":\"300\",\"col4\":\"8\",\"col5\":\"10\",\"col6\":\"294\",\"col7\":\"300\"},\"row1\":{\"col0\":\"315\",\"col1\":\"315\",\"col2\":\"378\",\"col3\":\"320\",\"col4\":\"8\",\"col5\":\"10\",\"col6\":\"355\",\"col7\":\"320\"},\"row2\":{\"col0\":\"400\",\"col1\":\"400\",\"col2\":\"484\",\"col3\":\"400\",\"col4\":\"8\",\"col5\":\"12\",\"col6\":\"444\",\"col7\":\"400\"},\"row3\":{\"col0\":\"450\",\"col1\":\"450\",\"col2\":\"534\",\"col3\":\"430\",\"col4\":\"8\",\"col5\":\"12\",\"col6\":\"494\",\"col7\":\"430\"},\"row4\":{\"col0\":\"500\",\"col1\":\"500\",\"col2\":\"584\",\"col3\":\"430\",\"col4\":\"8\",\"col5\":\"12\",\"col6\":\"544\",\"col7\":\"430\"},\"row5\":{\"col0\":\"560\",\"col1\":\"560\",\"col2\":\"644\",\"col3\":\"500\",\"col4\":\"12\",\"col5\":\"12\",\"col6\":\"604\",\"col7\":\"500\"},\"row6\":{\"col0\":\"630\",\"col1\":\"630\",\"col2\":\"714\",\"col3\":\"500\",\"col4\":\"12\",\"col5\":\"12\",\"col6\":\"674\",\"col7\":\"500\"},\"row7\":{\"col0\":\"710\",\"col1\":\"710\",\"col2\":\"794\",\"col3\":\"520\",\"col4\":\"12\",\"col5\":\"12\",\"col6\":\"754\",\"col7\":\"520\"},\"row8\":{\"col0\":\"800\",\"col1\":\"800\",\"col2\":\"908\",\"col3\":\"650\",\"col4\":\"12\",\"col5\":\"14\",\"col6\":\"858\",\"col7\":\"650\"},\"row9\":{\"col0\":\"900\",\"col1\":\"900\",\"col2\":\"1033\",\"col3\":\"700\",\"col4\":\"16\",\"col5\":\"18\",\"col6\":\"980\",\"col7\":\"700\"},\"row10\":{\"col0\":\"1000\",\"col1\":\"1000\",\"col2\":\"1133\",\"col3\":\"900\",\"col4\":\"16\",\"col5\":\"18\",\"col6\":\"1080\",\"col7\":\"900\"}}}}},\"19\":\"\",\"48\":\"\",\"49\":\"\",\"50\":\"\",\"51\":\"\",\"52\":\"\",\"53\":\"\",\"3\":\"<p>This range of fans are used to provide ventilation in factories or confined spaces where a fixed installation would not provide enough flexibility. &nbsp;These fans are useful in welding and paint fume exhausts, grain and hay drying, brick cooling, steel billet cooling and ships hold ventilation. Flexible or canvas hose can be fitted to the inlet of the fan to give \'point\' extract from remote locations.<\\/p>\",\"4\":{\"139\":{\"type\":\"1\",\"fields\":{\"fd_St_Header\":\"Construction\",\"fd_st_text\":\"<p>The standard construction comprises mild steel fan body and swivel base with polypropylene or aluminium impeller & galvanised finish. &nbsp;An external terminal box is fitted to the outside of the casing for ease of connection onsite. &nbsp;The fans are supplied with inlet and outlet guards.<\\/p>\"}},\"140\":{\"type\":\"1\",\"fields\":{\"fd_St_Header\":\"Motors\",\"fd_st_text\":\"<p>Up to size 50cm, the fans can be fitted with single or three phase electric motors, thereafter they are normally fitted with three phase motors only.<\\/p>\\r\\n<p>For the Petro-Chemical and other hazardous industries, the fans can be fitted with EExd Zone 1 or Zone 2 Motors.<\\/p>\"}},\"141\":{\"type\":\"1\",\"fields\":{\"fd_St_Header\":\"Extras - If required\",\"fd_st_text\":\"<p>2 Speed Motors, Pre-wired starters, Epoxy Coating, Fixed or free casters and special voltages.<\\/p>\"}}},\"25\":\"\",\"7\":\"\"}}', '2017-07-26 10:26:24', '2017-07-26 10:26:24', 'daeac653-de05-49d5-a616-2acf2824767d');



DROP TABLE IF EXISTS `craft_fieldgroups`;


--
-- Schema for table `craft_fieldgroups`
--
CREATE TABLE `craft_fieldgroups` (
  `id` int(11) NOT NULL AUTO_INCREMENT,
  `name` varchar(255) COLLATE utf8_unicode_ci NOT NULL,
  `dateCreated` datetime NOT NULL,
  `dateUpdated` datetime NOT NULL,
  `uid` char(36) COLLATE utf8_unicode_ci NOT NULL DEFAULT '0',
  PRIMARY KEY (`id`),
  UNIQUE KEY `craft_fieldgroups_name_unq_idx` (`name`)
) ENGINE=InnoDB AUTO_INCREMENT=8 DEFAULT CHARSET=utf8 COLLATE=utf8_unicode_ci;

--
-- Data for table `craft_fieldgroups`
--

INSERT INTO `craft_fieldgroups` (`id`, `name`, `dateCreated`, `dateUpdated`, `uid`) VALUES
 ('1', 'Default', '2017-02-27 15:05:21', '2017-02-27 15:05:21', '974928bb-eb6a-4e46-8103-487ab15e4c66'),
 ('2', 'Product Information', '2017-02-27 15:25:36', '2017-02-27 15:25:50', '80829250-34bf-44e3-873e-30fd538a844e'),
 ('3', 'Individual Product', '2017-02-28 16:45:48', '2017-02-28 16:45:48', 'e5a1e701-feac-4d3f-b9d9-e8b7f67468fc'),
 ('4', 'Company Background', '2017-03-09 14:07:16', '2017-03-09 14:07:16', '9b094e3b-fb35-468c-9850-bad51e1f29e2'),
 ('5', 'Ancillaries', '2017-05-10 16:10:25', '2017-05-10 16:10:25', '4c149f8a-1ad7-4b97-ad15-006119f585aa'),
 ('6', 'Global SEO', '2017-07-24 14:28:34', '2017-07-24 14:28:34', 'c241c7b7-6cd0-4381-8fca-9904bd39ad77'),
 ('7', 'SEO', '2017-07-24 14:28:40', '2017-07-24 14:28:40', '6283093f-5a13-4c50-a2f5-c15b598b383d');



DROP TABLE IF EXISTS `craft_fieldlayoutfields`;


--
-- Schema for table `craft_fieldlayoutfields`
--
CREATE TABLE `craft_fieldlayoutfields` (
  `id` int(11) NOT NULL AUTO_INCREMENT,
  `layoutId` int(11) NOT NULL,
  `tabId` int(11) NOT NULL,
  `fieldId` int(11) NOT NULL,
  `required` tinyint(1) unsigned NOT NULL DEFAULT '0',
  `sortOrder` smallint(6) unsigned DEFAULT NULL,
  `dateCreated` datetime NOT NULL,
  `dateUpdated` datetime NOT NULL,
  `uid` char(36) COLLATE utf8_unicode_ci NOT NULL DEFAULT '0',
  PRIMARY KEY (`id`),
  UNIQUE KEY `craft_fieldlayoutfields_layoutId_fieldId_unq_idx` (`layoutId`,`fieldId`),
  KEY `craft_fieldlayoutfields_sortOrder_idx` (`sortOrder`),
  KEY `craft_fieldlayoutfields_tabId_fk` (`tabId`),
  KEY `craft_fieldlayoutfields_fieldId_fk` (`fieldId`)
) ENGINE=InnoDB AUTO_INCREMENT=191 DEFAULT CHARSET=utf8 COLLATE=utf8_unicode_ci;

--
-- Data for table `craft_fieldlayoutfields`
--

INSERT INTO `craft_fieldlayoutfields` (`id`, `layoutId`, `tabId`, `fieldId`, `required`, `sortOrder`, `dateCreated`, `dateUpdated`, `uid`) VALUES
 ('36', '26', '18', '5', '0', '1', '2017-02-28 10:39:36', '2017-02-28 10:39:36', 'ba84b37c-4153-4072-86b9-a94e6b2c68dc'),
 ('37', '26', '18', '6', '0', '2', '2017-02-28 10:39:36', '2017-02-28 10:39:36', '17250ab1-41af-41a4-af9e-7334c8f39c87'),
 ('58', '36', '26', '14', '0', '1', '2017-02-28 17:05:22', '2017-02-28 17:05:22', 'b63ef9f0-fd96-492d-b97d-dc0999b11877'),
 ('59', '36', '26', '15', '0', '2', '2017-02-28 17:05:22', '2017-02-28 17:05:22', 'a650d0eb-b998-42b9-aa05-5bbeabec9b1a'),
 ('71', '43', '31', '22', '0', '1', '2017-03-01 11:01:53', '2017-03-01 11:01:53', '81a079b6-7caf-4e7a-8538-63678be880b2'),
 ('102', '67', '43', '20', '0', '1', '2017-05-10 16:17:39', '2017-05-10 16:17:39', 'e216051e-5a91-4be7-bada-9d0a7c019af1'),
 ('103', '67', '43', '4', '0', '2', '2017-05-10 16:17:39', '2017-05-10 16:17:39', 'a4f31e71-125b-421e-9e23-726709d5e166'),
 ('104', '67', '43', '35', '0', '3', '2017-05-10 16:17:39', '2017-05-10 16:17:39', '8d3f5eb4-f0eb-40fa-b1d5-6154061e4159'),
 ('105', '67', '43', '33', '0', '4', '2017-05-10 16:17:39', '2017-05-10 16:17:39', '2aa23179-a894-496b-997b-4d3197477d37'),
 ('111', '73', '49', '26', '0', '1', '2017-07-24 15:20:45', '2017-07-24 15:20:45', 'cb38ddc7-dc7e-4fef-9fb4-34b5dd2b322b'),
 ('112', '73', '49', '27', '0', '2', '2017-07-24 15:20:45', '2017-07-24 15:20:45', '659e0db0-caf5-4f71-a769-e5d2f4213a4e'),
 ('113', '73', '49', '28', '0', '3', '2017-07-24 15:20:45', '2017-07-24 15:20:45', 'ac8e9d09-a85b-47a1-a175-63816e430cab'),
 ('114', '73', '49', '29', '0', '4', '2017-07-24 15:20:45', '2017-07-24 15:20:45', 'd5535ded-ec80-40e7-ace2-d1913aa8240b'),
 ('115', '73', '49', '30', '0', '5', '2017-07-24 15:20:45', '2017-07-24 15:20:45', 'c37cfd0c-f08d-41a7-b00b-357a54107bc0'),
 ('116', '73', '49', '31', '0', '6', '2017-07-24 15:20:45', '2017-07-24 15:20:45', '07321e19-dfce-4408-b53a-0e2f009a11f8'),
 ('117', '73', '49', '32', '0', '7', '2017-07-24 15:20:45', '2017-07-24 15:20:45', 'f3889b88-8967-406b-a40f-cef0e85b68c4'),
 ('118', '73', '50', '51', '0', '1', '2017-07-24 15:20:45', '2017-07-24 15:20:45', '729c4702-381e-474d-bb2c-0a71bbb4e1a1'),
 ('119', '73', '50', '48', '0', '2', '2017-07-24 15:20:45', '2017-07-24 15:20:45', '6d23a7b1-c54d-465e-a041-da7d27e5497b'),
 ('120', '73', '50', '50', '0', '3', '2017-07-24 15:20:45', '2017-07-24 15:20:45', '65ee1799-5404-4bd3-b575-c93d6f94ebdc'),
 ('121', '73', '50', '49', '0', '4', '2017-07-24 15:20:45', '2017-07-24 15:20:45', '36a13e77-bcc4-4e54-9d14-a8f1c7a33326'),
 ('122', '73', '50', '53', '0', '5', '2017-07-24 15:20:45', '2017-07-24 15:20:45', '873b70d5-719e-462d-a3fa-997a949c4971'),
 ('123', '73', '50', '52', '0', '6', '2017-07-24 15:20:45', '2017-07-24 15:20:45', '39372937-edae-4319-84b5-926dba3ac707'),
 ('124', '74', '51', '24', '0', '1', '2017-07-24 15:29:31', '2017-07-24 15:29:31', 'bde9caf1-5168-4d73-93d2-1923ba130bb4'),
 ('125', '74', '52', '51', '0', '1', '2017-07-24 15:29:31', '2017-07-24 15:29:31', '0638bf63-f33c-4401-810f-4e28db1a4360'),
 ('126', '74', '52', '48', '0', '2', '2017-07-24 15:29:31', '2017-07-24 15:29:31', 'e5fbc0e5-7e0c-4568-be4f-8c304212c9b4'),
 ('127', '74', '52', '50', '0', '3', '2017-07-24 15:29:31', '2017-07-24 15:29:31', '6248b9ab-1b7c-4956-b6e7-36d87fa00ced'),
 ('128', '74', '52', '49', '0', '4', '2017-07-24 15:29:31', '2017-07-24 15:29:31', 'ebf6e1c4-01d3-466a-a9c7-fe4794dae143'),
 ('129', '74', '52', '53', '0', '5', '2017-07-24 15:29:31', '2017-07-24 15:29:31', 'd4f188d7-0f6f-4f4c-adb2-f31971ba8f9c'),
 ('130', '74', '52', '52', '0', '6', '2017-07-24 15:29:31', '2017-07-24 15:29:31', '7cbfaf30-edf9-45a8-bf7b-e95a5ab47077'),
 ('131', '75', '53', '23', '0', '1', '2017-07-24 15:29:43', '2017-07-24 15:29:43', '67867b80-8312-4c41-892e-8b6df6f40938'),
 ('132', '75', '54', '51', '0', '1', '2017-07-24 15:29:43', '2017-07-24 15:29:43', '396cb7fa-353e-4433-b377-ffb0f8f85bfb'),
 ('133', '75', '54', '48', '0', '2', '2017-07-24 15:29:43', '2017-07-24 15:29:43', '89902ffc-9fba-4923-9977-5dc2612f704f'),
 ('134', '75', '54', '50', '0', '3', '2017-07-24 15:29:43', '2017-07-24 15:29:43', 'eb68a86c-8219-45d8-a1ec-f49077d78718'),
 ('135', '75', '54', '49', '0', '4', '2017-07-24 15:29:43', '2017-07-24 15:29:43', 'e767355d-a217-4348-ae09-9ca36c728e3f'),
 ('136', '75', '54', '53', '0', '5', '2017-07-24 15:29:43', '2017-07-24 15:29:43', '4bc607d9-17ca-42e3-9580-a0c48b628f8a'),
 ('137', '75', '54', '52', '0', '6', '2017-07-24 15:29:43', '2017-07-24 15:29:43', '0771f014-d6b3-412e-85d1-b960b19084c2'),
 ('138', '76', '55', '11', '0', '1', '2017-07-24 15:30:02', '2017-07-24 15:30:02', '26e4e9ee-3062-4830-a456-d181eee6c5bb'),
 ('139', '76', '55', '34', '0', '2', '2017-07-24 15:30:02', '2017-07-24 15:30:02', 'abc4edab-763b-4b27-ab03-01e65a8c20dc'),
 ('140', '76', '55', '18', '0', '3', '2017-07-24 15:30:02', '2017-07-24 15:30:02', '3d32e022-df01-45e1-a54a-d4c1cbe184d4'),
 ('141', '76', '55', '19', '0', '4', '2017-07-24 15:30:02', '2017-07-24 15:30:02', '65c8b3eb-e29c-4b9a-8db2-ae431680c1ab'),
 ('142', '76', '55', '12', '0', '5', '2017-07-24 15:30:02', '2017-07-24 15:30:02', '2c8b27a8-1b5c-4456-9845-aa76256564ef'),
 ('143', '76', '55', '13', '0', '6', '2017-07-24 15:30:02', '2017-07-24 15:30:02', 'e0bd8bb2-ebb4-4915-a13a-3d335a76cbd1'),
 ('144', '76', '55', '21', '0', '7', '2017-07-24 15:30:02', '2017-07-24 15:30:02', '07bece97-2619-4866-bd19-4b75bacccb0e'),
 ('145', '76', '55', '16', '0', '8', '2017-07-24 15:30:02', '2017-07-24 15:30:02', 'fb7de1fc-acce-4a38-834a-32c1bc997e2c'),
 ('146', '76', '56', '51', '0', '1', '2017-07-24 15:30:02', '2017-07-24 15:30:02', '58b5a617-22d6-467e-8fbc-3296853638a7'),
 ('147', '76', '56', '48', '0', '2', '2017-07-24 15:30:02', '2017-07-24 15:30:02', 'dee0281d-90b8-4eaa-9f75-705dbe9b89c8'),
 ('148', '76', '56', '50', '0', '3', '2017-07-24 15:30:02', '2017-07-24 15:30:02', '2e43ba56-a1fd-4304-b14a-a796c83affdd'),
 ('149', '76', '56', '49', '0', '4', '2017-07-24 15:30:02', '2017-07-24 15:30:02', '73405f5b-2298-4f93-8fe7-c863d68e2720'),
 ('150', '76', '56', '53', '0', '5', '2017-07-24 15:30:02', '2017-07-24 15:30:02', '65d5b4ac-cd82-43c5-a125-de8aef1fe1b2'),
 ('151', '76', '56', '52', '0', '6', '2017-07-24 15:30:02', '2017-07-24 15:30:02', 'ac0fddf4-87f9-4655-b396-51fa4adb49ef'),
 ('162', '78', '59', '42', '0', '1', '2017-07-24 15:31:23', '2017-07-24 15:31:23', '9488a4a7-f5ac-4158-b1ce-9a3430a27b21'),
 ('163', '78', '59', '41', '0', '2', '2017-07-24 15:31:23', '2017-07-24 15:31:23', '7b5ae5bd-d5ed-4fae-a606-a8b376b97ee0'),
 ('164', '78', '59', '44', '0', '3', '2017-07-24 15:31:23', '2017-07-24 15:31:23', 'cb8ce929-dbbe-44eb-9045-6c5691d71443'),
 ('165', '78', '59', '43', '0', '4', '2017-07-24 15:31:23', '2017-07-24 15:31:23', '350e4853-bd82-438e-8f1e-380d03ca42d1'),
 ('166', '78', '59', '45', '0', '5', '2017-07-24 15:31:23', '2017-07-24 15:31:23', 'bdf75d33-9757-45cf-82f4-36abff1fe749'),
 ('167', '78', '59', '47', '0', '6', '2017-07-24 15:31:23', '2017-07-24 15:31:23', '107d1293-0dce-409a-b542-80b3e27ccf1d'),
 ('168', '78', '59', '46', '0', '7', '2017-07-24 15:31:23', '2017-07-24 15:31:23', 'accaece2-cc3d-4391-a0a4-09c165d14f87'),
 ('169', '79', '60', '17', '0', '1', '2017-07-25 09:55:03', '2017-07-25 09:55:03', '8b7a169a-47d2-4055-96d0-eca8402c8543'),
 ('170', '80', '61', '3', '0', '1', '2017-07-25 15:05:00', '2017-07-25 15:05:00', '48b7a766-44f7-4394-b46e-346b910af0dc'),
 ('171', '80', '61', '4', '0', '2', '2017-07-25 15:05:00', '2017-07-25 15:05:00', '674034d2-74d4-4067-93d7-aa4743bd9b71'),
 ('172', '80', '61', '21', '0', '3', '2017-07-25 15:05:00', '2017-07-25 15:05:00', '5bfad07f-5a34-4f73-935e-e947cf2ae7f6'),
 ('173', '80', '61', '7', '0', '4', '2017-07-25 15:05:00', '2017-07-25 15:05:00', '9c7b2a75-3c46-4dba-839c-18292b6d4970'),
 ('174', '80', '61', '25', '0', '5', '2017-07-25 15:05:00', '2017-07-25 15:05:00', '8fa4e5b0-d00d-4782-8dc0-60e70ea8789e'),
 ('175', '80', '61', '19', '0', '6', '2017-07-25 15:05:00', '2017-07-25 15:05:00', '9fdebadd-c73b-45e4-b2bf-e4a29f732332'),
 ('176', '80', '62', '51', '0', '1', '2017-07-25 15:05:00', '2017-07-25 15:05:00', '406373d1-8f12-43a5-a4b4-63e66dfabea4'),
 ('177', '80', '62', '48', '0', '2', '2017-07-25 15:05:00', '2017-07-25 15:05:00', 'ac4a0773-9ee7-4dfb-8973-91e153f56171'),
 ('178', '80', '62', '50', '0', '3', '2017-07-25 15:05:00', '2017-07-25 15:05:00', 'f5eb0762-e69f-419f-af7c-818bfb984dd4'),
 ('179', '80', '62', '49', '0', '4', '2017-07-25 15:05:00', '2017-07-25 15:05:00', 'd9fc28b4-b2fd-472e-a4dc-c71203e14e47'),
 ('180', '80', '62', '53', '0', '5', '2017-07-25 15:05:00', '2017-07-25 15:05:00', '5210c0ac-0433-44ba-921b-cd2877b02ddb'),
 ('181', '80', '62', '52', '0', '6', '2017-07-25 15:05:00', '2017-07-25 15:05:00', '1e674a02-7bf3-4b25-b858-e5e170e14383'),
 ('182', '83', '63', '35', '0', '1', '2017-07-25 15:18:28', '2017-07-25 15:18:28', 'dc62c98b-b204-47d5-a26b-d7145497ddda'),
 ('187', '88', '68', '37', '0', '1', '2017-07-25 15:44:24', '2017-07-25 15:44:24', '576d0e6b-03be-4ce5-9bb8-31bb255415b4'),
 ('188', '89', '69', '38', '0', '1', '2017-07-25 15:44:24', '2017-07-25 15:44:24', '0cb7db23-f949-4af1-8cf4-b0cf4c42c809'),
 ('189', '90', '70', '39', '0', '1', '2017-07-25 15:44:24', '2017-07-25 15:44:24', 'bfd3fca5-1a4e-418d-b9c9-53e690fa01ac'),
 ('190', '91', '71', '40', '0', '1', '2017-07-25 15:44:24', '2017-07-25 15:44:24', 'befa1732-cea5-4d0c-b32c-e368d2526506');



DROP TABLE IF EXISTS `craft_fieldlayouts`;


--
-- Schema for table `craft_fieldlayouts`
--
CREATE TABLE `craft_fieldlayouts` (
  `id` int(11) NOT NULL AUTO_INCREMENT,
  `type` varchar(150) COLLATE utf8_unicode_ci NOT NULL,
  `dateCreated` datetime NOT NULL,
  `dateUpdated` datetime NOT NULL,
  `uid` char(36) COLLATE utf8_unicode_ci NOT NULL DEFAULT '0',
  PRIMARY KEY (`id`),
  KEY `craft_fieldlayouts_type_idx` (`type`)
) ENGINE=InnoDB AUTO_INCREMENT=92 DEFAULT CHARSET=utf8 COLLATE=utf8_unicode_ci;

--
-- Data for table `craft_fieldlayouts`
--

INSERT INTO `craft_fieldlayouts` (`id`, `type`, `dateCreated`, `dateUpdated`, `uid`) VALUES
 ('1', 'Tag', '2017-02-27 15:05:21', '2017-02-27 15:05:21', 'ea259485-abb3-47b8-af0b-50ccf300cfef'),
 ('26', 'SuperTable_Block', '2017-02-28 10:39:36', '2017-02-28 10:39:36', '1f457cc4-b69d-4400-ad16-f1b3abab45d9'),
 ('36', 'SuperTable_Block', '2017-02-28 17:05:22', '2017-02-28 17:05:22', 'a81730a2-9e1a-4ab3-9b12-26eed3884656'),
 ('43', 'SuperTable_Block', '2017-03-01 11:01:53', '2017-03-01 11:01:53', '7e9c3ec5-7553-496a-88c3-e0e478b2c7f4'),
 ('47', 'Asset', '2017-03-01 12:10:52', '2017-03-01 12:10:52', '20aeb073-e502-46c0-939a-31ac4374b5f0'),
 ('48', 'Asset', '2017-03-01 12:10:58', '2017-03-01 12:10:58', '596d524b-18d8-4f24-9342-145e27ae276d'),
 ('53', 'Asset', '2017-03-02 16:58:59', '2017-03-02 16:58:59', 'f9e70a22-65f3-4664-8618-2359b08ef178'),
 ('67', 'Category', '2017-05-10 16:17:39', '2017-05-10 16:17:39', 'b9bb5b54-5610-41a2-95dc-792dd2895773'),
 ('73', 'Entry', '2017-07-24 15:20:45', '2017-07-24 15:20:45', '709d6e8c-b656-43d7-b476-1e553790deb4'),
 ('74', 'Entry', '2017-07-24 15:29:31', '2017-07-24 15:29:31', '9306c541-12e7-497e-a786-5823b4358ad8'),
 ('75', 'Entry', '2017-07-24 15:29:43', '2017-07-24 15:29:43', 'e5c50bac-bad8-4067-9ee3-674224bb42e1'),
 ('76', 'Entry', '2017-07-24 15:30:02', '2017-07-24 15:30:02', '9e2f6113-e692-4b13-b075-a7654256bfb3'),
 ('78', 'GlobalSet', '2017-07-24 15:31:23', '2017-07-24 15:31:23', '5631850a-5206-494c-9b04-c2f5d7e1d322'),
 ('79', 'SuperTable_Block', '2017-07-25 09:55:03', '2017-07-25 09:55:03', '26cf4905-20da-4750-a196-f004708b4ad2'),
 ('80', 'Entry', '2017-07-25 15:05:00', '2017-07-25 15:05:00', 'c0d2dd1a-d3f2-4236-9aa9-65bc7a81a35f'),
 ('83', 'Entry', '2017-07-25 15:18:28', '2017-07-25 15:18:28', 'f4e1d64e-0ffb-47fd-9eac-6e6510755238'),
 ('88', 'MatrixBlock', '2017-07-25 15:44:24', '2017-07-25 15:44:24', '768db3a9-f66b-44b7-8eb2-a20a085acfce'),
 ('89', 'MatrixBlock', '2017-07-25 15:44:24', '2017-07-25 15:44:24', '1a98cf52-0e78-4af3-b916-bd4fa2eb305d'),
 ('90', 'MatrixBlock', '2017-07-25 15:44:24', '2017-07-25 15:44:24', 'dffe9a98-ef37-4af7-8561-180ed01437b3'),
 ('91', 'MatrixBlock', '2017-07-25 15:44:24', '2017-07-25 15:44:24', '75916bb4-93f9-4beb-892f-1a773486987d');



DROP TABLE IF EXISTS `craft_fieldlayouttabs`;


--
-- Schema for table `craft_fieldlayouttabs`
--
CREATE TABLE `craft_fieldlayouttabs` (
  `id` int(11) NOT NULL AUTO_INCREMENT,
  `layoutId` int(11) NOT NULL,
  `name` varchar(255) COLLATE utf8_unicode_ci NOT NULL,
  `sortOrder` smallint(6) unsigned DEFAULT NULL,
  `dateCreated` datetime NOT NULL,
  `dateUpdated` datetime NOT NULL,
  `uid` char(36) COLLATE utf8_unicode_ci NOT NULL DEFAULT '0',
  PRIMARY KEY (`id`),
  KEY `craft_fieldlayouttabs_sortOrder_idx` (`sortOrder`),
  KEY `craft_fieldlayouttabs_layoutId_fk` (`layoutId`)
) ENGINE=InnoDB AUTO_INCREMENT=72 DEFAULT CHARSET=utf8 COLLATE=utf8_unicode_ci;

--
-- Data for table `craft_fieldlayouttabs`
--

INSERT INTO `craft_fieldlayouttabs` (`id`, `layoutId`, `name`, `sortOrder`, `dateCreated`, `dateUpdated`, `uid`) VALUES
 ('18', '26', 'Content', '1', '2017-02-28 10:39:36', '2017-02-28 10:39:36', '135ecdde-adc9-40c0-b524-44a437af3e3e'),
 ('26', '36', 'Content', '1', '2017-02-28 17:05:22', '2017-02-28 17:05:22', '3d13f957-bd52-48ee-8ff3-af84847d11e5'),
 ('31', '43', 'Content', '1', '2017-03-01 11:01:53', '2017-03-01 11:01:53', '591c7e56-0049-43dc-afa7-2b04119eb9fe'),
 ('43', '67', 'Category Overview', '1', '2017-05-10 16:17:39', '2017-05-10 16:17:39', 'e87d0850-ad68-43e9-9294-ebcf5ab85f86'),
 ('49', '73', 'Company Background', '1', '2017-07-24 15:20:45', '2017-07-24 15:20:45', '4349292a-c731-4ce9-b8df-0cf26b2c65c9'),
 ('50', '73', 'SEO', '2', '2017-07-24 15:20:45', '2017-07-24 15:20:45', 'ac60488a-9952-4b11-8c80-b2cc9a5b3c7d'),
 ('51', '74', 'Content', '1', '2017-07-24 15:29:31', '2017-07-24 15:29:31', '93755023-022b-41c1-af4c-55e495f1289b'),
 ('52', '74', 'SEO', '2', '2017-07-24 15:29:31', '2017-07-24 15:29:31', '7a5f155e-6b4c-4f86-83f2-d6cc01ab0d61'),
 ('53', '75', 'Products', '1', '2017-07-24 15:29:43', '2017-07-24 15:29:43', '6ed19018-b27e-4f99-a909-47c968b88016'),
 ('54', '75', 'SEO', '2', '2017-07-24 15:29:43', '2017-07-24 15:29:43', 'b2a20d9d-f926-4130-ba8f-717c8b0b561e'),
 ('55', '76', 'Product Information', '1', '2017-07-24 15:30:02', '2017-07-24 15:30:02', 'ca5bc9b3-95c0-43ee-ba1e-4bf13accb050'),
 ('56', '76', 'SEO', '2', '2017-07-24 15:30:02', '2017-07-24 15:30:02', '5c72d55d-5ee9-4963-932b-94b74578d368'),
 ('59', '78', 'Content', '1', '2017-07-24 15:31:23', '2017-07-24 15:31:23', '667e00a2-f5b3-4178-9afd-84d2c627550c'),
 ('60', '79', 'Content', '1', '2017-07-25 09:55:03', '2017-07-25 09:55:03', '37d05d25-9f02-4fa4-a442-783a579e27a7'),
 ('61', '80', 'Group Introduction', '1', '2017-07-25 15:05:00', '2017-07-25 15:05:00', 'c0f6359e-5ae1-4ffa-b251-92489f67d89f'),
 ('62', '80', 'SEO', '2', '2017-07-25 15:05:00', '2017-07-25 15:05:00', '2e343ecb-e25a-4a3e-a2bb-7ef572a8d791'),
 ('63', '83', 'Ancillaries', '1', '2017-07-25 15:18:28', '2017-07-25 15:18:28', '4f7c0dc9-87fc-4c77-aee2-8fca650328e4'),
 ('68', '88', 'Content', '1', '2017-07-25 15:44:24', '2017-07-25 15:44:24', 'b6afabef-ee62-423e-96c0-76a9507ab174'),
 ('69', '89', 'Content', '1', '2017-07-25 15:44:24', '2017-07-25 15:44:24', '0c6d4655-86b3-4a3e-b35e-da3edfd503eb'),
 ('70', '90', 'Content', '1', '2017-07-25 15:44:24', '2017-07-25 15:44:24', 'a7b4737d-b32e-4cf4-ba11-b112e9bb3952'),
 ('71', '91', 'Content', '1', '2017-07-25 15:44:24', '2017-07-25 15:44:24', '05afb9e5-9987-48df-8e0f-f3546f65c45a');



DROP TABLE IF EXISTS `craft_fields`;


--
-- Schema for table `craft_fields`
--
CREATE TABLE `craft_fields` (
  `id` int(11) NOT NULL AUTO_INCREMENT,
  `groupId` int(11) DEFAULT NULL,
  `name` varchar(255) COLLATE utf8_unicode_ci NOT NULL,
  `handle` varchar(58) COLLATE utf8_unicode_ci NOT NULL,
  `context` varchar(255) COLLATE utf8_unicode_ci NOT NULL DEFAULT 'global',
  `instructions` text COLLATE utf8_unicode_ci,
  `translatable` tinyint(1) unsigned NOT NULL DEFAULT '0',
  `type` varchar(150) COLLATE utf8_unicode_ci NOT NULL,
  `settings` text COLLATE utf8_unicode_ci,
  `dateCreated` datetime NOT NULL,
  `dateUpdated` datetime NOT NULL,
  `uid` char(36) COLLATE utf8_unicode_ci NOT NULL DEFAULT '0',
  PRIMARY KEY (`id`),
  UNIQUE KEY `craft_fields_handle_context_unq_idx` (`handle`,`context`),
  KEY `craft_fields_context_idx` (`context`),
  KEY `craft_fields_groupId_fk` (`groupId`)
) ENGINE=InnoDB AUTO_INCREMENT=54 DEFAULT CHARSET=utf8 COLLATE=utf8_unicode_ci;

--
-- Data for table `craft_fields`
--

INSERT INTO `craft_fields` (`id`, `groupId`, `name`, `handle`, `context`, `instructions`, `translatable`, `type`, `settings`, `dateCreated`, `dateUpdated`, `uid`) VALUES
 ('1', '1', 'Body', 'body', 'global', NULL, '1', 'RichText', '{\"configFile\":\"Standard.json\",\"columnType\":\"text\"}', '2017-02-27 15:05:21', '2017-02-27 15:05:21', '762875a6-df63-4da3-a156-a14c6452cecc'),
 ('2', '1', 'Tags', 'tags', 'global', NULL, '0', 'Tags', '{\"source\":\"taggroup:1\"}', '2017-02-27 15:05:21', '2017-02-27 15:05:21', '7c49e264-c6f5-4a8c-b387-23de953852f5'),
 ('3', '2', 'Product Global Short introduction', 'fd_product_global_ShortIntroduction', 'global', '', '0', 'RichText', '{\"configFile\":\"Simple.json\",\"availableAssetSources\":\"*\",\"availableTransforms\":\"*\",\"cleanupHtml\":\"1\",\"purifyHtml\":\"1\",\"columnType\":\"text\"}', '2017-02-27 15:35:22', '2017-02-28 11:16:57', '1bee32c2-e2ab-4583-b625-6eb82f37a359'),
 ('4', '2', 'Product Group Global Specifications', 'fd_st_productGroupGlobalSpecifications', 'global', '', '0', 'SuperTable', '{\"columns\":{\"5\":{\"width\":\"\"},\"6\":{\"width\":\"\"}},\"fieldLayout\":\"row\",\"staticField\":null,\"selectionLabel\":\"Add more information\",\"maxRows\":null}', '2017-02-27 15:41:11', '2017-02-28 10:39:36', '36bc5ee4-9df2-4699-b1a7-06b6ed9b2bd9'),
 ('5', NULL, 'Header', 'fd_St_Header', 'superTableBlockType:1', '', '0', 'PlainText', '{\"placeholder\":\"\",\"maxLength\":\"\",\"multiline\":\"\",\"initialRows\":\"4\"}', '2017-02-27 15:41:11', '2017-02-28 10:39:36', 'af318fe7-7887-45db-a747-8bd1f23642e1'),
 ('6', NULL, 'Text', 'fd_st_text', 'superTableBlockType:1', '', '0', 'RichText', '{\"configFile\":\"Simple.json\",\"availableAssetSources\":\"*\",\"availableTransforms\":\"*\",\"cleanupHtml\":\"1\",\"purifyHtml\":\"1\",\"columnType\":\"text\"}', '2017-02-27 15:41:11', '2017-02-28 10:39:36', '82b3b810-651d-4fac-86cc-1487bbac021c'),
 ('7', '2', 'Special Note', 'fd_specialNote', 'global', '', '0', 'PlainText', '{\"placeholder\":\"\",\"maxLength\":\"\",\"multiline\":\"\",\"initialRows\":\"4\"}', '2017-02-27 15:44:46', '2017-02-27 15:44:46', '2c1698ba-0561-44b0-b8e0-1272b850c2b3'),
 ('11', '3', 'Product Individual Short Summary', 'fd_product_Individual_Short_Summary', 'global', '', '0', 'RichText', '{\"configFile\":\"Simple.json\",\"availableAssetSources\":\"*\",\"availableTransforms\":\"*\",\"cleanupHtml\":\"1\",\"purifyHtml\":\"1\",\"columnType\":\"text\"}', '2017-02-28 11:18:02', '2017-02-28 16:46:20', 'f1e3075d-9f29-4a10-b387-766c0978695e'),
 ('12', '3', 'Positioning', 'fd_positioning', 'global', '', '0', 'PlainText', '{\"placeholder\":\"\",\"maxLength\":\"\",\"multiline\":\"\",\"initialRows\":\"4\"}', '2017-02-28 16:47:22', '2017-02-28 16:47:22', 'a144cfc8-52eb-426f-a3f5-a5f34f09c5eb'),
 ('13', '3', 'Costruction', 'fd_costruction', 'global', '', '0', 'SuperTable', '{\"columns\":{\"14\":{\"width\":\"\"},\"15\":{\"width\":\"\"}},\"fieldLayout\":\"row\",\"staticField\":null,\"selectionLabel\":\"Add another component\",\"maxRows\":null}', '2017-02-28 16:49:16', '2017-02-28 17:05:22', '74469b66-90dd-438f-a2da-29850fd9c882'),
 ('14', NULL, 'Component Name', 'fd_st_component_name', 'superTableBlockType:2', '', '0', 'PlainText', '{\"placeholder\":\"\",\"maxLength\":\"\",\"multiline\":\"\",\"initialRows\":\"4\"}', '2017-02-28 16:49:16', '2017-02-28 17:05:22', 'b4dd7eb4-e693-4764-ba37-51545396f27a'),
 ('15', NULL, 'Component Text', 'fd_st_componentText', 'superTableBlockType:2', '', '0', 'PlainText', '{\"placeholder\":\"\",\"maxLength\":\"\",\"multiline\":\"\",\"initialRows\":\"4\"}', '2017-02-28 16:49:16', '2017-02-28 17:05:22', '86531809-0fd9-46da-9ea0-e97fea77c709'),
 ('16', '3', 'Special Notes', 'fd_st_specialNotes', 'global', '', '0', 'SuperTable', '{\"columns\":{\"17\":{\"width\":\"\"}},\"fieldLayout\":\"row\",\"staticField\":null,\"selectionLabel\":\"Add a note\",\"maxRows\":null,\"minRows\":null}', '2017-02-28 16:51:12', '2017-07-25 09:55:03', '6a40cfae-6b78-41a5-9f4c-c567bd9d9c71'),
 ('17', NULL, 'Note Text', 'fd_st_noteText', 'superTableBlockType:3', '', '0', 'PlainText', '{\"placeholder\":\"\",\"maxLength\":\"\",\"multiline\":\"1\",\"initialRows\":\"4\"}', '2017-02-28 16:51:13', '2017-07-25 09:55:03', '851fbe84-b848-4787-a77c-34cf932039f4'),
 ('18', '3', 'Fan Photo', 'fd_fanPhoto', 'global', '', '0', 'Assets', '{\"useSingleFolder\":\"\",\"sources\":[\"folder:2\"],\"defaultUploadLocationSource\":\"2\",\"defaultUploadLocationSubpath\":\"\",\"singleUploadLocationSource\":\"1\",\"singleUploadLocationSubpath\":\"\",\"restrictFiles\":\"\",\"limit\":\"1\",\"viewMode\":\"large\",\"selectionLabel\":\"Add a photo\"}', '2017-02-28 17:00:56', '2017-02-28 17:00:56', 'a99d1f89-fb8c-4a25-9962-0c5a2f509cb0'),
 ('19', '3', 'Fan Tech Drawing', 'fd_fanTechDrawing', 'global', '', '0', 'Assets', '{\"useSingleFolder\":\"\",\"sources\":[\"folder:1\"],\"defaultUploadLocationSource\":\"1\",\"defaultUploadLocationSubpath\":\"\",\"singleUploadLocationSource\":\"1\",\"singleUploadLocationSubpath\":\"\",\"restrictFiles\":\"\",\"limit\":\"2\",\"viewMode\":\"large\",\"selectionLabel\":\"Add a drawing\"}', '2017-02-28 17:01:47', '2017-02-28 17:01:47', '200e453b-bd54-4f36-a1b6-2f21913fd5cc'),
 ('20', '2', 'Category Introduction', 'catFd_categoryIntroduction', 'global', '', '0', 'RichText', '{\"configFile\":\"Simple.json\",\"availableAssetSources\":\"*\",\"availableTransforms\":\"*\",\"cleanupHtml\":\"1\",\"purifyHtml\":\"1\",\"columnType\":\"text\"}', '2017-03-01 10:30:00', '2017-03-01 10:31:10', '6001e521-374a-430a-92be-70b6c6ceb1c4'),
 ('21', '3', 'Data Tables', 'fd_st_dataTables', 'global', '', '0', 'SuperTable', '{\"columns\":{\"22\":{\"width\":\"\"}},\"fieldLayout\":\"row\",\"staticField\":null,\"selectionLabel\":\"Add another Data Table\",\"maxRows\":null}', '2017-03-01 10:46:49', '2017-03-01 11:01:52', '7db1fcdc-70a2-4533-a781-1b7fefd6f0be'),
 ('22', NULL, 'Data Table', 'dataTable', 'superTableBlockType:4', '', '0', 'TableMaker', '{\"columnsLabel\":\"Add Table Columns\",\"columnsInstructions\":\"\",\"columnsAddRowLabel\":\"\",\"rowsLabel\":\"Add Table Rows\",\"rowsInstructions\":\"\",\"rowsAddRowLabel\":\"\"}', '2017-03-01 10:49:06', '2017-03-01 11:01:53', 'e7ec919b-58eb-4d3f-a150-c232579f3653'),
 ('23', '2', 'Product Range Introduction', 'fd_productRangeIntroduction', 'global', '', '0', 'RichText', '{\"configFile\":\"Simple.json\",\"availableAssetSources\":\"*\",\"availableTransforms\":\"*\",\"cleanupHtml\":\"1\",\"purifyHtml\":\"1\",\"columnType\":\"text\"}', '2017-03-01 13:36:10', '2017-03-01 13:38:17', 'abfe2c07-9d06-4665-ba43-b2e3b085bb06'),
 ('24', '1', 'Hero Image', 'fd_heroImage', 'global', '', '0', 'Assets', '{\"useSingleFolder\":\"\",\"sources\":[\"folder:3\"],\"defaultUploadLocationSource\":\"3\",\"defaultUploadLocationSubpath\":\"\",\"singleUploadLocationSource\":\"1\",\"singleUploadLocationSubpath\":\"\",\"restrictFiles\":\"\",\"limit\":\"1\",\"viewMode\":\"large\",\"selectionLabel\":\"\"}', '2017-03-02 16:58:18', '2017-03-02 16:59:24', '90255920-387f-4c37-97b0-b86cb87c6508'),
 ('25', '2', 'Product Group Photo', 'fd_productGroupPhoto', 'global', 'This is the image that appears with the product group on the homepage.', '0', 'Assets', '{\"useSingleFolder\":\"\",\"sources\":[\"folder:2\"],\"defaultUploadLocationSource\":\"2\",\"defaultUploadLocationSubpath\":\"\",\"singleUploadLocationSource\":\"1\",\"singleUploadLocationSubpath\":\"\",\"restrictFiles\":\"\",\"limit\":\"1\",\"viewMode\":\"large\",\"selectionLabel\":\"Add a photo for the homapage\"}', '2017-03-02 17:16:12', '2017-03-02 17:16:12', '2a97afa9-53a0-4d80-a84c-ce50b7d3a88d'),
 ('26', '4', 'Text over map', 'textOverMap', 'global', '', '0', 'PlainText', '{\"placeholder\":\"\",\"maxLength\":\"\",\"multiline\":\"\",\"initialRows\":\"4\"}', '2017-03-09 14:07:45', '2017-03-09 14:07:45', '2f59ecb5-fae8-4f30-9a78-e33390e299d5'),
 ('27', '4', 'Intro Title', 'introTitle', 'global', '', '0', 'PlainText', '{\"placeholder\":\"\",\"maxLength\":\"\",\"multiline\":\"\",\"initialRows\":\"4\"}', '2017-03-09 14:08:22', '2017-03-09 14:08:22', 'c2f82710-6281-4b11-98e7-e554e53b8ec7'),
 ('28', '4', 'Intro Text', 'introText', 'global', '', '0', 'RichText', '{\"configFile\":\"Simple.json\",\"availableAssetSources\":\"*\",\"availableTransforms\":\"*\",\"cleanupHtml\":\"1\",\"purifyHtml\":\"1\",\"columnType\":\"text\"}', '2017-03-09 14:08:40', '2017-03-09 14:08:40', 'a57a2ac4-34cb-4e08-81cd-a71df4f6458e'),
 ('29', '4', 'Expanded Text', 'expandedText', 'global', '', '0', 'RichText', '{\"configFile\":\"Simple.json\",\"availableAssetSources\":\"*\",\"availableTransforms\":\"*\",\"cleanupHtml\":\"1\",\"purifyHtml\":\"1\",\"columnType\":\"text\"}', '2017-03-09 14:09:16', '2017-03-09 14:09:16', '12098827-5de3-4901-9782-8be01b052435'),
 ('30', '4', 'Secondary Title', 'secondaryTitle', 'global', '', '0', 'PlainText', '{\"placeholder\":\"\",\"maxLength\":\"\",\"multiline\":\"\",\"initialRows\":\"4\"}', '2017-03-09 14:09:38', '2017-03-09 14:09:38', '64bab4c5-2431-415e-be4d-a9aad63b08aa'),
 ('31', '4', 'Secondary Text', 'secondaryText', 'global', '', '0', 'RichText', '{\"configFile\":\"\",\"availableAssetSources\":\"*\",\"availableTransforms\":\"*\",\"cleanupHtml\":\"1\",\"purifyHtml\":\"1\",\"columnType\":\"text\"}', '2017-03-09 14:09:54', '2017-03-09 14:09:54', '8d2eb001-baed-45eb-87fc-e2b99f2315d3'),
 ('32', '4', 'Accreditations', 'accreditations', 'global', '', '0', 'Assets', '{\"useSingleFolder\":\"\",\"sources\":\"*\",\"defaultUploadLocationSource\":\"3\",\"defaultUploadLocationSubpath\":\"\",\"singleUploadLocationSource\":\"1\",\"singleUploadLocationSubpath\":\"\",\"restrictFiles\":\"\",\"limit\":\"\",\"viewMode\":\"large\",\"selectionLabel\":\"Add an accreditations\"}', '2017-03-09 14:10:52', '2017-03-09 14:10:53', 'e37206da-e6c5-43c7-b877-e0c8b494846a'),
 ('33', '1', 'Suitable Fans', 'fd_suitableFans', 'global', '', '0', 'Entries', '{\"sources\":[\"section:3\"],\"limit\":\"\",\"selectionLabel\":\"Add a Product\"}', '2017-03-23 16:45:27', '2017-03-23 16:45:35', 'd69ec146-f7fb-4227-a152-5be9f01b6264'),
 ('34', '2', 'Application Suitability', 'fd_applicationSuitability', 'global', '', '0', 'Categories', '{\"source\":\"group:1\",\"limit\":\"\",\"selectionLabel\":\"Select a suitable application\"}', '2017-03-24 09:39:54', '2017-03-24 09:39:54', '7d51174c-6c6f-4597-8a52-11035f32ae52'),
 ('35', '5', 'Ancilliary Item Information', 'ancilliaryItemInformation', 'global', '', '0', 'Matrix', '{\"maxBlocks\":null}', '2017-05-10 16:15:49', '2017-07-25 15:44:24', '9767d245-69a9-444d-89ad-63c08cceeb3f'),
 ('37', NULL, 'Item Text', 'itemText', 'matrixBlockType:2', '', '0', 'RichText', '{\"configFile\":\"Simple.json\",\"availableAssetSources\":\"*\",\"availableTransforms\":\"*\",\"cleanupHtml\":\"1\",\"purifyHtml\":\"1\",\"purifierConfig\":\"\",\"columnType\":\"text\"}', '2017-05-10 16:15:49', '2017-07-25 15:44:24', 'dbee0493-466a-4dd9-a3e4-cb5505f168c5'),
 ('38', NULL, 'Item Supporting Photo', 'itemSupportingPhoto', 'matrixBlockType:3', '', '0', 'Assets', '{\"useSingleFolder\":\"\",\"sources\":[\"folder:2\"],\"defaultUploadLocationSource\":\"1\",\"defaultUploadLocationSubpath\":\"\",\"singleUploadLocationSource\":\"1\",\"singleUploadLocationSubpath\":\"\",\"restrictFiles\":\"\",\"limit\":\"1\",\"viewMode\":\"large\",\"selectionLabel\":\"Add a Photo\"}', '2017-05-10 16:15:49', '2017-07-25 15:44:24', 'bcc94a4e-1a20-4c25-9db2-6232bf85d4ad'),
 ('39', NULL, 'Item Drawing', 'itemDrawing', 'matrixBlockType:4', '', '0', 'Assets', '{\"useSingleFolder\":\"\",\"sources\":[\"folder:1\"],\"defaultUploadLocationSource\":\"1\",\"defaultUploadLocationSubpath\":\"\",\"singleUploadLocationSource\":\"1\",\"singleUploadLocationSubpath\":\"\",\"restrictFiles\":\"\",\"limit\":\"1\",\"viewMode\":\"large\",\"selectionLabel\":\"Add a Drawing\"}', '2017-05-10 16:15:49', '2017-07-25 15:44:24', '691a3baa-93ae-46a0-95e1-bf3e30a8262a'),
 ('40', NULL, 'Data Table', 'dataTable', 'matrixBlockType:5', '', '0', 'TableMaker', '{\"columnsLabel\":\"Add Table Columns\",\"columnsInstructions\":\"\",\"columnsAddRowLabel\":\"\",\"rowsLabel\":\"Add Table Rows\",\"rowsInstructions\":\"\",\"rowsAddRowLabel\":\"\"}', '2017-05-10 16:21:26', '2017-07-25 15:44:24', 'de6f38a7-4a16-4ec5-8f08-d8389d3308a5'),
 ('41', '6', 'Global Meta Description', 'globalMetaDescription', 'global', '', '0', 'PlainText', '{\"placeholder\":\"\",\"maxLength\":\"\",\"multiline\":\"\",\"initialRows\":4}', '2017-07-24 14:30:24', '2017-07-24 14:30:24', '7bcdd120-af65-4abd-a00c-85ea451feeb8'),
 ('42', '6', 'Global Meta Title', 'globalMetaTitle', 'global', '', '0', 'PlainText', '{\"placeholder\":\"\",\"maxLength\":\"\",\"multiline\":\"\",\"initialRows\":4}', '2017-07-24 14:30:24', '2017-07-24 14:30:24', 'f2555abd-79e8-4614-a19c-950aa0f7955f'),
 ('43', '6', 'Global OG Description', 'globalSeoOgDescription', 'global', '', '0', 'PlainText', '{\"placeholder\":\"\",\"maxLength\":\"\",\"multiline\":\"\",\"initialRows\":4}', '2017-07-24 14:30:24', '2017-07-24 14:30:24', '94db20e8-0722-44ec-8556-a552e5a3ce8f'),
 ('44', '6', 'Global OG Title', 'globalSeoOgTitle', 'global', '', '0', 'PlainText', '{\"placeholder\":\"\",\"maxLength\":\"\",\"multiline\":\"\",\"initialRows\":4}', '2017-07-24 14:30:24', '2017-07-24 14:30:24', 'acb6352f-f138-4d95-914c-ebea0af62985'),
 ('45', '6', 'Global SEO Twitter Handle', 'globalSeoTwitterHandle', 'global', '', '0', 'PlainText', '{\"placeholder\":\"\",\"maxLength\":\"\",\"multiline\":\"\",\"initialRows\":4}', '2017-07-24 14:30:24', '2017-07-24 14:30:24', '7a28a33b-2792-430c-b934-912a89f72155'),
 ('46', '6', 'Global Twitter Description', 'globalSeoTwitterDescription', 'global', '', '0', 'PlainText', '{\"placeholder\":\"\",\"maxLength\":\"\",\"multiline\":\"\",\"initialRows\":4}', '2017-07-24 14:30:25', '2017-07-24 14:30:25', 'e798811d-5586-4b32-bd92-8179dc24cf6b'),
 ('47', '6', 'Global Twitter Title', 'globalSeoTwitterTitle', 'global', '', '0', 'PlainText', '{\"placeholder\":\"\",\"maxLength\":\"\",\"multiline\":\"\",\"initialRows\":4}', '2017-07-24 14:30:25', '2017-07-24 14:30:25', 'ce056006-53f7-4afd-b2d8-3c519ddf52ca'),
 ('48', '7', 'Meta Description', 'seo_metaDescription', 'global', '', '0', 'PlainText', '{\"placeholder\":\"\",\"maxLength\":\"\",\"multiline\":\"\",\"initialRows\":4}', '2017-07-24 14:30:25', '2017-07-24 14:30:25', '3d5aae72-d3da-4be6-810d-6382928dd1fe'),
 ('49', '7', 'Meta OG Description', 'seo_metaOgDescription', 'global', '', '0', 'PlainText', '{\"placeholder\":\"\",\"maxLength\":\"\",\"multiline\":\"\",\"initialRows\":6}', '2017-07-24 14:30:25', '2017-07-24 14:30:25', 'f3f4ab15-88ea-4329-baa2-46cbe0eacca8'),
 ('50', '7', 'Meta OG Title', 'seo_metaOgTitle', 'global', '', '0', 'PlainText', '{\"placeholder\":\"\",\"maxLength\":\"\",\"multiline\":\"\",\"initialRows\":4}', '2017-07-24 14:30:25', '2017-07-24 14:30:25', '6e2808b9-d312-4282-8380-7b1d3f248e8b'),
 ('51', '7', 'Meta Title (if different from page title)', 'seo_metaTitle', 'global', '', '0', 'PlainText', '{\"placeholder\":\"\",\"maxLength\":\"\",\"multiline\":\"\",\"initialRows\":4}', '2017-07-24 14:30:25', '2017-07-24 14:30:25', '7acd5d39-6c1f-40f8-add1-7d3ff114c820'),
 ('52', '7', 'Meta Twitter Description', 'seo_metaTwitterDescription', 'global', '', '0', 'PlainText', '{\"placeholder\":\"\",\"maxLength\":\"\",\"multiline\":\"\",\"initialRows\":4}', '2017-07-24 14:30:25', '2017-07-24 14:30:25', '37064180-6b3f-4c01-994d-58da67c146c0'),
 ('53', '7', 'Meta Twitter Title', 'seo_metaTwitterTitle', 'global', '', '0', 'PlainText', '{\"placeholder\":\"\",\"maxLength\":\"\",\"multiline\":\"\",\"initialRows\":\"4\"}', '2017-07-24 14:30:25', '2017-07-24 14:30:47', 'cf4a664b-f40f-4d66-b727-a4ec3378e188');



DROP TABLE IF EXISTS `craft_globalsets`;


--
-- Schema for table `craft_globalsets`
--
CREATE TABLE `craft_globalsets` (
  `id` int(11) NOT NULL,
  `name` varchar(255) COLLATE utf8_unicode_ci NOT NULL,
  `handle` varchar(255) COLLATE utf8_unicode_ci NOT NULL,
  `fieldLayoutId` int(10) DEFAULT NULL,
  `dateCreated` datetime NOT NULL,
  `dateUpdated` datetime NOT NULL,
  `uid` char(36) COLLATE utf8_unicode_ci NOT NULL DEFAULT '0',
  PRIMARY KEY (`id`),
  UNIQUE KEY `craft_globalsets_name_unq_idx` (`name`),
  UNIQUE KEY `craft_globalsets_handle_unq_idx` (`handle`),
  KEY `craft_globalsets_fieldLayoutId_fk` (`fieldLayoutId`)
) ENGINE=InnoDB DEFAULT CHARSET=utf8 COLLATE=utf8_unicode_ci;

--
-- Data for table `craft_globalsets`
--

INSERT INTO `craft_globalsets` (`id`, `name`, `handle`, `fieldLayoutId`, `dateCreated`, `dateUpdated`, `uid`) VALUES
 ('107', 'Global SEO', 'globalSeo', '78', '2017-07-24 15:31:23', '2017-07-24 15:31:23', '4d528aba-ef4b-4dfe-8cc8-1364205ad6fe');



DROP TABLE IF EXISTS `craft_info`;


--
-- Schema for table `craft_info`
--
CREATE TABLE `craft_info` (
  `id` int(11) NOT NULL AUTO_INCREMENT,
  `version` varchar(50) COLLATE utf8_unicode_ci NOT NULL,
  `schemaVersion` varchar(15) COLLATE utf8_unicode_ci NOT NULL,
  `edition` tinyint(1) unsigned NOT NULL DEFAULT '0',
  `siteName` varchar(100) COLLATE utf8_unicode_ci NOT NULL,
  `siteUrl` varchar(255) COLLATE utf8_unicode_ci NOT NULL,
  `timezone` varchar(30) COLLATE utf8_unicode_ci DEFAULT NULL,
  `on` tinyint(1) unsigned NOT NULL DEFAULT '0',
  `maintenance` tinyint(1) unsigned NOT NULL DEFAULT '0',
  `dateCreated` datetime NOT NULL,
  `dateUpdated` datetime NOT NULL,
  `uid` char(36) COLLATE utf8_unicode_ci NOT NULL DEFAULT '0',
  PRIMARY KEY (`id`)
) ENGINE=InnoDB AUTO_INCREMENT=2 DEFAULT CHARSET=utf8 COLLATE=utf8_unicode_ci;

--
-- Data for table `craft_info`
--

INSERT INTO `craft_info` (`id`, `version`, `schemaVersion`, `edition`, `siteName`, `siteUrl`, `timezone`, `on`, `maintenance`, `dateCreated`, `dateUpdated`, `uid`) VALUES
 ('1', '2.6.2987', '2.6.10', '1', 'Victoria Fans', 'http://victoriafans:8888', 'UTC', '1', '0', '2017-02-27 15:05:16', '2017-07-24 14:21:01', '8b31486b-95ab-4914-8ab3-bc912ae14aee');



DROP TABLE IF EXISTS `craft_locales`;


--
-- Schema for table `craft_locales`
--
CREATE TABLE `craft_locales` (
  `locale` char(12) COLLATE utf8_unicode_ci NOT NULL,
  `sortOrder` smallint(6) unsigned DEFAULT NULL,
  `dateCreated` datetime NOT NULL,
  `dateUpdated` datetime NOT NULL,
  `uid` char(36) COLLATE utf8_unicode_ci NOT NULL DEFAULT '0',
  PRIMARY KEY (`locale`),
  KEY `craft_locales_sortOrder_idx` (`sortOrder`)
) ENGINE=InnoDB DEFAULT CHARSET=utf8 COLLATE=utf8_unicode_ci;

--
-- Data for table `craft_locales`
--

INSERT INTO `craft_locales` (`locale`, `sortOrder`, `dateCreated`, `dateUpdated`, `uid`) VALUES
 ('en', '1', '2017-02-27 15:05:16', '2017-02-27 15:05:16', '33f09b38-742d-44f8-a75d-188811b9c44b');



DROP TABLE IF EXISTS `craft_matrixblocks`;


--
-- Schema for table `craft_matrixblocks`
--
CREATE TABLE `craft_matrixblocks` (
  `id` int(11) NOT NULL,
  `ownerId` int(11) NOT NULL,
  `fieldId` int(11) NOT NULL,
  `typeId` int(11) DEFAULT NULL,
  `sortOrder` smallint(6) unsigned DEFAULT NULL,
  `ownerLocale` char(12) COLLATE utf8_unicode_ci DEFAULT NULL,
  `dateCreated` datetime NOT NULL,
  `dateUpdated` datetime NOT NULL,
  `uid` char(36) COLLATE utf8_unicode_ci NOT NULL DEFAULT '0',
  PRIMARY KEY (`id`),
  KEY `craft_matrixblocks_ownerId_idx` (`ownerId`),
  KEY `craft_matrixblocks_fieldId_idx` (`fieldId`),
  KEY `craft_matrixblocks_typeId_idx` (`typeId`),
  KEY `craft_matrixblocks_sortOrder_idx` (`sortOrder`),
  KEY `craft_matrixblocks_ownerLocale_fk` (`ownerLocale`)
) ENGINE=InnoDB DEFAULT CHARSET=utf8 COLLATE=utf8_unicode_ci;

--
-- Data for table `craft_matrixblocks`
--

INSERT INTO `craft_matrixblocks` (`id`, `ownerId`, `fieldId`, `typeId`, `sortOrder`, `ownerLocale`, `dateCreated`, `dateUpdated`, `uid`) VALUES
 ('135', '119', '35', '2', '1', NULL, '2017-07-25 15:27:34', '2017-07-25 16:11:39', 'd7fc4874-8dbe-4e2e-9836-c1c0d20f8aa1'),
 ('136', '119', '35', '5', '3', NULL, '2017-07-25 15:27:34', '2017-07-25 16:11:39', '4928f8e7-04f1-46bf-bb07-3925d3e931bd'),
 ('137', '119', '35', '4', '2', NULL, '2017-07-25 15:27:34', '2017-07-25 16:11:39', '6d11defa-f76c-4bf5-b15b-e81bebbd2e7d'),
 ('138', '119', '35', '3', '4', NULL, '2017-07-25 16:09:29', '2017-07-25 16:11:39', '0016c3e8-6afe-44bf-94f8-32b1b0fa0803');



DROP TABLE IF EXISTS `craft_matrixblocktypes`;


--
-- Schema for table `craft_matrixblocktypes`
--
CREATE TABLE `craft_matrixblocktypes` (
  `id` int(11) NOT NULL AUTO_INCREMENT,
  `fieldId` int(11) NOT NULL,
  `fieldLayoutId` int(11) DEFAULT NULL,
  `name` varchar(255) COLLATE utf8_unicode_ci NOT NULL,
  `handle` varchar(255) COLLATE utf8_unicode_ci NOT NULL,
  `sortOrder` smallint(6) unsigned DEFAULT NULL,
  `dateCreated` datetime NOT NULL,
  `dateUpdated` datetime NOT NULL,
  `uid` char(36) COLLATE utf8_unicode_ci NOT NULL DEFAULT '0',
  PRIMARY KEY (`id`),
  UNIQUE KEY `craft_matrixblocktypes_name_fieldId_unq_idx` (`name`,`fieldId`),
  UNIQUE KEY `craft_matrixblocktypes_handle_fieldId_unq_idx` (`handle`,`fieldId`),
  KEY `craft_matrixblocktypes_fieldId_fk` (`fieldId`),
  KEY `craft_matrixblocktypes_fieldLayoutId_fk` (`fieldLayoutId`)
) ENGINE=InnoDB AUTO_INCREMENT=6 DEFAULT CHARSET=utf8 COLLATE=utf8_unicode_ci;

--
-- Data for table `craft_matrixblocktypes`
--

INSERT INTO `craft_matrixblocktypes` (`id`, `fieldId`, `fieldLayoutId`, `name`, `handle`, `sortOrder`, `dateCreated`, `dateUpdated`, `uid`) VALUES
 ('2', '35', '88', 'Ancilliary Item Text', 'ancilliaryItemText', '1', '2017-05-10 16:15:49', '2017-07-25 15:44:24', 'c25fdfcb-a947-4896-a4b0-aa087117e1fc'),
 ('3', '35', '89', 'Item Supporting Photo', 'itemSupportingPhoto', '2', '2017-05-10 16:15:49', '2017-07-25 15:44:24', 'b06055f7-7256-470a-abeb-ed16d623af75'),
 ('4', '35', '90', 'Item Technical Drawing', 'itemTechnicalDrawing', '3', '2017-05-10 16:15:49', '2017-07-25 15:44:24', 'd67f0f23-7735-43ad-88ec-0b2e28c64e91'),
 ('5', '35', '91', 'Item Data Table', 'itemDataTable', '4', '2017-05-10 16:21:26', '2017-07-25 15:44:24', '36550f8f-c430-4751-a19d-392acad143c9');



DROP TABLE IF EXISTS `craft_matrixcontent_ancilliaryiteminformation`;


--
-- Schema for table `craft_matrixcontent_ancilliaryiteminformation`
--
CREATE TABLE `craft_matrixcontent_ancilliaryiteminformation` (
  `id` int(11) NOT NULL AUTO_INCREMENT,
  `elementId` int(11) NOT NULL,
  `locale` char(12) COLLATE utf8_unicode_ci NOT NULL,
  `field_ancilliaryItemText_itemText` text COLLATE utf8_unicode_ci,
  `field_itemDataTable_dataTable` text COLLATE utf8_unicode_ci,
  `dateCreated` datetime NOT NULL,
  `dateUpdated` datetime NOT NULL,
  `uid` char(36) COLLATE utf8_unicode_ci NOT NULL DEFAULT '0',
  PRIMARY KEY (`id`),
  UNIQUE KEY `craft_matrixconten_ancilliaryiteminformati_elementI_local_unq_id` (`elementId`,`locale`),
  KEY `craft_matrixcontent_ancilliaryiteminformation_locale_fk` (`locale`)
) ENGINE=InnoDB AUTO_INCREMENT=16 DEFAULT CHARSET=utf8 COLLATE=utf8_unicode_ci;

--
-- Data for table `craft_matrixcontent_ancilliaryiteminformation`
--

INSERT INTO `craft_matrixcontent_ancilliaryiteminformation` (`id`, `elementId`, `locale`, `field_ancilliaryItemText_itemText`, `field_itemDataTable_dataTable`, `dateCreated`, `dateUpdated`, `uid`) VALUES
 ('12', '135', 'en', '<p>sssIn both commercial and industrial applications the use of duct mounted silencers to reduce noise emission from fans is become more commonplace as increasing legislation calls for better and more comfortable working environments.</p>\n<p>At Victoria Industrial Fans we have a special acoustic service whereby engineers and consultants can call upon our expertise in selecting the correct method of acoustic treatment to give guaranteed noise levels in hospitals, offices, factories, etc.  Simply call our office for more details.</p>\n<p>Quite the most commonly used silencers are what is known as CYLINDRICAL (STT) and POD (STP) type silencers.  The tabulation shows the pressure losses*</p>\n<p>The length of the silencer is a function of its diameter i.e. 1 x diameter long or 2 x diameter long.  Obviously the longer the attenuator the greater the pressure drop and the greater the acoustic performance.<br /></p>\n<p>POD type silencers give better attenuation that CYLINDRICAL type silencers.</p>', NULL, '2017-07-25 15:27:34', '2017-07-25 16:11:39', '33596464-4447-4cc0-b91b-188da7ee2ca6'),
 ('13', '136', 'en', NULL, '{\"columns\":[{\"heading\":\"Diameter\",\"width\":\"\",\"align\":\"left\"},{\"heading\":\"A\",\"width\":\"\",\"align\":\"left\"},{\"heading\":\"A\",\"width\":\"\",\"align\":\"left\"},{\"heading\":\"A\",\"width\":\"\",\"align\":\"left\"},{\"heading\":\"B\",\"width\":\"\",\"align\":\"left\"},{\"heading\":\"C\",\"width\":\"\",\"align\":\"left\"},{\"heading\":\"D\",\"width\":\"\",\"align\":\"left\"},{\"heading\":\"E\",\"width\":\"\",\"align\":\"left\"}],\"rows\":[[\"250\",\"250\",\"375\",\"500\",\"350\",\"294\",\"8\",\"8\"],[\"315\",\"315\",\"472\",\"630\",\"425\",\"355\",\"8\",\"8\"]]}', '2017-07-25 15:27:34', '2017-07-25 16:11:39', 'fc145792-5ba6-4eb4-b8f5-26ddfd77231a'),
 ('14', '137', 'en', NULL, NULL, '2017-07-25 15:27:34', '2017-07-25 16:11:39', '911312fa-d395-442a-b596-d984b42c0f9c'),
 ('15', '138', 'en', NULL, NULL, '2017-07-25 16:09:29', '2017-07-25 16:11:39', '8980f1ba-4f5d-4923-9d43-75c8a168b805');



DROP TABLE IF EXISTS `craft_migrations`;


--
-- Schema for table `craft_migrations`
--
CREATE TABLE `craft_migrations` (
  `id` int(11) NOT NULL AUTO_INCREMENT,
  `pluginId` int(11) DEFAULT NULL,
  `version` varchar(255) COLLATE utf8_unicode_ci NOT NULL,
  `applyTime` datetime NOT NULL,
  `dateCreated` datetime NOT NULL,
  `dateUpdated` datetime NOT NULL,
  `uid` char(36) COLLATE utf8_unicode_ci NOT NULL DEFAULT '0',
  PRIMARY KEY (`id`),
  UNIQUE KEY `craft_migrations_version_unq_idx` (`version`),
  KEY `craft_migrations_pluginId_fk` (`pluginId`)
) ENGINE=InnoDB AUTO_INCREMENT=49 DEFAULT CHARSET=utf8 COLLATE=utf8_unicode_ci;

--
-- Data for table `craft_migrations`
--

INSERT INTO `craft_migrations` (`id`, `pluginId`, `version`, `applyTime`, `dateCreated`, `dateUpdated`, `uid`) VALUES
 ('1', NULL, 'm000000_000000_base', '2017-02-27 15:05:16', '2017-02-27 15:05:16', '2017-02-27 15:05:16', 'acdff7ab-7267-4e5a-b19c-564c239f5963'),
 ('2', NULL, 'm140730_000001_add_filename_and_format_to_transformindex', '2017-02-27 15:05:16', '2017-02-27 15:05:16', '2017-02-27 15:05:16', 'bf1ac8fe-7af5-47e3-b65e-68fda1b2d039'),
 ('3', NULL, 'm140815_000001_add_format_to_transforms', '2017-02-27 15:05:16', '2017-02-27 15:05:16', '2017-02-27 15:05:16', '3e403aa3-f290-4c28-9664-aae8480afcde'),
 ('4', NULL, 'm140822_000001_allow_more_than_128_items_per_field', '2017-02-27 15:05:16', '2017-02-27 15:05:16', '2017-02-27 15:05:16', 'b1f4aaf3-9f3b-499c-86e4-4a25c2a14d0c'),
 ('5', NULL, 'm140829_000001_single_title_formats', '2017-02-27 15:05:16', '2017-02-27 15:05:16', '2017-02-27 15:05:16', 'c07498e6-4753-44b6-b4bd-404316f05c5a'),
 ('6', NULL, 'm140831_000001_extended_cache_keys', '2017-02-27 15:05:16', '2017-02-27 15:05:16', '2017-02-27 15:05:16', '79fd73b6-e168-436f-88e4-e5949fd7eb9b'),
 ('7', NULL, 'm140922_000001_delete_orphaned_matrix_blocks', '2017-02-27 15:05:16', '2017-02-27 15:05:16', '2017-02-27 15:05:16', '4089233f-4126-4440-973f-08c42d798263'),
 ('8', NULL, 'm141008_000001_elements_index_tune', '2017-02-27 15:05:16', '2017-02-27 15:05:16', '2017-02-27 15:05:16', '5a0e2d9a-1a0d-4c7b-9d21-1b160321f9b8'),
 ('9', NULL, 'm141009_000001_assets_source_handle', '2017-02-27 15:05:16', '2017-02-27 15:05:16', '2017-02-27 15:05:16', '0974b5c7-6ea2-4e28-9a78-4555d793fe4f'),
 ('10', NULL, 'm141024_000001_field_layout_tabs', '2017-02-27 15:05:16', '2017-02-27 15:05:16', '2017-02-27 15:05:16', 'a5b3032e-1e70-47b3-a3a2-8eb6c13cd97a'),
 ('11', NULL, 'm141030_000000_plugin_schema_versions', '2017-02-27 15:05:16', '2017-02-27 15:05:16', '2017-02-27 15:05:16', '31191f5e-71a5-4344-b84a-53380e212ceb'),
 ('12', NULL, 'm141030_000001_drop_structure_move_permission', '2017-02-27 15:05:16', '2017-02-27 15:05:16', '2017-02-27 15:05:16', 'e1c53192-5068-40ad-ac83-2f2de9b62148'),
 ('13', NULL, 'm141103_000001_tag_titles', '2017-02-27 15:05:16', '2017-02-27 15:05:16', '2017-02-27 15:05:16', '979ba9e2-513f-4d88-8b7d-15de9490e776'),
 ('14', NULL, 'm141109_000001_user_status_shuffle', '2017-02-27 15:05:16', '2017-02-27 15:05:16', '2017-02-27 15:05:16', 'b59c2a06-3a13-4271-a7bd-e07b6f9443e5'),
 ('15', NULL, 'm141126_000001_user_week_start_day', '2017-02-27 15:05:16', '2017-02-27 15:05:16', '2017-02-27 15:05:16', 'cf8950f7-1933-4a86-a635-793c3092b4f7'),
 ('16', NULL, 'm150210_000001_adjust_user_photo_size', '2017-02-27 15:05:16', '2017-02-27 15:05:16', '2017-02-27 15:05:16', '674fe6f1-eba1-4f2e-8d5f-b3193516a09e'),
 ('17', NULL, 'm150724_000001_adjust_quality_settings', '2017-02-27 15:05:16', '2017-02-27 15:05:16', '2017-02-27 15:05:16', 'd6723a0e-d817-44fd-8779-15e416dc5484'),
 ('18', NULL, 'm150827_000000_element_index_settings', '2017-02-27 15:05:16', '2017-02-27 15:05:16', '2017-02-27 15:05:16', '50d527d5-026a-4be6-ab87-d1613985ed17'),
 ('19', NULL, 'm150918_000001_add_colspan_to_widgets', '2017-02-27 15:05:16', '2017-02-27 15:05:16', '2017-02-27 15:05:16', '732c1d34-080c-4fcd-b950-7161519feded'),
 ('20', NULL, 'm151007_000000_clear_asset_caches', '2017-02-27 15:05:16', '2017-02-27 15:05:16', '2017-02-27 15:05:16', '0f3acdf5-09ae-4af3-9b72-4bac032850a2'),
 ('21', NULL, 'm151109_000000_text_url_formats', '2017-02-27 15:05:16', '2017-02-27 15:05:16', '2017-02-27 15:05:16', '9258bb49-63ce-4ac8-b109-36f3603d39ce'),
 ('22', NULL, 'm151110_000000_move_logo', '2017-02-27 15:05:16', '2017-02-27 15:05:16', '2017-02-27 15:05:16', '6bc76855-04ff-42e0-aafb-9cd7191c52b9'),
 ('23', NULL, 'm151117_000000_adjust_image_widthheight', '2017-02-27 15:05:16', '2017-02-27 15:05:16', '2017-02-27 15:05:16', 'e03d0e0d-7a2f-4f6b-b2ca-65e8dd165453'),
 ('24', NULL, 'm151127_000000_clear_license_key_status', '2017-02-27 15:05:16', '2017-02-27 15:05:16', '2017-02-27 15:05:16', 'b2d01232-e17c-47c1-9cab-2548c0f841f5'),
 ('25', NULL, 'm151127_000000_plugin_license_keys', '2017-02-27 15:05:16', '2017-02-27 15:05:16', '2017-02-27 15:05:16', 'd1da24b6-c3be-490e-a62c-e1e5a7c5b825'),
 ('26', NULL, 'm151130_000000_update_pt_widget_feeds', '2017-02-27 15:05:16', '2017-02-27 15:05:16', '2017-02-27 15:05:16', '5eaf5512-ad17-487d-98c2-87a866a8aeed'),
 ('27', NULL, 'm160114_000000_asset_sources_public_url_default_true', '2017-02-27 15:05:16', '2017-02-27 15:05:16', '2017-02-27 15:05:16', 'b61b0223-b125-44b7-a404-65812124c093'),
 ('28', NULL, 'm160223_000000_sortorder_to_smallint', '2017-02-27 15:05:16', '2017-02-27 15:05:16', '2017-02-27 15:05:16', '3bfc751e-8587-4e74-a240-763a0bf6745f'),
 ('29', NULL, 'm160229_000000_set_default_entry_statuses', '2017-02-27 15:05:16', '2017-02-27 15:05:16', '2017-02-27 15:05:16', '5995db8c-a2e1-411e-8582-83610089dcd4'),
 ('30', NULL, 'm160304_000000_client_permissions', '2017-02-27 15:05:16', '2017-02-27 15:05:16', '2017-02-27 15:05:16', 'b0d6d9cd-f627-4811-a1b5-f82946407c80'),
 ('31', NULL, 'm160322_000000_asset_filesize', '2017-02-27 15:05:16', '2017-02-27 15:05:16', '2017-02-27 15:05:16', '06498023-7f1c-4765-a44c-ee0bc7d4fb69'),
 ('32', NULL, 'm160503_000000_orphaned_fieldlayouts', '2017-02-27 15:05:16', '2017-02-27 15:05:16', '2017-02-27 15:05:16', '72394e32-d355-4ceb-8087-ce9fc66cd7a4'),
 ('33', NULL, 'm160510_000000_tasksettings', '2017-02-27 15:05:16', '2017-02-27 15:05:16', '2017-02-27 15:05:16', '1b07d0b1-bdf0-470a-b117-e300af0309e7'),
 ('34', NULL, 'm160829_000000_pending_user_content_cleanup', '2017-02-27 15:05:16', '2017-02-27 15:05:16', '2017-02-27 15:05:16', 'a137db9f-c654-4fbb-aca9-90a97357b94c'),
 ('35', NULL, 'm160830_000000_asset_index_uri_increase', '2017-02-27 15:05:16', '2017-02-27 15:05:16', '2017-02-27 15:05:16', 'ed7c6553-7e38-4d7c-8a5f-3bd1c70974f4'),
 ('36', NULL, 'm160919_000000_usergroup_handle_title_unique', '2017-02-27 15:05:16', '2017-02-27 15:05:16', '2017-02-27 15:05:16', '6838646e-8350-4e66-9c86-883a594ac43b'),
 ('37', NULL, 'm161108_000000_new_version_format', '2017-02-27 15:05:16', '2017-02-27 15:05:16', '2017-02-27 15:05:16', 'df465281-7c37-4add-8e18-cce974a60f7a'),
 ('38', NULL, 'm161109_000000_index_shuffle', '2017-02-27 15:05:16', '2017-02-27 15:05:16', '2017-02-27 15:05:16', '3963818d-acd8-4284-bb05-10e6ac9710e0'),
 ('39', '1', 'm150901_144609_superTable_fixForContentTables', '2017-02-27 15:38:30', '2017-02-27 15:38:30', '2017-02-27 15:38:30', '36fccf42-8a75-42c0-b05c-d2b822602337'),
 ('40', '5', 'm150314_144609_cpNav_addUrlSupport', '2017-03-27 14:44:42', '2017-03-27 14:44:42', '2017-03-27 14:44:42', '07aaff3d-8565-4b8d-85aa-7b4ede599ce8'),
 ('41', '5', 'm150314_144610_cpNav_addPrevUrlSupport', '2017-03-27 14:44:42', '2017-03-27 14:44:42', '2017-03-27 14:44:42', '6678811b-9dd0-4866-a079-22a83cb0cc71'),
 ('42', '5', 'm150314_144611_cpNav_addManualNavItemSupport', '2017-03-27 14:44:42', '2017-03-27 14:44:42', '2017-03-27 14:44:42', 'd05cbf68-2467-499e-b70a-b25daeca523c'),
 ('43', '5', 'm150314_144615_cpNav_layouts', '2017-03-27 14:44:42', '2017-03-27 14:44:42', '2017-03-27 14:44:42', 'dfce7b18-60dd-4f26-9fd2-bb1d9ee0384e'),
 ('44', '5', 'm150321_144616_cpNav_newWindow', '2017-03-27 14:44:42', '2017-03-27 14:44:42', '2017-03-27 14:44:42', '2bb226cf-9ae0-4a50-8593-332beb927b38'),
 ('45', '5', 'm151126_144611_cpNav_addIconSupport', '2017-03-27 14:44:42', '2017-03-27 14:44:42', '2017-03-27 14:44:42', '1bb5a38b-a633-4a86-bd50-254acae82716'),
 ('46', '5', 'm151224_144611_cpNav_populateIcons', '2017-03-27 14:44:42', '2017-03-27 14:44:42', '2017-03-27 14:44:42', '1a5a558b-6424-4e7b-902e-70de21099086'),
 ('47', '5', 'm160625_000000_cpNav_addCustomIconSupport', '2017-03-27 14:44:42', '2017-03-27 14:44:42', '2017-03-27 14:44:42', '978c4911-4df4-4612-8c75-a17430e8a9ed'),
 ('48', NULL, 'm170612_000000_route_index_shuffle', '2017-07-24 14:21:01', '2017-07-24 14:21:01', '2017-07-24 14:21:01', 'e7311b4f-dd7c-499e-b3df-3eede7f7a543');



DROP TABLE IF EXISTS `craft_plugins`;


--
-- Schema for table `craft_plugins`
--
CREATE TABLE `craft_plugins` (
  `id` int(11) NOT NULL AUTO_INCREMENT,
  `class` varchar(150) COLLATE utf8_unicode_ci NOT NULL,
  `version` varchar(15) COLLATE utf8_unicode_ci NOT NULL,
  `schemaVersion` varchar(15) COLLATE utf8_unicode_ci DEFAULT NULL,
  `licenseKey` char(24) COLLATE utf8_unicode_ci DEFAULT NULL,
  `licenseKeyStatus` enum('valid','invalid','mismatched','unknown') COLLATE utf8_unicode_ci NOT NULL DEFAULT 'unknown',
  `enabled` tinyint(1) unsigned NOT NULL DEFAULT '0',
  `settings` text COLLATE utf8_unicode_ci,
  `installDate` datetime NOT NULL,
  `dateCreated` datetime NOT NULL,
  `dateUpdated` datetime NOT NULL,
  `uid` char(36) COLLATE utf8_unicode_ci NOT NULL DEFAULT '0',
  PRIMARY KEY (`id`)
) ENGINE=InnoDB AUTO_INCREMENT=7 DEFAULT CHARSET=utf8 COLLATE=utf8_unicode_ci;

--
-- Data for table `craft_plugins`
--

INSERT INTO `craft_plugins` (`id`, `class`, `version`, `schemaVersion`, `licenseKey`, `licenseKeyStatus`, `enabled`, `settings`, `installDate`, `dateCreated`, `dateUpdated`, `uid`) VALUES
 ('1', 'SuperTable', '1.0.5', '1.0.0', NULL, 'unknown', '1', NULL, '2017-02-27 15:38:30', '2017-02-27 15:38:30', '2017-07-26 08:59:56', 'caec276f-29bf-445a-89dc-7582c58f7a86'),
 ('2', 'TableMaker', '1.0', NULL, NULL, 'unknown', '1', NULL, '2017-03-01 10:37:38', '2017-03-01 10:37:38', '2017-07-26 08:59:56', 'abb1b925-12d9-4c8e-9bf6-b0a2ddcb331c'),
 ('3', 'Printmaker', '1.1.0', '0.0.0.0', NULL, 'unknown', '1', NULL, '2017-03-01 11:12:56', '2017-03-01 11:12:56', '2017-07-26 08:59:56', 'ddcc5789-e055-44b9-8187-a8358a62f8c7'),
 ('4', 'Hacksaw', '1.1.2', NULL, NULL, 'unknown', '1', NULL, '2017-03-24 09:14:57', '2017-03-24 09:14:57', '2017-07-26 08:59:56', '01f7a673-68f6-4552-9a04-a7ff37569c55'),
 ('5', 'CpNav', '1.7.7', '1.1.0', NULL, 'unknown', '1', NULL, '2017-03-27 14:44:42', '2017-03-27 14:44:42', '2017-07-26 08:59:56', '3cd7c4fb-1fce-4613-9f76-e245464ebd6d'),
 ('6', 'FieldManager', '1.5.3', '1.0.0', NULL, 'unknown', '1', NULL, '2017-07-24 14:27:40', '2017-07-24 14:27:40', '2017-07-26 08:59:56', 'adf61412-625b-4232-a0f5-7754d339d4e3');



DROP TABLE IF EXISTS `craft_rackspaceaccess`;


--
-- Schema for table `craft_rackspaceaccess`
--
CREATE TABLE `craft_rackspaceaccess` (
  `id` int(11) NOT NULL AUTO_INCREMENT,
  `connectionKey` varchar(255) COLLATE utf8_unicode_ci NOT NULL,
  `token` varchar(255) COLLATE utf8_unicode_ci NOT NULL,
  `storageUrl` varchar(255) COLLATE utf8_unicode_ci NOT NULL,
  `cdnUrl` varchar(255) COLLATE utf8_unicode_ci NOT NULL,
  `dateCreated` datetime NOT NULL,
  `dateUpdated` datetime NOT NULL,
  `uid` char(36) COLLATE utf8_unicode_ci NOT NULL DEFAULT '0',
  PRIMARY KEY (`id`),
  UNIQUE KEY `craft_rackspaceaccess_connectionKey_unq_idx` (`connectionKey`)
) ENGINE=InnoDB DEFAULT CHARSET=utf8 COLLATE=utf8_unicode_ci;

DROP TABLE IF EXISTS `craft_relations`;


--
-- Schema for table `craft_relations`
--
CREATE TABLE `craft_relations` (
  `id` int(11) NOT NULL AUTO_INCREMENT,
  `fieldId` int(11) NOT NULL,
  `sourceId` int(11) NOT NULL,
  `sourceLocale` char(12) COLLATE utf8_unicode_ci DEFAULT NULL,
  `targetId` int(11) NOT NULL,
  `sortOrder` smallint(6) DEFAULT NULL,
  `dateCreated` datetime NOT NULL,
  `dateUpdated` datetime NOT NULL,
  `uid` char(36) COLLATE utf8_unicode_ci NOT NULL DEFAULT '0',
  PRIMARY KEY (`id`),
  UNIQUE KEY `craft_relations_fieldId_sourceId_sourceLocale_targetId_unq_idx` (`fieldId`,`sourceId`,`sourceLocale`,`targetId`),
  KEY `craft_relations_sourceId_fk` (`sourceId`),
  KEY `craft_relations_sourceLocale_fk` (`sourceLocale`),
  KEY `craft_relations_targetId_fk` (`targetId`)
) ENGINE=InnoDB AUTO_INCREMENT=261 DEFAULT CHARSET=utf8 COLLATE=utf8_unicode_ci;

--
-- Data for table `craft_relations`
--

INSERT INTO `craft_relations` (`id`, `fieldId`, `sourceId`, `sourceLocale`, `targetId`, `sortOrder`, `dateCreated`, `dateUpdated`, `uid`) VALUES
 ('38', '24', '2', NULL, '58', '1', '2017-03-02 17:00:07', '2017-03-02 17:00:07', '9f8bddb7-375a-46c3-af92-64d694f7ea07'),
 ('61', '18', '34', NULL, '54', '1', '2017-03-07 17:19:18', '2017-03-07 17:19:18', 'c58298ed-32a2-4eeb-8a60-c6c185c89fa2'),
 ('103', '18', '27', NULL, '53', '1', '2017-03-24 11:49:15', '2017-03-24 11:49:15', 'd14ab09e-d639-4a6f-b114-c752d9760b49'),
 ('106', '18', '22', NULL, '54', '1', '2017-03-24 11:50:58', '2017-03-24 11:50:58', '37698a2c-cd49-440e-80b4-9a8b4f188726'),
 ('107', '18', '31', NULL, '54', '1', '2017-03-24 11:51:45', '2017-03-24 11:51:45', '8a1255d6-712b-4071-a18c-b72491705fbe'),
 ('108', '18', '30', NULL, '53', '1', '2017-03-24 11:52:18', '2017-03-24 11:52:18', '52f9e1db-b839-4b98-9be2-7c67ded3bccc'),
 ('109', '18', '32', NULL, '54', '1', '2017-03-24 11:52:44', '2017-03-24 11:52:44', '02468f72-9a89-4a68-8f18-5619fddac396'),
 ('110', '18', '33', NULL, '53', '1', '2017-03-24 11:53:11', '2017-03-24 11:53:11', '9efe6471-9921-48b9-92fa-b230ffd02e5a'),
 ('111', '18', '35', NULL, '54', '1', '2017-03-24 11:53:44', '2017-03-24 11:53:44', '42e10811-d5f9-446a-aadb-2d555a607ad9'),
 ('132', '25', '20', NULL, '59', '1', '2017-03-27 14:32:13', '2017-03-27 14:32:13', '77cebf25-345b-49c7-a479-113ab638966c'),
 ('146', '33', '7', NULL, '27', '1', '2017-05-10 15:47:40', '2017-05-10 15:47:40', '007e058d-1070-48f3-a6b3-7101bf9d87dc'),
 ('147', '33', '7', NULL, '18', '2', '2017-05-10 15:47:40', '2017-05-10 15:47:40', '9cee54c8-a0f5-458c-8c79-727536b8759b'),
 ('170', '33', '4', NULL, '18', '1', '2017-07-24 16:20:00', '2017-07-24 16:20:00', '47fa4539-8dad-4250-8922-ac18cf884835'),
 ('171', '33', '4', NULL, '24', '2', '2017-07-24 16:20:00', '2017-07-24 16:20:00', '9b39dff3-10fa-4678-ae02-fd07dab9016f'),
 ('172', '33', '4', NULL, '25', '3', '2017-07-24 16:20:00', '2017-07-24 16:20:00', 'e897003b-edee-4bf2-acb1-a983d643576f'),
 ('173', '25', '17', NULL, '59', '1', '2017-07-24 16:29:19', '2017-07-24 16:29:19', 'a8347b5e-c747-4b91-b78c-ac21bcdca56c'),
 ('186', '33', '5', NULL, '24', '1', '2017-07-24 16:36:34', '2017-07-24 16:36:34', 'c507d830-f8b2-4cc1-adc9-e3b536553fcc'),
 ('187', '33', '5', NULL, '22', '2', '2017-07-24 16:36:34', '2017-07-24 16:36:34', '4cb09673-e75e-4a95-badd-ab13064caf9b'),
 ('188', '33', '5', NULL, '18', '3', '2017-07-24 16:36:34', '2017-07-24 16:36:34', '5a842cf4-8c08-4004-bde2-befba070edc9'),
 ('189', '33', '5', NULL, '23', '4', '2017-07-24 16:36:34', '2017-07-24 16:36:34', 'edb24a3f-8907-448a-9164-ec4b363ef246'),
 ('190', '19', '110', NULL, '117', '1', '2017-07-25 09:36:30', '2017-07-25 09:36:30', 'e05d5efb-313a-4042-b0b8-42994913145d'),
 ('191', '19', '111', NULL, '114', '1', '2017-07-25 09:36:44', '2017-07-25 09:36:44', '12e48c02-dc7a-4a55-a9f2-1c2e48ad91d6'),
 ('192', '19', '112', NULL, '116', '1', '2017-07-25 09:36:55', '2017-07-25 09:36:55', 'ec90f7a9-d49c-4c07-b7a4-1d9f949ae249'),
 ('193', '19', '113', NULL, '115', '1', '2017-07-25 09:37:05', '2017-07-25 09:37:05', 'f9a46c1a-e67a-4b27-a0f1-8a5da9dcd993'),
 ('196', '25', '19', NULL, '60', '1', '2017-07-25 09:40:54', '2017-07-25 09:40:54', 'd9cffb9b-ec64-42be-a5ee-f7f8e041eb42'),
 ('216', '34', '18', NULL, '4', '1', '2017-07-25 09:57:05', '2017-07-25 09:57:05', '72294ebc-e1ef-4a24-a7b9-92a5187e069c'),
 ('217', '34', '18', NULL, '6', '2', '2017-07-25 09:57:05', '2017-07-25 09:57:05', 'a1601ce8-7bed-4c62-beb2-6a4369ebb2b8'),
 ('218', '18', '18', NULL, '53', '1', '2017-07-25 09:57:05', '2017-07-25 09:57:05', '58e95d8b-c113-44fe-8d73-fedf199871d4'),
 ('219', '19', '18', NULL, '55', '1', '2017-07-25 09:57:05', '2017-07-25 09:57:05', 'b80aad55-39e5-416b-8e82-1ae274ce7d4e'),
 ('220', '19', '18', NULL, '56', '2', '2017-07-25 09:57:05', '2017-07-25 09:57:05', 'adfe6b9a-cc33-47a7-8e6d-f6e156e413c6'),
 ('221', '25', '21', NULL, '60', '1', '2017-07-25 09:58:01', '2017-07-25 09:58:01', '318f67c0-6133-4316-b8ef-1d4837d7ac80'),
 ('228', '18', '24', NULL, '54', '1', '2017-07-25 14:12:42', '2017-07-25 14:12:42', 'b0c60468-e2fa-4c33-8903-2a1060c054cd'),
 ('229', '19', '24', NULL, '125', '1', '2017-07-25 14:12:42', '2017-07-25 14:12:42', 'a96693fe-62da-4327-be20-375dddab135b'),
 ('230', '19', '24', NULL, '126', '2', '2017-07-25 14:12:42', '2017-07-25 14:12:42', '12e9e531-ae0b-4a30-8d8d-637653262aec'),
 ('231', '18', '25', NULL, '53', '1', '2017-07-25 14:12:54', '2017-07-25 14:12:54', 'ed24a32c-0283-4b25-bc35-af82d25c6631'),
 ('232', '19', '25', NULL, '127', '1', '2017-07-25 14:12:54', '2017-07-25 14:12:54', '155a0269-ec34-4677-8ba3-b9b80f0ddb3c'),
 ('233', '19', '25', NULL, '128', '2', '2017-07-25 14:12:54', '2017-07-25 14:12:54', 'b99e251b-9e74-496a-864e-9f69099a5e40'),
 ('234', '18', '23', NULL, '53', '1', '2017-07-25 14:29:03', '2017-07-25 14:29:03', '577c4fc5-258b-4746-82a7-59d6292a1457'),
 ('236', '18', '28', NULL, '54', '1', '2017-07-25 14:36:55', '2017-07-25 14:36:55', 'e7ad640a-f2ec-4dd4-a671-a8b9f2a5d7b2'),
 ('260', '39', '137', NULL, '125', '1', '2017-07-25 16:11:39', '2017-07-25 16:11:39', 'b829b20d-234d-4b37-9746-d15f83ca108d');



DROP TABLE IF EXISTS `craft_routes`;


--
-- Schema for table `craft_routes`
--
CREATE TABLE `craft_routes` (
  `id` int(11) NOT NULL AUTO_INCREMENT,
  `locale` char(12) COLLATE utf8_unicode_ci DEFAULT NULL,
  `urlParts` varchar(255) COLLATE utf8_unicode_ci NOT NULL,
  `urlPattern` varchar(255) COLLATE utf8_unicode_ci NOT NULL,
  `template` varchar(255) COLLATE utf8_unicode_ci NOT NULL,
  `sortOrder` smallint(6) unsigned DEFAULT NULL,
  `dateCreated` datetime NOT NULL,
  `dateUpdated` datetime NOT NULL,
  `uid` char(36) COLLATE utf8_unicode_ci NOT NULL DEFAULT '0',
  PRIMARY KEY (`id`),
  KEY `craft_routes_locale_idx` (`locale`),
  KEY `craft_routes_urlPattern_idx` (`urlPattern`)
) ENGINE=InnoDB DEFAULT CHARSET=utf8 COLLATE=utf8_unicode_ci;

DROP TABLE IF EXISTS `craft_searchindex`;


--
-- Schema for table `craft_searchindex`
--
CREATE TABLE `craft_searchindex` (
  `elementId` int(11) NOT NULL,
  `attribute` varchar(25) COLLATE utf8_unicode_ci NOT NULL,
  `fieldId` int(11) NOT NULL,
  `locale` char(12) COLLATE utf8_unicode_ci NOT NULL,
  `keywords` text COLLATE utf8_unicode_ci NOT NULL,
  PRIMARY KEY (`elementId`,`attribute`,`fieldId`,`locale`),
  FULLTEXT KEY `craft_searchindex_keywords_idx` (`keywords`)
) ENGINE=MyISAM DEFAULT CHARSET=utf8 COLLATE=utf8_unicode_ci;

--
-- Data for table `craft_searchindex`
--

INSERT INTO `craft_searchindex` (`elementId`, `attribute`, `fieldId`, `locale`, `keywords`) VALUES
 ('1', 'username', '0', 'en', ' admin '),
 ('1', 'firstname', '0', 'en', ''),
 ('1', 'lastname', '0', 'en', ''),
 ('1', 'fullname', '0', 'en', ''),
 ('1', 'email', '0', 'en', ' wearemechanised gmail com '),
 ('1', 'slug', '0', 'en', ''),
 ('2', 'slug', '0', 'en', ' homepage '),
 ('2', 'title', '0', 'en', ' welcome to victoriafans '),
 ('2', 'field', '1', 'en', ' it s true this site doesn t have a whole lot of content yet but don t worry our web developers have just installed the cms and they re setting things up for the content editors this very moment soon victoriafans will be an oasis of fresh perspectives sharp analyses and astute opinions that will keep you coming back again and again '),
 ('96', 'lastname', '0', 'en', ''),
 ('96', 'fullname', '0', 'en', ''),
 ('96', 'email', '0', 'en', ' roy victoriafans co uk '),
 ('96', 'slug', '0', 'en', ''),
 ('137', 'field', '39', 'en', ' long 1 '),
 ('137', 'slug', '0', 'en', ''),
 ('138', 'field', '38', 'en', ''),
 ('138', 'slug', '0', 'en', ''),
 ('96', 'firstname', '0', 'en', ''),
 ('96', 'username', '0', 'en', ' victoriafans '),
 ('4', 'slug', '0', 'en', ' warm air extraction '),
 ('4', 'title', '0', 'en', ' general ventilation '),
 ('5', 'slug', '0', 'en', ' fume control '),
 ('5', 'title', '0', 'en', ' fume control '),
 ('6', 'slug', '0', 'en', ' emergency smoke extraction '),
 ('6', 'title', '0', 'en', ' emergency smoke extraction '),
 ('7', 'slug', '0', 'en', ' roof extract fans '),
 ('7', 'title', '0', 'en', ' roof extract fans '),
 ('16', 'field', '5', 'en', ''),
 ('20', 'field', '3', 'en', ' praesent non elit nec sem interdum suscipit quis imperdiet felis praesent nulla ligula consectetur sit amet tortor commodo tristique viverra ex pellentesque laoreet erat sit amet sagittis tempor '),
 ('20', 'slug', '0', 'en', ' centrifugal fans '),
 ('19', 'title', '0', 'en', ' bifurcated fans '),
 ('19', 'slug', '0', 'en', ' bifurcated fans '),
 ('19', 'field', '7', 'en', ' for the foodstuffs and chemical industries these fans can be constructed from stainless steel of aluminium at competitive cost '),
 ('19', 'field', '4', 'en', ' uses for exhausting hot gasses paint fumes excluding cellulose steam smoke and dust laden air available in diameters 250 1250mm fan type nt normal temperature upto 80 c 176 f constructed in mild steel with a polypropylene impeller and class f insulation motor special corrosion resistant finishes available standard finish galvanised fan type ht high temperature upto 200 c 392 f constructed in mild steel with an aluminium impeller and class f insulation motor special corrosion resistant finishes available standard finish galvanised motors standard three or single phase motors can be fitted along with atex zone 1 or 2 and company specification units when required plastic fans this range of fans can also be constructed from rigid pvc sheet reinforced with fibreglass and suitable for a wide fans of uses in the chemical industry and in the extraction of acid fumes from industrial processes dimensions and performance data as for normal bifurcated fans for exhausting hot gasses chemical vapours steam and moisture laden air available in diameters 250 1000mm max temp 60 c stainless steel fan type 304 ideal for use in the catering industry for air temperature upto 80 c 176 f for exhausting warm air and steam constructed throughout in stainless steel with a polypropylene impeller and class f standard motor with a stainless steel extended shaft stainless steel fan type 316 uses mainly in the chemical and allied trades suitable for most acid vapours upto 80 c 176 f constructed throughout in stainless steel with a polypropylene impeller and class f standard motor with a stainless steel extended shaft extra features available mounting feetflexible connectionsav mountingsmating flangesinlet conesguardsback draught shuttersspecial paint finishes finish standard fans galvanisedoptional finishes epoxy resin metal spraying '),
 ('18', 'title', '0', 'en', ' plate mounted axial '),
 ('18', 'slug', '0', 'en', ' plate mounted axial flow fan '),
 ('16', 'field', '6', 'en', ''),
 ('16', 'slug', '0', 'en', ''),
 ('18', 'field', '3', 'en', ' this is all about the plate mounted axial fan '),
 ('17', 'field', '4', 'en', ' arrangement direct driven single or multi stage fans suitable for vertical or horizontal mounting staging of axial flow fans by running two long cased fans in series with contra rotating impellers it is possible to achieve up to three times the pressure of a single stage fan of equal diameter and speed long cased type in this instance the casing covers the entire length of the motor and impeller and an inspection door is provided essentially for duct mounting where flanges are bolted back and front short cased type the casing covers the impeller track and a portion of the motor projects beyond the end of the flange best installed at the end of a duct or on air conditioning equipment motors in most instances foot mounted tefc iec 600034 1 electric motors are fitted with metric dimensions the motors are selected to cover the peak power absorbed for fan blade pitch angle and speed most standard motors have class f insulation and are suitable for operating at temperatures of up to 50 c 122 f higher temperatures available if required the standard voltages are 220 230 380 380 240 215 and 460 motors can be wound for any voltage and frequency and also for dual voltage the use of standard foot mounted motors of this type guarantees inter changeability in most countries of the world with machines of similar speed kw inverter controlled flameproof single phase 2 speed and company specification motors can always be obtained standard impellers 250 1250mm dia impellers have aerofoil section polypropylene blades fitted into a die cast aluminium hub five different blade angles are available and each blade is individually replaceable in the event of breakage aluminium blades are also available in selected angles special impellers 250 2000mm dia impellers have aerofoil variable pitch aluminium blades fixed into a die cast aluminium hub fractional solidity impellers all sizes of impellers can supplied with varying number of blades to suit the application this has the effect of reducing the static capability of the fan whilst retaining a high efficiency example of coding a typical example of coding is 630 9 35 indicating 630 diameter in mm9 number of blades35 blade angle in degrees extra features available mounting feet flexible connections av mountings mating flanges inlet cones guards back draught shutters special paint finishes external terminal box finish standard fans galvanisedoptional finishes epoxy resin metal spraying '),
 ('17', 'field', '7', 'en', ' all long and short cased fans can be supplied with 304 or 316 stainless steel casings '),
 ('17', 'slug', '0', 'en', ' axial flow fans '),
 ('17', 'title', '0', 'en', ' axial flow fans '),
 ('18', 'field', '9', 'en', ' plate mounted axial '),
 ('20', 'title', '0', 'en', ' centrifugal fans '),
 ('21', 'field', '4', 'en', ''),
 ('21', 'field', '7', 'en', ''),
 ('21', 'slug', '0', 'en', ' flameproof fans '),
 ('21', 'title', '0', 'en', ' flameproof fans exd zone 1 2 '),
 ('20', 'field', '4', 'en', ' applications engineers must consider the use of centrifugal fans instead of axial fans for some of the following reasons high temperaturelow noise levelsdust fume extracthigh static watergauge types of centrifugal fans there are different types of centrifugal fans covering air volumes from 85 to 100 000m hr and from 25 to 15 000 pa each application requires a fan with different characteristics whether it be the blade design the width of the casing or even the method of drive by way of a guide as to which is the best fan for certain projects we list below information that might assist the potential user paddle blade fans this type of fan is used for the conveying of dust wood and paper refuse cotton fly etc since the blade design prevents build up of waste materials discharge velocities vary dependent upon what is being conveyed in the air stream normally in the region of 7 20 mtrs sec multivane or forward curved fans used for general ventilation purposes not good for dust etc limited pressure characteristics normal discharge velocities 5 13 mts sec backward curved or backward sloping fans non overloading power characteristics suitable for very light dust applications eg clean side of dust collector where a good efficiency is required used for high pressure ventilation systems or where the system resistance could fluctuate normal velocities 9 16 mts sec aerofoil fans the most efficient of all centrifugals fans ideally suited to general ventilation projects where there is no possibility of dust contamination recommend for high pressure ventilation systems or where the system resistance could fluctuate normal discharge velocities 7 15 mts sec high pressure blowers as their name suggests these fans are applied where the requirement is for high velocities eg air curtains refuse conveying etc normal discharge velocities 15 30 mts sec '),
 ('20', 'field', '7', 'en', ' since forward curved and paddle blade fans have overloading power characteristics it is important that the static selection pressure is achieved any reduction in the requirements could easily overload the motor '),
 ('22', 'field', '3', 'en', ''),
 ('22', 'slug', '0', 'en', ' conical bifurcated fans '),
 ('22', 'title', '0', 'en', ' conical bifurcated '),
 ('23', 'field', '3', 'en', ''),
 ('23', 'slug', '0', 'en', ' cylindrical bifurcated fans '),
 ('23', 'title', '0', 'en', ' cylindrical bifurcated '),
 ('24', 'field', '3', 'en', ''),
 ('24', 'slug', '0', 'en', ' long cased axial flow fans '),
 ('24', 'title', '0', 'en', ' long cased axial '),
 ('25', 'field', '3', 'en', ''),
 ('25', 'slug', '0', 'en', ' short cased axial flow fans '),
 ('25', 'title', '0', 'en', ' short cased axial '),
 ('27', 'field', '3', 'en', ''),
 ('27', 'slug', '0', 'en', ' roof extract axial flow fans '),
 ('27', 'title', '0', 'en', ' roof extract axial '),
 ('28', 'field', '3', 'en', ' this range of fans are used to provide ventilation in factories or confined spaces where a fixed installation would not provide enough flexibility these fans are useful in welding and paint fume exhausts grain and hay drying brick cooling steel billet cooling and ships hold ventilation flexible or canvas hose can be fitted to the inlet of the fan to give point extract from remote locations '),
 ('28', 'slug', '0', 'en', ' man cooler axial flow fans '),
 ('28', 'title', '0', 'en', ' man cooler axial '),
 ('30', 'field', '3', 'en', ''),
 ('30', 'slug', '0', 'en', ' high pressure blowers '),
 ('30', 'title', '0', 'en', ' high pressure centrifugal blowers '),
 ('31', 'field', '3', 'en', ''),
 ('31', 'slug', '0', 'en', ' product specification 1 '),
 ('31', 'title', '0', 'en', ' plate mounted axial '),
 ('32', 'field', '3', 'en', ''),
 ('32', 'slug', '0', 'en', ' paddle bladed '),
 ('32', 'title', '0', 'en', ' paddle bladed centrifugal fans '),
 ('33', 'field', '3', 'en', ''),
 ('33', 'slug', '0', 'en', ' forward curved '),
 ('33', 'title', '0', 'en', ' forward curved centrifugal fans '),
 ('34', 'field', '3', 'en', ''),
 ('34', 'slug', '0', 'en', ' backward curved centrifugal fans '),
 ('34', 'title', '0', 'en', ' backward curved centrifugal fans '),
 ('35', 'field', '3', 'en', ''),
 ('35', 'slug', '0', 'en', ' aerofoil centrifugal fans '),
 ('35', 'title', '0', 'en', ' aerofoil centrifugal fans '),
 ('18', 'field', '10', 'en', ' warm air extraction roof extract fans '),
 ('17', 'field', '3', 'en', ' our axial fans can be supplied as both cased and plate mounted versions these fans are suitable for most applications including general ventilation for large medium and small industrial spaces the size of space and purpose will determine which variant and size of fan is most appropriate to your specific requirement our experts are on hand to assist you with choosing the correct fan '),
 ('19', 'field', '3', 'en', ' bifurcated fans are used to exhaust a wide variety of hot gases paint fumes smoke steam and dust in suspension '),
 ('21', 'field', '3', 'en', ' morbi quis pulvinar nisi proin et magna enim donec quis mi vitae diam fringilla placerat et hendrerit massa vestibulum sit amet urna posuere diam lacinia egestas '),
 ('22', 'field', '10', 'en', ' warm air extraction fume control emergency smoke extraction '),
 ('23', 'field', '10', 'en', ' warm air extraction fume control emergency smoke extraction '),
 ('24', 'field', '10', 'en', ''),
 ('25', 'field', '10', 'en', ''),
 ('27', 'field', '10', 'en', ''),
 ('28', 'field', '10', 'en', ''),
 ('30', 'field', '10', 'en', ''),
 ('31', 'field', '10', 'en', ''),
 ('32', 'field', '10', 'en', '');
INSERT INTO `craft_searchindex` (`elementId`, `attribute`, `fieldId`, `locale`, `keywords`) VALUES
 ('33', 'field', '10', 'en', ''),
 ('34', 'field', '10', 'en', ' warm air extraction '),
 ('35', 'field', '10', 'en', ''),
 ('64', 'field', '5', 'en', ' example of coding '),
 ('64', 'field', '6', 'en', ' a typical example of coding is 630 9 35 indicating 630 diameter in mm9 number of blades35 blade angle in degrees '),
 ('64', 'slug', '0', 'en', ''),
 ('65', 'field', '5', 'en', ' extra features available '),
 ('65', 'field', '6', 'en', ' mounting feet flexible connections av mountings mating flanges inlet cones guards back draught shutters special paint finishes external terminal box '),
 ('65', 'slug', '0', 'en', ''),
 ('66', 'field', '5', 'en', ' finish '),
 ('36', 'field', '5', 'en', ' arrangement '),
 ('36', 'field', '6', 'en', ' direct driven single or multi stage fans suitable for vertical or horizontal mounting '),
 ('72', 'field', '5', 'en', ' stainless steel fan type 304 '),
 ('72', 'field', '6', 'en', ' ideal for use in the catering industry for air temperature upto 80 c 176 f for exhausting warm air and steam constructed throughout in stainless steel with a polypropylene impeller and class f standard motor with a stainless steel extended shaft '),
 ('72', 'slug', '0', 'en', ''),
 ('73', 'field', '5', 'en', ' stainless steel fan type 316 '),
 ('36', 'slug', '0', 'en', ''),
 ('37', 'field', '5', 'en', ' staging of axial flow fans '),
 ('37', 'field', '6', 'en', ' by running two long cased fans in series with contra rotating impellers it is possible to achieve up to three times the pressure of a single stage fan of equal diameter and speed '),
 ('70', 'slug', '0', 'en', ''),
 ('71', 'field', '5', 'en', ' plastic fans '),
 ('71', 'field', '6', 'en', ' this range of fans can also be constructed from rigid pvc sheet reinforced with fibreglass and suitable for a wide fans of uses in the chemical industry and in the extraction of acid fumes from industrial processes dimensions and performance data as for normal bifurcated fans for exhausting hot gasses chemical vapours steam and moisture laden air available in diameters 250 1000mm max temp 60 c '),
 ('71', 'slug', '0', 'en', ''),
 ('37', 'slug', '0', 'en', ''),
 ('38', 'field', '5', 'en', ' long cased type '),
 ('38', 'field', '6', 'en', ' in this instance the casing covers the entire length of the motor and impeller and an inspection door is provided essentially for duct mounting where flanges are bolted back and front '),
 ('63', 'slug', '0', 'en', ''),
 ('38', 'slug', '0', 'en', ''),
 ('68', 'slug', '0', 'en', ''),
 ('69', 'field', '5', 'en', ' fan type ht '),
 ('69', 'field', '6', 'en', ' high temperature upto 200 c 392 f constructed in mild steel with an aluminium impeller and class f insulation motor special corrosion resistant finishes available standard finish galvanised '),
 ('69', 'slug', '0', 'en', ''),
 ('70', 'field', '5', 'en', ' motors '),
 ('70', 'field', '6', 'en', ' standard three or single phase motors can be fitted along with atex zone 1 or 2 and company specification units when required '),
 ('67', 'field', '5', 'en', ' uses '),
 ('67', 'field', '6', 'en', ' for exhausting hot gasses paint fumes excluding cellulose steam smoke and dust laden air available in diameters 250 1250mm '),
 ('67', 'slug', '0', 'en', ''),
 ('68', 'field', '5', 'en', ' fan type nt '),
 ('68', 'field', '6', 'en', ' normal temperature upto 80 c 176 f constructed in mild steel with a polypropylene impeller and class f insulation motor special corrosion resistant finishes available standard finish galvanised '),
 ('66', 'field', '6', 'en', ' standard fans galvanisedoptional finishes epoxy resin metal spraying '),
 ('66', 'slug', '0', 'en', ''),
 ('41', 'field', '5', 'en', ' short cased type '),
 ('41', 'field', '6', 'en', ' the casing covers the impeller track and a portion of the motor projects beyond the end of the flange best installed at the end of a duct or on air conditioning equipment '),
 ('41', 'slug', '0', 'en', ''),
 ('42', 'field', '5', 'en', ' motors '),
 ('42', 'field', '6', 'en', ' in most instances foot mounted tefc iec 600034 1 electric motors are fitted with metric dimensions the motors are selected to cover the peak power absorbed for fan blade pitch angle and speed most standard motors have class f insulation and are suitable for operating at temperatures of up to 50 c 122 f higher temperatures available if required the standard voltages are 220 230 380 380 240 215 and 460 motors can be wound for any voltage and frequency and also for dual voltage the use of standard foot mounted motors of this type guarantees inter changeability in most countries of the world with machines of similar speed kw inverter controlled flameproof single phase 2 speed and company specification motors can always be obtained '),
 ('42', 'slug', '0', 'en', ''),
 ('43', 'field', '5', 'en', ' standard impellers 250 1250mm dia '),
 ('43', 'field', '6', 'en', ' impellers have aerofoil section polypropylene blades fitted into a die cast aluminium hub five different blade angles are available and each blade is individually replaceable in the event of breakage aluminium blades are also available in selected angles '),
 ('63', 'field', '5', 'en', ' fractional solidity impellers '),
 ('63', 'field', '6', 'en', ' all sizes of impellers can supplied with varying number of blades to suit the application this has the effect of reducing the static capability of the fan whilst retaining a high efficiency '),
 ('43', 'slug', '0', 'en', ''),
 ('44', 'field', '5', 'en', ' special impellers 250 2000mm dia '),
 ('44', 'field', '6', 'en', ' impellers have aerofoil variable pitch aluminium blades fixed into a die cast aluminium hub '),
 ('44', 'slug', '0', 'en', ''),
 ('18', 'field', '11', 'en', ' plate mounted axial fans are designed for clean air supply and extraction of poor quality air '),
 ('18', 'field', '51', 'en', ''),
 ('18', 'field', '48', 'en', ''),
 ('24', 'field', '11', 'en', ' long cased axial mauris tristique nunc eu orci sollicitudin ultricies duis ultricies eros scelerisque bibendum viverra suspendisse volutpat sagittis pretium suspendisse porttitor faucibus quam in dapibus odio semper ac pellentesque a sapien tincidunt consequat tortor sit amet tempor magna nullam blandit vitae lectus id efficitur '),
 ('18', 'field', '18', 'en', ' pos1 '),
 ('18', 'field', '19', 'en', ' draw1 draw2 '),
 ('18', 'field', '12', 'en', ' wall or roof mounting where ducting is not required '),
 ('18', 'field', '13', 'en', ' mounting plate fabricated in steel and finished in epoxy resin 304 or 316 stainless steel available if required ​ impellers aluminium hub with polypropylene blades anti static or aluminium blades available if required motors single or 3 phase class f ip55 as standard with 2 speed zone 1 or zone 2 as optional extras '),
 ('18', 'field', '16', 'en', ' 1 this type of fan can be fitted beneath in low profile or vertical jet roof cowl as supplied by victoria fans 2 the fans may only be operated when installed as intended and when safety is ensured '),
 ('45', 'field', '14', 'en', ' mounting plate '),
 ('45', 'field', '15', 'en', ' fabricated in steel and finished in epoxy resin 304 or 316 stainless steel available if required ​ '),
 ('45', 'slug', '0', 'en', ''),
 ('46', 'field', '14', 'en', ' impellers '),
 ('46', 'field', '15', 'en', ' aluminium hub with polypropylene blades anti static or aluminium blades available if required '),
 ('46', 'slug', '0', 'en', ''),
 ('47', 'field', '14', 'en', ' motors '),
 ('47', 'field', '15', 'en', ' single or 3 phase class f ip55 as standard with 2 speed zone 1 or zone 2 as optional extras '),
 ('47', 'slug', '0', 'en', ''),
 ('48', 'field', '17', 'en', ' 1 this type of fan can be fitted beneath in low profile or vertical jet roof cowl as supplied by victoria fans 2 the fans may only be operated when installed as intended and when safety is ensured '),
 ('48', 'slug', '0', 'en', ''),
 ('4', 'field', '20', 'en', ' this is general ventilation lorem ipsum dolor sit amet consectetur adipisicing elit ipsam minus totam in explicabo voluptate quas consequatur mollitia ducimus adipisci aliquid animi vero veritatis fugit enim commodi optio itaque nisi fugit '),
 ('18', 'field', '21', 'en', ' fan size left frame left a left b left c left d left e left 250 71 370 370 330 25 10 300 71 420 420 330 25 10 315 71 435 xxx 330 25 10 350 71 500 500 330 25 10 400 71 550 550 330 25 10 450 71 600 600 330 25 10 500 80 650 650 380 25 10 560 80 710 710 380 25 10 600 80 800 800 380 25 10 630 80 800 800 380 25 10 630 90 800 800 400 25 10 710 80 900 900 375 40 12 710 90 900 900 400 40 12 fan sizeframeabcde 25071370370330251030071420420330251031571435xxx3302510350715005003302510400715505503302510450716006003302510500806506503802510560807107103802510600808008003802510630808008003802510630908008004002510710809009003754012710909009004004012 fan size left frame left a left b left c left d left e left 710 100 900 900 445 40 12 800 90 1000 1000 415 40 12 800 100 1000 1000 460 40 12 800 112 1000 1000 460 40 12 900 100 1100 1100 460 50 14 900 112 1100 1100 465 50 14 900 132 1100 1100 540 50 14 1000 100 1250 1250 460 50 14 1000 112 1250 1250 460 50 14 1000 132 1250 1250 465 50 14 fan sizeframeabcde 710100900900445401280090100010004154012800100100010004604012800112100010004604012900100110011004605014900112110011004655014900132110011005405014100010012501250460501410001121250125046050141000132125012504655014 '),
 ('49', 'field', '22', 'en', ' fan size left frame left a left b left c left d left e left 250 71 370 370 330 25 10 300 71 420 420 330 25 10 315 71 435 xxx 330 25 10 350 71 500 500 330 25 10 400 71 550 550 330 25 10 450 71 600 600 330 25 10 500 80 650 650 380 25 10 560 80 710 710 380 25 10 600 80 800 800 380 25 10 630 80 800 800 380 25 10 630 90 800 800 400 25 10 710 80 900 900 375 40 12 710 90 900 900 400 40 12 fan sizeframeabcde 25071370370330251030071420420330251031571435xxx3302510350715005003302510400715505503302510450716006003302510500806506503802510560807107103802510600808008003802510630808008003802510630908008004002510710809009003754012710909009004004012 '),
 ('49', 'slug', '0', 'en', ''),
 ('50', 'field', '22', 'en', ' fan size left frame left a left b left c left d left e left 710 100 900 900 445 40 12 800 90 1000 1000 415 40 12 800 100 1000 1000 460 40 12 800 112 1000 1000 460 40 12 900 100 1100 1100 460 50 14 900 112 1100 1100 465 50 14 900 132 1100 1100 540 50 14 1000 100 1250 1250 460 50 14 1000 112 1250 1250 460 50 14 1000 132 1250 1250 465 50 14 fan sizeframeabcde 710100900900445401280090100010004154012800100100010004604012800112100010004604012900100110011004605014900112110011004655014900132110011005405014100010012501250460501410001121250125046050141000132125012504655014 '),
 ('50', 'slug', '0', 'en', ''),
 ('56', 'filename', '0', 'en', ' draw2 jpg '),
 ('55', 'title', '0', 'en', ' draw1 '),
 ('55', 'slug', '0', 'en', ' draw1 '),
 ('55', 'kind', '0', 'en', ' image '),
 ('55', 'extension', '0', 'en', ' jpg '),
 ('55', 'filename', '0', 'en', ' draw1 jpg '),
 ('53', 'filename', '0', 'en', ' pos1 jpg '),
 ('53', 'extension', '0', 'en', ' jpg '),
 ('53', 'kind', '0', 'en', ' image '),
 ('53', 'slug', '0', 'en', ' pos1 '),
 ('53', 'title', '0', 'en', ' pos1 '),
 ('54', 'filename', '0', 'en', ' pos2 jpg '),
 ('54', 'extension', '0', 'en', ' jpg '),
 ('54', 'kind', '0', 'en', ' image '),
 ('54', 'slug', '0', 'en', ' pos2 '),
 ('54', 'title', '0', 'en', ' pos2 '),
 ('56', 'extension', '0', 'en', ' jpg '),
 ('56', 'kind', '0', 'en', ' image '),
 ('56', 'slug', '0', 'en', ' draw2 ');
INSERT INTO `craft_searchindex` (`elementId`, `attribute`, `fieldId`, `locale`, `keywords`) VALUES
 ('56', 'title', '0', 'en', ' draw2 '),
 ('57', 'slug', '0', 'en', ' product range '),
 ('57', 'title', '0', 'en', ' product range '),
 ('57', 'field', '23', 'en', ' curabitur convallis arcu a posuere viverra justo erat consequat mauris vel dapibus ex purus rhoncus erat etiam egestas purus nibh eu tincidunt nisl elementum in suspendisse potenti phasellus molestie viverra quam ut suscipit massa eleifend id orci varius natoque penatibus et magnis dis parturient montes nascetur ridiculus mus maecenas volutpat sodales pellentesque donec ullamcorper urna mauris ut semper mi sagittis vel pellentesque habitant morbi tristique senectus et netus et malesuada fames ac turpis egestas '),
 ('58', 'filename', '0', 'en', ' hero1 jpg '),
 ('58', 'extension', '0', 'en', ' jpg '),
 ('58', 'kind', '0', 'en', ' image '),
 ('58', 'slug', '0', 'en', ' hero1 '),
 ('58', 'title', '0', 'en', ' hero1 '),
 ('2', 'field', '24', 'en', ' hero1 '),
 ('59', 'filename', '0', 'en', ' pos3 jpg '),
 ('59', 'extension', '0', 'en', ' jpg '),
 ('59', 'kind', '0', 'en', ' image '),
 ('59', 'slug', '0', 'en', ' pos3 '),
 ('59', 'title', '0', 'en', ' pos3 '),
 ('60', 'filename', '0', 'en', ' pos4 jpg '),
 ('60', 'extension', '0', 'en', ' jpg '),
 ('60', 'kind', '0', 'en', ' image '),
 ('60', 'slug', '0', 'en', ' pos4 '),
 ('60', 'title', '0', 'en', ' pos4 '),
 ('17', 'field', '25', 'en', ' pos3 '),
 ('19', 'field', '25', 'en', ' pos4 '),
 ('21', 'field', '25', 'en', ' pos4 '),
 ('20', 'field', '25', 'en', ' pos3 '),
 ('23', 'field', '11', 'en', ' curabitur magna sapien consectetur eget nulla tincidunt euismod ultrices mi praesent id venenatis felis at accumsan elit vivamus bibendum ullamcorper arcu ut efficitur '),
 ('23', 'field', '18', 'en', ' pos1 '),
 ('23', 'field', '19', 'en', ''),
 ('23', 'field', '12', 'en', ''),
 ('23', 'field', '13', 'en', ''),
 ('23', 'field', '21', 'en', ' fan size left a left b left c left d left e left f left g left 500 500 584 600 8 12 544 320 560 560 644 600 12 12 604 350 630 630 714 800 12 12 674 390 710 710 794 800 12 12 754 420 800 800 908 850 12 14 858 490 900 900 1033 900 16 18 980 560 1000 1000 1133 950 16 18 1080 620 fan sizeabcdefg 50050058460081254432056056064460012126043506306307148001212674390710710794800121275442080080090885012148584909009001033900161898056010001000113395016181080620 '),
 ('23', 'field', '16', 'en', ''),
 ('24', 'field', '18', 'en', ' pos2 '),
 ('24', 'field', '19', 'en', ' long 1 long 2 '),
 ('24', 'field', '12', 'en', ''),
 ('24', 'field', '13', 'en', ''),
 ('24', 'field', '21', 'en', ' fan size left a left b left c left d left e left f left 250 250 315 320 8 10 295 315 315 379 380 8 10 355 355 355 439 400 8 10 395 400 400 485 430 8 12 450 450 450 534 430 8 12 500 500 500 584 500 12 12 560 560 560 644 500 12 12 620 630 630 714 500 12 12 690 710 710 794 520 16 12 770 800 800 908 650 16 12 860 900 900 1033 700 16 15 970 1000 1000 1133 900 16 15 1070 1120 1120 1253 1000 20 18 1190 1250 1250 1406 1000 20 18 1320 1400 1400 1556 1000 20 18 1470 1600 1600 1758 1250 24 18 1680 fan sizeabcdef 250250315320810295315315379380810355355355439400810395400400485430812450450450534430812500500500584500121256056056064450012126206306307145001212690710710794520161277080080090865016128609009001033700161597010001000113390016151070112011201253100020181190125012501406100020181320140014001556100020181470160016001758125024181680 '),
 ('24', 'field', '16', 'en', ' flange drillings to bs en iso13351 e '),
 ('25', 'field', '11', 'en', ' short cased axial pellentesque id mollis lacus aenean quis urna mauris aenean laoreet ipsum non laoreet vehicula sed egestas interdum venenatis sed vel nisl eu nulla lacinia consectetur '),
 ('25', 'field', '18', 'en', ' pos1 '),
 ('25', 'field', '19', 'en', ' short 1 short 2 '),
 ('25', 'field', '12', 'en', ''),
 ('25', 'field', '13', 'en', ''),
 ('25', 'field', '21', 'en', ' fan size left a left b left c left d left e left f left 250 250 315 150 8 10 295 315 315 379 160 8 10 355 355 355 439 160 8 10 395 400 400 484 170 8 12 450 450 450 534 180 8 12 500 560 560 644 210 12 12 560 630 630 714 210 12 12 690 710 710 794 250 16 12 770 800 800 908 300 16 12 860 900 900 1033 350 16 15 970 1000 1000 1133 400 16 15 1070 1120 1120 1253 500 20 18 1190 1250 1250 1406 600 20 18 1320 1400 1400 1556 600 20 18 1470 1600 1600 1758 700 24 18 1680 fan sizeabcdef 2502503151508102953153153791608103553553554391608103954004004841708124504504505341808125005605606442101212560630630714210121269071071079425016127708008009083001612860900900103335016159701000100011334001615107011201120125350020181190125012501406600201813201400140015566002018147016001600175870024181680 '),
 ('25', 'field', '16', 'en', ''),
 ('27', 'field', '11', 'en', ' roof extract axial vestibulum fringilla purus vel odio volutpat id congue velit pellentesque ut ullamcorper dolor eu mattis tincidunt dui metus blandit nisi pharetra tristique ante tortor id elit curabitur orci justo commodo vel suscipit quis mollis quis magna '),
 ('27', 'field', '18', 'en', ' pos1 '),
 ('27', 'field', '19', 'en', ''),
 ('27', 'field', '12', 'en', ''),
 ('27', 'field', '13', 'en', ''),
 ('27', 'field', '21', 'en', ''),
 ('27', 'field', '16', 'en', ''),
 ('28', 'field', '11', 'en', ' as an alternative to fixed installations this flexible range is ideal in the ventilation of factories or confined spaces such as ships holds man cooler fans are also useful for cooling bricks and drying grain these fans can be aimed at distinct locations by fitting a flexible or canvas hose '),
 ('28', 'field', '18', 'en', ' pos2 '),
 ('28', 'field', '19', 'en', ''),
 ('28', 'field', '12', 'en', ''),
 ('28', 'field', '13', 'en', ''),
 ('28', 'field', '21', 'en', ' fan size left a left b left c left d left e left f left g left 250 250 334 300 8 10 294 300 315 315 378 320 8 10 355 320 400 400 484 400 8 12 444 400 450 450 534 430 8 12 494 430 500 500 584 430 8 12 544 430 560 560 644 500 12 12 604 500 630 630 714 500 12 12 674 500 710 710 794 520 12 12 754 520 800 800 908 650 12 14 858 650 900 900 1033 700 16 18 980 700 1000 1000 1133 900 16 18 1080 900 fan sizeabcdefg 25025033430081029430031531537832081035532040040048440081244440045045053443081249443050050058443081254443056056064450012126045006306307145001212674500710710794520121275452080080090865012148586509009001033700161898070010001000113390016181080900 '),
 ('28', 'field', '16', 'en', ''),
 ('22', 'field', '11', 'en', ' conical sed ultrices hendrerit velit non efficitur mauris nisl neque aliquam ut eros eget tristique mollis nunc mauris vitae mi posuere suscipit eros eget pellentesque arcu pellentesque efficitur mauris a magna congue faucibus '),
 ('22', 'field', '18', 'en', ' pos2 '),
 ('22', 'field', '19', 'en', ''),
 ('22', 'field', '12', 'en', ''),
 ('22', 'field', '13', 'en', ''),
 ('22', 'field', '21', 'en', ''),
 ('22', 'field', '16', 'en', ''),
 ('30', 'field', '11', 'en', ' high pressure centrifugal blowers fusce volutpat odio vel purus tincidunt semper aliquam at maximus mi integer congue dapibus congue etiam tempus est sit amet erat maximus vel ultricies tortor vestibulum '),
 ('30', 'field', '18', 'en', ' pos1 '),
 ('30', 'field', '19', 'en', ''),
 ('30', 'field', '12', 'en', ''),
 ('30', 'field', '13', 'en', ''),
 ('30', 'field', '21', 'en', ''),
 ('30', 'field', '16', 'en', ''),
 ('28', 'field', '4', 'en', ' construction the standard construction comprises mild steel fan body and swivel base with polypropylene or aluminium impeller galvanised finish an external terminal box is fitted to the outside of the casing for ease of connection onsite the fans are supplied with inlet and outlet guards motors up to size 50cm the fans can be fitted with single or three phase electric motors thereafter they are normally fitted with three phase motors only for the petro chemical and other hazardous industries the fans can be fitted with eexd zone 1 or zone 2 motors extras if required 2 speed motors pre wired starters epoxy coating fixed or free casters and special voltages '),
 ('34', 'field', '11', 'en', ' urabitur sit amet auctor risus donec lobortis bibendum tortor sit amet aliquam metus consequat sed donec pretium faucibus dignissim vivamus lectus magna blandit a dui at porta dapibus risus '),
 ('34', 'field', '18', 'en', ' pos2 '),
 ('34', 'field', '19', 'en', ''),
 ('34', 'field', '12', 'en', ''),
 ('34', 'field', '13', 'en', ''),
 ('34', 'field', '21', 'en', ''),
 ('34', 'field', '16', 'en', ''),
 ('62', 'slug', '0', 'en', ' company background '),
 ('62', 'title', '0', 'en', ' company background '),
 ('62', 'field', '26', 'en', ' victoria fans are proud suppliers to over 1000 organisations across 30 countries '),
 ('62', 'field', '27', 'en', ' more about us '),
 ('62', 'field', '28', 'en', ' since 1984 victoria fans ltd have produced approximately 40 000 fans of all types for projects in both the uk and abroad we are well respected in the trade and regularly product fans for other fan suppliers '),
 ('62', 'field', '29', 'en', ' since 1984 victoria fans ltd have produced approximately 40 000 fans of all types for projects in both the uk and abroad we are well respected in the trade and regularly product fans for other fan suppliers in the uk victoria fans are sold directly to the trade through a network of professional fans heating ventilation distributors carefully selected to know both our products and the local area in which the enquirer trades in other parts of the world there is a victoria fans agent with considerable expertise and long association with strategic partners in europe the middle east far east victoria fans are happy to make dimensional and performance modification to their range of products and can fabricated exact copies of obsolete equipment we also welcome the opportunity to discuss new or different fan applications with original equipment manufacturers consultants or h v engineers '),
 ('62', 'field', '30', 'en', ' standards and certification '),
 ('62', 'field', '31', 'en', ' we produce fans of high quality and can provide certificates of conformity and test certificates when requested fan performance to bs848 and amca 210 and atex for explosion proof fans ce certificates are supplied as appropriate and o m instructions are available for all the type of fans we supply we are members of the federation of environmental trade associations ltd feta and the fan manufacturers association fma '),
 ('62', 'field', '32', 'en', ''),
 ('73', 'field', '6', 'en', ' uses mainly in the chemical and allied trades suitable for most acid vapours upto 80 c 176 f constructed throughout in stainless steel with a polypropylene impeller and class f standard motor with a stainless steel extended shaft '),
 ('73', 'slug', '0', 'en', ''),
 ('74', 'field', '5', 'en', ' extra features available '),
 ('74', 'field', '6', 'en', ' mounting feetflexible connectionsav mountingsmating flangesinlet conesguardsback draught shuttersspecial paint finishes '),
 ('74', 'slug', '0', 'en', ''),
 ('75', 'field', '5', 'en', ' finish '),
 ('75', 'field', '6', 'en', ' standard fans galvanisedoptional finishes epoxy resin metal spraying '),
 ('75', 'slug', '0', 'en', ''),
 ('76', 'field', '5', 'en', ' applications '),
 ('76', 'field', '6', 'en', ' engineers must consider the use of centrifugal fans instead of axial fans for some of the following reasons high temperaturelow noise levelsdust fume extracthigh static watergauge '),
 ('76', 'slug', '0', 'en', '');
INSERT INTO `craft_searchindex` (`elementId`, `attribute`, `fieldId`, `locale`, `keywords`) VALUES
 ('77', 'field', '5', 'en', ' types of centrifugal fans '),
 ('77', 'field', '6', 'en', ' there are different types of centrifugal fans covering air volumes from 85 to 100 000m hr and from 25 to 15 000 pa each application requires a fan with different characteristics whether it be the blade design the width of the casing or even the method of drive by way of a guide as to which is the best fan for certain projects we list below information that might assist the potential user '),
 ('88', 'field', '5', 'en', ' paddle blade fans '),
 ('88', 'field', '6', 'en', ' this type of fan is used for the conveying of dust wood and paper refuse cotton fly etc since the blade design prevents build up of waste materials discharge velocities vary dependent upon what is being conveyed in the air stream normally in the region of 7 20 mtrs sec '),
 ('88', 'slug', '0', 'en', ''),
 ('89', 'field', '5', 'en', ' multivane or forward curved fans '),
 ('89', 'field', '6', 'en', ' used for general ventilation purposes not good for dust etc limited pressure characteristics normal discharge velocities 5 13 mts sec '),
 ('89', 'slug', '0', 'en', ''),
 ('90', 'field', '5', 'en', ' backward curved or backward sloping fans '),
 ('90', 'field', '6', 'en', ' non overloading power characteristics suitable for very light dust applications eg clean side of dust collector where a good efficiency is required used for high pressure ventilation systems or where the system resistance could fluctuate normal velocities 9 16 mts sec '),
 ('90', 'slug', '0', 'en', ''),
 ('91', 'field', '5', 'en', ' aerofoil fans '),
 ('91', 'field', '6', 'en', ' the most efficient of all centrifugals fans ideally suited to general ventilation projects where there is no possibility of dust contamination recommend for high pressure ventilation systems or where the system resistance could fluctuate normal discharge velocities 7 15 mts sec '),
 ('77', 'slug', '0', 'en', ''),
 ('6', 'field', '20', 'en', ' in the event of a fire in densely populated buildings such as hospitals stores sports centres and shopping malls it is essential that adequate emergency smoke ventilation is provided this not only keeps escapes routes clear but also minimises damage to buildings and contents and assists the fire service in fighting fire the type of fan can be used as part of a roof extract unit incorporating a victoria fabricated steel vertical jet roof extract cowl '),
 ('4', 'field', '4', 'en', ''),
 ('6', 'field', '4', 'en', ' impellers dynamically balanced aluminium aerofoil section or steel or stainless steel for higher temperatures fan casing victoria standard short or long casing to suit application heavy gauge fabricated steel welded construction galvanised or epoxy coated after manufacture diameters from 250 1600mm terminal box connection one of the most important aspects of smoke extract units is the provision of a suitable cable material that will not perish with heat and that will continue to power the motors at elevated temperatures emergency smoke roof extract fans incorporating axials fans as described above and vertical jet roof cowls fabricated in steel and finished in powder epoxy polyester resin with galvanised steel backdraught shutters provides an ideal terminal device for a smoke extract duct to bs 7346 certification 300 c 2hrs bsen 12101 3400 c 2hrs bs 7346 '),
 ('7', 'field', '20', 'en', ' as their suggests this range of fans is used on flat or sloping roofs and is suitable for exhausting warm and contaminated air up to a maximum ambient temperatures of 60 c using an axial or propeller type fan upto 600 c using axials or bifurcated fans air volumes from 0 5 50m sec both low profile and vertical jet models can be fitted with single or three phase motor in tefc or flameproof enclosures '),
 ('7', 'field', '33', 'en', ' roof extract axial plate mounted axial '),
 ('4', 'field', '33', 'en', ' plate mounted axial long cased axial short cased axial '),
 ('18', 'field', '34', 'en', ' general ventilation emergency smoke extraction '),
 ('24', 'field', '34', 'en', ''),
 ('25', 'field', '34', 'en', ''),
 ('27', 'field', '34', 'en', ''),
 ('28', 'field', '34', 'en', ''),
 ('28', 'field', '7', 'en', ''),
 ('28', 'field', '25', 'en', ''),
 ('139', 'field', '5', 'en', ' construction '),
 ('139', 'field', '6', 'en', ' the standard construction comprises mild steel fan body and swivel base with polypropylene or aluminium impeller galvanised finish an external terminal box is fitted to the outside of the casing for ease of connection onsite the fans are supplied with inlet and outlet guards '),
 ('22', 'field', '34', 'en', ''),
 ('31', 'field', '11', 'en', ' flameproof plate mounted axial morbi ut dapibus eros eu vehicula nisl integer elementum vestibulum orci fusce hendrerit rutrum pharetra nam ornare efficitur metus a vestibulum turpis vulputate vitae nulla in ipsum sagittis pulvinar dui sit amet commodo nunc '),
 ('31', 'field', '34', 'en', ''),
 ('31', 'field', '18', 'en', ' pos2 '),
 ('31', 'field', '19', 'en', ''),
 ('31', 'field', '12', 'en', ''),
 ('31', 'field', '13', 'en', ''),
 ('31', 'field', '21', 'en', ''),
 ('31', 'field', '16', 'en', ''),
 ('30', 'field', '34', 'en', ''),
 ('32', 'field', '11', 'en', ' paddle nullam mattis magna quis metus semper viverra non at eros vestibulum rhoncus pharetra nibh at scelerisque turpis elementum quis curabitur elit dolor fringilla quis lacus ac efficitur lobortis enim '),
 ('32', 'field', '34', 'en', ''),
 ('32', 'field', '18', 'en', ' pos2 '),
 ('32', 'field', '19', 'en', ''),
 ('32', 'field', '12', 'en', ''),
 ('32', 'field', '13', 'en', ''),
 ('32', 'field', '21', 'en', ''),
 ('32', 'field', '16', 'en', ''),
 ('33', 'field', '11', 'en', ' forward pellentesque tincidunt lacinia semper sed lacinia eget est non commodo aliquam leo dolor molestie ac ex at ultricies consectetur neque fusce eget dignissim eros id mollis est aenean at vehicula ante eu imperdiet lorem '),
 ('33', 'field', '34', 'en', ''),
 ('33', 'field', '18', 'en', ' pos1 '),
 ('33', 'field', '19', 'en', ''),
 ('33', 'field', '12', 'en', ''),
 ('33', 'field', '13', 'en', ''),
 ('33', 'field', '21', 'en', ''),
 ('33', 'field', '16', 'en', ''),
 ('35', 'field', '11', 'en', ' aerofoil duis at leo sed mauris aliquam facilisis eu et neque mauris ut massa orci vestibulum vitae arcu sed lectus sagittis porttitor eget id sapien nulla vehicula nibh quis tortor bibendum posuere vitae in diam '),
 ('35', 'field', '34', 'en', ''),
 ('35', 'field', '18', 'en', ' pos2 '),
 ('35', 'field', '19', 'en', ''),
 ('35', 'field', '12', 'en', ''),
 ('35', 'field', '13', 'en', ''),
 ('35', 'field', '21', 'en', ''),
 ('35', 'field', '16', 'en', ''),
 ('6', 'field', '33', 'en', ''),
 ('78', 'field', '5', 'en', ' impellers '),
 ('78', 'field', '6', 'en', ' dynamically balanced aluminium aerofoil section or steel or stainless steel for higher temperatures '),
 ('78', 'slug', '0', 'en', ''),
 ('79', 'field', '5', 'en', ' fan casing '),
 ('79', 'field', '6', 'en', ' victoria standard short or long casing to suit application heavy gauge fabricated steel welded construction galvanised or epoxy coated after manufacture diameters from 250 1600mm '),
 ('79', 'slug', '0', 'en', ''),
 ('80', 'field', '5', 'en', ' terminal box connection '),
 ('80', 'field', '6', 'en', ' one of the most important aspects of smoke extract units is the provision of a suitable cable material that will not perish with heat and that will continue to power the motors at elevated temperatures '),
 ('80', 'slug', '0', 'en', ''),
 ('81', 'field', '5', 'en', ' emergency smoke roof extract fans '),
 ('81', 'field', '6', 'en', ' incorporating axials fans as described above and vertical jet roof cowls fabricated in steel and finished in powder epoxy polyester resin with galvanised steel backdraught shutters provides an ideal terminal device for a smoke extract duct '),
 ('81', 'slug', '0', 'en', ''),
 ('82', 'field', '5', 'en', ' to bs 7346 certification '),
 ('82', 'field', '6', 'en', ' 300 c 2hrs bsen 12101 3400 c 2hrs bs 7346 '),
 ('82', 'slug', '0', 'en', ''),
 ('5', 'field', '20', 'en', ' there are a number of factors to take into account when installing a fume control system the type of substance in the contaminated area flammability or combustibility required airflow pressure resistance and of course the mounting position and space available our advisory team are always happy to chat through your particular circumstance and ensure you order the correct product '),
 ('5', 'field', '4', 'en', ''),
 ('5', 'field', '33', 'en', ' long cased axial conical bifurcated plate mounted axial cylindrical bifurcated '),
 ('7', 'field', '4', 'en', ' standard construction 60c using a plate axial fan for higher temperatures and emergency smoke extract applications the cowls are fabricated in steel special construction fabricated mild steel base and cowl epoxy polyester resin coated after manufacture standard colour being ral 1013 the vertical jet unit is fitted with backdraught shutters the low profile unit can be fitted with backdraught shutters if required the standard units are fitted with victoria plate mounted axial fans with epoxy coating they can be fitted with long casings if required for duct mounting silencers silencers may also be fitted to any of the fans used in victoria roof units roof units for input low profile design only by removing the backdraught shutters victoria low profile units can be used to input to give general ventilation special sizes victoria roof units can be fabricated to suit non standard roof openings if required '),
 ('83', 'field', '5', 'en', ' standard construction '),
 ('83', 'field', '6', 'en', ' 60c using a plate axial fan for higher temperatures and emergency smoke extract applications the cowls are fabricated in steel '),
 ('83', 'slug', '0', 'en', ''),
 ('84', 'field', '5', 'en', ' special construction '),
 ('84', 'field', '6', 'en', ' fabricated mild steel base and cowl epoxy polyester resin coated after manufacture standard colour being ral 1013 the vertical jet unit is fitted with backdraught shutters the low profile unit can be fitted with backdraught shutters if required the standard units are fitted with victoria plate mounted axial fans with epoxy coating they can be fitted with long casings if required for duct mounting '),
 ('84', 'slug', '0', 'en', ''),
 ('85', 'field', '5', 'en', ' silencers '),
 ('85', 'field', '6', 'en', ' silencers may also be fitted to any of the fans used in victoria roof units '),
 ('85', 'slug', '0', 'en', ''),
 ('86', 'field', '5', 'en', ' roof units for input low profile design only '),
 ('86', 'field', '6', 'en', ' by removing the backdraught shutters victoria low profile units can be used to input to give general ventilation '),
 ('86', 'slug', '0', 'en', ''),
 ('87', 'field', '5', 'en', ' special sizes '),
 ('87', 'field', '6', 'en', ' victoria roof units can be fabricated to suit non standard roof openings if required '),
 ('87', 'slug', '0', 'en', ''),
 ('91', 'slug', '0', 'en', ''),
 ('92', 'field', '5', 'en', ' high pressure blowers ');
INSERT INTO `craft_searchindex` (`elementId`, `attribute`, `fieldId`, `locale`, `keywords`) VALUES
 ('92', 'field', '6', 'en', ' as their name suggests these fans are applied where the requirement is for high velocities eg air curtains refuse conveying etc normal discharge velocities 15 30 mts sec '),
 ('92', 'slug', '0', 'en', ''),
 ('140', 'field', '5', 'en', ' motors '),
 ('140', 'field', '6', 'en', ' up to size 50cm the fans can be fitted with single or three phase electric motors thereafter they are normally fitted with three phase motors only for the petro chemical and other hazardous industries the fans can be fitted with eexd zone 1 or zone 2 motors '),
 ('140', 'slug', '0', 'en', ''),
 ('141', 'field', '5', 'en', ' extras if required '),
 ('141', 'field', '6', 'en', ' 2 speed motors pre wired starters epoxy coating fixed or free casters and special voltages '),
 ('141', 'slug', '0', 'en', ''),
 ('139', 'slug', '0', 'en', ''),
 ('135', 'field', '37', 'en', ' sssin both commercial and industrial applications the use of duct mounted silencers to reduce noise emission from fans is become more commonplace as increasing legislation calls for better and more comfortable working environments at victoria industrial fans we have a special acoustic service whereby engineers and consultants can call upon our expertise in selecting the correct method of acoustic treatment to give guaranteed noise levels in hospitals offices factories etc simply call our office for more details quite the most commonly used silencers are what is known as cylindrical stt and pod stp type silencers the tabulation shows the pressure losses the length of the silencer is a function of its diameter i e 1 x diameter long or 2 x diameter long obviously the longer the attenuator the greater the pressure drop and the greater the acoustic performance pod type silencers give better attenuation that cylindrical type silencers '),
 ('135', 'slug', '0', 'en', ''),
 ('136', 'field', '40', 'en', ' diameter left a left a left a left b left c left d left e left 250 250 375 500 350 294 8 8 315 315 472 630 425 355 8 8 diameteraaabcde 2502503755003502948831531547263042535588 '),
 ('136', 'slug', '0', 'en', ''),
 ('107', 'field', '42', 'en', ''),
 ('107', 'field', '41', 'en', ''),
 ('107', 'field', '44', 'en', ''),
 ('107', 'field', '43', 'en', ''),
 ('107', 'field', '45', 'en', ''),
 ('107', 'field', '47', 'en', ''),
 ('107', 'field', '46', 'en', ''),
 ('107', 'slug', '0', 'en', ''),
 ('17', 'field', '51', 'en', ''),
 ('17', 'field', '48', 'en', ''),
 ('17', 'field', '50', 'en', ''),
 ('17', 'field', '49', 'en', ''),
 ('17', 'field', '53', 'en', ''),
 ('17', 'field', '52', 'en', ''),
 ('4', 'field', '35', 'en', ''),
 ('108', 'field', '3', 'en', ' the following ancillaries can be provided as optional extras for axial and bifurcated fans '),
 ('108', 'field', '4', 'en', ''),
 ('108', 'field', '7', 'en', ''),
 ('108', 'field', '25', 'en', ''),
 ('108', 'field', '51', 'en', ''),
 ('108', 'field', '48', 'en', ''),
 ('108', 'field', '50', 'en', ''),
 ('108', 'field', '49', 'en', ''),
 ('108', 'field', '53', 'en', ''),
 ('108', 'field', '52', 'en', ''),
 ('108', 'slug', '0', 'en', ' axial bifurcated ancillaries '),
 ('108', 'title', '0', 'en', ' axial bifurcated ancillaries '),
 ('112', 'field', '18', 'en', ''),
 ('112', 'field', '34', 'en', ''),
 ('112', 'field', '11', 'en', ''),
 ('110', 'field', '11', 'en', ''),
 ('110', 'field', '34', 'en', ''),
 ('110', 'field', '18', 'en', ''),
 ('110', 'field', '19', 'en', ' mounting feet '),
 ('110', 'field', '12', 'en', ''),
 ('110', 'field', '13', 'en', ''),
 ('110', 'field', '21', 'en', ''),
 ('110', 'field', '16', 'en', ''),
 ('110', 'field', '51', 'en', ''),
 ('110', 'field', '48', 'en', ''),
 ('110', 'field', '50', 'en', ''),
 ('110', 'field', '49', 'en', ''),
 ('110', 'field', '53', 'en', ''),
 ('110', 'field', '52', 'en', ''),
 ('110', 'slug', '0', 'en', ' mounting feet '),
 ('110', 'title', '0', 'en', ' mounting feet '),
 ('111', 'field', '11', 'en', ''),
 ('111', 'field', '34', 'en', ''),
 ('111', 'field', '18', 'en', ''),
 ('111', 'field', '19', 'en', ' av mounts '),
 ('111', 'field', '12', 'en', ''),
 ('111', 'field', '13', 'en', ''),
 ('111', 'field', '21', 'en', ''),
 ('5', 'field', '35', 'en', ''),
 ('111', 'field', '16', 'en', ''),
 ('111', 'field', '51', 'en', ''),
 ('111', 'field', '48', 'en', ''),
 ('111', 'field', '50', 'en', ''),
 ('111', 'field', '49', 'en', ''),
 ('111', 'field', '53', 'en', ''),
 ('111', 'field', '52', 'en', ''),
 ('111', 'slug', '0', 'en', ' a v mounts '),
 ('111', 'title', '0', 'en', ' a v mounts '),
 ('112', 'field', '19', 'en', ' mating flanges '),
 ('112', 'field', '12', 'en', ''),
 ('112', 'field', '13', 'en', ''),
 ('112', 'field', '21', 'en', ''),
 ('112', 'field', '16', 'en', ''),
 ('112', 'field', '51', 'en', ''),
 ('112', 'field', '48', 'en', ''),
 ('112', 'field', '50', 'en', ''),
 ('112', 'field', '49', 'en', ''),
 ('112', 'field', '53', 'en', ''),
 ('112', 'field', '52', 'en', ''),
 ('112', 'slug', '0', 'en', ' mating flanges '),
 ('112', 'title', '0', 'en', ' mating flanges '),
 ('113', 'field', '11', 'en', ''),
 ('113', 'field', '34', 'en', ''),
 ('113', 'field', '18', 'en', ''),
 ('113', 'field', '19', 'en', ' flexible '),
 ('113', 'field', '12', 'en', ''),
 ('113', 'field', '13', 'en', ''),
 ('113', 'field', '21', 'en', ''),
 ('113', 'field', '16', 'en', ''),
 ('113', 'field', '51', 'en', ''),
 ('113', 'field', '48', 'en', ''),
 ('113', 'field', '50', 'en', '');
INSERT INTO `craft_searchindex` (`elementId`, `attribute`, `fieldId`, `locale`, `keywords`) VALUES
 ('113', 'field', '49', 'en', ''),
 ('113', 'field', '53', 'en', ''),
 ('113', 'field', '52', 'en', ''),
 ('113', 'slug', '0', 'en', ' flexible connections '),
 ('113', 'title', '0', 'en', ' flexible connections '),
 ('114', 'filename', '0', 'en', ' av mounts jpg '),
 ('114', 'extension', '0', 'en', ' jpg '),
 ('114', 'kind', '0', 'en', ' image '),
 ('114', 'slug', '0', 'en', ' av mounts '),
 ('114', 'title', '0', 'en', ' av mounts '),
 ('115', 'filename', '0', 'en', ' flexible jpg '),
 ('115', 'extension', '0', 'en', ' jpg '),
 ('115', 'kind', '0', 'en', ' image '),
 ('115', 'slug', '0', 'en', ' flexible '),
 ('115', 'title', '0', 'en', ' flexible '),
 ('116', 'filename', '0', 'en', ' mating flanges jpg '),
 ('116', 'extension', '0', 'en', ' jpg '),
 ('116', 'kind', '0', 'en', ' image '),
 ('116', 'slug', '0', 'en', ' mating flanges '),
 ('116', 'title', '0', 'en', ' mating flanges '),
 ('117', 'filename', '0', 'en', ' mounting feet jpg '),
 ('117', 'extension', '0', 'en', ' jpg '),
 ('117', 'kind', '0', 'en', ' image '),
 ('117', 'slug', '0', 'en', ' mounting feet '),
 ('117', 'title', '0', 'en', ' mounting feet '),
 ('19', 'field', '51', 'en', ''),
 ('19', 'field', '48', 'en', ''),
 ('19', 'field', '50', 'en', ''),
 ('19', 'field', '49', 'en', ''),
 ('19', 'field', '53', 'en', ''),
 ('19', 'field', '52', 'en', ''),
 ('28', 'field', '51', 'en', ''),
 ('28', 'field', '48', 'en', ''),
 ('28', 'field', '50', 'en', ''),
 ('28', 'field', '49', 'en', ''),
 ('28', 'field', '53', 'en', ''),
 ('28', 'field', '52', 'en', ''),
 ('118', 'field', '11', 'en', ''),
 ('118', 'field', '34', 'en', ''),
 ('118', 'field', '18', 'en', ''),
 ('118', 'field', '19', 'en', ''),
 ('118', 'field', '12', 'en', ''),
 ('118', 'field', '13', 'en', ''),
 ('118', 'field', '21', 'en', ''),
 ('118', 'field', '16', 'en', ''),
 ('118', 'field', '51', 'en', ''),
 ('118', 'field', '48', 'en', ''),
 ('118', 'field', '50', 'en', ''),
 ('118', 'field', '49', 'en', ''),
 ('118', 'field', '53', 'en', ''),
 ('118', 'field', '52', 'en', ''),
 ('118', 'slug', '0', 'en', ' anti vibration mountings '),
 ('118', 'title', '0', 'en', ' anti vibration mountings '),
 ('119', 'field', '11', 'en', ' in both commercial and industrial applications the use of duct mounted silencers to reduce noise emission from fans is become more commonplace as increasing legislation calls for better and more comfortable working environments at victoria industrial fans we have a special acoustic service whereby engineers and consultants can call upon our expertise in selecting the correct method of acoustic treatment to give guaranteed noise levels in hospitals offices factories etc simply call our office for more details quite the most commonly used silencers are what is known as cylindrical stt and pod stp type silencers the tabulation shows the pressure losses through pod type silencers the losses through cylindrical silencers are considerably less the length of the silencer is a function of its diameter i e 1 x diameter long or 2 x diameter long obviously the longer the attenuator the greater the pressure drop and the greater the acoustic performance pod type silencers give better attenuation that cylindrical type silencers '),
 ('119', 'field', '34', 'en', ''),
 ('119', 'field', '18', 'en', ''),
 ('119', 'field', '19', 'en', ''),
 ('119', 'field', '12', 'en', ''),
 ('119', 'field', '13', 'en', ''),
 ('119', 'field', '21', 'en', ' fan size left a left a left a left b left c left d left e left f left g left fan sizeaaabcdefg '),
 ('119', 'field', '16', 'en', ''),
 ('119', 'field', '51', 'en', ''),
 ('119', 'field', '48', 'en', ''),
 ('119', 'field', '50', 'en', ''),
 ('119', 'field', '49', 'en', ''),
 ('119', 'field', '53', 'en', ''),
 ('119', 'field', '52', 'en', ''),
 ('119', 'slug', '0', 'en', ' silencers '),
 ('119', 'title', '0', 'en', ' silencers '),
 ('18', 'field', '50', 'en', ''),
 ('18', 'field', '49', 'en', ''),
 ('18', 'field', '53', 'en', ''),
 ('18', 'field', '52', 'en', ''),
 ('21', 'field', '51', 'en', ''),
 ('21', 'field', '48', 'en', ''),
 ('21', 'field', '50', 'en', ''),
 ('21', 'field', '49', 'en', ''),
 ('21', 'field', '53', 'en', ''),
 ('21', 'field', '52', 'en', ''),
 ('24', 'field', '51', 'en', ''),
 ('24', 'field', '48', 'en', ''),
 ('24', 'field', '50', 'en', ''),
 ('24', 'field', '49', 'en', ''),
 ('24', 'field', '53', 'en', ''),
 ('24', 'field', '52', 'en', ''),
 ('120', 'field', '22', 'en', ' fan size left a left b left c left d left e left f left 250 250 315 320 8 10 295 315 315 379 380 8 10 355 355 355 439 400 8 10 395 400 400 485 430 8 12 450 450 450 534 430 8 12 500 500 500 584 500 12 12 560 560 560 644 500 12 12 620 630 630 714 500 12 12 690 710 710 794 520 16 12 770 800 800 908 650 16 12 860 900 900 1033 700 16 15 970 1000 1000 1133 900 16 15 1070 1120 1120 1253 1000 20 18 1190 1250 1250 1406 1000 20 18 1320 1400 1400 1556 1000 20 18 1470 1600 1600 1758 1250 24 18 1680 fan sizeabcdef 250250315320810295315315379380810355355355439400810395400400485430812450450450534430812500500500584500121256056056064450012126206306307145001212690710710794520161277080080090865016128609009001033700161597010001000113390016151070112011201253100020181190125012501406100020181320140014001556100020181470160016001758125024181680 '),
 ('120', 'slug', '0', 'en', ''),
 ('121', 'field', '17', 'en', ' flange drillings to bs en iso13351 e '),
 ('121', 'slug', '0', 'en', ''),
 ('122', 'filename', '0', 'en', ' long cased jpg '),
 ('122', 'extension', '0', 'en', ' jpg '),
 ('122', 'kind', '0', 'en', ' image '),
 ('122', 'slug', '0', 'en', ' long cased '),
 ('122', 'title', '0', 'en', ' long cased '),
 ('123', 'filename', '0', 'en', ' short cased jpg '),
 ('123', 'extension', '0', 'en', ' jpg '),
 ('123', 'kind', '0', 'en', ' image '),
 ('123', 'slug', '0', 'en', ' short cased '),
 ('123', 'title', '0', 'en', ' short cased '),
 ('125', 'filename', '0', 'en', ' long 1 jpg ');
INSERT INTO `craft_searchindex` (`elementId`, `attribute`, `fieldId`, `locale`, `keywords`) VALUES
 ('25', 'field', '51', 'en', ''),
 ('25', 'field', '48', 'en', ''),
 ('25', 'field', '50', 'en', ''),
 ('25', 'field', '49', 'en', ''),
 ('25', 'field', '53', 'en', ''),
 ('25', 'field', '52', 'en', ''),
 ('124', 'field', '22', 'en', ' fan size left a left b left c left d left e left f left 250 250 315 150 8 10 295 315 315 379 160 8 10 355 355 355 439 160 8 10 395 400 400 484 170 8 12 450 450 450 534 180 8 12 500 560 560 644 210 12 12 560 630 630 714 210 12 12 690 710 710 794 250 16 12 770 800 800 908 300 16 12 860 900 900 1033 350 16 15 970 1000 1000 1133 400 16 15 1070 1120 1120 1253 500 20 18 1190 1250 1250 1406 600 20 18 1320 1400 1400 1556 600 20 18 1470 1600 1600 1758 700 24 18 1680 fan sizeabcdef 2502503151508102953153153791608103553553554391608103954004004841708124504504505341808125005605606442101212560630630714210121269071071079425016127708008009083001612860900900103335016159701000100011334001615107011201120125350020181190125012501406600201813201400140015566002018147016001600175870024181680 '),
 ('124', 'slug', '0', 'en', ''),
 ('125', 'extension', '0', 'en', ' jpg '),
 ('125', 'kind', '0', 'en', ' image '),
 ('125', 'slug', '0', 'en', ' long 1 '),
 ('125', 'title', '0', 'en', ' long 1 '),
 ('126', 'filename', '0', 'en', ' long 2 jpg '),
 ('126', 'extension', '0', 'en', ' jpg '),
 ('126', 'kind', '0', 'en', ' image '),
 ('126', 'slug', '0', 'en', ' long 2 '),
 ('126', 'title', '0', 'en', ' long 2 '),
 ('127', 'filename', '0', 'en', ' short 1 jpg '),
 ('127', 'extension', '0', 'en', ' jpg '),
 ('127', 'kind', '0', 'en', ' image '),
 ('127', 'slug', '0', 'en', ' short 1 '),
 ('127', 'title', '0', 'en', ' short 1 '),
 ('128', 'filename', '0', 'en', ' short 2 jpg '),
 ('128', 'extension', '0', 'en', ' jpg '),
 ('128', 'kind', '0', 'en', ' image '),
 ('128', 'slug', '0', 'en', ' short 2 '),
 ('128', 'title', '0', 'en', ' short 2 '),
 ('23', 'field', '34', 'en', ''),
 ('23', 'field', '51', 'en', ''),
 ('23', 'field', '48', 'en', ''),
 ('23', 'field', '50', 'en', ''),
 ('23', 'field', '49', 'en', ''),
 ('23', 'field', '53', 'en', ''),
 ('23', 'field', '52', 'en', ''),
 ('129', 'field', '22', 'en', ' fan size left a left b left c left d left e left f left g left 500 500 584 600 8 12 544 320 560 560 644 600 12 12 604 350 630 630 714 800 12 12 674 390 710 710 794 800 12 12 754 420 800 800 908 850 12 14 858 490 900 900 1033 900 16 18 980 560 1000 1000 1133 950 16 18 1080 620 fan sizeabcdefg 50050058460081254432056056064460012126043506306307148001212674390710710794800121275442080080090885012148584909009001033900161898056010001000113395016181080620 '),
 ('129', 'slug', '0', 'en', ''),
 ('130', 'field', '22', 'en', ' fan size left a left b left c left d left e left f left g left 250 250 334 300 8 10 294 300 315 315 378 320 8 10 355 320 400 400 484 400 8 12 444 400 450 450 534 430 8 12 494 430 500 500 584 430 8 12 544 430 560 560 644 500 12 12 604 500 630 630 714 500 12 12 674 500 710 710 794 520 12 12 754 520 800 800 908 650 12 14 858 650 900 900 1033 700 16 18 980 700 1000 1000 1133 900 16 18 1080 900 fan sizeabcdefg 25025033430081029430031531537832081035532040040048440081244440045045053443081249443050050058443081254443056056064450012126045006306307145001212674500710710794520121275452080080090865012148586509009001033700161898070010001000113390016181080900 '),
 ('130', 'slug', '0', 'en', ''),
 ('134', 'field', '22', 'en', ' fan size left a left a left a left b left c left d left e left f left g left fan sizeaaabcdefg '),
 ('134', 'slug', '0', 'en', ''),
 ('119', 'field', '35', 'en', ' sssin both commercial and industrial applications the use of duct mounted silencers to reduce noise emission from fans is become more commonplace as increasing legislation calls for better and more comfortable working environments at victoria industrial fans we have a special acoustic service whereby engineers and consultants can call upon our expertise in selecting the correct method of acoustic treatment to give guaranteed noise levels in hospitals offices factories etc simply call our office for more details quite the most commonly used silencers are what is known as cylindrical stt and pod stp type silencers the tabulation shows the pressure losses the length of the silencer is a function of its diameter i e 1 x diameter long or 2 x diameter long obviously the longer the attenuator the greater the pressure drop and the greater the acoustic performance pod type silencers give better attenuation that cylindrical type silencers long 1 diameter left a left a left a left b left c left d left e left 250 250 375 500 350 294 8 8 315 315 472 630 425 355 8 8 diameteraaabcde 2502503755003502948831531547263042535588 '),
 ('118', 'field', '35', 'en', ''),
 ('113', 'field', '35', 'en', ''),
 ('112', 'field', '35', 'en', ''),
 ('111', 'field', '35', 'en', ''),
 ('110', 'field', '35', 'en', ''),
 ('119', 'field', '3', 'en', ' in both commercial and industrial applications the use of duct mounted silencers to reduce noise emission from fans is become more commonplace as increasing legislation calls for better and more comfortable working environments at victoria industrial fans we have a special acoustic service whereby engineers and consultants can call upon our expertise in selecting the correct method of acoustic treatment to give guaranteed noise levels in hospitals offices factories etc simply call our office for more details quite the most commonly used silencers are what is known as cylindrical stt and pod stp type silencers the tabulation shows the pressure losses the length of the silencer is a function of its diameter i e 1 x diameter long or 2 x diameter long obviously the longer the attenuator the greater the pressure drop and the greater the acoustic performance pod type silencers give better attenuation that cylindrical type silencers '),
 ('119', 'field', '4', 'en', ' finish standard silencers galvanised sheet optional extras melinex lining for steam high humidity hospital and food industries epoxy coating stainless steel construction '),
 ('119', 'field', '7', 'en', ' through pod type silencers the losses through cylindrical silencers are considerably less '),
 ('119', 'field', '25', 'en', ''),
 ('132', 'field', '5', 'en', ' finish '),
 ('132', 'field', '6', 'en', ' standard silencers galvanised sheet '),
 ('132', 'slug', '0', 'en', ''),
 ('133', 'field', '5', 'en', ' optional extras '),
 ('133', 'field', '6', 'en', ' melinex lining for steam high humidity hospital and food industries epoxy coating stainless steel construction '),
 ('133', 'slug', '0', 'en', ''),
 ('118', 'field', '3', 'en', ''),
 ('118', 'field', '4', 'en', ''),
 ('118', 'field', '7', 'en', ''),
 ('118', 'field', '25', 'en', ''),
 ('113', 'field', '3', 'en', ''),
 ('113', 'field', '4', 'en', ''),
 ('113', 'field', '7', 'en', ''),
 ('113', 'field', '25', 'en', ''),
 ('112', 'field', '3', 'en', ''),
 ('112', 'field', '4', 'en', ''),
 ('112', 'field', '7', 'en', ''),
 ('112', 'field', '25', 'en', ''),
 ('111', 'field', '3', 'en', ''),
 ('111', 'field', '4', 'en', ''),
 ('111', 'field', '7', 'en', ''),
 ('111', 'field', '25', 'en', ''),
 ('110', 'field', '3', 'en', ''),
 ('110', 'field', '4', 'en', ''),
 ('110', 'field', '7', 'en', ''),
 ('110', 'field', '25', 'en', '');



DROP TABLE IF EXISTS `craft_sections`;


--
-- Schema for table `craft_sections`
--
CREATE TABLE `craft_sections` (
  `id` int(11) NOT NULL AUTO_INCREMENT,
  `structureId` int(11) DEFAULT NULL,
  `name` varchar(255) COLLATE utf8_unicode_ci NOT NULL,
  `handle` varchar(255) COLLATE utf8_unicode_ci NOT NULL,
  `type` enum('single','channel','structure') COLLATE utf8_unicode_ci NOT NULL DEFAULT 'channel',
  `hasUrls` tinyint(1) unsigned NOT NULL DEFAULT '1',
  `template` varchar(500) COLLATE utf8_unicode_ci DEFAULT NULL,
  `enableVersioning` tinyint(1) unsigned NOT NULL DEFAULT '0',
  `dateCreated` datetime NOT NULL,
  `dateUpdated` datetime NOT NULL,
  `uid` char(36) COLLATE utf8_unicode_ci NOT NULL DEFAULT '0',
  PRIMARY KEY (`id`),
  UNIQUE KEY `craft_sections_name_unq_idx` (`name`),
  UNIQUE KEY `craft_sections_handle_unq_idx` (`handle`),
  KEY `craft_sections_structureId_fk` (`structureId`)
) ENGINE=InnoDB AUTO_INCREMENT=7 DEFAULT CHARSET=utf8 COLLATE=utf8_unicode_ci;

--
-- Data for table `craft_sections`
--

INSERT INTO `craft_sections` (`id`, `structureId`, `name`, `handle`, `type`, `hasUrls`, `template`, `enableVersioning`, `dateCreated`, `dateUpdated`, `uid`) VALUES
 ('1', NULL, 'Homepage', 'homepage', 'single', '1', 'index', '1', '2017-02-27 15:05:21', '2017-02-27 15:05:21', 'dbebcef7-1cfd-47c7-9152-04b4046d893e'),
 ('3', '3', 'Product Specifications', 'productSpecifications', 'structure', '1', 'products/_entry', '1', '2017-02-27 15:32:41', '2017-02-28 09:49:11', 'c2f1f492-f8d4-42ba-ac19-6fc8ef262ebb'),
 ('4', NULL, 'Product Range', 'productRange', 'single', '1', 'products/product-range', '1', '2017-03-01 13:02:16', '2017-03-01 13:10:21', '778fb516-89fb-4cac-b9fa-845dd321a2ff'),
 ('6', NULL, 'Company Background', 'companyBackground', 'single', '1', 'about_us', '1', '2017-03-09 14:05:31', '2017-03-09 14:05:31', '9f0ca6fc-a0e3-4002-8974-6454e2259cdc');



DROP TABLE IF EXISTS `craft_sections_i18n`;


--
-- Schema for table `craft_sections_i18n`
--
CREATE TABLE `craft_sections_i18n` (
  `id` int(11) NOT NULL AUTO_INCREMENT,
  `sectionId` int(11) NOT NULL,
  `locale` char(12) COLLATE utf8_unicode_ci NOT NULL,
  `enabledByDefault` tinyint(1) unsigned NOT NULL DEFAULT '1',
  `urlFormat` text COLLATE utf8_unicode_ci,
  `nestedUrlFormat` text COLLATE utf8_unicode_ci,
  `dateCreated` datetime NOT NULL,
  `dateUpdated` datetime NOT NULL,
  `uid` char(36) COLLATE utf8_unicode_ci NOT NULL DEFAULT '0',
  PRIMARY KEY (`id`),
  UNIQUE KEY `craft_sections_i18n_sectionId_locale_unq_idx` (`sectionId`,`locale`),
  KEY `craft_sections_i18n_locale_fk` (`locale`)
) ENGINE=InnoDB AUTO_INCREMENT=7 DEFAULT CHARSET=utf8 COLLATE=utf8_unicode_ci;

--
-- Data for table `craft_sections_i18n`
--

INSERT INTO `craft_sections_i18n` (`id`, `sectionId`, `locale`, `enabledByDefault`, `urlFormat`, `nestedUrlFormat`, `dateCreated`, `dateUpdated`, `uid`) VALUES
 ('1', '1', 'en', '1', '__home__', NULL, '2017-02-27 15:05:21', '2017-02-27 15:05:21', '16a028fa-9933-45d5-8807-cbb810b4a98f'),
 ('3', '3', 'en', '1', '{slug}', '{parent.uri}/{slug}', '2017-02-27 15:32:41', '2017-02-27 18:27:30', 'b0ca4775-af06-4704-9c57-f4fd269e424e'),
 ('4', '4', 'en', '1', 'product-range', NULL, '2017-03-01 13:02:16', '2017-03-01 13:02:16', '674e6660-61bc-4b73-88cc-dbe043ca36a7'),
 ('6', '6', 'en', '1', 'company-background', NULL, '2017-03-09 14:05:31', '2017-03-09 14:05:31', '8805a791-6b4f-4ba1-abb7-2123a9be37c7');



DROP TABLE IF EXISTS `craft_sessions`;


--
-- Schema for table `craft_sessions`
--
CREATE TABLE `craft_sessions` (
  `id` int(11) NOT NULL AUTO_INCREMENT,
  `userId` int(11) NOT NULL,
  `token` char(100) COLLATE utf8_unicode_ci NOT NULL,
  `dateCreated` datetime NOT NULL,
  `dateUpdated` datetime NOT NULL,
  `uid` char(36) COLLATE utf8_unicode_ci NOT NULL DEFAULT '0',
  PRIMARY KEY (`id`),
  KEY `craft_sessions_uid_idx` (`uid`),
  KEY `craft_sessions_token_idx` (`token`),
  KEY `craft_sessions_dateUpdated_idx` (`dateUpdated`),
  KEY `craft_sessions_userId_fk` (`userId`)
) ENGINE=InnoDB AUTO_INCREMENT=23 DEFAULT CHARSET=utf8 COLLATE=utf8_unicode_ci;

DROP TABLE IF EXISTS `craft_shunnedmessages`;


--
-- Schema for table `craft_shunnedmessages`
--
CREATE TABLE `craft_shunnedmessages` (
  `id` int(11) NOT NULL AUTO_INCREMENT,
  `userId` int(11) NOT NULL,
  `message` varchar(255) COLLATE utf8_unicode_ci NOT NULL,
  `expiryDate` datetime DEFAULT NULL,
  `dateCreated` datetime NOT NULL,
  `dateUpdated` datetime NOT NULL,
  `uid` char(36) COLLATE utf8_unicode_ci NOT NULL DEFAULT '0',
  PRIMARY KEY (`id`),
  UNIQUE KEY `craft_shunnedmessages_userId_message_unq_idx` (`userId`,`message`)
) ENGINE=InnoDB DEFAULT CHARSET=utf8 COLLATE=utf8_unicode_ci;

DROP TABLE IF EXISTS `craft_structureelements`;


--
-- Schema for table `craft_structureelements`
--
CREATE TABLE `craft_structureelements` (
  `id` int(11) NOT NULL AUTO_INCREMENT,
  `structureId` int(11) NOT NULL,
  `elementId` int(11) DEFAULT NULL,
  `root` int(11) unsigned DEFAULT NULL,
  `lft` int(11) unsigned NOT NULL,
  `rgt` int(11) unsigned NOT NULL,
  `level` smallint(6) unsigned NOT NULL,
  `dateCreated` datetime NOT NULL,
  `dateUpdated` datetime NOT NULL,
  `uid` char(36) COLLATE utf8_unicode_ci NOT NULL DEFAULT '0',
  PRIMARY KEY (`id`),
  UNIQUE KEY `craft_structureelements_structureId_elementId_unq_idx` (`structureId`,`elementId`),
  KEY `craft_structureelements_root_idx` (`root`),
  KEY `craft_structureelements_lft_idx` (`lft`),
  KEY `craft_structureelements_rgt_idx` (`rgt`),
  KEY `craft_structureelements_level_idx` (`level`),
  KEY `craft_structureelements_elementId_fk` (`elementId`)
) ENGINE=InnoDB AUTO_INCREMENT=42 DEFAULT CHARSET=utf8 COLLATE=utf8_unicode_ci;

--
-- Data for table `craft_structureelements`
--

INSERT INTO `craft_structureelements` (`id`, `structureId`, `elementId`, `root`, `lft`, `rgt`, `level`, `dateCreated`, `dateUpdated`, `uid`) VALUES
 ('1', '1', NULL, '1', '1', '10', '0', '2017-02-27 15:10:36', '2017-02-27 15:10:36', '1a1c4659-c65b-423e-a5f4-25e736d93e5d'),
 ('2', '1', '4', '1', '2', '3', '1', '2017-02-27 15:10:36', '2017-02-27 15:10:36', '43c865f7-cec4-4e08-84b3-3f98faf1d88a'),
 ('3', '1', '5', '1', '4', '5', '1', '2017-02-27 15:10:49', '2017-02-27 15:10:49', '77385393-a1f4-4c48-a204-bad39c9f1e8d'),
 ('4', '1', '6', '1', '6', '7', '1', '2017-02-27 15:11:01', '2017-02-27 15:11:01', '5aa004f4-3841-4367-9450-70e9f94b6342'),
 ('5', '1', '7', '1', '8', '9', '1', '2017-02-27 15:11:11', '2017-02-27 15:11:11', '0713fef6-36f3-44d8-baaf-7ae9d2b851a5'),
 ('7', '2', NULL, '7', '1', '2', '0', '2017-02-27 15:21:41', '2017-02-27 15:21:41', '7790f570-db9e-4ee7-9d71-0af7b58f129a'),
 ('13', '3', NULL, '13', '1', '50', '0', '2017-02-27 15:33:07', '2017-02-27 15:33:07', 'e926f4d5-8f95-4631-8040-e144a731e96a'),
 ('16', '3', '17', '13', '2', '13', '1', '2017-02-27 16:02:49', '2017-02-27 16:02:49', 'ec5d54ba-6e1d-4b81-b55f-8f491cb101d6'),
 ('17', '3', '18', '13', '3', '4', '2', '2017-02-27 16:03:13', '2017-02-27 16:03:13', '8796eb49-dfda-402a-8674-153b93aab4fc'),
 ('18', '3', '19', '13', '14', '19', '1', '2017-02-27 16:07:43', '2017-02-27 16:07:43', 'c3c90f1e-2bd5-42d1-b6b1-2233500e7dd8'),
 ('19', '3', '20', '13', '38', '49', '1', '2017-02-27 16:08:02', '2017-02-27 16:08:02', '79924c95-231d-4437-8815-a7ab2d75c5e8'),
 ('20', '3', '21', '13', '34', '37', '1', '2017-02-27 16:08:22', '2017-02-27 16:08:22', 'd3dc0217-a774-4f0d-8bdb-0d4ea31d21bf'),
 ('21', '3', '22', '13', '15', '16', '2', '2017-02-27 16:09:02', '2017-02-27 16:09:02', '4e15b7ad-a92d-4200-ba02-b0d0c16e17b4'),
 ('22', '3', '23', '13', '17', '18', '2', '2017-02-27 16:09:23', '2017-02-27 16:09:23', '8bfebed1-6f6f-4a34-b0ca-62862719cb4a'),
 ('23', '3', '24', '13', '5', '6', '2', '2017-02-27 16:09:41', '2017-02-27 16:09:41', '394abff9-a7b5-4770-8701-75c388615d33'),
 ('24', '3', '25', '13', '7', '8', '2', '2017-02-27 16:10:05', '2017-02-27 16:10:05', 'a1446415-0d85-4ac8-89b7-432055dd92d1'),
 ('26', '3', '27', '13', '9', '10', '2', '2017-02-27 16:10:40', '2017-02-27 16:10:40', '764b80f0-0944-4a6c-9645-f7b7161f8059'),
 ('27', '3', '28', '13', '11', '12', '2', '2017-02-27 16:10:56', '2017-02-27 16:10:56', '4e69b00e-7404-4e6c-b0ca-b79a292de284'),
 ('29', '3', '30', '13', '39', '40', '2', '2017-02-27 16:17:30', '2017-02-27 16:17:30', 'ec04028c-cfa9-4364-bb52-8ed39af3d101'),
 ('30', '3', '31', '13', '35', '36', '2', '2017-02-27 16:17:46', '2017-02-27 16:17:46', '29516edb-b7b3-44bb-bfbc-9de070e7d992'),
 ('31', '3', '32', '13', '41', '42', '2', '2017-02-27 16:18:09', '2017-02-27 16:18:09', '8e4a3311-2a4b-4e3e-a05f-50c70fc1883c'),
 ('32', '3', '33', '13', '43', '44', '2', '2017-02-27 16:18:18', '2017-02-27 16:18:18', '24f5e7b9-ee4e-46c9-a5cb-6c368809335d'),
 ('33', '3', '34', '13', '45', '46', '2', '2017-02-27 16:18:46', '2017-02-27 16:18:46', '640d4d97-69e5-488f-ab83-a1b7458587ed'),
 ('34', '3', '35', '13', '47', '48', '2', '2017-02-27 16:19:40', '2017-02-27 16:19:40', '6ec54f5e-428d-422d-8522-c91089e438e0'),
 ('35', '3', '108', '13', '20', '33', '1', '2017-07-25 09:23:03', '2017-07-25 09:23:03', '4fed863d-358a-4d4d-ba00-3d627838d0c7'),
 ('36', '3', '110', '13', '21', '22', '2', '2017-07-25 09:23:49', '2017-07-25 09:23:49', '9d2bb9ee-d25e-4125-8497-1bf56d284854'),
 ('37', '3', '111', '13', '23', '24', '2', '2017-07-25 09:24:04', '2017-07-25 09:24:04', '21db3e65-af77-4674-a963-4fbc3b2e1338'),
 ('38', '3', '112', '13', '25', '26', '2', '2017-07-25 09:26:48', '2017-07-25 09:26:48', 'e9aa6c94-3256-48d6-ad4c-9784bbfca471'),
 ('39', '3', '113', '13', '27', '28', '2', '2017-07-25 09:27:09', '2017-07-25 09:27:09', '56bd5c70-c733-4b5c-9051-1928c2bbd9d5'),
 ('40', '3', '118', '13', '29', '30', '2', '2017-07-25 09:51:59', '2017-07-25 09:51:59', '7d834a04-42c9-4446-aa9c-84c5a9566232'),
 ('41', '3', '119', '13', '31', '32', '2', '2017-07-25 09:52:07', '2017-07-25 09:52:07', 'f25b0288-cc42-4c57-b48c-6036480591be');



DROP TABLE IF EXISTS `craft_structures`;


--
-- Schema for table `craft_structures`
--
CREATE TABLE `craft_structures` (
  `id` int(11) NOT NULL AUTO_INCREMENT,
  `maxLevels` smallint(6) unsigned DEFAULT NULL,
  `dateCreated` datetime NOT NULL,
  `dateUpdated` datetime NOT NULL,
  `uid` char(36) COLLATE utf8_unicode_ci NOT NULL DEFAULT '0',
  PRIMARY KEY (`id`)
) ENGINE=InnoDB AUTO_INCREMENT=4 DEFAULT CHARSET=utf8 COLLATE=utf8_unicode_ci;

--
-- Data for table `craft_structures`
--

INSERT INTO `craft_structures` (`id`, `maxLevels`, `dateCreated`, `dateUpdated`, `uid`) VALUES
 ('1', NULL, '2017-02-27 15:10:11', '2017-05-10 16:17:39', '45c016d3-252f-47b9-bf34-413f81cf7c38'),
 ('2', '2', '2017-02-27 15:20:19', '2017-02-27 15:27:40', '6c326f5f-4a2d-4f04-9482-c4b644ea8f10'),
 ('3', NULL, '2017-02-27 15:32:41', '2017-02-28 09:49:11', 'aeb45b34-33b3-43eb-9402-a4c2151bd931');



DROP TABLE IF EXISTS `craft_supertableblocks`;


--
-- Schema for table `craft_supertableblocks`
--
CREATE TABLE `craft_supertableblocks` (
  `id` int(11) NOT NULL,
  `ownerId` int(11) NOT NULL,
  `fieldId` int(11) NOT NULL,
  `typeId` int(11) DEFAULT NULL,
  `sortOrder` smallint(6) unsigned DEFAULT NULL,
  `ownerLocale` char(12) COLLATE utf8_unicode_ci DEFAULT NULL,
  `dateCreated` datetime NOT NULL,
  `dateUpdated` datetime NOT NULL,
  `uid` char(36) COLLATE utf8_unicode_ci NOT NULL DEFAULT '0',
  PRIMARY KEY (`id`),
  KEY `craft_supertableblocks_ownerId_idx` (`ownerId`),
  KEY `craft_supertableblocks_fieldId_idx` (`fieldId`),
  KEY `craft_supertableblocks_typeId_idx` (`typeId`),
  KEY `craft_supertableblocks_sortOrder_idx` (`sortOrder`),
  KEY `craft_supertableblocks_ownerLocale_fk` (`ownerLocale`)
) ENGINE=InnoDB DEFAULT CHARSET=utf8 COLLATE=utf8_unicode_ci;

--
-- Data for table `craft_supertableblocks`
--

INSERT INTO `craft_supertableblocks` (`id`, `ownerId`, `fieldId`, `typeId`, `sortOrder`, `ownerLocale`, `dateCreated`, `dateUpdated`, `uid`) VALUES
 ('36', '17', '4', '1', '1', NULL, '2017-02-28 10:02:46', '2017-07-24 16:29:19', '3bff071b-803b-4f8f-8d5c-7c647a994509'),
 ('37', '17', '4', '1', '2', NULL, '2017-02-28 10:02:46', '2017-07-24 16:29:19', 'cb2bdd3e-91ea-46c2-b389-36f4c5b3ea65'),
 ('38', '17', '4', '1', '3', NULL, '2017-02-28 10:02:46', '2017-07-24 16:29:19', 'dbe5997d-5b4f-495d-b0ef-813965670cc1'),
 ('41', '17', '4', '1', '4', NULL, '2017-02-28 10:05:05', '2017-07-24 16:29:19', 'e5832b12-db1a-470e-82b3-e81b6816960a'),
 ('42', '17', '4', '1', '5', NULL, '2017-02-28 10:05:05', '2017-07-24 16:29:19', 'ed1acdd6-f8dd-4867-9945-63deb367676e'),
 ('43', '17', '4', '1', '6', NULL, '2017-02-28 10:05:05', '2017-07-24 16:29:19', '215bc2bb-f343-4149-93aa-258599d835a5'),
 ('44', '17', '4', '1', '7', NULL, '2017-02-28 10:05:05', '2017-07-24 16:29:19', 'ec513dab-e74b-47e5-bc9e-67406043b3c7'),
 ('45', '18', '13', '2', '1', NULL, '2017-02-28 17:05:42', '2017-07-25 09:57:05', 'a957cc80-82a8-41df-bda9-9d1d802b5ac0'),
 ('46', '18', '13', '2', '2', NULL, '2017-02-28 17:07:33', '2017-07-25 09:57:05', 'e1f2d51d-5efe-4bec-a252-68d753572edd'),
 ('47', '18', '13', '2', '3', NULL, '2017-02-28 17:07:33', '2017-07-25 09:57:05', '3a8d8af1-71bd-4c10-9236-5bc60416befb'),
 ('48', '18', '16', '3', '1', NULL, '2017-02-28 17:15:35', '2017-07-25 09:57:05', '181eb04d-af17-4ada-b9e8-ee936e083518'),
 ('49', '18', '21', '4', '1', NULL, '2017-03-01 10:51:25', '2017-07-25 09:57:05', '55bd8998-fb83-4c21-a798-1a5b05dd0754'),
 ('50', '18', '21', '4', '2', NULL, '2017-03-01 11:07:54', '2017-07-25 09:57:05', '9e6c6888-dad4-4bc6-8d66-38360ebb81f9'),
 ('63', '17', '4', '1', '8', NULL, '2017-03-23 15:46:37', '2017-07-24 16:29:19', 'c4a34dc5-756f-4df1-b60c-c1ba1ac287fb'),
 ('64', '17', '4', '1', '9', NULL, '2017-03-23 15:50:37', '2017-07-24 16:29:19', '34c27186-05b6-4805-9caf-03c9aa8791a0'),
 ('65', '17', '4', '1', '10', NULL, '2017-03-23 15:50:37', '2017-07-24 16:29:19', 'b7ea5324-b83f-4675-a3de-54e691ab2976'),
 ('66', '17', '4', '1', '11', NULL, '2017-03-23 15:50:37', '2017-07-24 16:29:19', '14407a96-1179-486e-a874-1071c5b8df4f'),
 ('67', '19', '4', '1', '1', NULL, '2017-03-23 16:22:43', '2017-07-25 09:40:54', '861d0c25-cd40-48f9-9943-53804a74c2a2'),
 ('68', '19', '4', '1', '2', NULL, '2017-03-23 16:22:43', '2017-07-25 09:40:54', '52833075-3d78-4aef-8044-536b35d2e599'),
 ('69', '19', '4', '1', '3', NULL, '2017-03-23 16:22:43', '2017-07-25 09:40:54', 'aabbf072-7771-4ffa-8682-84d7d0994bd5'),
 ('70', '19', '4', '1', '4', NULL, '2017-03-23 16:22:43', '2017-07-25 09:40:54', '082df4e2-9479-4305-9b86-78932b22b556'),
 ('71', '19', '4', '1', '5', NULL, '2017-03-23 16:22:43', '2017-07-25 09:40:54', '4ae9c486-c58a-45f1-a4ca-9ee369b90f90'),
 ('72', '19', '4', '1', '6', NULL, '2017-03-23 16:22:43', '2017-07-25 09:40:54', 'bbf16ab7-afdb-44c4-9c16-e0254f1673b8'),
 ('73', '19', '4', '1', '7', NULL, '2017-03-23 16:22:43', '2017-07-25 09:40:54', '2f00d6ad-0098-489e-b279-5cc933329fa6'),
 ('74', '19', '4', '1', '8', NULL, '2017-03-23 16:22:43', '2017-07-25 09:40:54', '0605d3d3-b517-4c33-bae5-494e1e5d91bb'),
 ('75', '19', '4', '1', '9', NULL, '2017-03-23 16:22:43', '2017-07-25 09:40:54', '28ca37c4-94f1-44cf-abeb-c5786ab4a936'),
 ('76', '20', '4', '1', '1', NULL, '2017-03-23 16:28:11', '2017-03-27 14:32:13', 'd60fe19a-3fc1-4163-8ce5-5873d3d68786'),
 ('77', '20', '4', '1', '2', NULL, '2017-03-23 16:28:11', '2017-03-27 14:32:13', '72a20f21-b02d-4fb8-89de-b7df9ad6eaf1'),
 ('78', '6', '4', '1', '1', NULL, '2017-03-24 16:24:44', '2017-03-24 16:26:53', 'bd23fb6a-d404-41c7-89dc-334969c290c6'),
 ('79', '6', '4', '1', '2', NULL, '2017-03-24 16:24:44', '2017-03-24 16:26:53', 'bde03431-4675-42c4-9293-4fdfd729eef9'),
 ('80', '6', '4', '1', '3', NULL, '2017-03-24 16:24:44', '2017-03-24 16:26:53', 'cc1bda92-e784-413f-8dbf-24c72e8ba327'),
 ('81', '6', '4', '1', '4', NULL, '2017-03-24 16:24:44', '2017-03-24 16:26:53', '1a8361d7-6e3d-47a1-bc41-9e8c31829a5e'),
 ('82', '6', '4', '1', '5', NULL, '2017-03-24 16:24:44', '2017-03-24 16:26:53', 'a007332b-f5e7-4ade-b50c-24b496dd6505'),
 ('83', '7', '4', '1', '1', NULL, '2017-03-27 14:19:34', '2017-05-10 15:47:40', 'c3cbb66e-b378-4074-8329-b148151f65bb'),
 ('84', '7', '4', '1', '2', NULL, '2017-03-27 14:23:23', '2017-05-10 15:47:40', '5bd9ff3c-7369-4de7-8423-0dd640f58570'),
 ('85', '7', '4', '1', '3', NULL, '2017-03-27 14:23:23', '2017-05-10 15:47:40', '631efa54-4890-403d-b61b-d83b97eb1058'),
 ('86', '7', '4', '1', '4', NULL, '2017-03-27 14:23:23', '2017-05-10 15:47:40', '89c1cc50-5e25-4ead-b437-21233e3f01e7'),
 ('87', '7', '4', '1', '5', NULL, '2017-03-27 14:23:23', '2017-05-10 15:47:40', '03cad685-0365-4211-808c-2e0a6e2cc8ff'),
 ('88', '20', '4', '1', '3', NULL, '2017-03-27 14:32:13', '2017-03-27 14:32:13', 'c376cc43-dc1a-4630-a27f-0f9ae4608d51'),
 ('89', '20', '4', '1', '4', NULL, '2017-03-27 14:32:13', '2017-03-27 14:32:13', '91fae03d-8426-48d8-9bf1-a8f1940886d0'),
 ('90', '20', '4', '1', '5', NULL, '2017-03-27 14:32:13', '2017-03-27 14:32:13', '0ed37188-470c-4bd5-8b06-bf89c065459c'),
 ('91', '20', '4', '1', '6', NULL, '2017-03-27 14:32:13', '2017-03-27 14:32:13', '326302b5-fe12-45fa-b384-23206d259bd1'),
 ('92', '20', '4', '1', '7', NULL, '2017-03-27 14:32:13', '2017-03-27 14:32:13', '92bf76ab-3a4e-4713-9402-de3d2226b097'),
 ('120', '24', '21', '4', '1', NULL, '2017-07-25 10:11:38', '2017-07-25 14:12:42', '1308ed60-8ada-4fbd-bdea-d7d44bbfbb3c'),
 ('121', '24', '16', '3', '1', NULL, '2017-07-25 10:11:38', '2017-07-25 14:12:42', '67aca807-bb72-4335-b5d2-d335ab2d447f'),
 ('124', '25', '21', '4', '1', NULL, '2017-07-25 10:37:10', '2017-07-25 14:12:54', '1ccac89f-56b6-4f1d-80e3-828e2912f9d7'),
 ('129', '23', '21', '4', '1', NULL, '2017-07-25 14:29:03', '2017-07-25 14:29:03', 'b16d290d-76b7-41c1-aeb0-3d850e83e8d0'),
 ('130', '28', '21', '4', '1', NULL, '2017-07-25 14:36:50', '2017-07-26 10:26:24', 'eb8d6b96-3829-4ffc-b70c-9eab8a8be024'),
 ('132', '119', '4', '1', '1', NULL, '2017-07-25 15:02:25', '2017-07-25 15:09:21', 'b7a4b4fe-4d8e-47ae-b116-40d64c710988'),
 ('133', '119', '4', '1', '2', NULL, '2017-07-25 15:02:25', '2017-07-25 15:09:21', 'f11dfb10-e398-4c88-80e4-7b13205bb23a'),
 ('134', '119', '21', '4', '1', NULL, '2017-07-25 15:09:21', '2017-07-25 15:09:21', '7d3e2bda-ce76-496a-aeea-0212543977f6'),
 ('139', '28', '4', '1', '1', NULL, '2017-07-26 10:23:02', '2017-07-26 10:26:24', '7bf95c1e-33f4-4a0d-ab53-aec86554aecb'),
 ('140', '28', '4', '1', '2', NULL, '2017-07-26 10:26:09', '2017-07-26 10:26:24', 'ca9e3f85-4952-4983-9de4-413dcc957409'),
 ('141', '28', '4', '1', '3', NULL, '2017-07-26 10:26:09', '2017-07-26 10:26:24', 'e3c160f9-8e33-4be5-b925-df4c79234ebe');



DROP TABLE IF EXISTS `craft_supertableblocktypes`;


--
-- Schema for table `craft_supertableblocktypes`
--
CREATE TABLE `craft_supertableblocktypes` (
  `id` int(11) NOT NULL AUTO_INCREMENT,
  `fieldId` int(11) NOT NULL,
  `fieldLayoutId` int(11) DEFAULT NULL,
  `dateCreated` datetime NOT NULL,
  `dateUpdated` datetime NOT NULL,
  `uid` char(36) COLLATE utf8_unicode_ci NOT NULL DEFAULT '0',
  PRIMARY KEY (`id`),
  KEY `craft_supertableblocktypes_fieldId_fk` (`fieldId`),
  KEY `craft_supertableblocktypes_fieldLayoutId_fk` (`fieldLayoutId`)
) ENGINE=InnoDB AUTO_INCREMENT=5 DEFAULT CHARSET=utf8 COLLATE=utf8_unicode_ci;

--
-- Data for table `craft_supertableblocktypes`
--

INSERT INTO `craft_supertableblocktypes` (`id`, `fieldId`, `fieldLayoutId`, `dateCreated`, `dateUpdated`, `uid`) VALUES
 ('1', '4', '26', '2017-02-27 15:41:11', '2017-02-28 10:39:36', '3381a675-90f1-4cf2-924f-4ac2537c460b'),
 ('2', '13', '36', '2017-02-28 16:49:16', '2017-02-28 17:05:22', '31533fe2-23c1-4c59-98dd-15a1641153e4'),
 ('3', '16', '79', '2017-02-28 16:51:13', '2017-07-25 09:55:03', '5543734e-141e-41f4-ba94-04dddf8d2e87'),
 ('4', '21', '43', '2017-03-01 10:49:06', '2017-03-01 11:01:53', '4344a890-9100-43bf-abfa-b163ecc712db');



DROP TABLE IF EXISTS `craft_supertablecontent_fd_costruction`;


--
-- Schema for table `craft_supertablecontent_fd_costruction`
--
CREATE TABLE `craft_supertablecontent_fd_costruction` (
  `id` int(11) NOT NULL AUTO_INCREMENT,
  `elementId` int(11) NOT NULL,
  `locale` char(12) COLLATE utf8_unicode_ci NOT NULL,
  `field_fd_st_component_name` text COLLATE utf8_unicode_ci,
  `field_fd_st_componentText` text COLLATE utf8_unicode_ci,
  `dateCreated` datetime NOT NULL,
  `dateUpdated` datetime NOT NULL,
  `uid` char(36) COLLATE utf8_unicode_ci NOT NULL DEFAULT '0',
  PRIMARY KEY (`id`),
  UNIQUE KEY `craft_supertablecontent_fd_costruction_elementId_locale_unq_idx` (`elementId`,`locale`),
  KEY `craft_supertablecontent_fd_costruction_locale_fk` (`locale`)
) ENGINE=InnoDB AUTO_INCREMENT=4 DEFAULT CHARSET=utf8 COLLATE=utf8_unicode_ci;

--
-- Data for table `craft_supertablecontent_fd_costruction`
--

INSERT INTO `craft_supertablecontent_fd_costruction` (`id`, `elementId`, `locale`, `field_fd_st_component_name`, `field_fd_st_componentText`, `dateCreated`, `dateUpdated`, `uid`) VALUES
 ('1', '45', 'en', 'Mounting Plate', 'Fabricated in Steel and finished in Epoxy resin. 304 or 316 Stainless Steel available if required.​', '2017-02-28 17:05:42', '2017-07-25 09:57:05', 'e16154f4-e64b-48f2-987b-64db14822f74'),
 ('2', '46', 'en', 'Impellers', 'Aluminium Hub with polypropylene blades. Anti-Static or Aluminium blades available if required', '2017-02-28 17:07:33', '2017-07-25 09:57:05', 'db59111d-43c3-4adf-a59f-24ba80fa8b2f'),
 ('3', '47', 'en', 'Motors', 'Single or 3 phase Class F IP55 as standard with 2 speed, Zone 1 or Zone 2 as optional extras', '2017-02-28 17:07:33', '2017-07-25 09:57:05', '291d1aad-5969-4597-acd8-c1e401bee368');



DROP TABLE IF EXISTS `craft_supertablecontent_fd_st_datatables`;


--
-- Schema for table `craft_supertablecontent_fd_st_datatables`
--
CREATE TABLE `craft_supertablecontent_fd_st_datatables` (
  `id` int(11) NOT NULL AUTO_INCREMENT,
  `elementId` int(11) NOT NULL,
  `locale` char(12) COLLATE utf8_unicode_ci NOT NULL,
  `field_dataTable` text COLLATE utf8_unicode_ci,
  `dateCreated` datetime NOT NULL,
  `dateUpdated` datetime NOT NULL,
  `uid` char(36) COLLATE utf8_unicode_ci NOT NULL DEFAULT '0',
  PRIMARY KEY (`id`),
  UNIQUE KEY `craft_supertablecontent_fd_st_datatables_elementId_locale_unq_id` (`elementId`,`locale`),
  KEY `craft_supertablecontent_fd_st_datatables_locale_idx` (`locale`)
) ENGINE=InnoDB AUTO_INCREMENT=8 DEFAULT CHARSET=utf8 COLLATE=utf8_unicode_ci;

--
-- Data for table `craft_supertablecontent_fd_st_datatables`
--

INSERT INTO `craft_supertablecontent_fd_st_datatables` (`id`, `elementId`, `locale`, `field_dataTable`, `dateCreated`, `dateUpdated`, `uid`) VALUES
 ('1', '49', 'en', '{\"columns\":[{\"heading\":\"Fan Size\",\"width\":\"\",\"align\":\"left\"},{\"heading\":\"Frame\",\"width\":\"\",\"align\":\"left\"},{\"heading\":\"A\",\"width\":\"\",\"align\":\"left\"},{\"heading\":\"B\",\"width\":\"\",\"align\":\"left\"},{\"heading\":\"C\",\"width\":\"\",\"align\":\"left\"},{\"heading\":\"D\",\"width\":\"\",\"align\":\"left\"},{\"heading\":\"E\",\"width\":\"\",\"align\":\"left\"}],\"rows\":[[\"250\",\"71\",\"370\",\"370\",\"330\",\"25\",\"10\"],[\"300\",\"71\",\"420\",\"420\",\"330\",\"25\",\"10\"],[\"315\",\"71\",\"435\",\"xxx\",\"330\",\"25\",\"10\"],[\"350\",\"71\",\"500\",\"500\",\"330\",\"25\",\"10\"],[\"400\",\"71\",\"550\",\"550\",\"330\",\"25\",\"10\"],[\"450\",\"71\",\"600\",\"600\",\"330\",\"25\",\"10\"],[\"500\",\"80\",\"650\",\"650\",\"380\",\"25\",\"10\"],[\"560\",\"80\",\"710\",\"710\",\"380\",\"25\",\"10\"],[\"600\",\"80\",\"800\",\"800\",\"380\",\"25\",\"10\"],[\"630\",\"80\",\"800\",\"800\",\"380\",\"25\",\"10\"],[\"630\",\"90\",\"800\",\"800\",\"400\",\"25\",\"10\"],[\"710\",\"80\",\"900\",\"900\",\"375\",\"40\",\"12\"],[\"710\",\"90\",\"900\",\"900\",\"400\",\"40\",\"12\"]]}', '2017-03-01 10:51:25', '2017-07-25 09:57:05', '896de62e-0d44-4976-82a9-31333787ce01'),
 ('2', '50', 'en', '{\"columns\":[{\"heading\":\"Fan Size\",\"width\":\"\",\"align\":\"left\"},{\"heading\":\"Frame\",\"width\":\"\",\"align\":\"left\"},{\"heading\":\"A\",\"width\":\"\",\"align\":\"left\"},{\"heading\":\"B\",\"width\":\"\",\"align\":\"left\"},{\"heading\":\"C\",\"width\":\"\",\"align\":\"left\"},{\"heading\":\"D\",\"width\":\"\",\"align\":\"left\"},{\"heading\":\"E\",\"width\":\"\",\"align\":\"left\"}],\"rows\":[[\"710\",\"100\",\"900\",\"900\",\"445\",\"40\",\"12\"],[\"800\",\"90\",\"1000\",\"1000\",\"415\",\"40\",\"12\"],[\"800\",\"100\",\"1000\",\"1000\",\"460\",\"40\",\"12\"],[\"800\",\"112\",\"1000\",\"1000\",\"460\",\"40\",\"12\"],[\"900\",\"100\",\"1100\",\"1100\",\"460\",\"50\",\"14\"],[\"900\",\"112\",\"1100\",\"1100\",\"465\",\"50\",\"14\"],[\"900\",\"132\",\"1100\",\"1100\",\"540\",\"50\",\"14\"],[\"1000\",\"100\",\"1250\",\"1250\",\"460\",\"50\",\"14\"],[\"1000\",\"112\",\"1250\",\"1250\",\"460\",\"50\",\"14\"],[\"1000\",\"132\",\"1250\",\"1250\",\"465\",\"50\",\"14\"]]}', '2017-03-01 11:07:54', '2017-07-25 09:57:05', 'd0ca027d-85b8-4ae9-ad81-c9f8b42b8e08'),
 ('3', '120', 'en', '{\"columns\":[{\"heading\":\"Fan Size\",\"width\":\"\",\"align\":\"left\"},{\"heading\":\"A\",\"width\":\"\",\"align\":\"left\"},{\"heading\":\"B\",\"width\":\"\",\"align\":\"left\"},{\"heading\":\"C\",\"width\":\"\",\"align\":\"left\"},{\"heading\":\"D\",\"width\":\"\",\"align\":\"left\"},{\"heading\":\"E\",\"width\":\"\",\"align\":\"left\"},{\"heading\":\"F\",\"width\":\"\",\"align\":\"left\"}],\"rows\":[[\"250\",\"250\",\"315\",\"320\",\"8\",\"10\",\"295\"],[\"315\",\"315\",\"379\",\"380\",\"8\",\"10\",\"355\"],[\"355\",\"355\",\"439\",\"400\",\"8\",\"10\",\"395\"],[\"400\",\"400\",\"485\",\"430\",\"8\",\"12\",\"450\"],[\"450\",\"450\",\"534\",\"430\",\"8\",\"12\",\"500\"],[\"500\",\"500\",\"584\",\"500\",\"12\",\"12\",\"560\"],[\"560\",\"560\",\"644\",\"500\",\"12\",\"12\",\"620\"],[\"630\",\"630\",\"714\",\"500\",\"12\",\"12\",\"690\"],[\"710\",\"710\",\"794\",\"520\",\"16\",\"12\",\"770\"],[\"800\",\"800\",\"908\",\"650\",\"16\",\"12\",\"860\"],[\"900\",\"900\",\"1033\",\"700\",\"16\",\"15\",\"970\"],[\"1000\",\"1000\",\"1133\",\"900\",\"16\",\"15\",\"1070\"],[\"1120\",\"1120\",\"1253\",\"1000\",\"20\",\"18\",\"1190\"],[\"1250\",\"1250\",\"1406\",\"1000\",\"20\",\"18\",\"1320\"],[\"1400\",\"1400\",\"1556\",\"1000\",\"20\",\"18\",\"1470\"],[\"1600\",\"1600\",\"1758\",\"1250\",\"24\",\"18\",\"1680\"]]}', '2017-07-25 10:11:38', '2017-07-25 14:12:42', 'f2bf0f81-e945-49b5-bf7b-4f1b189007d0'),
 ('4', '124', 'en', '{\"columns\":[{\"heading\":\"Fan Size\",\"width\":\"\",\"align\":\"left\"},{\"heading\":\"A\",\"width\":\"\",\"align\":\"left\"},{\"heading\":\"B\",\"width\":\"\",\"align\":\"left\"},{\"heading\":\"C\",\"width\":\"\",\"align\":\"left\"},{\"heading\":\"D\",\"width\":\"\",\"align\":\"left\"},{\"heading\":\"E\",\"width\":\"\",\"align\":\"left\"},{\"heading\":\"F\",\"width\":\"\",\"align\":\"left\"}],\"rows\":[[\"250\",\"250\",\"315\",\"150\",\"8\",\"10\",\"295\"],[\"315\",\"315\",\"379\",\"160\",\"8\",\"10\",\"355\"],[\"355\",\"355\",\"439\",\"160\",\"8\",\"10\",\"395\"],[\"400\",\"400\",\"484\",\"170\",\"8\",\"12\",\"450\"],[\"450\",\"450\",\"534\",\"180\",\"8\",\"12\",\"500\"],[\"560\",\"560\",\"644\",\"210\",\"12\",\"12\",\"560\"],[\"630\",\"630\",\"714\",\"210\",\"12\",\"12\",\"690\"],[\"710\",\"710\",\"794\",\"250\",\"16\",\"12\",\"770\"],[\"800\",\"800\",\"908\",\"300\",\"16\",\"12\",\"860\"],[\"900\",\"900\",\"1033\",\"350\",\"16\",\"15\",\"970\"],[\"1000\",\"1000\",\"1133\",\"400\",\"16\",\"15\",\"1070\"],[\"1120\",\"1120\",\"1253\",\"500\",\"20\",\"18\",\"1190\"],[\"1250\",\"1250\",\"1406\",\"600\",\"20\",\"18\",\"1320\"],[\"1400\",\"1400\",\"1556\",\"600\",\"20\",\"18\",\"1470\"],[\"1600\",\"1600\",\"1758\",\"700\",\"24\",\"18\",\"1680\"]]}', '2017-07-25 10:37:10', '2017-07-25 14:12:54', 'a794685d-cc98-442e-858d-737d7eba94e3'),
 ('5', '129', 'en', '{\"columns\":[{\"heading\":\"Fan Size\",\"width\":\"\",\"align\":\"left\"},{\"heading\":\"A\",\"width\":\"\",\"align\":\"left\"},{\"heading\":\"B\",\"width\":\"\",\"align\":\"left\"},{\"heading\":\"C\",\"width\":\"\",\"align\":\"left\"},{\"heading\":\"D\",\"width\":\"\",\"align\":\"left\"},{\"heading\":\"E\",\"width\":\"\",\"align\":\"left\"},{\"heading\":\"F\",\"width\":\"\",\"align\":\"left\"},{\"heading\":\"G\",\"width\":\"\",\"align\":\"left\"}],\"rows\":[[\"500\",\"500\",\"584\",\"600\",\"8\",\"12\",\"544\",\"320\"],[\"560\",\"560\",\"644\",\"600\",\"12\",\"12\",\"604\",\"350\"],[\"630\",\"630\",\"714\",\"800\",\"12\",\"12\",\"674\",\"390\"],[\"710\",\"710\",\"794\",\"800\",\"12\",\"12\",\"754\",\"420\"],[\"800\",\"800\",\"908\",\"850\",\"12\",\"14\",\"858\",\"490\"],[\"900\",\"900\",\"1033\",\"900\",\"16\",\"18\",\"980\",\"560\"],[\"1000\",\"1000\",\"1133\",\"950\",\"16\",\"18\",\"1080\",\"620\"]]}', '2017-07-25 14:29:03', '2017-07-25 14:29:03', '851b35ac-4304-450f-af66-46fb51ceefa2'),
 ('6', '130', 'en', '{\"columns\":[{\"heading\":\"Fan Size\",\"width\":\"\",\"align\":\"left\"},{\"heading\":\"A\",\"width\":\"\",\"align\":\"left\"},{\"heading\":\"B\",\"width\":\"\",\"align\":\"left\"},{\"heading\":\"C\",\"width\":\"\",\"align\":\"left\"},{\"heading\":\"D\",\"width\":\"\",\"align\":\"left\"},{\"heading\":\"E\",\"width\":\"\",\"align\":\"left\"},{\"heading\":\"F\",\"width\":\"\",\"align\":\"left\"},{\"heading\":\"G\",\"width\":\"\",\"align\":\"left\"}],\"rows\":[[\"250\",\"250\",\"334\",\"300\",\"8\",\"10\",\"294\",\"300\"],[\"315\",\"315\",\"378\",\"320\",\"8\",\"10\",\"355\",\"320\"],[\"400\",\"400\",\"484\",\"400\",\"8\",\"12\",\"444\",\"400\"],[\"450\",\"450\",\"534\",\"430\",\"8\",\"12\",\"494\",\"430\"],[\"500\",\"500\",\"584\",\"430\",\"8\",\"12\",\"544\",\"430\"],[\"560\",\"560\",\"644\",\"500\",\"12\",\"12\",\"604\",\"500\"],[\"630\",\"630\",\"714\",\"500\",\"12\",\"12\",\"674\",\"500\"],[\"710\",\"710\",\"794\",\"520\",\"12\",\"12\",\"754\",\"520\"],[\"800\",\"800\",\"908\",\"650\",\"12\",\"14\",\"858\",\"650\"],[\"900\",\"900\",\"1033\",\"700\",\"16\",\"18\",\"980\",\"700\"],[\"1000\",\"1000\",\"1133\",\"900\",\"16\",\"18\",\"1080\",\"900\"]]}', '2017-07-25 14:36:50', '2017-07-26 10:26:24', 'afd1b7fc-57db-46e7-bccc-1ece6ee80b4d'),
 ('7', '134', 'en', '{\"columns\":[{\"heading\":\"Fan Size\",\"width\":\"\",\"align\":\"left\"},{\"heading\":\"A\",\"width\":\"\",\"align\":\"left\"},{\"heading\":\"A\",\"width\":\"\",\"align\":\"left\"},{\"heading\":\"A\",\"width\":\"\",\"align\":\"left\"},{\"heading\":\"B\",\"width\":\"\",\"align\":\"left\"},{\"heading\":\"C\",\"width\":\"\",\"align\":\"left\"},{\"heading\":\"D\",\"width\":\"\",\"align\":\"left\"},{\"heading\":\"E\",\"width\":\"\",\"align\":\"left\"},{\"heading\":\"F\",\"width\":\"\",\"align\":\"left\"},{\"heading\":\"G\",\"width\":\"\",\"align\":\"left\"}],\"rows\":[[\"\",\"\",\"\",\"\",\"\",\"\",\"\",\"\",\"\",\"\"]]}', '2017-07-25 15:09:21', '2017-07-25 15:09:21', '25e0a3d3-adc1-40ee-a48e-e70cad2ae377');



DROP TABLE IF EXISTS `craft_supertablecontent_fd_st_productgroupglobalspecifications`;


--
-- Schema for table `craft_supertablecontent_fd_st_productgroupglobalspecifications`
--
CREATE TABLE `craft_supertablecontent_fd_st_productgroupglobalspecifications` (
  `id` int(11) NOT NULL AUTO_INCREMENT,
  `elementId` int(11) NOT NULL,
  `locale` char(12) COLLATE utf8_unicode_ci NOT NULL,
  `field_fd_St_Header` text COLLATE utf8_unicode_ci,
  `field_fd_st_text` text COLLATE utf8_unicode_ci,
  `dateCreated` datetime NOT NULL,
  `dateUpdated` datetime NOT NULL,
  `uid` char(36) COLLATE utf8_unicode_ci NOT NULL DEFAULT '0',
  PRIMARY KEY (`id`),
  UNIQUE KEY `craf_supertableco_f_s_productgroupglobalspeci_elemen_loca_un_id` (`elementId`,`locale`),
  KEY `craf_supertableconte_fd_st_productgroupglobalspecificat_local_fk` (`locale`)
) ENGINE=InnoDB AUTO_INCREMENT=50 DEFAULT CHARSET=utf8 COLLATE=utf8_unicode_ci;

--
-- Data for table `craft_supertablecontent_fd_st_productgroupglobalspecifications`
--

INSERT INTO `craft_supertablecontent_fd_st_productgroupglobalspecifications` (`id`, `elementId`, `locale`, `field_fd_St_Header`, `field_fd_st_text`, `dateCreated`, `dateUpdated`, `uid`) VALUES
 ('1', '16', 'en', '', '', '2017-02-27 15:56:17', '2017-02-27 15:58:41', '7c4a1e6b-6109-47fb-96bc-d76829b02bdf'),
 ('2', '36', 'en', 'Arrangement', '<p>Direct driven Single or Multi stage fans suitable for vertical or horizontal mounting.\n  </p>', '2017-02-28 10:02:46', '2017-07-24 16:29:19', 'fb2fed84-a697-494c-84c1-71ba026bd5c6'),
 ('3', '37', 'en', 'Staging Of Axial Flow Fans', '<p>By running two Long Cased Fans in series with contra-rotating impellers, it is possible to achieve up to three times the pressure of a single stage fan of equal diameter and speed.\n  </p>', '2017-02-28 10:02:46', '2017-07-24 16:29:19', '83a109c8-0cb9-4fb5-9df4-8cc5da041861'),
 ('4', '38', 'en', 'Long Cased Type', '<p>In this instance the casing covers the entire length of the motor and impeller and an inspection door is provided.  Essentially for duct mounting where flanges are bolted back and front.\n  </p>', '2017-02-28 10:02:46', '2017-07-24 16:29:19', '01a5cd9b-f00d-479e-b16a-97d298e8f62f'),
 ('7', '41', 'en', 'Short Cased Type', '<p>The casing covers the impeller track and a portion of the motor projects beyond the end of the flange. Best installed at the end of a duct or on Air Conditioning equipment.\n  </p>', '2017-02-28 10:05:05', '2017-07-24 16:29:19', '8409fe76-342c-474d-ad4f-fb68e38ac287'),
 ('8', '42', 'en', 'Motors', '<p>In most instances foot mounted TEFC IEC 600034-1.  Electric motors are fitted with metric dimensions.   The motors are selected to cover the ‘peak’ power absorbed for fan blade pitch angle and speed.  Most standard motors have Class ‘F’ insulation and are suitable for operating at temperatures of up to 50°C (122°F). Higher temperatures available if required.\n  </p>\n<p>The standard voltages are 220, 230/380, 380, 240/215 and 460.  Motors can be wound for any voltage and frequency and also for dual voltage.  The use of standard foot mounted motors of this type guarantees inter-changeability in most countries of the world with machines of similar speed/kw. INVERTER CONTROLLED, FLAMEPROOF, SINGLE PHASE, 2 SPEED AND COMPANY SPECIFICATION MOTORS CAN ALWAYS BE OBTAINED.\n  </p>', '2017-02-28 10:05:05', '2017-07-24 16:29:19', '5e2a543c-a863-4736-92a4-47f543080faf'),
 ('9', '43', 'en', 'Standard Impellers 250-1250mm Dia', '<p>Impellers have aerofoil section polypropylene blades fitted into a die-cast aluminium hub.  Five different blade angles are available and each blade is individually replaceable in the event of breakage.  Aluminium blades are also available in selected angles.\n  </p>', '2017-02-28 10:05:05', '2017-07-24 16:29:19', '2d06bb2e-0d08-47ba-a4b0-4a72ff1f7048'),
 ('10', '44', 'en', 'Special Impellers 250-2000mm Dia', '<p>Impellers have aerofoil variable pitch aluminium blades fixed into a die-cast aluminium hub.\n  </p>', '2017-02-28 10:05:05', '2017-07-24 16:29:19', '5cd2b294-1b8e-4f81-8dd4-3b02a01dc2bb'),
 ('11', '63', 'en', 'Fractional Solidity Impellers', '<p>All sizes of impellers can supplied with varying number of blades to suit the application.  This has the effect of reducing the static capability of the fan whilst retaining a high efficiency.</p>', '2017-03-23 15:46:37', '2017-07-24 16:29:19', '1e88e680-0ecf-4d9b-b087-cb7813eb73e0'),
 ('12', '64', 'en', 'Example of Coding', '<p>A typical example of coding is 630/9/35 indicating :\n  </p>\n<ul><li>630 diameter in mm</li><li>9 number of blades</li><li>35 blade angle in degrees</li></ul>', '2017-03-23 15:50:37', '2017-07-24 16:29:19', '0e531de0-b0c3-4a61-9c9b-6b1ce1434a68'),
 ('13', '65', 'en', 'Extra Features Available', '<p>Mounting feet, flexible connections, AV Mountings, Mating Flanges, Inlet Cones, Guards, Back-draught shutters, Special Paint.  Finishes: External Terminal Box.</p>', '2017-03-23 15:50:37', '2017-07-24 16:29:19', '15276184-c433-48ba-ae11-f50da8c004fb'),
 ('14', '66', 'en', 'Finish', '<ul><li>Standard Fans: Galvanised</li><li>Optional Finishes: Epoxy Resin, Metal Spraying</li></ul>', '2017-03-23 15:50:37', '2017-07-24 16:29:19', '2d14a8dc-cb64-42c3-8c8f-c6b7e6a99e02'),
 ('15', '67', 'en', 'Uses', '<p>For exhausting hot gasses, paint fumes (excluding, cellulose), steam, smoke and dust laden air, available in diameters 250-1250mm.</p>', '2017-03-23 16:22:43', '2017-07-25 09:40:54', '06f95625-bc43-4406-ac6b-591a93f7beba'),
 ('16', '68', 'en', 'Fan Type NT', '<p>Normal Temperature – upto 80°C (176°F).   Constructed in mild steel with a polypropylene impeller and Class F insulation motor.   Special corrosion- resistant finishes available. Standard finish - Galvanised.</p>', '2017-03-23 16:22:43', '2017-07-25 09:40:54', '823b53ea-c0db-42b2-9c0f-671ac3dd01f2'),
 ('17', '69', 'en', 'Fan Type HT', '<p>High Temperature  - upto 200°C (392°F).  Constructed in mild steel with an aluminium impeller and Class F insulation motor.  Special corrosion- resistant finishes available. Standard finish  - galvanised.</p>', '2017-03-23 16:22:43', '2017-07-25 09:40:54', '5c376ea3-a6f3-4383-9734-eed2b42d5c50'),
 ('18', '70', 'en', 'Motors', '<p>Standard three or single phase motors can be fitted along with ATEX ZONE 1 or 2 and company specification units when required.</p>', '2017-03-23 16:22:43', '2017-07-25 09:40:54', 'b8d224af-cd3c-4e88-b0a2-4665aeecf7fb'),
 ('19', '71', 'en', 'Plastic Fans', '<p>This range of fans can also be constructed from rigid PVC sheet reinforced with fibreglass and suitable for a wide fans of uses in the chemical industry and in the extraction of acid fumes from industrial processes.  Dimensions and performance data as for normal Bifurcated fans.\n  </p>\n<p>For exhausting hot gasses, chemical vapours, steam and moisture laden air, available in diameters 250-1000mm.  Max temp 60°C</p>', '2017-03-23 16:22:43', '2017-07-25 09:40:54', '8fae0c6b-9f7c-4e82-b875-69d9dfa271f6'),
 ('20', '72', 'en', 'Stainless Steel Fan Type 304', '<p>Ideal for use in the catering industry for air temperature upto 80°C (176°F).  For exhausting warm air and steam.  Constructed throughout in stainless steel with a polypropylene impeller and Class ‘F’ standard motor with a stainless steel extended shaft.</p>', '2017-03-23 16:22:43', '2017-07-25 09:40:54', '93379613-80a5-4fdc-a745-3b69e52d6bc7'),
 ('21', '73', 'en', 'Stainless Steel Fan Type 316', '<p>Uses mainly in the chemical and allied trades.  Suitable for most acid vapours upto 80°C (176°F).  Constructed throughout in stainless steel with a polypropylene impeller and Class F standard motor with a stainless steel extended shaft.</p>', '2017-03-23 16:22:43', '2017-07-25 09:40:54', 'c2cf7b46-287a-43c1-a570-86949f9b781e'),
 ('22', '74', 'en', 'Extra Features Available', '<ul><li>Mounting feet</li><li>flexible connections</li><li>AV Mountings</li><li>Mating Flanges</li><li>Inlet Cones</li><li>Guards</li><li>Back-draught shutters</li><li>Special Paint finishes</li></ul>', '2017-03-23 16:22:43', '2017-07-25 09:40:54', 'f073afbf-c367-4d3f-b807-319b6c9f1319'),
 ('23', '75', 'en', 'Finish', '<ul><li><strong>Standard Fans:</strong> Galvanised</li><li><strong>Optional Finishes:</strong> Epoxy Resin, Metal Spraying</li></ul>', '2017-03-23 16:22:43', '2017-07-25 09:40:54', '94239eed-56eb-4e3e-a5e0-4c68f9278045'),
 ('24', '76', 'en', 'Applications', '<p>Engineers must consider the use of Centrifugal Fans instead of Axial fans for some of the following reasons:</p>\n<ol><li><ol><li>High Temperature</li><li>Low Noise Levels</li><li>Dust &amp; Fume Extract</li><li>High Static Watergauge</li></ol></li></ol>', '2017-03-23 16:28:11', '2017-03-27 14:32:13', '16be3d1f-c697-4f5d-bdf7-9c0bf61755b7'),
 ('25', '77', 'en', 'Types of Centrifugal Fans', '<p>There are different types of Centrifugal Fans covering air volumes from 85 to 100,000m³/hr and from 25 to 15,000 PA.  Each application requires a fan with different characteristics, whether it be the blade design, the width of the casing or even the method of drive.  By way of a guide as to which is the best fan for certain projects, we list below information that might assist the potential user.</p>', '2017-03-23 16:28:11', '2017-03-27 14:32:13', '9b7d4300-df8b-4eb1-abd1-39f720ce4c1f'),
 ('26', '78', 'en', 'Impellers', '<p>Dynamically balanced aluminium aerofoil section or steel or stainless steel for higher temperatures.</p>', '2017-03-24 16:24:44', '2017-03-24 16:26:53', 'ca1ed596-2dd0-46bd-acd4-ca0491de7d51'),
 ('27', '79', 'en', 'Fan Casing', '<p>Victoria standard short or long casing to suit application, heavy gauge fabricated steel welded construction galvanised or epoxy coated after manufacture.  Diameters from 250-1600mm</p>', '2017-03-24 16:24:44', '2017-03-24 16:26:53', 'a20f9a37-516e-49c9-96b3-01142b9065e3'),
 ('28', '80', 'en', 'Terminal Box Connection', '<p>One of the most important aspects of smoke extract units is the provision of a suitable cable material that will not perish with heat and that will continue to power the motors at elevated temperatures.</p>', '2017-03-24 16:24:44', '2017-03-24 16:26:53', 'cfe74ecf-236b-4434-9865-1304ddd3739c'),
 ('29', '81', 'en', 'Emergency Smoke Roof Extract Fans', '<p>Incorporating axials fans as described above and Vertical Jet Roof Cowls.  Fabricated in steel and finished in powder epoxy polyester resin with galvanised steel backdraught shutters. Provides an ideal terminal device for a smoke extract duct.</p>', '2017-03-24 16:24:44', '2017-03-24 16:26:53', '3378d3e4-7c6f-4d21-b6b8-6029fae6348a'),
 ('30', '82', 'en', 'To BS 7346 Certification', '<ul><li>300°C/2hrs                            BSEN 12101-3</li><li>400°C/2hrs                            BS 7346</li></ul>', '2017-03-24 16:24:44', '2017-03-24 16:26:53', '01a71214-abfd-42b8-91e5-7db16c6d2869'),
 ('31', '83', 'en', 'Standard Construction', '<p>60C Using a Plate Axial Fan. For higher temperatures and Emergency Smoke Extract applications the Cowls are fabricated in steel.</p>', '2017-03-27 14:19:34', '2017-05-10 15:47:40', '31900682-df86-4aec-bed3-58091e876409'),
 ('32', '84', 'en', 'Special Construction', '<p>Fabricated mild steel base and cowl epoxy polyester resin coated after manufacture, standard colour being RAL 1013</p>\n<p>The VERTICAL JET unit is fitted with backdraught shutters.</p>\n<p>The LOW PROFILE unit can be fitted with backdraught shutters if required.</p>\n<p>The standard units are fitted with Victoria Plate Mounted Axial Fans with epoxy coating.</p>\n<p>They can be fitted with Long Casings if required for duct mounting.</p>', '2017-03-27 14:23:23', '2017-05-10 15:47:40', '59f77736-e7cc-4f65-9060-c549e4224712'),
 ('33', '85', 'en', 'Silencers', '<p>Silencers may also be fitted to any of the fans used in Victoria Roof Units.</p>', '2017-03-27 14:23:23', '2017-05-10 15:47:40', 'e881e5b6-325a-41a7-91a7-74948e09161c'),
 ('34', '86', 'en', 'Roof Units for Input (Low Profile Design only)', '<p>By removing the backdraught shutters Victoria Low Profile Units can be used to Input to give general ventilation.</p>', '2017-03-27 14:23:23', '2017-05-10 15:47:40', '7a2896e5-486d-4c3c-b600-5da01e610d4e'),
 ('35', '87', 'en', 'Special Sizes', '<p>Victoria Roof Units can be fabricated to suit non standard roof openings if required.</p>', '2017-03-27 14:23:23', '2017-05-10 15:47:40', 'a29126fa-7d69-4606-87e1-b59674dddeba'),
 ('36', '88', 'en', 'Paddle Blade Fans', '<p>This type of fan is used for the conveying of dust, wood and paper refuse, cotton fly etc.  Since the blade design prevents ‘build up’ of waste materials, discharge velocities vary dependent upon what is being conveyed in the air stream.  Normally in the region of 7-20 mtrs/sec.</p>', '2017-03-27 14:32:13', '2017-03-27 14:32:13', '67196566-bc6d-4866-b42c-464647cd31d6'),
 ('37', '89', 'en', 'Multivane or Forward Curved Fans', '<p>Used for general ventilation purposes – not good for dust etc.  Limited pressure characteristics.  Normal discharge velocities 5-13 mts/sec</p>', '2017-03-27 14:32:13', '2017-03-27 14:32:13', '18837f28-b4d2-4ce8-b15b-e783e5273902'),
 ('38', '90', 'en', 'Backward Curved or Backward Sloping Fans', '<p>Non overloading power characteristics suitable for very light dust applications (eg clean side of dust collector) where a good efficiency is required.  Used for high pressure ventilation systems or where the system resistance could fluctuate.  Normal velocities 9-16 mts/sec</p>', '2017-03-27 14:32:13', '2017-03-27 14:32:13', 'bb114a6c-7485-40fb-b2e1-3092b4971753'),
 ('39', '91', 'en', 'Aerofoil Fans', '<p>The most efficient of all centrifugals fans, ideally suited to general ventilation projects where there is no possibility of dust contamination.  Recommend for high pressure ventilation systems or where the system resistance could fluctuate.  Normal discharge velocities 7-15 mts/sec.</p>', '2017-03-27 14:32:13', '2017-03-27 14:32:13', 'ab38e2b7-f35c-4d3d-9f5f-5be5a48135b9'),
 ('40', '92', 'en', 'High Pressure Blowers', '<p>As their name suggests, these fans are applied where the requirement is for high velocities, eg Air Curtains, refuse conveying etc  Normal discharge velocities 15-30 mts/sec.</p>', '2017-03-27 14:32:13', '2017-03-27 14:32:13', '471681b6-1b30-41b1-aa29-08a18facfc3c'),
 ('45', '132', 'en', 'Finish', '<p>Standard Silencers – galvanised sheet.</p>', '2017-07-25 15:02:25', '2017-07-25 15:09:21', '6d1105dd-428a-4025-926a-92bc582f610b'),
 ('46', '133', 'en', 'Optional Extras', '<p>Melinex lining for steam/high humidity/hospital and food industries.  Epoxy coating, Stainless steel construction.</p>', '2017-07-25 15:02:25', '2017-07-25 15:09:21', 'd6bac41b-9ee5-47d0-8a1c-f7dec4f1401f'),
 ('47', '139', 'en', 'Construction', '<p>The standard construction comprises mild steel fan body and swivel base with polypropylene or aluminium impeller &amp; galvanised finish.  An external terminal box is fitted to the outside of the casing for ease of connection onsite.  The fans are supplied with inlet and outlet guards.</p>', '2017-07-26 10:23:02', '2017-07-26 10:26:24', '99040f19-b5cb-4a5f-9a9c-27c68a514284'),
 ('48', '140', 'en', 'Motors', '<p>Up to size 50cm, the fans can be fitted with single or three phase electric motors, thereafter they are normally fitted with three phase motors only.</p>\n<p>For the Petro-Chemical and other hazardous industries, the fans can be fitted with EExd Zone 1 or Zone 2 Motors.</p>', '2017-07-26 10:26:09', '2017-07-26 10:26:24', 'bcc3922e-1529-4d88-baef-82f7dbb39c19'),
 ('49', '141', 'en', 'Extras - If required', '<p>2 Speed Motors, Pre-wired starters, Epoxy Coating, Fixed or free casters and special voltages.</p>', '2017-07-26 10:26:09', '2017-07-26 10:26:24', '17449e19-73ca-4a5b-abb8-14790f52158e');



DROP TABLE IF EXISTS `craft_supertablecontent_fd_st_specialnotes`;


--
-- Schema for table `craft_supertablecontent_fd_st_specialnotes`
--
CREATE TABLE `craft_supertablecontent_fd_st_specialnotes` (
  `id` int(11) NOT NULL AUTO_INCREMENT,
  `elementId` int(11) NOT NULL,
  `locale` char(12) COLLATE utf8_unicode_ci NOT NULL,
  `field_fd_st_noteText` text COLLATE utf8_unicode_ci,
  `dateCreated` datetime NOT NULL,
  `dateUpdated` datetime NOT NULL,
  `uid` char(36) COLLATE utf8_unicode_ci NOT NULL DEFAULT '0',
  PRIMARY KEY (`id`),
  UNIQUE KEY `craft_supertableconten_fd_st_specialnote_elementId_locale_unq_id` (`elementId`,`locale`),
  KEY `craft_supertablecontent_fd_st_specialnotes_locale_fk` (`locale`)
) ENGINE=InnoDB AUTO_INCREMENT=3 DEFAULT CHARSET=utf8 COLLATE=utf8_unicode_ci;

--
-- Data for table `craft_supertablecontent_fd_st_specialnotes`
--

INSERT INTO `craft_supertablecontent_fd_st_specialnotes` (`id`, `elementId`, `locale`, `field_fd_st_noteText`, `dateCreated`, `dateUpdated`, `uid`) VALUES
 ('1', '48', 'en', '1. This type of fan can be fitted beneath in LOW PROFILE or VERTICAL JET ROOF COWL as supplied by Victoria Fans.\r\n2. The fans may only be operated when installed as intended and when safety is ensured.', '2017-02-28 17:15:35', '2017-07-25 09:57:05', 'e15118c3-8e39-47c4-82a0-43b43caf6778'),
 ('2', '121', 'en', 'Flange Drillings to BS EN ISO13351 (E)', '2017-07-25 10:11:38', '2017-07-25 14:12:42', '0166b143-a4d7-427d-9df9-ec30c05f49a0');



DROP TABLE IF EXISTS `craft_systemsettings`;


--
-- Schema for table `craft_systemsettings`
--
CREATE TABLE `craft_systemsettings` (
  `id` int(11) NOT NULL AUTO_INCREMENT,
  `category` varchar(15) COLLATE utf8_unicode_ci NOT NULL,
  `settings` text COLLATE utf8_unicode_ci,
  `dateCreated` datetime NOT NULL,
  `dateUpdated` datetime NOT NULL,
  `uid` char(36) COLLATE utf8_unicode_ci NOT NULL DEFAULT '0',
  PRIMARY KEY (`id`),
  UNIQUE KEY `craft_systemsettings_category_unq_idx` (`category`)
) ENGINE=InnoDB AUTO_INCREMENT=2 DEFAULT CHARSET=utf8 COLLATE=utf8_unicode_ci;

--
-- Data for table `craft_systemsettings`
--

INSERT INTO `craft_systemsettings` (`id`, `category`, `settings`, `dateCreated`, `dateUpdated`, `uid`) VALUES
 ('1', 'email', '{\"protocol\":\"php\",\"emailAddress\":\"wearemechanised@gmail.com\",\"senderName\":\"Victoria Fans\"}', '2017-02-27 15:05:21', '2017-02-27 15:05:21', '5d7a2a28-cb11-45f7-b792-c261921c1fe9');



DROP TABLE IF EXISTS `craft_taggroups`;


--
-- Schema for table `craft_taggroups`
--
CREATE TABLE `craft_taggroups` (
  `id` int(11) NOT NULL AUTO_INCREMENT,
  `name` varchar(255) COLLATE utf8_unicode_ci NOT NULL,
  `handle` varchar(255) COLLATE utf8_unicode_ci NOT NULL,
  `fieldLayoutId` int(10) DEFAULT NULL,
  `dateCreated` datetime NOT NULL,
  `dateUpdated` datetime NOT NULL,
  `uid` char(36) COLLATE utf8_unicode_ci NOT NULL DEFAULT '0',
  PRIMARY KEY (`id`),
  UNIQUE KEY `craft_taggroups_name_unq_idx` (`name`),
  UNIQUE KEY `craft_taggroups_handle_unq_idx` (`handle`),
  KEY `craft_taggroups_fieldLayoutId_fk` (`fieldLayoutId`)
) ENGINE=InnoDB AUTO_INCREMENT=2 DEFAULT CHARSET=utf8 COLLATE=utf8_unicode_ci;

--
-- Data for table `craft_taggroups`
--

INSERT INTO `craft_taggroups` (`id`, `name`, `handle`, `fieldLayoutId`, `dateCreated`, `dateUpdated`, `uid`) VALUES
 ('1', 'Default', 'default', '1', '2017-02-27 15:05:21', '2017-02-27 15:05:21', '1e82de78-a29a-47bb-b626-f2b0ca8b4dca');



DROP TABLE IF EXISTS `craft_tags`;


--
-- Schema for table `craft_tags`
--
CREATE TABLE `craft_tags` (
  `id` int(11) NOT NULL,
  `groupId` int(11) NOT NULL,
  `dateCreated` datetime NOT NULL,
  `dateUpdated` datetime NOT NULL,
  `uid` char(36) COLLATE utf8_unicode_ci NOT NULL DEFAULT '0',
  PRIMARY KEY (`id`),
  KEY `craft_tags_groupId_fk` (`groupId`)
) ENGINE=InnoDB DEFAULT CHARSET=utf8 COLLATE=utf8_unicode_ci;

DROP TABLE IF EXISTS `craft_tasks`;


--
-- Schema for table `craft_tasks`
--
CREATE TABLE `craft_tasks` (
  `id` int(11) NOT NULL AUTO_INCREMENT,
  `root` int(11) unsigned DEFAULT NULL,
  `lft` int(11) unsigned NOT NULL,
  `rgt` int(11) unsigned NOT NULL,
  `level` smallint(6) unsigned NOT NULL,
  `currentStep` int(11) unsigned DEFAULT NULL,
  `totalSteps` int(11) unsigned DEFAULT NULL,
  `status` enum('pending','error','running') COLLATE utf8_unicode_ci DEFAULT NULL,
  `type` varchar(150) COLLATE utf8_unicode_ci NOT NULL,
  `description` varchar(255) COLLATE utf8_unicode_ci DEFAULT NULL,
  `settings` mediumtext COLLATE utf8_unicode_ci,
  `dateCreated` datetime NOT NULL,
  `dateUpdated` datetime NOT NULL,
  `uid` char(36) COLLATE utf8_unicode_ci NOT NULL DEFAULT '0',
  PRIMARY KEY (`id`),
  KEY `craft_tasks_root_idx` (`root`),
  KEY `craft_tasks_lft_idx` (`lft`),
  KEY `craft_tasks_rgt_idx` (`rgt`),
  KEY `craft_tasks_level_idx` (`level`)
) ENGINE=InnoDB AUTO_INCREMENT=9 DEFAULT CHARSET=utf8 COLLATE=utf8_unicode_ci;

DROP TABLE IF EXISTS `craft_templatecachecriteria`;


--
-- Schema for table `craft_templatecachecriteria`
--
CREATE TABLE `craft_templatecachecriteria` (
  `id` int(11) NOT NULL AUTO_INCREMENT,
  `cacheId` int(11) NOT NULL,
  `type` varchar(150) COLLATE utf8_unicode_ci NOT NULL,
  `criteria` text COLLATE utf8_unicode_ci NOT NULL,
  PRIMARY KEY (`id`),
  KEY `craft_templatecachecriteria_cacheId_fk` (`cacheId`),
  KEY `craft_templatecachecriteria_type_idx` (`type`)
) ENGINE=InnoDB DEFAULT CHARSET=utf8 COLLATE=utf8_unicode_ci;

DROP TABLE IF EXISTS `craft_templatecacheelements`;


--
-- Schema for table `craft_templatecacheelements`
--
CREATE TABLE `craft_templatecacheelements` (
  `cacheId` int(11) NOT NULL,
  `elementId` int(11) NOT NULL,
  KEY `craft_templatecacheelements_cacheId_fk` (`cacheId`),
  KEY `craft_templatecacheelements_elementId_fk` (`elementId`)
) ENGINE=InnoDB DEFAULT CHARSET=utf8 COLLATE=utf8_unicode_ci;

DROP TABLE IF EXISTS `craft_templatecaches`;


--
-- Schema for table `craft_templatecaches`
--
CREATE TABLE `craft_templatecaches` (
  `id` int(11) NOT NULL AUTO_INCREMENT,
  `cacheKey` varchar(255) COLLATE utf8_unicode_ci NOT NULL,
  `locale` char(12) COLLATE utf8_unicode_ci NOT NULL,
  `path` varchar(255) COLLATE utf8_unicode_ci DEFAULT NULL,
  `expiryDate` datetime NOT NULL,
  `body` mediumtext COLLATE utf8_unicode_ci NOT NULL,
  PRIMARY KEY (`id`),
  KEY `craft_templatecaches_expiryDate_cacheKey_locale_path_idx` (`expiryDate`,`cacheKey`,`locale`,`path`),
  KEY `craft_templatecaches_locale_fk` (`locale`)
) ENGINE=InnoDB DEFAULT CHARSET=utf8 COLLATE=utf8_unicode_ci;

DROP TABLE IF EXISTS `craft_tokens`;


--
-- Schema for table `craft_tokens`
--
CREATE TABLE `craft_tokens` (
  `id` int(11) NOT NULL AUTO_INCREMENT,
  `token` char(32) COLLATE utf8_unicode_ci NOT NULL,
  `route` text COLLATE utf8_unicode_ci,
  `usageLimit` tinyint(3) unsigned DEFAULT NULL,
  `usageCount` tinyint(3) unsigned DEFAULT NULL,
  `expiryDate` datetime NOT NULL,
  `dateCreated` datetime NOT NULL,
  `dateUpdated` datetime NOT NULL,
  `uid` char(36) COLLATE utf8_unicode_ci NOT NULL DEFAULT '0',
  PRIMARY KEY (`id`),
  UNIQUE KEY `craft_tokens_token_unq_idx` (`token`),
  KEY `craft_tokens_expiryDate_idx` (`expiryDate`)
) ENGINE=InnoDB DEFAULT CHARSET=utf8 COLLATE=utf8_unicode_ci;

DROP TABLE IF EXISTS `craft_usergroups`;


--
-- Schema for table `craft_usergroups`
--
CREATE TABLE `craft_usergroups` (
  `id` int(11) NOT NULL AUTO_INCREMENT,
  `name` varchar(255) COLLATE utf8_unicode_ci NOT NULL,
  `handle` varchar(255) COLLATE utf8_unicode_ci NOT NULL,
  `dateCreated` datetime NOT NULL,
  `dateUpdated` datetime NOT NULL,
  `uid` char(36) COLLATE utf8_unicode_ci NOT NULL DEFAULT '0',
  PRIMARY KEY (`id`),
  UNIQUE KEY `craft_usergroups_name_unq_idx` (`name`),
  UNIQUE KEY `craft_usergroups_handle_unq_idx` (`handle`)
) ENGINE=InnoDB DEFAULT CHARSET=utf8 COLLATE=utf8_unicode_ci;

DROP TABLE IF EXISTS `craft_usergroups_users`;


--
-- Schema for table `craft_usergroups_users`
--
CREATE TABLE `craft_usergroups_users` (
  `id` int(11) NOT NULL AUTO_INCREMENT,
  `groupId` int(11) NOT NULL,
  `userId` int(11) NOT NULL,
  `dateCreated` datetime NOT NULL,
  `dateUpdated` datetime NOT NULL,
  `uid` char(36) COLLATE utf8_unicode_ci NOT NULL DEFAULT '0',
  PRIMARY KEY (`id`),
  UNIQUE KEY `craft_usergroups_users_groupId_userId_unq_idx` (`groupId`,`userId`),
  KEY `craft_usergroups_users_userId_fk` (`userId`)
) ENGINE=InnoDB DEFAULT CHARSET=utf8 COLLATE=utf8_unicode_ci;

DROP TABLE IF EXISTS `craft_userpermissions`;


--
-- Schema for table `craft_userpermissions`
--
CREATE TABLE `craft_userpermissions` (
  `id` int(11) NOT NULL AUTO_INCREMENT,
  `name` varchar(255) COLLATE utf8_unicode_ci NOT NULL,
  `dateCreated` datetime NOT NULL,
  `dateUpdated` datetime NOT NULL,
  `uid` char(36) COLLATE utf8_unicode_ci NOT NULL DEFAULT '0',
  PRIMARY KEY (`id`),
  UNIQUE KEY `craft_userpermissions_name_unq_idx` (`name`)
) ENGINE=InnoDB AUTO_INCREMENT=43 DEFAULT CHARSET=utf8 COLLATE=utf8_unicode_ci;

--
-- Data for table `craft_userpermissions`
--

INSERT INTO `craft_userpermissions` (`id`, `name`, `dateCreated`, `dateUpdated`, `uid`) VALUES
 ('1', 'accesssitewhensystemisoff', '2017-03-27 14:53:01', '2017-03-27 14:53:01', '86f9333c-edb4-4361-9203-28ac8835c515'),
 ('2', 'accesscpwhensystemisoff', '2017-03-27 14:53:01', '2017-03-27 14:53:01', '9e289020-8aac-48bc-86b9-a19c6df803a3'),
 ('3', 'performupdates', '2017-03-27 14:53:01', '2017-03-27 14:53:01', 'ec72f60a-5426-4b1b-9a45-f3dc5669c0f7'),
 ('4', 'accesscp', '2017-03-27 14:53:01', '2017-03-27 14:53:01', '82071896-5744-4542-bdeb-3a6ceae46a66'),
 ('5', 'publishentries:6', '2017-03-27 14:53:01', '2017-03-27 14:53:01', '643cc3aa-8390-4d90-bd93-e795b2c3057e'),
 ('6', 'publishpeerentrydrafts:6', '2017-03-27 14:53:01', '2017-03-27 14:53:01', '80d66e29-6c3b-4ef9-9ba8-c2ed70fe958f'),
 ('7', 'deletepeerentrydrafts:6', '2017-03-27 14:53:01', '2017-03-27 14:53:01', '66f2114e-f88e-4f00-a364-dd23cf1a9977'),
 ('8', 'editpeerentrydrafts:6', '2017-03-27 14:53:01', '2017-03-27 14:53:01', '4a16b75d-980d-4222-b2c2-53acbc57ef5f'),
 ('9', 'editentries:6', '2017-03-27 14:53:01', '2017-03-27 14:53:01', '88e38a82-b2d8-44ca-81e7-3adf6ea8192c'),
 ('10', 'publishentries:1', '2017-03-27 14:53:01', '2017-03-27 14:53:01', 'ae5b435b-fdb2-4662-9df9-3c986d76515d'),
 ('11', 'publishpeerentrydrafts:1', '2017-03-27 14:53:01', '2017-03-27 14:53:01', '74448185-253e-4466-8e6b-653053a2772c'),
 ('12', 'deletepeerentrydrafts:1', '2017-03-27 14:53:01', '2017-03-27 14:53:01', '8760d670-ab94-495f-a07a-bd37ab470057'),
 ('13', 'editpeerentrydrafts:1', '2017-03-27 14:53:01', '2017-03-27 14:53:01', 'fffe9eca-d503-4855-9d0b-94f16ab52da4'),
 ('14', 'editentries:1', '2017-03-27 14:53:01', '2017-03-27 14:53:01', '4f5edc2e-c715-4720-97c2-5b4103576cbb'),
 ('15', 'publishentries:4', '2017-03-27 14:53:01', '2017-03-27 14:53:01', 'bde4247a-7514-4733-9855-2ca662cbed29'),
 ('16', 'publishpeerentrydrafts:4', '2017-03-27 14:53:01', '2017-03-27 14:53:01', 'ce512271-395c-449c-b4aa-231fe19f78c3'),
 ('17', 'deletepeerentrydrafts:4', '2017-03-27 14:53:01', '2017-03-27 14:53:01', '365526d0-2b43-4b74-bbae-9405c14cfdd1'),
 ('18', 'editpeerentrydrafts:4', '2017-03-27 14:53:01', '2017-03-27 14:53:01', 'e3a8c62f-2860-4a40-9f68-cc4486e2bb5c'),
 ('19', 'editentries:4', '2017-03-27 14:53:01', '2017-03-27 14:53:01', 'ee855392-90f0-40a7-b0cc-4db5caa7f05e'),
 ('20', 'createentries:3', '2017-03-27 14:53:01', '2017-03-27 14:53:01', 'b24986a6-355d-4c87-ad9f-2f3b85e7dd73'),
 ('21', 'publishentries:3', '2017-03-27 14:53:01', '2017-03-27 14:53:01', '43780aa2-247a-4379-a044-ab47f2dccea8'),
 ('22', 'deleteentries:3', '2017-03-27 14:53:01', '2017-03-27 14:53:01', '144544d3-725a-4191-b0e7-e6bfc76a187b'),
 ('23', 'publishpeerentries:3', '2017-03-27 14:53:01', '2017-03-27 14:53:01', 'c7963444-e362-4eca-8acf-1f48307fbd01'),
 ('24', 'deletepeerentries:3', '2017-03-27 14:53:01', '2017-03-27 14:53:01', 'ccdcd6db-db31-48d2-8322-df71d3c0e651'),
 ('25', 'editpeerentries:3', '2017-03-27 14:53:01', '2017-03-27 14:53:01', '43d9b0ca-10eb-4090-a0cd-2c52db752b35'),
 ('26', 'publishpeerentrydrafts:3', '2017-03-27 14:53:01', '2017-03-27 14:53:01', '7f847d68-95cf-42f3-9819-f968672513a4'),
 ('27', 'deletepeerentrydrafts:3', '2017-03-27 14:53:01', '2017-03-27 14:53:01', '9b084e8a-9486-492e-a795-9337d4ba3493'),
 ('28', 'editpeerentrydrafts:3', '2017-03-27 14:53:01', '2017-03-27 14:53:01', '307532c3-59ea-4961-8b9b-de416bd8487d'),
 ('29', 'editentries:3', '2017-03-27 14:53:01', '2017-03-27 14:53:01', 'eb139b0d-b7b2-492c-b394-7f6b2632307d'),
 ('30', 'editcategories:1', '2017-03-27 14:53:01', '2017-03-27 14:53:01', '0585fd91-fbe7-4540-933e-a58e54e3acdd'),
 ('31', 'uploadtoassetsource:1', '2017-03-27 14:53:01', '2017-03-27 14:53:01', '49c2fa2d-4a47-4627-9665-607c3da93229'),
 ('32', 'createsubfoldersinassetsource:1', '2017-03-27 14:53:01', '2017-03-27 14:53:01', 'bc984e5e-8c11-40bb-b365-8748c7e0ab31'),
 ('33', 'removefromassetsource:1', '2017-03-27 14:53:01', '2017-03-27 14:53:01', 'aee0fac4-28a9-4d3d-bfda-5afd0a3cb272'),
 ('34', 'viewassetsource:1', '2017-03-27 14:53:01', '2017-03-27 14:53:01', '3aabd157-e6f3-4cf3-b4e1-c26d10a256dc'),
 ('35', 'uploadtoassetsource:2', '2017-03-27 14:53:01', '2017-03-27 14:53:01', 'a6212832-673b-4977-a2fe-798066f1aa1b'),
 ('36', 'createsubfoldersinassetsource:2', '2017-03-27 14:53:01', '2017-03-27 14:53:01', 'a910dc4d-2b7c-4909-9d25-f54e74d8c389'),
 ('37', 'removefromassetsource:2', '2017-03-27 14:53:01', '2017-03-27 14:53:01', '9101b543-0d01-42b3-bc12-ebe7998767a2'),
 ('38', 'viewassetsource:2', '2017-03-27 14:53:01', '2017-03-27 14:53:01', 'd06c9c7e-10f2-4434-acf9-de00325ec16a'),
 ('39', 'uploadtoassetsource:3', '2017-03-27 14:53:01', '2017-03-27 14:53:01', 'fa8a6f20-e19d-448e-874b-05e059856ae5'),
 ('40', 'createsubfoldersinassetsource:3', '2017-03-27 14:53:01', '2017-03-27 14:53:01', '4c654580-bc54-4b84-9cbd-053c28605832'),
 ('41', 'removefromassetsource:3', '2017-03-27 14:53:01', '2017-03-27 14:53:01', '70a30978-9166-4c49-8efc-f14249dba551'),
 ('42', 'viewassetsource:3', '2017-03-27 14:53:01', '2017-03-27 14:53:01', '4935dba0-3dfe-48c6-8ccd-ad702f63ef27');



DROP TABLE IF EXISTS `craft_userpermissions_usergroups`;


--
-- Schema for table `craft_userpermissions_usergroups`
--
CREATE TABLE `craft_userpermissions_usergroups` (
  `id` int(11) NOT NULL AUTO_INCREMENT,
  `permissionId` int(11) NOT NULL,
  `groupId` int(11) NOT NULL,
  `dateCreated` datetime NOT NULL,
  `dateUpdated` datetime NOT NULL,
  `uid` char(36) COLLATE utf8_unicode_ci NOT NULL DEFAULT '0',
  PRIMARY KEY (`id`),
  UNIQUE KEY `craft_userpermissions_usergroups_permissionId_groupId_unq_idx` (`permissionId`,`groupId`),
  KEY `craft_userpermissions_usergroups_groupId_fk` (`groupId`)
) ENGINE=InnoDB DEFAULT CHARSET=utf8 COLLATE=utf8_unicode_ci;

DROP TABLE IF EXISTS `craft_userpermissions_users`;


--
-- Schema for table `craft_userpermissions_users`
--
CREATE TABLE `craft_userpermissions_users` (
  `id` int(11) NOT NULL AUTO_INCREMENT,
  `permissionId` int(11) NOT NULL,
  `userId` int(11) NOT NULL,
  `dateCreated` datetime NOT NULL,
  `dateUpdated` datetime NOT NULL,
  `uid` char(36) COLLATE utf8_unicode_ci NOT NULL DEFAULT '0',
  PRIMARY KEY (`id`),
  UNIQUE KEY `craft_userpermissions_users_permissionId_userId_unq_idx` (`permissionId`,`userId`),
  KEY `craft_userpermissions_users_userId_fk` (`userId`)
) ENGINE=InnoDB AUTO_INCREMENT=127 DEFAULT CHARSET=utf8 COLLATE=utf8_unicode_ci;

--
-- Data for table `craft_userpermissions_users`
--

INSERT INTO `craft_userpermissions_users` (`id`, `permissionId`, `userId`, `dateCreated`, `dateUpdated`, `uid`) VALUES
 ('85', '1', '96', '2017-03-27 14:54:52', '2017-03-27 14:54:52', '542d40d2-955c-4fc1-9b71-d5756fb0e011'),
 ('86', '2', '96', '2017-03-27 14:54:52', '2017-03-27 14:54:52', 'ecd2ed03-0ff8-4ffa-868c-80313555224e'),
 ('87', '3', '96', '2017-03-27 14:54:52', '2017-03-27 14:54:52', '1adc49af-c0b5-4d9a-b5b7-eb7ed6695cd7'),
 ('88', '4', '96', '2017-03-27 14:54:52', '2017-03-27 14:54:52', '79ee40f9-1134-42d6-9fc6-e681b567a619'),
 ('89', '5', '96', '2017-03-27 14:54:52', '2017-03-27 14:54:52', '9cc7c064-96e0-450b-8631-6f248b8a8817'),
 ('90', '6', '96', '2017-03-27 14:54:52', '2017-03-27 14:54:52', 'e9dfbba9-4db8-4669-a457-1c2b1efe7252'),
 ('91', '7', '96', '2017-03-27 14:54:52', '2017-03-27 14:54:52', '41301ebb-f188-40b0-87e0-128302e07e50'),
 ('92', '8', '96', '2017-03-27 14:54:52', '2017-03-27 14:54:52', '2f5da3e2-e8c8-4388-aa67-3dca4887d654'),
 ('93', '9', '96', '2017-03-27 14:54:52', '2017-03-27 14:54:52', '8549e6d8-6658-42d6-8fb3-45801852be5b'),
 ('94', '10', '96', '2017-03-27 14:54:52', '2017-03-27 14:54:52', 'a56245e2-2b02-4380-8de6-86fdb25f25f5'),
 ('95', '11', '96', '2017-03-27 14:54:52', '2017-03-27 14:54:52', '275a00e4-a51d-4e3c-836c-a17d50f6c86f'),
 ('96', '12', '96', '2017-03-27 14:54:52', '2017-03-27 14:54:52', 'cb111ba4-c0a3-42aa-b947-cf7a18dbb85b'),
 ('97', '13', '96', '2017-03-27 14:54:52', '2017-03-27 14:54:52', '988364c4-3496-4752-8d87-fd1c9cee3cf9'),
 ('98', '14', '96', '2017-03-27 14:54:52', '2017-03-27 14:54:52', '5dbf3d44-3a1a-4c97-b195-3d30d076550c'),
 ('99', '15', '96', '2017-03-27 14:54:52', '2017-03-27 14:54:52', '6164e8c7-e792-4f72-b5f5-11ec71612b05'),
 ('100', '16', '96', '2017-03-27 14:54:52', '2017-03-27 14:54:52', 'e9fd7bae-5fea-45b6-b031-63ca212e9adc'),
 ('101', '17', '96', '2017-03-27 14:54:52', '2017-03-27 14:54:52', '26939826-69bc-41c4-9998-b207fc85e955'),
 ('102', '18', '96', '2017-03-27 14:54:52', '2017-03-27 14:54:52', 'e8ff99aa-83fb-4269-9340-d193672808dd'),
 ('103', '19', '96', '2017-03-27 14:54:52', '2017-03-27 14:54:52', '3795436b-3bf4-4a9e-98fa-2605778de733'),
 ('104', '20', '96', '2017-03-27 14:54:52', '2017-03-27 14:54:52', '2766b788-87bb-4008-820d-252cb8ee9bfc'),
 ('105', '21', '96', '2017-03-27 14:54:52', '2017-03-27 14:54:52', 'b737e296-cda8-4a82-a11c-17451c881542'),
 ('106', '22', '96', '2017-03-27 14:54:52', '2017-03-27 14:54:52', 'd0ca3c6a-33e2-4f40-9159-9952cd2ffb6d'),
 ('107', '23', '96', '2017-03-27 14:54:52', '2017-03-27 14:54:52', '7cffa8b9-6407-4f1d-9adb-c8ef3c384397'),
 ('108', '24', '96', '2017-03-27 14:54:52', '2017-03-27 14:54:52', '3f0ca1d7-a632-44e4-af10-54083ab40385'),
 ('109', '25', '96', '2017-03-27 14:54:52', '2017-03-27 14:54:52', '16f59b0c-2905-47ef-b5da-92f09c7933a5'),
 ('110', '26', '96', '2017-03-27 14:54:52', '2017-03-27 14:54:52', 'b1e1a15e-d7fc-4b7d-b335-639bd3e52422'),
 ('111', '27', '96', '2017-03-27 14:54:52', '2017-03-27 14:54:52', '4cebbc57-b1fe-4f5e-9c96-3d232582b54f'),
 ('112', '28', '96', '2017-03-27 14:54:52', '2017-03-27 14:54:52', '15af58c3-c82c-4fb7-bf2a-babff238e350'),
 ('113', '29', '96', '2017-03-27 14:54:52', '2017-03-27 14:54:52', '575febc5-b875-4c63-b4c4-3ae820676955'),
 ('114', '30', '96', '2017-03-27 14:54:52', '2017-03-27 14:54:52', '7e6d857e-68f4-4f51-a734-a427f1d9c614'),
 ('115', '31', '96', '2017-03-27 14:54:52', '2017-03-27 14:54:52', 'b7701c86-5f37-412f-9d89-4183e2137445'),
 ('116', '32', '96', '2017-03-27 14:54:52', '2017-03-27 14:54:52', 'cc233729-d9a5-485f-8b36-79f5daa73324'),
 ('117', '33', '96', '2017-03-27 14:54:52', '2017-03-27 14:54:52', '640dfd35-e7e4-4b28-aaaf-fe5d88b7682a'),
 ('118', '34', '96', '2017-03-27 14:54:52', '2017-03-27 14:54:52', '28ac1385-c93b-44dd-aa26-86b22fc0c5d0'),
 ('119', '35', '96', '2017-03-27 14:54:52', '2017-03-27 14:54:52', '73cbc779-69ca-4e50-9488-88c538db8784'),
 ('120', '36', '96', '2017-03-27 14:54:52', '2017-03-27 14:54:52', '23190f8c-9f40-4e08-82b0-3a0512b63168'),
 ('121', '37', '96', '2017-03-27 14:54:52', '2017-03-27 14:54:52', '07b80fb7-51c1-438b-84b8-fd959d73120c'),
 ('122', '38', '96', '2017-03-27 14:54:52', '2017-03-27 14:54:52', '0b48c15d-eb56-481b-83af-655249705b4b'),
 ('123', '39', '96', '2017-03-27 14:54:52', '2017-03-27 14:54:52', '0bf4c34e-b869-4ca8-bb2d-e467646ccd2a'),
 ('124', '40', '96', '2017-03-27 14:54:52', '2017-03-27 14:54:52', 'bcea1678-aeca-4114-9cce-bf2e6122fed0'),
 ('125', '41', '96', '2017-03-27 14:54:52', '2017-03-27 14:54:52', '54bd4af1-3b6a-4d47-a710-637d56e9e581'),
 ('126', '42', '96', '2017-03-27 14:54:52', '2017-03-27 14:54:52', '95c92219-5984-4850-92e4-0d13dd5ef6c1');



DROP TABLE IF EXISTS `craft_users`;


--
-- Schema for table `craft_users`
--
CREATE TABLE `craft_users` (
  `id` int(11) NOT NULL,
  `username` varchar(100) COLLATE utf8_unicode_ci NOT NULL,
  `photo` varchar(100) COLLATE utf8_unicode_ci DEFAULT NULL,
  `firstName` varchar(100) COLLATE utf8_unicode_ci DEFAULT NULL,
  `lastName` varchar(100) COLLATE utf8_unicode_ci DEFAULT NULL,
  `email` varchar(255) COLLATE utf8_unicode_ci NOT NULL,
  `password` char(255) COLLATE utf8_unicode_ci DEFAULT NULL,
  `preferredLocale` char(12) COLLATE utf8_unicode_ci DEFAULT NULL,
  `weekStartDay` tinyint(1) unsigned NOT NULL DEFAULT '0',
  `admin` tinyint(1) unsigned NOT NULL DEFAULT '0',
  `client` tinyint(1) unsigned NOT NULL DEFAULT '0',
  `locked` tinyint(1) unsigned NOT NULL DEFAULT '0',
  `suspended` tinyint(1) unsigned NOT NULL DEFAULT '0',
  `pending` tinyint(1) unsigned NOT NULL DEFAULT '0',
  `archived` tinyint(1) unsigned NOT NULL DEFAULT '0',
  `lastLoginDate` datetime DEFAULT NULL,
  `lastLoginAttemptIPAddress` varchar(45) COLLATE utf8_unicode_ci DEFAULT NULL,
  `invalidLoginWindowStart` datetime DEFAULT NULL,
  `invalidLoginCount` tinyint(4) unsigned DEFAULT NULL,
  `lastInvalidLoginDate` datetime DEFAULT NULL,
  `lockoutDate` datetime DEFAULT NULL,
  `verificationCode` char(100) COLLATE utf8_unicode_ci DEFAULT NULL,
  `verificationCodeIssuedDate` datetime DEFAULT NULL,
  `unverifiedEmail` varchar(255) COLLATE utf8_unicode_ci DEFAULT NULL,
  `passwordResetRequired` tinyint(1) unsigned NOT NULL DEFAULT '0',
  `lastPasswordChangeDate` datetime DEFAULT NULL,
  `dateCreated` datetime NOT NULL,
  `dateUpdated` datetime NOT NULL,
  `uid` char(36) COLLATE utf8_unicode_ci NOT NULL DEFAULT '0',
  PRIMARY KEY (`id`),
  UNIQUE KEY `craft_users_username_unq_idx` (`username`),
  UNIQUE KEY `craft_users_email_unq_idx` (`email`),
  KEY `craft_users_verificationCode_idx` (`verificationCode`),
  KEY `craft_users_uid_idx` (`uid`),
  KEY `craft_users_preferredLocale_fk` (`preferredLocale`)
) ENGINE=InnoDB DEFAULT CHARSET=utf8 COLLATE=utf8_unicode_ci;

--
-- Data for table `craft_users`
--

INSERT INTO `craft_users` (`id`, `username`, `photo`, `firstName`, `lastName`, `email`, `password`, `preferredLocale`, `weekStartDay`, `admin`, `client`, `locked`, `suspended`, `pending`, `archived`, `lastLoginDate`, `lastLoginAttemptIPAddress`, `invalidLoginWindowStart`, `invalidLoginCount`, `lastInvalidLoginDate`, `lockoutDate`, `verificationCode`, `verificationCodeIssuedDate`, `unverifiedEmail`, `passwordResetRequired`, `lastPasswordChangeDate`, `dateCreated`, `dateUpdated`, `uid`) VALUES
 ('1', 'Admin', NULL, NULL, NULL, 'wearemechanised@gmail.com', '$2y$13$H8JiQiXXr7CvCShXrZrYMeNRj17jZRXEB6f3g1FP0jHz3CE4gRej2', NULL, '0', '1', '0', '0', '0', '0', '0', '2017-07-26 10:08:49', '::1', NULL, NULL, '2017-03-05 13:46:37', NULL, NULL, NULL, NULL, '0', '2017-02-27 15:05:18', '2017-02-27 15:05:18', '2017-07-26 10:08:49', '84ae2a63-402b-419d-9890-5f33752b1dbe'),
 ('96', 'VictoriaFans', NULL, '', '', 'roy@victoriafans.co.uk', NULL, NULL, '0', '0', '1', '0', '0', '1', '0', NULL, NULL, NULL, NULL, NULL, NULL, NULL, NULL, NULL, '0', NULL, '2017-03-27 14:53:01', '2017-03-27 14:54:52', '74eaf93e-ca87-4ae4-91a4-e04c2477a1f6');



DROP TABLE IF EXISTS `craft_widgets`;


--
-- Schema for table `craft_widgets`
--
CREATE TABLE `craft_widgets` (
  `id` int(11) NOT NULL AUTO_INCREMENT,
  `userId` int(11) NOT NULL,
  `type` varchar(150) COLLATE utf8_unicode_ci NOT NULL,
  `sortOrder` smallint(6) unsigned DEFAULT NULL,
  `colspan` tinyint(4) unsigned DEFAULT NULL,
  `settings` text COLLATE utf8_unicode_ci,
  `enabled` tinyint(1) unsigned NOT NULL DEFAULT '1',
  `dateCreated` datetime NOT NULL,
  `dateUpdated` datetime NOT NULL,
  `uid` char(36) COLLATE utf8_unicode_ci NOT NULL DEFAULT '0',
  PRIMARY KEY (`id`),
  KEY `craft_widgets_userId_fk` (`userId`)
) ENGINE=InnoDB AUTO_INCREMENT=5 DEFAULT CHARSET=utf8 COLLATE=utf8_unicode_ci;

--
-- Data for table `craft_widgets`
--

INSERT INTO `craft_widgets` (`id`, `userId`, `type`, `sortOrder`, `colspan`, `settings`, `enabled`, `dateCreated`, `dateUpdated`, `uid`) VALUES
 ('1', '1', 'RecentEntries', '1', NULL, NULL, '1', '2017-02-27 15:06:13', '2017-02-27 15:06:13', '97da852a-49f9-4db3-852f-f1641a519585'),
 ('2', '1', 'GetHelp', '2', NULL, NULL, '1', '2017-02-27 15:06:13', '2017-02-27 15:06:13', 'e7144c8b-824d-4edf-a62c-fc5c0edcb1b7'),
 ('3', '1', 'Updates', '3', NULL, NULL, '1', '2017-02-27 15:06:13', '2017-02-27 15:06:13', '71a4e792-122b-41c9-a523-c2a0e8724967'),
 ('4', '1', 'Feed', '4', NULL, '{\"url\":\"https:\\/\\/craftcms.com\\/news.rss\",\"title\":\"Craft News\"}', '1', '2017-02-27 15:06:13', '2017-02-27 15:06:13', '50f755c1-d311-4be4-b693-377ba5f3bf01');


--
-- Constraints for tables
--


--
-- Constraints for table `craft_assetfiles`
--
ALTER TABLE `craft_assetfiles`
	ADD CONSTRAINT `craft_assetfiles_folderId_fk` FOREIGN KEY (`folderId`) REFERENCES `craft_assetfolders` (`id`) ON DELETE CASCADE,
	ADD CONSTRAINT `craft_assetfiles_id_fk` FOREIGN KEY (`id`) REFERENCES `craft_elements` (`id`) ON DELETE CASCADE,
	ADD CONSTRAINT `craft_assetfiles_sourceId_fk` FOREIGN KEY (`sourceId`) REFERENCES `craft_assetsources` (`id`) ON DELETE CASCADE;

--
-- Constraints for table `craft_assetfolders`
--
ALTER TABLE `craft_assetfolders`
	ADD CONSTRAINT `craft_assetfolders_parentId_fk` FOREIGN KEY (`parentId`) REFERENCES `craft_assetfolders` (`id`) ON DELETE CASCADE,
	ADD CONSTRAINT `craft_assetfolders_sourceId_fk` FOREIGN KEY (`sourceId`) REFERENCES `craft_assetsources` (`id`) ON DELETE CASCADE;

--
-- Constraints for table `craft_assetindexdata`
--
ALTER TABLE `craft_assetindexdata`
	ADD CONSTRAINT `craft_assetindexdata_sourceId_fk` FOREIGN KEY (`sourceId`) REFERENCES `craft_assetsources` (`id`) ON DELETE CASCADE;

--
-- Constraints for table `craft_assetsources`
--
ALTER TABLE `craft_assetsources`
	ADD CONSTRAINT `craft_assetsources_fieldLayoutId_fk` FOREIGN KEY (`fieldLayoutId`) REFERENCES `craft_fieldlayouts` (`id`) ON DELETE SET NULL;

--
-- Constraints for table `craft_categories`
--
ALTER TABLE `craft_categories`
	ADD CONSTRAINT `craft_categories_groupId_fk` FOREIGN KEY (`groupId`) REFERENCES `craft_categorygroups` (`id`) ON DELETE CASCADE,
	ADD CONSTRAINT `craft_categories_id_fk` FOREIGN KEY (`id`) REFERENCES `craft_elements` (`id`) ON DELETE CASCADE;

--
-- Constraints for table `craft_categorygroups`
--
ALTER TABLE `craft_categorygroups`
	ADD CONSTRAINT `craft_categorygroups_fieldLayoutId_fk` FOREIGN KEY (`fieldLayoutId`) REFERENCES `craft_fieldlayouts` (`id`) ON DELETE SET NULL,
	ADD CONSTRAINT `craft_categorygroups_structureId_fk` FOREIGN KEY (`structureId`) REFERENCES `craft_structures` (`id`) ON DELETE CASCADE;

--
-- Constraints for table `craft_categorygroups_i18n`
--
ALTER TABLE `craft_categorygroups_i18n`
	ADD CONSTRAINT `craft_categorygroups_i18n_groupId_fk` FOREIGN KEY (`groupId`) REFERENCES `craft_categorygroups` (`id`) ON DELETE CASCADE,
	ADD CONSTRAINT `craft_categorygroups_i18n_locale_fk` FOREIGN KEY (`locale`) REFERENCES `craft_locales` (`locale`) ON DELETE CASCADE ON UPDATE CASCADE;

--
-- Constraints for table `craft_content`
--
ALTER TABLE `craft_content`
	ADD CONSTRAINT `craft_content_elementId_fk` FOREIGN KEY (`elementId`) REFERENCES `craft_elements` (`id`) ON DELETE CASCADE,
	ADD CONSTRAINT `craft_content_locale_fk` FOREIGN KEY (`locale`) REFERENCES `craft_locales` (`locale`) ON DELETE CASCADE ON UPDATE CASCADE;

--
-- Constraints for table `craft_cpnav_navs`
--
ALTER TABLE `craft_cpnav_navs`
	ADD CONSTRAINT `craft_cpnav_navs_layoutId_fk` FOREIGN KEY (`layoutId`) REFERENCES `craft_cpnav_layouts` (`id`) ON DELETE SET NULL;

--
-- Constraints for table `craft_elements_i18n`
--
ALTER TABLE `craft_elements_i18n`
	ADD CONSTRAINT `craft_elements_i18n_elementId_fk` FOREIGN KEY (`elementId`) REFERENCES `craft_elements` (`id`) ON DELETE CASCADE,
	ADD CONSTRAINT `craft_elements_i18n_locale_fk` FOREIGN KEY (`locale`) REFERENCES `craft_locales` (`locale`) ON DELETE CASCADE ON UPDATE CASCADE;

--
-- Constraints for table `craft_emailmessages`
--
ALTER TABLE `craft_emailmessages`
	ADD CONSTRAINT `craft_emailmessages_locale_fk` FOREIGN KEY (`locale`) REFERENCES `craft_locales` (`locale`) ON DELETE CASCADE ON UPDATE CASCADE;

--
-- Constraints for table `craft_entries`
--
ALTER TABLE `craft_entries`
	ADD CONSTRAINT `craft_entries_authorId_fk` FOREIGN KEY (`authorId`) REFERENCES `craft_users` (`id`) ON DELETE CASCADE,
	ADD CONSTRAINT `craft_entries_id_fk` FOREIGN KEY (`id`) REFERENCES `craft_elements` (`id`) ON DELETE CASCADE,
	ADD CONSTRAINT `craft_entries_sectionId_fk` FOREIGN KEY (`sectionId`) REFERENCES `craft_sections` (`id`) ON DELETE CASCADE,
	ADD CONSTRAINT `craft_entries_typeId_fk` FOREIGN KEY (`typeId`) REFERENCES `craft_entrytypes` (`id`) ON DELETE CASCADE;

--
-- Constraints for table `craft_entrydrafts`
--
ALTER TABLE `craft_entrydrafts`
	ADD CONSTRAINT `craft_entrydrafts_creatorId_fk` FOREIGN KEY (`creatorId`) REFERENCES `craft_users` (`id`) ON DELETE CASCADE,
	ADD CONSTRAINT `craft_entrydrafts_entryId_fk` FOREIGN KEY (`entryId`) REFERENCES `craft_entries` (`id`) ON DELETE CASCADE,
	ADD CONSTRAINT `craft_entrydrafts_locale_fk` FOREIGN KEY (`locale`) REFERENCES `craft_locales` (`locale`) ON DELETE CASCADE ON UPDATE CASCADE,
	ADD CONSTRAINT `craft_entrydrafts_sectionId_fk` FOREIGN KEY (`sectionId`) REFERENCES `craft_sections` (`id`) ON DELETE CASCADE;

--
-- Constraints for table `craft_entrytypes`
--
ALTER TABLE `craft_entrytypes`
	ADD CONSTRAINT `craft_entrytypes_fieldLayoutId_fk` FOREIGN KEY (`fieldLayoutId`) REFERENCES `craft_fieldlayouts` (`id`) ON DELETE SET NULL,
	ADD CONSTRAINT `craft_entrytypes_sectionId_fk` FOREIGN KEY (`sectionId`) REFERENCES `craft_sections` (`id`) ON DELETE CASCADE;

--
-- Constraints for table `craft_entryversions`
--
ALTER TABLE `craft_entryversions`
	ADD CONSTRAINT `craft_entryversions_creatorId_fk` FOREIGN KEY (`creatorId`) REFERENCES `craft_users` (`id`) ON DELETE SET NULL,
	ADD CONSTRAINT `craft_entryversions_entryId_fk` FOREIGN KEY (`entryId`) REFERENCES `craft_entries` (`id`) ON DELETE CASCADE,
	ADD CONSTRAINT `craft_entryversions_locale_fk` FOREIGN KEY (`locale`) REFERENCES `craft_locales` (`locale`) ON DELETE CASCADE ON UPDATE CASCADE,
	ADD CONSTRAINT `craft_entryversions_sectionId_fk` FOREIGN KEY (`sectionId`) REFERENCES `craft_sections` (`id`) ON DELETE CASCADE;

--
-- Constraints for table `craft_fieldlayoutfields`
--
ALTER TABLE `craft_fieldlayoutfields`
	ADD CONSTRAINT `craft_fieldlayoutfields_fieldId_fk` FOREIGN KEY (`fieldId`) REFERENCES `craft_fields` (`id`) ON DELETE CASCADE,
	ADD CONSTRAINT `craft_fieldlayoutfields_layoutId_fk` FOREIGN KEY (`layoutId`) REFERENCES `craft_fieldlayouts` (`id`) ON DELETE CASCADE,
	ADD CONSTRAINT `craft_fieldlayoutfields_tabId_fk` FOREIGN KEY (`tabId`) REFERENCES `craft_fieldlayouttabs` (`id`) ON DELETE CASCADE;

--
-- Constraints for table `craft_fieldlayouttabs`
--
ALTER TABLE `craft_fieldlayouttabs`
	ADD CONSTRAINT `craft_fieldlayouttabs_layoutId_fk` FOREIGN KEY (`layoutId`) REFERENCES `craft_fieldlayouts` (`id`) ON DELETE CASCADE;

--
-- Constraints for table `craft_fields`
--
ALTER TABLE `craft_fields`
	ADD CONSTRAINT `craft_fields_groupId_fk` FOREIGN KEY (`groupId`) REFERENCES `craft_fieldgroups` (`id`) ON DELETE CASCADE;

--
-- Constraints for table `craft_globalsets`
--
ALTER TABLE `craft_globalsets`
	ADD CONSTRAINT `craft_globalsets_fieldLayoutId_fk` FOREIGN KEY (`fieldLayoutId`) REFERENCES `craft_fieldlayouts` (`id`) ON DELETE SET NULL,
	ADD CONSTRAINT `craft_globalsets_id_fk` FOREIGN KEY (`id`) REFERENCES `craft_elements` (`id`) ON DELETE CASCADE;

--
-- Constraints for table `craft_matrixblocks`
--
ALTER TABLE `craft_matrixblocks`
	ADD CONSTRAINT `craft_matrixblocks_fieldId_fk` FOREIGN KEY (`fieldId`) REFERENCES `craft_fields` (`id`) ON DELETE CASCADE,
	ADD CONSTRAINT `craft_matrixblocks_id_fk` FOREIGN KEY (`id`) REFERENCES `craft_elements` (`id`) ON DELETE CASCADE,
	ADD CONSTRAINT `craft_matrixblocks_ownerId_fk` FOREIGN KEY (`ownerId`) REFERENCES `craft_elements` (`id`) ON DELETE CASCADE,
	ADD CONSTRAINT `craft_matrixblocks_ownerLocale_fk` FOREIGN KEY (`ownerLocale`) REFERENCES `craft_locales` (`locale`) ON DELETE CASCADE ON UPDATE CASCADE,
	ADD CONSTRAINT `craft_matrixblocks_typeId_fk` FOREIGN KEY (`typeId`) REFERENCES `craft_matrixblocktypes` (`id`) ON DELETE CASCADE;

--
-- Constraints for table `craft_matrixblocktypes`
--
ALTER TABLE `craft_matrixblocktypes`
	ADD CONSTRAINT `craft_matrixblocktypes_fieldId_fk` FOREIGN KEY (`fieldId`) REFERENCES `craft_fields` (`id`) ON DELETE CASCADE,
	ADD CONSTRAINT `craft_matrixblocktypes_fieldLayoutId_fk` FOREIGN KEY (`fieldLayoutId`) REFERENCES `craft_fieldlayouts` (`id`) ON DELETE SET NULL;

--
-- Constraints for table `craft_matrixcontent_ancilliaryiteminformation`
--
ALTER TABLE `craft_matrixcontent_ancilliaryiteminformation`
	ADD CONSTRAINT `craft_matrixcontent_ancilliaryiteminformation_elementId_fk` FOREIGN KEY (`elementId`) REFERENCES `craft_elements` (`id`) ON DELETE CASCADE,
	ADD CONSTRAINT `craft_matrixcontent_ancilliaryiteminformation_locale_fk` FOREIGN KEY (`locale`) REFERENCES `craft_locales` (`locale`) ON DELETE CASCADE ON UPDATE CASCADE;

--
-- Constraints for table `craft_migrations`
--
ALTER TABLE `craft_migrations`
	ADD CONSTRAINT `craft_migrations_pluginId_fk` FOREIGN KEY (`pluginId`) REFERENCES `craft_plugins` (`id`) ON DELETE CASCADE;

--
-- Constraints for table `craft_relations`
--
ALTER TABLE `craft_relations`
	ADD CONSTRAINT `craft_relations_fieldId_fk` FOREIGN KEY (`fieldId`) REFERENCES `craft_fields` (`id`) ON DELETE CASCADE,
	ADD CONSTRAINT `craft_relations_sourceId_fk` FOREIGN KEY (`sourceId`) REFERENCES `craft_elements` (`id`) ON DELETE CASCADE,
	ADD CONSTRAINT `craft_relations_sourceLocale_fk` FOREIGN KEY (`sourceLocale`) REFERENCES `craft_locales` (`locale`) ON DELETE CASCADE ON UPDATE CASCADE,
	ADD CONSTRAINT `craft_relations_targetId_fk` FOREIGN KEY (`targetId`) REFERENCES `craft_elements` (`id`) ON DELETE CASCADE;

--
-- Constraints for table `craft_routes`
--
ALTER TABLE `craft_routes`
	ADD CONSTRAINT `craft_routes_locale_fk` FOREIGN KEY (`locale`) REFERENCES `craft_locales` (`locale`) ON DELETE CASCADE ON UPDATE CASCADE;

--
-- Constraints for table `craft_sections`
--
ALTER TABLE `craft_sections`
	ADD CONSTRAINT `craft_sections_structureId_fk` FOREIGN KEY (`structureId`) REFERENCES `craft_structures` (`id`) ON DELETE SET NULL;

--
-- Constraints for table `craft_sections_i18n`
--
ALTER TABLE `craft_sections_i18n`
	ADD CONSTRAINT `craft_sections_i18n_locale_fk` FOREIGN KEY (`locale`) REFERENCES `craft_locales` (`locale`) ON DELETE CASCADE ON UPDATE CASCADE,
	ADD CONSTRAINT `craft_sections_i18n_sectionId_fk` FOREIGN KEY (`sectionId`) REFERENCES `craft_sections` (`id`) ON DELETE CASCADE;

--
-- Constraints for table `craft_sessions`
--
ALTER TABLE `craft_sessions`
	ADD CONSTRAINT `craft_sessions_userId_fk` FOREIGN KEY (`userId`) REFERENCES `craft_users` (`id`) ON DELETE CASCADE;

--
-- Constraints for table `craft_shunnedmessages`
--
ALTER TABLE `craft_shunnedmessages`
	ADD CONSTRAINT `craft_shunnedmessages_userId_fk` FOREIGN KEY (`userId`) REFERENCES `craft_users` (`id`) ON DELETE CASCADE;

--
-- Constraints for table `craft_structureelements`
--
ALTER TABLE `craft_structureelements`
	ADD CONSTRAINT `craft_structureelements_elementId_fk` FOREIGN KEY (`elementId`) REFERENCES `craft_elements` (`id`) ON DELETE CASCADE,
	ADD CONSTRAINT `craft_structureelements_structureId_fk` FOREIGN KEY (`structureId`) REFERENCES `craft_structures` (`id`) ON DELETE CASCADE;

--
-- Constraints for table `craft_supertableblocks`
--
ALTER TABLE `craft_supertableblocks`
	ADD CONSTRAINT `craft_supertableblocks_fieldId_fk` FOREIGN KEY (`fieldId`) REFERENCES `craft_fields` (`id`) ON DELETE CASCADE,
	ADD CONSTRAINT `craft_supertableblocks_id_fk` FOREIGN KEY (`id`) REFERENCES `craft_elements` (`id`) ON DELETE CASCADE,
	ADD CONSTRAINT `craft_supertableblocks_ownerId_fk` FOREIGN KEY (`ownerId`) REFERENCES `craft_elements` (`id`) ON DELETE CASCADE,
	ADD CONSTRAINT `craft_supertableblocks_ownerLocale_fk` FOREIGN KEY (`ownerLocale`) REFERENCES `craft_locales` (`locale`) ON DELETE CASCADE ON UPDATE CASCADE,
	ADD CONSTRAINT `craft_supertableblocks_typeId_fk` FOREIGN KEY (`typeId`) REFERENCES `craft_supertableblocktypes` (`id`) ON DELETE CASCADE;

--
-- Constraints for table `craft_supertableblocktypes`
--
ALTER TABLE `craft_supertableblocktypes`
	ADD CONSTRAINT `craft_supertableblocktypes_fieldId_fk` FOREIGN KEY (`fieldId`) REFERENCES `craft_fields` (`id`) ON DELETE CASCADE,
	ADD CONSTRAINT `craft_supertableblocktypes_fieldLayoutId_fk` FOREIGN KEY (`fieldLayoutId`) REFERENCES `craft_fieldlayouts` (`id`) ON DELETE SET NULL;

--
-- Constraints for table `craft_supertablecontent_fd_costruction`
--
ALTER TABLE `craft_supertablecontent_fd_costruction`
	ADD CONSTRAINT `craft_supertablecontent_fd_costruction_elementId_fk` FOREIGN KEY (`elementId`) REFERENCES `craft_elements` (`id`) ON DELETE CASCADE,
	ADD CONSTRAINT `craft_supertablecontent_fd_costruction_locale_fk` FOREIGN KEY (`locale`) REFERENCES `craft_locales` (`locale`) ON DELETE CASCADE ON UPDATE CASCADE;

--
-- Constraints for table `craft_supertablecontent_fd_st_datatables`
--
ALTER TABLE `craft_supertablecontent_fd_st_datatables`
	ADD CONSTRAINT `craft_supertablecontent_fd_st_datatables_elementId_fk` FOREIGN KEY (`elementId`) REFERENCES `craft_elements` (`id`) ON DELETE CASCADE,
	ADD CONSTRAINT `craft_supertablecontent_fd_st_datatables_locale_fk` FOREIGN KEY (`locale`) REFERENCES `craft_locales` (`locale`) ON DELETE CASCADE ON UPDATE CASCADE;

--
-- Constraints for table `craft_supertablecontent_fd_st_productgroupglobalspecifications`
--
ALTER TABLE `craft_supertablecontent_fd_st_productgroupglobalspecifications`
	ADD CONSTRAINT `craf_supertableconte_fd_st_productgroupglobalspecificat_local_fk` FOREIGN KEY (`locale`) REFERENCES `craft_locales` (`locale`) ON DELETE CASCADE ON UPDATE CASCADE,
	ADD CONSTRAINT `craf_supertablecont_fd_st_productgroupglobalspecifica_elementI_f` FOREIGN KEY (`elementId`) REFERENCES `craft_elements` (`id`) ON DELETE CASCADE;

--
-- Constraints for table `craft_supertablecontent_fd_st_specialnotes`
--
ALTER TABLE `craft_supertablecontent_fd_st_specialnotes`
	ADD CONSTRAINT `craft_supertablecontent_fd_st_specialnotes_elementId_fk` FOREIGN KEY (`elementId`) REFERENCES `craft_elements` (`id`) ON DELETE CASCADE,
	ADD CONSTRAINT `craft_supertablecontent_fd_st_specialnotes_locale_fk` FOREIGN KEY (`locale`) REFERENCES `craft_locales` (`locale`) ON DELETE CASCADE ON UPDATE CASCADE;

--
-- Constraints for table `craft_taggroups`
--
ALTER TABLE `craft_taggroups`
	ADD CONSTRAINT `craft_taggroups_fieldLayoutId_fk` FOREIGN KEY (`fieldLayoutId`) REFERENCES `craft_fieldlayouts` (`id`) ON DELETE SET NULL;

--
-- Constraints for table `craft_tags`
--
ALTER TABLE `craft_tags`
	ADD CONSTRAINT `craft_tags_groupId_fk` FOREIGN KEY (`groupId`) REFERENCES `craft_taggroups` (`id`) ON DELETE CASCADE,
	ADD CONSTRAINT `craft_tags_id_fk` FOREIGN KEY (`id`) REFERENCES `craft_elements` (`id`) ON DELETE CASCADE;

--
-- Constraints for table `craft_templatecachecriteria`
--
ALTER TABLE `craft_templatecachecriteria`
	ADD CONSTRAINT `craft_templatecachecriteria_cacheId_fk` FOREIGN KEY (`cacheId`) REFERENCES `craft_templatecaches` (`id`) ON DELETE CASCADE;

--
-- Constraints for table `craft_templatecacheelements`
--
ALTER TABLE `craft_templatecacheelements`
	ADD CONSTRAINT `craft_templatecacheelements_cacheId_fk` FOREIGN KEY (`cacheId`) REFERENCES `craft_templatecaches` (`id`) ON DELETE CASCADE,
	ADD CONSTRAINT `craft_templatecacheelements_elementId_fk` FOREIGN KEY (`elementId`) REFERENCES `craft_elements` (`id`) ON DELETE CASCADE;

--
-- Constraints for table `craft_templatecaches`
--
ALTER TABLE `craft_templatecaches`
	ADD CONSTRAINT `craft_templatecaches_locale_fk` FOREIGN KEY (`locale`) REFERENCES `craft_locales` (`locale`) ON DELETE CASCADE ON UPDATE CASCADE;

--
-- Constraints for table `craft_usergroups_users`
--
ALTER TABLE `craft_usergroups_users`
	ADD CONSTRAINT `craft_usergroups_users_groupId_fk` FOREIGN KEY (`groupId`) REFERENCES `craft_usergroups` (`id`) ON DELETE CASCADE,
	ADD CONSTRAINT `craft_usergroups_users_userId_fk` FOREIGN KEY (`userId`) REFERENCES `craft_users` (`id`) ON DELETE CASCADE;

--
-- Constraints for table `craft_userpermissions_usergroups`
--
ALTER TABLE `craft_userpermissions_usergroups`
	ADD CONSTRAINT `craft_userpermissions_usergroups_groupId_fk` FOREIGN KEY (`groupId`) REFERENCES `craft_usergroups` (`id`) ON DELETE CASCADE,
	ADD CONSTRAINT `craft_userpermissions_usergroups_permissionId_fk` FOREIGN KEY (`permissionId`) REFERENCES `craft_userpermissions` (`id`) ON DELETE CASCADE;

--
-- Constraints for table `craft_userpermissions_users`
--
ALTER TABLE `craft_userpermissions_users`
	ADD CONSTRAINT `craft_userpermissions_users_permissionId_fk` FOREIGN KEY (`permissionId`) REFERENCES `craft_userpermissions` (`id`) ON DELETE CASCADE,
	ADD CONSTRAINT `craft_userpermissions_users_userId_fk` FOREIGN KEY (`userId`) REFERENCES `craft_users` (`id`) ON DELETE CASCADE;

--
-- Constraints for table `craft_users`
--
ALTER TABLE `craft_users`
	ADD CONSTRAINT `craft_users_id_fk` FOREIGN KEY (`id`) REFERENCES `craft_elements` (`id`) ON DELETE CASCADE,
	ADD CONSTRAINT `craft_users_preferredLocale_fk` FOREIGN KEY (`preferredLocale`) REFERENCES `craft_locales` (`locale`) ON DELETE SET NULL ON UPDATE CASCADE;

--
-- Constraints for table `craft_widgets`
--
ALTER TABLE `craft_widgets`
	ADD CONSTRAINT `craft_widgets_userId_fk` FOREIGN KEY (`userId`) REFERENCES `craft_users` (`id`) ON DELETE CASCADE;

SET FOREIGN_KEY_CHECKS = 1;
