-- Generated by Craft v2.6.2963 on Feb 27, 2017, 6:28:10 PM.

--
-- Disable foreign key checks and autocommit.
--

SET FOREIGN_KEY_CHECKS = 0;
SET SQL_MODE = "NO_AUTO_VALUE_ON_ZERO";
SET AUTOCOMMIT = 0;
SET NAMES utf8;


DROP TABLE IF EXISTS `craft_assetfiles`;


--
-- Schema for table `craft_assetfiles`
--
CREATE TABLE `craft_assetfiles` (
  `id` int(11) NOT NULL,
  `sourceId` int(11) DEFAULT NULL,
  `folderId` int(11) NOT NULL,
  `filename` varchar(255) COLLATE utf8_unicode_ci NOT NULL,
  `kind` varchar(50) COLLATE utf8_unicode_ci NOT NULL DEFAULT 'unknown',
  `width` int(11) unsigned DEFAULT NULL,
  `height` int(11) unsigned DEFAULT NULL,
  `size` bigint(20) unsigned DEFAULT NULL,
  `dateModified` datetime DEFAULT NULL,
  `dateCreated` datetime NOT NULL,
  `dateUpdated` datetime NOT NULL,
  `uid` char(36) COLLATE utf8_unicode_ci NOT NULL DEFAULT '0',
  PRIMARY KEY (`id`),
  UNIQUE KEY `craft_assetfiles_filename_folderId_unq_idx` (`filename`,`folderId`),
  KEY `craft_assetfiles_sourceId_fk` (`sourceId`),
  KEY `craft_assetfiles_folderId_fk` (`folderId`)
) ENGINE=InnoDB DEFAULT CHARSET=utf8 COLLATE=utf8_unicode_ci;

DROP TABLE IF EXISTS `craft_assetfolders`;


--
-- Schema for table `craft_assetfolders`
--
CREATE TABLE `craft_assetfolders` (
  `id` int(11) NOT NULL AUTO_INCREMENT,
  `parentId` int(11) DEFAULT NULL,
  `sourceId` int(11) DEFAULT NULL,
  `name` varchar(255) COLLATE utf8_unicode_ci NOT NULL,
  `path` varchar(255) COLLATE utf8_unicode_ci DEFAULT NULL,
  `dateCreated` datetime NOT NULL,
  `dateUpdated` datetime NOT NULL,
  `uid` char(36) COLLATE utf8_unicode_ci NOT NULL DEFAULT '0',
  PRIMARY KEY (`id`),
  UNIQUE KEY `craft_assetfolders_name_parentId_sourceId_unq_idx` (`name`,`parentId`,`sourceId`),
  KEY `craft_assetfolders_parentId_fk` (`parentId`),
  KEY `craft_assetfolders_sourceId_fk` (`sourceId`)
) ENGINE=InnoDB DEFAULT CHARSET=utf8 COLLATE=utf8_unicode_ci;

DROP TABLE IF EXISTS `craft_assetindexdata`;


--
-- Schema for table `craft_assetindexdata`
--
CREATE TABLE `craft_assetindexdata` (
  `id` int(11) NOT NULL AUTO_INCREMENT,
  `sessionId` varchar(36) COLLATE utf8_unicode_ci NOT NULL DEFAULT '',
  `sourceId` int(10) NOT NULL,
  `offset` int(10) NOT NULL,
  `uri` varchar(255) COLLATE utf8_unicode_ci DEFAULT NULL,
  `size` varchar(255) COLLATE utf8_unicode_ci DEFAULT NULL,
  `recordId` int(10) DEFAULT NULL,
  `dateCreated` datetime NOT NULL,
  `dateUpdated` datetime NOT NULL,
  `uid` char(36) COLLATE utf8_unicode_ci NOT NULL DEFAULT '0',
  PRIMARY KEY (`id`),
  UNIQUE KEY `craft_assetindexdata_sessionId_sourceId_offset_unq_idx` (`sessionId`,`sourceId`,`offset`),
  KEY `craft_assetindexdata_sourceId_fk` (`sourceId`)
) ENGINE=InnoDB DEFAULT CHARSET=utf8 COLLATE=utf8_unicode_ci;

DROP TABLE IF EXISTS `craft_assetsources`;


--
-- Schema for table `craft_assetsources`
--
CREATE TABLE `craft_assetsources` (
  `id` int(11) NOT NULL AUTO_INCREMENT,
  `name` varchar(255) COLLATE utf8_unicode_ci NOT NULL,
  `handle` varchar(255) COLLATE utf8_unicode_ci NOT NULL,
  `type` varchar(150) COLLATE utf8_unicode_ci NOT NULL,
  `settings` text COLLATE utf8_unicode_ci,
  `sortOrder` smallint(6) unsigned DEFAULT NULL,
  `fieldLayoutId` int(10) DEFAULT NULL,
  `dateCreated` datetime NOT NULL,
  `dateUpdated` datetime NOT NULL,
  `uid` char(36) COLLATE utf8_unicode_ci NOT NULL DEFAULT '0',
  PRIMARY KEY (`id`),
  UNIQUE KEY `craft_assetsources_name_unq_idx` (`name`),
  UNIQUE KEY `craft_assetsources_handle_unq_idx` (`handle`),
  KEY `craft_assetsources_fieldLayoutId_fk` (`fieldLayoutId`)
) ENGINE=InnoDB DEFAULT CHARSET=utf8 COLLATE=utf8_unicode_ci;

DROP TABLE IF EXISTS `craft_assettransformindex`;


--
-- Schema for table `craft_assettransformindex`
--
CREATE TABLE `craft_assettransformindex` (
  `id` int(11) NOT NULL AUTO_INCREMENT,
  `fileId` int(11) NOT NULL,
  `filename` varchar(255) COLLATE utf8_unicode_ci DEFAULT NULL,
  `format` varchar(255) COLLATE utf8_unicode_ci DEFAULT NULL,
  `location` varchar(255) COLLATE utf8_unicode_ci NOT NULL,
  `sourceId` int(11) DEFAULT NULL,
  `fileExists` tinyint(1) DEFAULT NULL,
  `inProgress` tinyint(1) DEFAULT NULL,
  `dateIndexed` datetime DEFAULT NULL,
  `dateCreated` datetime NOT NULL,
  `dateUpdated` datetime NOT NULL,
  `uid` char(36) COLLATE utf8_unicode_ci NOT NULL DEFAULT '0',
  PRIMARY KEY (`id`),
  KEY `craft_assettransformindex_sourceId_fileId_location_idx` (`sourceId`,`fileId`,`location`)
) ENGINE=InnoDB DEFAULT CHARSET=utf8 COLLATE=utf8_unicode_ci;

DROP TABLE IF EXISTS `craft_assettransforms`;


--
-- Schema for table `craft_assettransforms`
--
CREATE TABLE `craft_assettransforms` (
  `id` int(11) NOT NULL AUTO_INCREMENT,
  `name` varchar(255) COLLATE utf8_unicode_ci NOT NULL,
  `handle` varchar(255) COLLATE utf8_unicode_ci NOT NULL,
  `mode` enum('stretch','fit','crop') COLLATE utf8_unicode_ci NOT NULL DEFAULT 'crop',
  `position` enum('top-left','top-center','top-right','center-left','center-center','center-right','bottom-left','bottom-center','bottom-right') COLLATE utf8_unicode_ci NOT NULL DEFAULT 'center-center',
  `height` int(10) DEFAULT NULL,
  `width` int(10) DEFAULT NULL,
  `format` varchar(255) COLLATE utf8_unicode_ci DEFAULT NULL,
  `quality` int(10) DEFAULT NULL,
  `dimensionChangeTime` datetime DEFAULT NULL,
  `dateCreated` datetime NOT NULL,
  `dateUpdated` datetime NOT NULL,
  `uid` char(36) COLLATE utf8_unicode_ci NOT NULL DEFAULT '0',
  PRIMARY KEY (`id`),
  UNIQUE KEY `craft_assettransforms_name_unq_idx` (`name`),
  UNIQUE KEY `craft_assettransforms_handle_unq_idx` (`handle`)
) ENGINE=InnoDB DEFAULT CHARSET=utf8 COLLATE=utf8_unicode_ci;

DROP TABLE IF EXISTS `craft_categories`;


--
-- Schema for table `craft_categories`
--
CREATE TABLE `craft_categories` (
  `id` int(11) NOT NULL,
  `groupId` int(11) NOT NULL,
  `dateCreated` datetime NOT NULL,
  `dateUpdated` datetime NOT NULL,
  `uid` char(36) COLLATE utf8_unicode_ci NOT NULL DEFAULT '0',
  PRIMARY KEY (`id`),
  KEY `craft_categories_groupId_fk` (`groupId`)
) ENGINE=InnoDB DEFAULT CHARSET=utf8 COLLATE=utf8_unicode_ci;

--
-- Data for table `craft_categories`
--

INSERT INTO `craft_categories` (`id`, `groupId`, `dateCreated`, `dateUpdated`, `uid`) VALUES
 ('4', '1', '2017-02-27 15:10:36', '2017-02-27 15:10:36', '3c5ca52e-e408-4d77-974f-fd46c3537f60'),
 ('5', '1', '2017-02-27 15:10:49', '2017-02-27 15:10:49', '5f89a3af-b20a-4a1f-8361-177683fc2cee'),
 ('6', '1', '2017-02-27 15:11:01', '2017-02-27 15:11:01', 'b0a5d603-fad4-42fa-8270-84b108cabb42'),
 ('7', '1', '2017-02-27 15:11:11', '2017-02-27 15:11:11', 'd932e98d-7eb9-442f-a0a7-c1063b95644f'),
 ('8', '1', '2017-02-27 15:11:20', '2017-02-27 15:11:20', '754df824-5020-4515-9e17-dbad2dc3083d');



DROP TABLE IF EXISTS `craft_categorygroups`;


--
-- Schema for table `craft_categorygroups`
--
CREATE TABLE `craft_categorygroups` (
  `id` int(11) NOT NULL AUTO_INCREMENT,
  `structureId` int(11) NOT NULL,
  `fieldLayoutId` int(11) DEFAULT NULL,
  `name` varchar(255) COLLATE utf8_unicode_ci NOT NULL,
  `handle` varchar(255) COLLATE utf8_unicode_ci NOT NULL,
  `hasUrls` tinyint(1) unsigned NOT NULL DEFAULT '1',
  `template` varchar(500) COLLATE utf8_unicode_ci DEFAULT NULL,
  `dateCreated` datetime NOT NULL,
  `dateUpdated` datetime NOT NULL,
  `uid` char(36) COLLATE utf8_unicode_ci NOT NULL DEFAULT '0',
  PRIMARY KEY (`id`),
  UNIQUE KEY `craft_categorygroups_name_unq_idx` (`name`),
  UNIQUE KEY `craft_categorygroups_handle_unq_idx` (`handle`),
  KEY `craft_categorygroups_structureId_fk` (`structureId`),
  KEY `craft_categorygroups_fieldLayoutId_fk` (`fieldLayoutId`)
) ENGINE=InnoDB AUTO_INCREMENT=3 DEFAULT CHARSET=utf8 COLLATE=utf8_unicode_ci;

--
-- Data for table `craft_categorygroups`
--

INSERT INTO `craft_categorygroups` (`id`, `structureId`, `fieldLayoutId`, `name`, `handle`, `hasUrls`, `template`, `dateCreated`, `dateUpdated`, `uid`) VALUES
 ('1', '1', '6', 'Product Application', 'catGrp_productApplication', '0', NULL, '2017-02-27 15:10:11', '2017-02-27 15:10:11', 'c8ac94d9-2ef2-45be-8384-689fa1937dca');



DROP TABLE IF EXISTS `craft_categorygroups_i18n`;


--
-- Schema for table `craft_categorygroups_i18n`
--
CREATE TABLE `craft_categorygroups_i18n` (
  `id` int(11) NOT NULL AUTO_INCREMENT,
  `groupId` int(11) NOT NULL,
  `locale` char(12) COLLATE utf8_unicode_ci NOT NULL,
  `urlFormat` text COLLATE utf8_unicode_ci,
  `nestedUrlFormat` text COLLATE utf8_unicode_ci,
  `dateCreated` datetime NOT NULL,
  `dateUpdated` datetime NOT NULL,
  `uid` char(36) COLLATE utf8_unicode_ci NOT NULL DEFAULT '0',
  PRIMARY KEY (`id`),
  UNIQUE KEY `craft_categorygroups_i18n_groupId_locale_unq_idx` (`groupId`,`locale`),
  KEY `craft_categorygroups_i18n_locale_fk` (`locale`)
) ENGINE=InnoDB AUTO_INCREMENT=3 DEFAULT CHARSET=utf8 COLLATE=utf8_unicode_ci;

--
-- Data for table `craft_categorygroups_i18n`
--

INSERT INTO `craft_categorygroups_i18n` (`id`, `groupId`, `locale`, `urlFormat`, `nestedUrlFormat`, `dateCreated`, `dateUpdated`, `uid`) VALUES
 ('1', '1', 'en', NULL, NULL, '2017-02-27 15:10:11', '2017-02-27 15:10:11', '7f7f965b-fff7-4709-af2b-f4434e1d90ee');



DROP TABLE IF EXISTS `craft_content`;


--
-- Schema for table `craft_content`
--
CREATE TABLE `craft_content` (
  `id` int(11) NOT NULL AUTO_INCREMENT,
  `elementId` int(11) NOT NULL,
  `locale` char(12) COLLATE utf8_unicode_ci NOT NULL,
  `title` varchar(255) COLLATE utf8_unicode_ci DEFAULT NULL,
  `field_body` text COLLATE utf8_unicode_ci,
  `field_fd_productShortIntroduction` text COLLATE utf8_unicode_ci,
  `field_fd_specialNote` text COLLATE utf8_unicode_ci,
  `dateCreated` datetime NOT NULL,
  `dateUpdated` datetime NOT NULL,
  `uid` char(36) COLLATE utf8_unicode_ci NOT NULL DEFAULT '0',
  PRIMARY KEY (`id`),
  UNIQUE KEY `craft_content_elementId_locale_unq_idx` (`elementId`,`locale`),
  KEY `craft_content_title_idx` (`title`),
  KEY `craft_content_locale_fk` (`locale`)
) ENGINE=InnoDB AUTO_INCREMENT=35 DEFAULT CHARSET=utf8 COLLATE=utf8_unicode_ci;

--
-- Data for table `craft_content`
--

INSERT INTO `craft_content` (`id`, `elementId`, `locale`, `title`, `field_body`, `field_fd_productShortIntroduction`, `field_fd_specialNote`, `dateCreated`, `dateUpdated`, `uid`) VALUES
 ('1', '1', 'en', NULL, NULL, NULL, NULL, '2017-02-27 15:05:18', '2017-02-27 15:05:18', 'd48ca024-d652-4438-a3dc-962962d1f6c3'),
 ('2', '2', 'en', 'Welcome to Victoriafans!', '<p>It’s true, this site doesn’t have a whole lot of content yet, but don’t worry. Our web developers have just installed the CMS, and they’re setting things up for the content editors this very moment. Soon Victoriafans will be an oasis of fresh perspectives, sharp analyses, and astute opinions that will keep you coming back again and again.</p>', NULL, NULL, '2017-02-27 15:05:21', '2017-02-27 15:05:21', 'dad32780-537e-4516-b84f-11244b4888f3'),
 ('3', '3', 'en', 'We just installed Craft!', '<p>Craft is the CMS that’s powering Victoriafans. It’s beautiful, powerful, flexible, and easy-to-use, and it’s made by Pixel &amp; Tonic. We can’t wait to dive in and see what it’s capable of!</p><!--pagebreak--><p>This is even more captivating content, which you couldn’t see on the News index page because it was entered after a Page Break, and the News index template only likes to show the content on the first page.</p><p>Craft: a nice alternative to Word, if you’re making a website.</p>', NULL, NULL, '2017-02-27 15:05:21', '2017-02-27 15:05:21', 'ea7264c8-aa7b-4154-9d9e-6c93364c98f9'),
 ('4', '4', 'en', 'Warm Air Extraction', NULL, NULL, NULL, '2017-02-27 15:10:36', '2017-02-27 15:10:36', 'bc052df8-01ea-4e6a-abd0-020f9b1eabc9'),
 ('5', '5', 'en', 'Fume Control', NULL, NULL, NULL, '2017-02-27 15:10:49', '2017-02-27 15:10:49', '230df4f4-69d8-4aa4-9295-4d030d7a75e9'),
 ('6', '6', 'en', 'Emergency Smoke Extraction', NULL, NULL, NULL, '2017-02-27 15:11:01', '2017-02-27 15:11:01', '9448227d-ccd3-444f-95fe-b694d9c55e45'),
 ('7', '7', 'en', ' Roof Extract Fans', NULL, NULL, NULL, '2017-02-27 15:11:11', '2017-02-27 15:11:11', 'aa12e500-e50d-4db9-9162-be5313669573'),
 ('8', '8', 'en', ' Axial and Bifurcated Fan Accessories', NULL, NULL, NULL, '2017-02-27 15:11:20', '2017-02-27 15:11:20', '61176bcf-c94c-42d6-8606-61fa891c18de'),
 ('16', '17', 'en', 'Axial Flow Fans', NULL, '<p>Lorem ipsum dolor sit amet, consectetur adipiscing elit. Nullam at lectus ipsum. Nam vehicula felis a mi commodo, id lacinia nisi ultricies. Nunc ut libero sit amet diam scelerisque gravida.</p>', '', '2017-02-27 16:02:49', '2017-02-27 18:27:30', 'a04c4c22-b132-4391-83c8-3ee736a6d647'),
 ('17', '18', 'en', 'Plate Mounted Axial', NULL, '<p>This is all about the plate mounted axial fan</p>', NULL, '2017-02-27 16:03:13', '2017-02-27 18:27:30', '7b15f80a-3636-4dcb-ae81-7385b3ae81b0'),
 ('18', '19', 'en', 'Bifurcated Fans', NULL, '<p>Aliquam a tortor et nibh interdum egestas. Proin orci erat, mattis a tincidunt nec, efficitur id neque. Suspendisse scelerisque semper vestibulum.</p>', '', '2017-02-27 16:07:43', '2017-02-27 18:27:30', 'bf7d1aa7-647f-4330-aeed-664b9b96ede4'),
 ('19', '20', 'en', 'Centrifugal Fans', NULL, '<p>Praesent non elit nec sem interdum suscipit quis imperdiet felis. Praesent nulla ligula, consectetur sit amet tortor commodo, tristique viverra ex. Pellentesque laoreet erat sit amet sagittis tempor.</p>', '', '2017-02-27 16:08:02', '2017-02-27 18:27:30', '0ff74193-578b-44d5-992a-b97b9f8bb30e'),
 ('20', '21', 'en', 'Flameproof Fans', NULL, '<p>Morbi quis pulvinar nisi. Proin et magna enim. Donec quis mi vitae diam fringilla placerat et hendrerit massa. Vestibulum sit amet urna posuere diam lacinia egestas.</p>', '', '2017-02-27 16:08:22', '2017-02-27 18:27:30', 'd557dd43-ea08-4191-8080-54d751ec3b91'),
 ('21', '22', 'en', 'Conical Bifurcated Fans', NULL, '', NULL, '2017-02-27 16:09:02', '2017-02-27 18:27:30', '8b72e471-6f95-49f0-a0e6-6dfed8072bf1'),
 ('22', '23', 'en', 'Cylindrical Bifurcated Fans', NULL, '', NULL, '2017-02-27 16:09:23', '2017-02-27 18:27:30', '826c6e3d-51e0-49b9-bb90-49da942de0f2'),
 ('23', '24', 'en', 'Long Cased Axial Flow Fans', NULL, '', NULL, '2017-02-27 16:09:41', '2017-02-27 18:27:30', '00602024-205d-4eb4-bf49-cbfed71fcb7b'),
 ('24', '25', 'en', 'Short Cased Axial Flow Fans', NULL, '', NULL, '2017-02-27 16:10:05', '2017-02-27 18:27:30', '0042d1bb-0e3f-4c47-807d-dfc2075f2f2c'),
 ('25', '26', 'en', 'External Motor Axial Flow Fans', NULL, '', NULL, '2017-02-27 16:10:20', '2017-02-27 18:27:30', '58e7083e-2fa0-4711-8d0d-ecaa229043d1'),
 ('26', '27', 'en', 'Roof Extract Axial Flow Fans', NULL, '', NULL, '2017-02-27 16:10:40', '2017-02-27 18:27:30', 'f3acfde0-19c5-4a22-980b-398d381de6f3'),
 ('27', '28', 'en', 'Man Cooler Axial Flow Fans', NULL, '', NULL, '2017-02-27 16:10:56', '2017-02-27 18:27:30', 'f7732f24-0c45-4fcf-b29c-f16c129efb71'),
 ('28', '29', 'en', 'Emergency Smoke Extraction Axial Flow Fans', NULL, '', NULL, '2017-02-27 16:11:17', '2017-02-27 18:27:30', 'bc685bc1-1a7b-4a09-8831-084f8cb1a51f'),
 ('29', '30', 'en', 'High Pressure Centrifugal Fan Blowers', NULL, '', NULL, '2017-02-27 16:17:30', '2017-02-27 18:27:30', '10181127-7ab7-43ed-b718-35b1e6fb1977'),
 ('30', '31', 'en', 'Plate Mounted Axial', NULL, '', NULL, '2017-02-27 16:17:46', '2017-02-27 18:27:30', '82d8c2d6-f4a3-4e27-8d30-e86cc60e1722'),
 ('31', '32', 'en', 'Paddle Bladed Centrifugal Fans', NULL, '', NULL, '2017-02-27 16:18:09', '2017-02-27 18:27:30', '9f43fb66-7646-4e86-80af-b1e371c25b0b'),
 ('32', '33', 'en', 'Forward Curved Centrifugal Fans', NULL, '', NULL, '2017-02-27 16:18:18', '2017-02-27 18:27:30', '1c718a7c-ff32-4552-bcf6-81e6fb1f4ba7'),
 ('33', '34', 'en', 'Backward Curved Centrifugal Fans', NULL, '', NULL, '2017-02-27 16:18:46', '2017-02-27 18:27:30', '75c07ca5-ea49-49d7-aef6-0e17f3479c04'),
 ('34', '35', 'en', 'Aerofoil Centrifugal Fans', NULL, '', NULL, '2017-02-27 16:19:40', '2017-02-27 18:27:30', 'e3fa9cbb-49c6-415c-a9c6-926a36dceb91');



DROP TABLE IF EXISTS `craft_deprecationerrors`;


--
-- Schema for table `craft_deprecationerrors`
--
CREATE TABLE `craft_deprecationerrors` (
  `id` int(11) NOT NULL AUTO_INCREMENT,
  `key` varchar(255) COLLATE utf8_unicode_ci NOT NULL,
  `fingerprint` varchar(255) COLLATE utf8_unicode_ci NOT NULL,
  `lastOccurrence` datetime NOT NULL,
  `file` varchar(255) COLLATE utf8_unicode_ci NOT NULL,
  `line` smallint(6) unsigned NOT NULL,
  `class` varchar(255) COLLATE utf8_unicode_ci DEFAULT NULL,
  `method` varchar(255) COLLATE utf8_unicode_ci DEFAULT NULL,
  `template` varchar(255) COLLATE utf8_unicode_ci DEFAULT NULL,
  `templateLine` smallint(6) unsigned DEFAULT NULL,
  `message` varchar(255) COLLATE utf8_unicode_ci DEFAULT NULL,
  `traces` text COLLATE utf8_unicode_ci,
  `dateCreated` datetime NOT NULL,
  `dateUpdated` datetime NOT NULL,
  `uid` char(36) COLLATE utf8_unicode_ci NOT NULL DEFAULT '0',
  PRIMARY KEY (`id`),
  UNIQUE KEY `craft_deprecationerrors_key_fingerprint_unq_idx` (`key`,`fingerprint`)
) ENGINE=InnoDB DEFAULT CHARSET=utf8 COLLATE=utf8_unicode_ci;

DROP TABLE IF EXISTS `craft_elementindexsettings`;


--
-- Schema for table `craft_elementindexsettings`
--
CREATE TABLE `craft_elementindexsettings` (
  `id` int(11) NOT NULL AUTO_INCREMENT,
  `type` varchar(150) COLLATE utf8_unicode_ci NOT NULL,
  `settings` text COLLATE utf8_unicode_ci,
  `dateCreated` datetime NOT NULL,
  `dateUpdated` datetime NOT NULL,
  `uid` char(36) COLLATE utf8_unicode_ci NOT NULL DEFAULT '0',
  PRIMARY KEY (`id`),
  UNIQUE KEY `craft_elementindexsettings_type_unq_idx` (`type`)
) ENGINE=InnoDB AUTO_INCREMENT=3 DEFAULT CHARSET=utf8 COLLATE=utf8_unicode_ci;

--
-- Data for table `craft_elementindexsettings`
--

INSERT INTO `craft_elementindexsettings` (`id`, `type`, `settings`, `dateCreated`, `dateUpdated`, `uid`) VALUES
 ('1', 'Category', '{\"sources\":{\"group:2\":{\"tableAttributes\":{\"1\":\"id\"}}}}', '2017-02-27 15:25:02', '2017-02-27 15:25:02', 'da701616-fc68-48f0-aff3-675f7e63845a'),
 ('2', 'Entry', '{\"sources\":{\"section:3\":{\"tableAttributes\":{\"1\":\"link\"}}}}', '2017-02-27 15:59:17', '2017-02-27 15:59:17', '55737b50-5e06-4dbe-a5b6-f04b9775737e');



DROP TABLE IF EXISTS `craft_elements`;


--
-- Schema for table `craft_elements`
--
CREATE TABLE `craft_elements` (
  `id` int(11) NOT NULL AUTO_INCREMENT,
  `type` varchar(150) COLLATE utf8_unicode_ci NOT NULL,
  `enabled` tinyint(1) unsigned NOT NULL DEFAULT '1',
  `archived` tinyint(1) unsigned NOT NULL DEFAULT '0',
  `dateCreated` datetime NOT NULL,
  `dateUpdated` datetime NOT NULL,
  `uid` char(36) COLLATE utf8_unicode_ci NOT NULL DEFAULT '0',
  PRIMARY KEY (`id`),
  KEY `craft_elements_type_idx` (`type`),
  KEY `craft_elements_enabled_idx` (`enabled`),
  KEY `craft_elements_archived_dateCreated_idx` (`archived`,`dateCreated`)
) ENGINE=InnoDB AUTO_INCREMENT=36 DEFAULT CHARSET=utf8 COLLATE=utf8_unicode_ci;

--
-- Data for table `craft_elements`
--

INSERT INTO `craft_elements` (`id`, `type`, `enabled`, `archived`, `dateCreated`, `dateUpdated`, `uid`) VALUES
 ('1', 'User', '1', '0', '2017-02-27 15:05:18', '2017-02-27 15:05:18', 'aaeafed3-05e1-4cac-8f1c-6c3242ae3812'),
 ('2', 'Entry', '1', '0', '2017-02-27 15:05:21', '2017-02-27 15:05:21', '5868b4ff-d750-46d2-8aa4-df616c231458'),
 ('3', 'Entry', '1', '0', '2017-02-27 15:05:21', '2017-02-27 15:05:21', 'cd47731b-2190-43e1-93ac-e1fbe98e3a5e'),
 ('4', 'Category', '1', '0', '2017-02-27 15:10:36', '2017-02-27 15:10:36', 'dcc7a471-59f5-4075-b12c-5b8fc5576ab9'),
 ('5', 'Category', '1', '0', '2017-02-27 15:10:49', '2017-02-27 15:10:49', '2bf88202-e0fa-4802-b2cb-e52aa3a035c0'),
 ('6', 'Category', '1', '0', '2017-02-27 15:11:01', '2017-02-27 15:11:01', '62fdd9f5-0b93-4d69-9a20-4ab0d0fec8a6'),
 ('7', 'Category', '1', '0', '2017-02-27 15:11:11', '2017-02-27 15:11:11', '99004536-cc9b-4260-883e-2dbfb34ad503'),
 ('8', 'Category', '1', '0', '2017-02-27 15:11:20', '2017-02-27 15:11:20', '0d2cf814-abdb-4244-9d71-926f7d9ef10e'),
 ('16', 'SuperTable_Block', '1', '0', '2017-02-27 15:56:17', '2017-02-27 15:58:41', 'dcde74bc-b6ee-44e8-8f47-450269f7cf70'),
 ('17', 'Entry', '1', '0', '2017-02-27 16:02:49', '2017-02-27 18:27:30', '91774913-8f25-4748-bbfe-e57f2fd97130'),
 ('18', 'Entry', '1', '0', '2017-02-27 16:03:13', '2017-02-27 18:27:30', 'd488b310-9264-413c-81b9-214d30e66491'),
 ('19', 'Entry', '1', '0', '2017-02-27 16:07:43', '2017-02-27 18:27:30', 'b5b2121d-91f6-4fa7-ae99-aee7105c24a8'),
 ('20', 'Entry', '1', '0', '2017-02-27 16:08:02', '2017-02-27 18:27:30', '0a60867c-7ffb-418f-906b-505fbe0ca073'),
 ('21', 'Entry', '1', '0', '2017-02-27 16:08:22', '2017-02-27 18:27:30', '7d932d6c-c0c3-4100-b560-17bdbc86ba91'),
 ('22', 'Entry', '1', '0', '2017-02-27 16:09:02', '2017-02-27 18:27:30', '85e5a9af-eb59-45c6-bc74-62f831593482'),
 ('23', 'Entry', '1', '0', '2017-02-27 16:09:23', '2017-02-27 18:27:30', '8ad937a4-5c01-4939-9aaf-8a1f2cc7f533'),
 ('24', 'Entry', '1', '0', '2017-02-27 16:09:41', '2017-02-27 18:27:30', 'c47fd443-f8b9-4a57-9fd3-467aaf0716d0'),
 ('25', 'Entry', '1', '0', '2017-02-27 16:10:05', '2017-02-27 18:27:30', '3cf34b37-9705-4128-b6bb-61b1d2780e60'),
 ('26', 'Entry', '1', '0', '2017-02-27 16:10:20', '2017-02-27 18:27:30', 'a55e49d4-a9f9-4178-9d78-982096a1eda1'),
 ('27', 'Entry', '1', '0', '2017-02-27 16:10:40', '2017-02-27 18:27:30', 'ea986100-0c3e-45bb-9daf-d7b9c81e16c0'),
 ('28', 'Entry', '1', '0', '2017-02-27 16:10:56', '2017-02-27 18:27:30', '9c582623-d55b-4ad5-ac0a-e36381590e6f'),
 ('29', 'Entry', '1', '0', '2017-02-27 16:11:17', '2017-02-27 18:27:30', 'fe61a205-fb41-4423-8575-d5db204df36e'),
 ('30', 'Entry', '1', '0', '2017-02-27 16:17:30', '2017-02-27 18:27:30', 'f89670e0-f3a8-4f6c-b0d5-a00ef835eccb'),
 ('31', 'Entry', '1', '0', '2017-02-27 16:17:46', '2017-02-27 18:27:30', '37fbf6f7-b83f-4a2f-b939-e10b6a69f600'),
 ('32', 'Entry', '1', '0', '2017-02-27 16:18:09', '2017-02-27 18:27:30', 'e2106bd0-b72f-4af4-83a7-1908b45aed1e'),
 ('33', 'Entry', '1', '0', '2017-02-27 16:18:18', '2017-02-27 18:27:30', '3e46ad8d-9730-4b43-ba0b-0844ba4af7f6'),
 ('34', 'Entry', '1', '0', '2017-02-27 16:18:46', '2017-02-27 18:27:30', '0709241d-ef00-4bbc-a227-15f213869564'),
 ('35', 'Entry', '1', '0', '2017-02-27 16:19:40', '2017-02-27 18:27:30', '08a1bde3-5230-4995-bdbe-39b1ab49ac3c');



DROP TABLE IF EXISTS `craft_elements_i18n`;


--
-- Schema for table `craft_elements_i18n`
--
CREATE TABLE `craft_elements_i18n` (
  `id` int(11) NOT NULL AUTO_INCREMENT,
  `elementId` int(11) NOT NULL,
  `locale` char(12) COLLATE utf8_unicode_ci NOT NULL,
  `slug` varchar(255) COLLATE utf8_unicode_ci DEFAULT NULL,
  `uri` varchar(255) COLLATE utf8_unicode_ci DEFAULT NULL,
  `enabled` tinyint(1) unsigned NOT NULL DEFAULT '1',
  `dateCreated` datetime NOT NULL,
  `dateUpdated` datetime NOT NULL,
  `uid` char(36) COLLATE utf8_unicode_ci NOT NULL DEFAULT '0',
  PRIMARY KEY (`id`),
  UNIQUE KEY `craft_elements_i18n_elementId_locale_unq_idx` (`elementId`,`locale`),
  UNIQUE KEY `craft_elements_i18n_uri_locale_unq_idx` (`uri`,`locale`),
  KEY `craft_elements_i18n_slug_locale_idx` (`slug`,`locale`),
  KEY `craft_elements_i18n_enabled_idx` (`enabled`),
  KEY `craft_elements_i18n_locale_fk` (`locale`)
) ENGINE=InnoDB AUTO_INCREMENT=36 DEFAULT CHARSET=utf8 COLLATE=utf8_unicode_ci;

--
-- Data for table `craft_elements_i18n`
--

INSERT INTO `craft_elements_i18n` (`id`, `elementId`, `locale`, `slug`, `uri`, `enabled`, `dateCreated`, `dateUpdated`, `uid`) VALUES
 ('1', '1', 'en', '', NULL, '1', '2017-02-27 15:05:18', '2017-02-27 15:05:18', 'fcf70469-af4f-45e5-b76e-59dc13fb97b1'),
 ('2', '2', 'en', 'homepage', '__home__', '1', '2017-02-27 15:05:21', '2017-02-27 15:05:21', '6febb6ae-0de4-4da5-8f3e-7ccc5c39f60b'),
 ('3', '3', 'en', 'we-just-installed-craft', 'news/2017/we-just-installed-craft', '1', '2017-02-27 15:05:21', '2017-02-27 15:05:21', 'c801c6fa-6545-427f-b9a1-0a27bb4da5ea'),
 ('4', '4', 'en', 'warm-air-extraction', NULL, '1', '2017-02-27 15:10:36', '2017-02-27 15:10:36', 'f4611ea6-4b87-4832-bebc-47a902356d2e'),
 ('5', '5', 'en', 'fume-control', NULL, '1', '2017-02-27 15:10:49', '2017-02-27 15:10:49', '1476b592-e922-49e9-8a4e-086109ce3df0'),
 ('6', '6', 'en', 'emergency-smoke-extraction', NULL, '1', '2017-02-27 15:11:01', '2017-02-27 15:11:01', 'a8099383-f534-4a02-b1e4-4fbe5b90bb2b'),
 ('7', '7', 'en', 'roof-extract-fans', NULL, '1', '2017-02-27 15:11:11', '2017-02-27 15:11:11', 'fb8c5106-7f87-4e76-bc2a-120038c55747'),
 ('8', '8', 'en', 'axial-and-bifurcated-fan-accessories', NULL, '1', '2017-02-27 15:11:20', '2017-02-27 15:11:20', '309077d1-226b-4917-afe9-d00d2c481e7e'),
 ('16', '16', 'en', '', NULL, '1', '2017-02-27 15:56:17', '2017-02-27 15:58:41', '262c6cd9-efd0-4efa-937a-12a821b5e86f'),
 ('17', '17', 'en', 'axial-flow-fans', 'axial-flow-fans', '1', '2017-02-27 16:02:49', '2017-02-27 18:27:30', '5468495e-7ba1-4a55-9c56-e7daca12c91d'),
 ('18', '18', 'en', 'product-specification', 'axial-flow-fans/product-specification', '1', '2017-02-27 16:03:13', '2017-02-27 18:27:30', 'bafb5542-17a6-4a00-a395-08eedd287be4'),
 ('19', '19', 'en', 'bifurcated-fans', 'bifurcated-fans', '1', '2017-02-27 16:07:43', '2017-02-27 18:27:30', 'ee76e451-cf12-480b-b4cf-9e9d7aee139b'),
 ('20', '20', 'en', 'centrifugal-fans', 'centrifugal-fans', '1', '2017-02-27 16:08:02', '2017-02-27 18:27:30', '85fa651b-bd9e-4dd8-82e1-d1e53fa8eff0'),
 ('21', '21', 'en', 'flameproof-fans', 'flameproof-fans', '1', '2017-02-27 16:08:22', '2017-02-27 18:27:30', '8cab1aea-07e1-4176-84ab-3f98dc65c530'),
 ('22', '22', 'en', 'conical-bifurcated-fans', 'bifurcated-fans/conical-bifurcated-fans', '1', '2017-02-27 16:09:02', '2017-02-27 18:27:30', '126c4e7d-424a-422e-ad9b-baaba201831f'),
 ('23', '23', 'en', 'cylindrical-bifurcated-fans', 'bifurcated-fans/cylindrical-bifurcated-fans', '1', '2017-02-27 16:09:23', '2017-02-27 18:27:30', 'af68f67c-3bbc-4951-b481-e16eaabe59fb'),
 ('24', '24', 'en', 'long-cased', 'axial-flow-fans/long-cased', '1', '2017-02-27 16:09:41', '2017-02-27 18:27:30', '767ae989-47a8-482e-81f0-8cbc24ea213c'),
 ('25', '25', 'en', 'short-cased-axial-flow-fans', 'axial-flow-fans/short-cased-axial-flow-fans', '1', '2017-02-27 16:10:05', '2017-02-27 18:27:30', '9255b6ab-d4c5-41f5-9a13-9c238d403bad'),
 ('26', '26', 'en', 'external-motor-axial-flow-fans', 'axial-flow-fans/external-motor-axial-flow-fans', '1', '2017-02-27 16:10:20', '2017-02-27 18:27:30', 'a14f7349-c4ca-4ae1-9bbf-6d708a4319d5'),
 ('27', '27', 'en', 'roof-extract-axial-flow-fans', 'axial-flow-fans/roof-extract-axial-flow-fans', '1', '2017-02-27 16:10:40', '2017-02-27 18:27:30', 'bf4086f1-6ae7-42db-8151-18f726a601e0'),
 ('28', '28', 'en', 'man-cooler-axial-flow-fans', 'axial-flow-fans/man-cooler-axial-flow-fans', '1', '2017-02-27 16:10:56', '2017-02-27 18:27:30', 'b929f195-87ee-4f60-b6fd-ccc905c361ff'),
 ('29', '29', 'en', 'emergency-smoke-extraction-axial-flow-fans', 'axial-flow-fans/emergency-smoke-extraction-axial-flow-fans', '1', '2017-02-27 16:11:17', '2017-02-27 18:27:30', 'aabe8cab-5d44-419f-9551-47022c222068'),
 ('30', '30', 'en', 'high-pressure-blowers', 'centrifugal-fans/high-pressure-blowers', '1', '2017-02-27 16:17:30', '2017-02-27 18:27:30', 'b9cef114-cc80-4add-a0f1-bea71f7e93e5'),
 ('31', '31', 'en', 'product-specification-1', 'flameproof-fans/product-specification-1', '1', '2017-02-27 16:17:46', '2017-02-27 18:27:30', '87c5da36-b8d6-4aac-a1e6-a66084b94997'),
 ('32', '32', 'en', 'paddle-bladed', 'centrifugal-fans/paddle-bladed', '1', '2017-02-27 16:18:09', '2017-02-27 18:27:30', '52958507-1bc8-448a-9305-9a64f4a4e7c7'),
 ('33', '33', 'en', 'forward-curved', 'centrifugal-fans/forward-curved', '1', '2017-02-27 16:18:18', '2017-02-27 18:27:30', 'f52f43b6-3ae8-4d39-bb7f-62a8ad6abe6b'),
 ('34', '34', 'en', 'backward-curved-centrifugal-fans', 'centrifugal-fans/backward-curved-centrifugal-fans', '1', '2017-02-27 16:18:46', '2017-02-27 18:27:30', '5dd7479e-a531-4ea6-a1b3-b3e8553e5711'),
 ('35', '35', 'en', 'aerofoil-centrifugal-fans', 'centrifugal-fans/aerofoil-centrifugal-fans', '1', '2017-02-27 16:19:40', '2017-02-27 18:27:30', 'b960f3cb-394b-423f-ac61-5d54fe9c5a06');



DROP TABLE IF EXISTS `craft_emailmessages`;


--
-- Schema for table `craft_emailmessages`
--
CREATE TABLE `craft_emailmessages` (
  `id` int(11) NOT NULL AUTO_INCREMENT,
  `key` char(150) COLLATE utf8_unicode_ci NOT NULL,
  `locale` char(12) COLLATE utf8_unicode_ci NOT NULL,
  `subject` varchar(1000) COLLATE utf8_unicode_ci NOT NULL,
  `body` text COLLATE utf8_unicode_ci NOT NULL,
  `dateCreated` datetime NOT NULL,
  `dateUpdated` datetime NOT NULL,
  `uid` char(36) COLLATE utf8_unicode_ci NOT NULL DEFAULT '0',
  PRIMARY KEY (`id`),
  UNIQUE KEY `craft_emailmessages_key_locale_unq_idx` (`key`,`locale`),
  KEY `craft_emailmessages_locale_fk` (`locale`)
) ENGINE=InnoDB DEFAULT CHARSET=utf8 COLLATE=utf8_unicode_ci;

DROP TABLE IF EXISTS `craft_entries`;


--
-- Schema for table `craft_entries`
--
CREATE TABLE `craft_entries` (
  `id` int(11) NOT NULL,
  `sectionId` int(11) NOT NULL,
  `typeId` int(11) DEFAULT NULL,
  `authorId` int(11) DEFAULT NULL,
  `postDate` datetime DEFAULT NULL,
  `expiryDate` datetime DEFAULT NULL,
  `dateCreated` datetime NOT NULL,
  `dateUpdated` datetime NOT NULL,
  `uid` char(36) COLLATE utf8_unicode_ci NOT NULL DEFAULT '0',
  PRIMARY KEY (`id`),
  KEY `craft_entries_sectionId_idx` (`sectionId`),
  KEY `craft_entries_typeId_idx` (`typeId`),
  KEY `craft_entries_postDate_idx` (`postDate`),
  KEY `craft_entries_expiryDate_idx` (`expiryDate`),
  KEY `craft_entries_authorId_fk` (`authorId`)
) ENGINE=InnoDB DEFAULT CHARSET=utf8 COLLATE=utf8_unicode_ci;

--
-- Data for table `craft_entries`
--

INSERT INTO `craft_entries` (`id`, `sectionId`, `typeId`, `authorId`, `postDate`, `expiryDate`, `dateCreated`, `dateUpdated`, `uid`) VALUES
 ('2', '1', NULL, NULL, '2017-02-27 15:05:21', NULL, '2017-02-27 15:05:21', '2017-02-27 15:05:21', '8cefd059-2a7a-49ee-91e4-7c276461fe5f'),
 ('3', '2', '2', '1', '2017-02-27 15:05:21', NULL, '2017-02-27 15:05:21', '2017-02-27 15:05:21', '1894f3eb-b22d-4b84-98eb-9f2a960de359'),
 ('17', '3', '4', '1', '2017-02-27 16:02:00', NULL, '2017-02-27 16:02:49', '2017-02-27 18:13:36', '555007c1-5b11-4b5c-8e6b-ccc03b116978'),
 ('18', '3', '3', '1', '2017-02-27 16:03:00', NULL, '2017-02-27 16:03:13', '2017-02-27 18:09:21', 'b51fa88c-9410-46ab-a9fc-68f4fe3ca434'),
 ('19', '3', '4', '1', '2017-02-27 16:07:00', NULL, '2017-02-27 16:07:43', '2017-02-27 18:13:54', '1722451a-14bc-4ce8-86e6-584bba30ad91'),
 ('20', '3', '4', '1', '2017-02-27 16:08:00', NULL, '2017-02-27 16:08:02', '2017-02-27 18:14:24', 'a7f71a00-9bc3-4c55-8e6c-bce04da03475'),
 ('21', '3', '4', '1', '2017-02-27 16:08:00', NULL, '2017-02-27 16:08:22', '2017-02-27 18:14:11', '50730ec9-9d82-4d17-ad74-29351e762bef'),
 ('22', '3', '3', '1', '2017-02-27 16:09:02', NULL, '2017-02-27 16:09:02', '2017-02-27 16:09:02', '61ad2557-38f8-4a88-b2d5-c130ad8cc769'),
 ('23', '3', '3', '1', '2017-02-27 16:09:23', NULL, '2017-02-27 16:09:23', '2017-02-27 16:09:23', '433d991e-b47b-44c8-94ce-4eaba57338f0'),
 ('24', '3', '3', '1', '2017-02-27 16:09:00', NULL, '2017-02-27 16:09:41', '2017-02-27 16:09:53', 'cdd0d1c8-a3f3-489e-9a76-bee5cbdfb362'),
 ('25', '3', '3', '1', '2017-02-27 16:10:05', NULL, '2017-02-27 16:10:05', '2017-02-27 16:10:05', '6b0cc2ee-ef05-4687-8d7b-f16ad5f48581'),
 ('26', '3', '3', '1', '2017-02-27 16:10:20', NULL, '2017-02-27 16:10:20', '2017-02-27 16:10:20', '90fdaf0c-f4a5-4ec8-8fa4-50e404b3719a'),
 ('27', '3', '3', '1', '2017-02-27 16:10:40', NULL, '2017-02-27 16:10:40', '2017-02-27 16:10:40', '6046f5fd-3e91-4d36-81ac-22735f17e6e6'),
 ('28', '3', '3', '1', '2017-02-27 16:10:56', NULL, '2017-02-27 16:10:56', '2017-02-27 16:10:56', 'dadc0355-13e9-44fe-ba2f-493173975095'),
 ('29', '3', '3', '1', '2017-02-27 16:11:17', NULL, '2017-02-27 16:11:17', '2017-02-27 16:11:17', 'd4462e84-fde5-4222-94f5-4d4db19ac17a'),
 ('30', '3', '3', '1', '2017-02-27 16:17:00', NULL, '2017-02-27 16:17:30', '2017-02-27 16:19:17', 'b3efa1d6-92ee-4568-b3ce-063fb134adba'),
 ('31', '3', '3', '1', '2017-02-27 16:03:00', NULL, '2017-02-27 16:17:46', '2017-02-27 16:17:46', '862d9147-eaac-4738-99ac-950a6b8eddf5'),
 ('32', '3', '3', '1', '2017-02-27 16:18:00', NULL, '2017-02-27 16:18:09', '2017-02-27 16:19:00', 'ff3919f1-beb4-4d35-8ab6-c740c7a0fa6f'),
 ('33', '3', '3', '1', '2017-02-27 16:18:00', NULL, '2017-02-27 16:18:18', '2017-02-27 16:18:52', '796e495b-2846-4c08-966f-7607bdffedc4'),
 ('34', '3', '3', '1', '2017-02-27 16:18:46', NULL, '2017-02-27 16:18:46', '2017-02-27 16:18:46', 'dbc10b16-14cb-433f-a28e-9ba0af4cc33c'),
 ('35', '3', '3', '1', '2017-02-27 16:19:40', NULL, '2017-02-27 16:19:40', '2017-02-27 16:19:40', 'd4a72465-a9b6-44cf-9389-448c4cbfd1b1');



DROP TABLE IF EXISTS `craft_entrydrafts`;


--
-- Schema for table `craft_entrydrafts`
--
CREATE TABLE `craft_entrydrafts` (
  `id` int(11) NOT NULL AUTO_INCREMENT,
  `entryId` int(11) NOT NULL,
  `sectionId` int(11) NOT NULL,
  `creatorId` int(11) NOT NULL,
  `locale` char(12) COLLATE utf8_unicode_ci NOT NULL,
  `name` varchar(255) COLLATE utf8_unicode_ci NOT NULL,
  `notes` tinytext COLLATE utf8_unicode_ci,
  `data` mediumtext COLLATE utf8_unicode_ci NOT NULL,
  `dateCreated` datetime NOT NULL,
  `dateUpdated` datetime NOT NULL,
  `uid` char(36) COLLATE utf8_unicode_ci NOT NULL DEFAULT '0',
  PRIMARY KEY (`id`),
  KEY `craft_entrydrafts_entryId_locale_idx` (`entryId`,`locale`),
  KEY `craft_entrydrafts_sectionId_fk` (`sectionId`),
  KEY `craft_entrydrafts_creatorId_fk` (`creatorId`),
  KEY `craft_entrydrafts_locale_fk` (`locale`)
) ENGINE=InnoDB DEFAULT CHARSET=utf8 COLLATE=utf8_unicode_ci;

DROP TABLE IF EXISTS `craft_entrytypes`;


--
-- Schema for table `craft_entrytypes`
--
CREATE TABLE `craft_entrytypes` (
  `id` int(11) NOT NULL AUTO_INCREMENT,
  `sectionId` int(11) NOT NULL,
  `fieldLayoutId` int(11) DEFAULT NULL,
  `name` varchar(255) COLLATE utf8_unicode_ci NOT NULL,
  `handle` varchar(255) COLLATE utf8_unicode_ci NOT NULL,
  `hasTitleField` tinyint(1) unsigned NOT NULL DEFAULT '1',
  `titleLabel` varchar(255) COLLATE utf8_unicode_ci DEFAULT 'Title',
  `titleFormat` varchar(255) COLLATE utf8_unicode_ci DEFAULT NULL,
  `sortOrder` smallint(6) unsigned DEFAULT NULL,
  `dateCreated` datetime NOT NULL,
  `dateUpdated` datetime NOT NULL,
  `uid` char(36) COLLATE utf8_unicode_ci NOT NULL DEFAULT '0',
  PRIMARY KEY (`id`),
  UNIQUE KEY `craft_entrytypes_name_sectionId_unq_idx` (`name`,`sectionId`),
  UNIQUE KEY `craft_entrytypes_handle_sectionId_unq_idx` (`handle`,`sectionId`),
  KEY `craft_entrytypes_sectionId_fk` (`sectionId`),
  KEY `craft_entrytypes_fieldLayoutId_fk` (`fieldLayoutId`)
) ENGINE=InnoDB AUTO_INCREMENT=5 DEFAULT CHARSET=utf8 COLLATE=utf8_unicode_ci;

--
-- Data for table `craft_entrytypes`
--

INSERT INTO `craft_entrytypes` (`id`, `sectionId`, `fieldLayoutId`, `name`, `handle`, `hasTitleField`, `titleLabel`, `titleFormat`, `sortOrder`, `dateCreated`, `dateUpdated`, `uid`) VALUES
 ('1', '1', '3', 'Homepage', 'homepage', '1', 'Title', NULL, '1', '2017-02-27 15:05:21', '2017-02-27 15:05:21', '50d7f025-b278-4d84-aeb3-91cd5260b6de'),
 ('2', '2', '5', 'News', 'news', '1', 'Title', NULL, '1', '2017-02-27 15:05:21', '2017-02-27 15:05:21', 'f624b2d8-55e0-4e98-99f2-54af992828be'),
 ('3', '3', '22', 'Product Specification', 'secType_productSpecification', '1', 'Product Title', NULL, '1', '2017-02-27 15:32:41', '2017-02-27 18:11:52', '0221bae3-0c87-4976-b7f9-39a728c50154'),
 ('4', '3', '23', 'Product Group Overview', 'secType_productGroupOverview', '1', 'Product Group Title', NULL, '2', '2017-02-27 15:52:27', '2017-02-27 18:12:05', '7ef2438b-9479-4872-8d4a-37f826ef3c27');



DROP TABLE IF EXISTS `craft_entryversions`;


--
-- Schema for table `craft_entryversions`
--
CREATE TABLE `craft_entryversions` (
  `id` int(11) NOT NULL AUTO_INCREMENT,
  `entryId` int(11) NOT NULL,
  `sectionId` int(11) NOT NULL,
  `creatorId` int(11) DEFAULT NULL,
  `locale` char(12) COLLATE utf8_unicode_ci NOT NULL,
  `num` smallint(6) unsigned NOT NULL,
  `notes` tinytext COLLATE utf8_unicode_ci,
  `data` mediumtext COLLATE utf8_unicode_ci NOT NULL,
  `dateCreated` datetime NOT NULL,
  `dateUpdated` datetime NOT NULL,
  `uid` char(36) COLLATE utf8_unicode_ci NOT NULL DEFAULT '0',
  PRIMARY KEY (`id`),
  KEY `craft_entryversions_entryId_locale_idx` (`entryId`,`locale`),
  KEY `craft_entryversions_sectionId_fk` (`sectionId`),
  KEY `craft_entryversions_creatorId_fk` (`creatorId`),
  KEY `craft_entryversions_locale_fk` (`locale`)
) ENGINE=InnoDB AUTO_INCREMENT=42 DEFAULT CHARSET=utf8 COLLATE=utf8_unicode_ci;

--
-- Data for table `craft_entryversions`
--

INSERT INTO `craft_entryversions` (`id`, `entryId`, `sectionId`, `creatorId`, `locale`, `num`, `notes`, `data`, `dateCreated`, `dateUpdated`, `uid`) VALUES
 ('1', '2', '1', '1', 'en', '1', NULL, '{\"typeId\":\"1\",\"authorId\":null,\"title\":\"Homepage\",\"slug\":\"homepage\",\"postDate\":1488207921,\"expiryDate\":null,\"enabled\":1,\"parentId\":null,\"fields\":[]}', '2017-02-27 15:05:21', '2017-02-27 15:05:21', '272e929e-d0d9-4943-bed5-37ce5c1d5b1e'),
 ('2', '2', '1', '1', 'en', '2', NULL, '{\"typeId\":null,\"authorId\":null,\"title\":\"Welcome to Victoriafans!\",\"slug\":\"homepage\",\"postDate\":1488207921,\"expiryDate\":null,\"enabled\":\"1\",\"parentId\":null,\"fields\":{\"1\":\"<p>It\\u2019s true, this site doesn\\u2019t have a whole lot of content yet, but don\\u2019t worry. Our web developers have just installed the CMS, and they\\u2019re setting things up for the content editors this very moment. Soon Victoriafans will be an oasis of fresh perspectives, sharp analyses, and astute opinions that will keep you coming back again and again.<\\/p>\"}}', '2017-02-27 15:05:21', '2017-02-27 15:05:21', 'f2d7ceb1-c288-4f0f-9962-b50aa0cf6330'),
 ('3', '3', '2', '1', 'en', '1', NULL, '{\"typeId\":\"2\",\"authorId\":\"1\",\"title\":\"We just installed Craft!\",\"slug\":\"we-just-installed-craft\",\"postDate\":1488207921,\"expiryDate\":null,\"enabled\":1,\"parentId\":null,\"fields\":[]}', '2017-02-27 15:05:21', '2017-02-27 15:05:21', '3c35066e-b8e3-4529-8676-da2daf5bd159'),
 ('9', '17', '3', '1', 'en', '1', '', '{\"typeId\":\"4\",\"authorId\":\"1\",\"title\":\"Axial Flow Fans\",\"slug\":\"axial-flow-fans\",\"postDate\":1488211369,\"expiryDate\":null,\"enabled\":1,\"parentId\":\"\",\"fields\":{\"4\":\"\",\"7\":\"\"}}', '2017-02-27 16:02:49', '2017-02-27 16:02:49', 'a7e3c4f4-bdce-4de3-992b-96ece3979ac1'),
 ('10', '18', '3', '1', 'en', '1', '', '{\"typeId\":\"3\",\"authorId\":\"1\",\"title\":\"Product Specification\",\"slug\":\"product-specification\",\"postDate\":1488211393,\"expiryDate\":null,\"enabled\":1,\"parentId\":\"\",\"fields\":{\"3\":\"\",\"9\":\"Plate Mounted Axial\"}}', '2017-02-27 16:03:13', '2017-02-27 16:03:13', '3b301595-cf5a-43c5-af4d-4982fa6f1ee3'),
 ('11', '18', '3', '1', 'en', '2', '', '{\"typeId\":\"3\",\"authorId\":\"1\",\"title\":\"Plate Mounted Axial\",\"slug\":\"product-specification\",\"postDate\":1488211380,\"expiryDate\":null,\"enabled\":1,\"parentId\":\"17\",\"fields\":{\"3\":\"\"}}', '2017-02-27 16:04:23', '2017-02-27 16:04:23', '9a26a1c6-324d-4d8b-9920-129cc31e5ada'),
 ('12', '19', '3', '1', 'en', '1', '', '{\"typeId\":\"4\",\"authorId\":\"1\",\"title\":\"Bifurcated Fans\",\"slug\":\"bifurcated-fans\",\"postDate\":1488211663,\"expiryDate\":null,\"enabled\":1,\"parentId\":\"\",\"fields\":{\"4\":\"\",\"7\":\"\"}}', '2017-02-27 16:07:43', '2017-02-27 16:07:43', '705c2bae-ce19-417b-b662-38215a2842e8'),
 ('13', '20', '3', '1', 'en', '1', '', '{\"typeId\":\"3\",\"authorId\":\"1\",\"title\":\"Centrifugal Fans\",\"slug\":\"centrifugal-fans\",\"postDate\":1488211682,\"expiryDate\":null,\"enabled\":1,\"parentId\":\"\",\"fields\":{\"3\":\"\"}}', '2017-02-27 16:08:02', '2017-02-27 16:08:02', '2130e9e9-9f97-4c4c-b05e-278618338ae5'),
 ('14', '21', '3', '1', 'en', '1', '', '{\"typeId\":\"4\",\"authorId\":\"1\",\"title\":\"Flameproof Fans\",\"slug\":\"flameproof-fans\",\"postDate\":1488211702,\"expiryDate\":null,\"enabled\":1,\"parentId\":\"\",\"fields\":{\"4\":\"\",\"7\":\"\"}}', '2017-02-27 16:08:22', '2017-02-27 16:08:22', '7b9e0db2-4140-42bb-8878-e5f4c660d211'),
 ('15', '20', '3', '1', 'en', '2', '', '{\"typeId\":\"4\",\"authorId\":\"1\",\"title\":\"Centrifugal Fans\",\"slug\":\"centrifugal-fans\",\"postDate\":1488211680,\"expiryDate\":null,\"enabled\":1,\"parentId\":\"\",\"fields\":{\"4\":\"\",\"7\":\"\"}}', '2017-02-27 16:08:33', '2017-02-27 16:08:33', 'aab8eeb1-1d25-404a-aa97-f768509c1552'),
 ('16', '22', '3', '1', 'en', '1', '', '{\"typeId\":\"3\",\"authorId\":\"1\",\"title\":\"Conical Bifurcated Fans\",\"slug\":\"conical-bifurcated-fans\",\"postDate\":1488211742,\"expiryDate\":null,\"enabled\":1,\"parentId\":\"\",\"fields\":{\"3\":\"\"}}', '2017-02-27 16:09:02', '2017-02-27 16:09:02', 'f221176f-dd93-4894-b159-1ffcab261969'),
 ('17', '23', '3', '1', 'en', '1', '', '{\"typeId\":\"3\",\"authorId\":\"1\",\"title\":\"Cylindrical Bifurcated Fans\",\"slug\":\"cylindrical-bifurcated-fans\",\"postDate\":1488211763,\"expiryDate\":null,\"enabled\":1,\"parentId\":\"\",\"fields\":{\"3\":\"\"}}', '2017-02-27 16:09:23', '2017-02-27 16:09:23', '36d51dc4-2ada-4823-925a-de29b194b798'),
 ('18', '24', '3', '1', 'en', '1', '', '{\"typeId\":\"3\",\"authorId\":\"1\",\"title\":\"Long Cased\",\"slug\":\"long-cased\",\"postDate\":1488211781,\"expiryDate\":null,\"enabled\":1,\"parentId\":\"\",\"fields\":{\"3\":\"\"}}', '2017-02-27 16:09:41', '2017-02-27 16:09:41', 'bd07b86b-3b38-47f7-8fd8-c69874ec693b'),
 ('19', '24', '3', '1', 'en', '2', '', '{\"typeId\":\"3\",\"authorId\":\"1\",\"title\":\"Long Cased Axial Flow Fans\",\"slug\":\"long-cased\",\"postDate\":1488211740,\"expiryDate\":null,\"enabled\":1,\"parentId\":\"\",\"fields\":{\"3\":\"\"}}', '2017-02-27 16:09:53', '2017-02-27 16:09:53', 'b20f200a-98b2-4a64-90ea-b5a1d5f3c209'),
 ('20', '25', '3', '1', 'en', '1', '', '{\"typeId\":\"3\",\"authorId\":\"1\",\"title\":\"Short Cased Axial Flow Fans\",\"slug\":\"short-cased-axial-flow-fans\",\"postDate\":1488211805,\"expiryDate\":null,\"enabled\":1,\"parentId\":\"\",\"fields\":{\"3\":\"\"}}', '2017-02-27 16:10:05', '2017-02-27 16:10:05', '3aeafcd1-cec1-4e2a-aec3-ac781908a689'),
 ('21', '26', '3', '1', 'en', '1', '', '{\"typeId\":\"3\",\"authorId\":\"1\",\"title\":\"External Motor Axial Flow Fans\",\"slug\":\"external-motor-axial-flow-fans\",\"postDate\":1488211820,\"expiryDate\":null,\"enabled\":1,\"parentId\":\"\",\"fields\":{\"3\":\"\"}}', '2017-02-27 16:10:20', '2017-02-27 16:10:20', 'b16a24f5-8e7c-4eff-b9f8-0ea35d1d9fdf'),
 ('22', '27', '3', '1', 'en', '1', '', '{\"typeId\":\"3\",\"authorId\":\"1\",\"title\":\"Roof Extract Axial Flow Fans\",\"slug\":\"roof-extract-axial-flow-fans\",\"postDate\":1488211840,\"expiryDate\":null,\"enabled\":1,\"parentId\":\"\",\"fields\":{\"3\":\"\"}}', '2017-02-27 16:10:40', '2017-02-27 16:10:40', '4c32d38a-8875-431d-ae5e-63854866cd6f'),
 ('23', '28', '3', '1', 'en', '1', '', '{\"typeId\":\"3\",\"authorId\":\"1\",\"title\":\"Man Cooler Axial Flow Fans\",\"slug\":\"man-cooler-axial-flow-fans\",\"postDate\":1488211856,\"expiryDate\":null,\"enabled\":1,\"parentId\":\"\",\"fields\":{\"3\":\"\"}}', '2017-02-27 16:10:56', '2017-02-27 16:10:56', 'b09a6fac-fb9e-44fd-9826-15111ce36e0c'),
 ('24', '29', '3', '1', 'en', '1', '', '{\"typeId\":\"3\",\"authorId\":\"1\",\"title\":\"Emergency Smoke Extraction Axial Flow Fans\",\"slug\":\"emergency-smoke-extraction-axial-flow-fans\",\"postDate\":1488211877,\"expiryDate\":null,\"enabled\":1,\"parentId\":\"\",\"fields\":{\"3\":\"\"}}', '2017-02-27 16:11:17', '2017-02-27 16:11:17', '079f96f2-b4b1-4383-9221-1afbb46f316d'),
 ('25', '30', '3', '1', 'en', '1', '', '{\"typeId\":\"3\",\"authorId\":\"1\",\"title\":\"High Pressure Blowers\",\"slug\":\"high-pressure-blowers\",\"postDate\":1488212250,\"expiryDate\":null,\"enabled\":1,\"parentId\":\"\",\"fields\":{\"3\":\"\"}}', '2017-02-27 16:17:30', '2017-02-27 16:17:30', '0646c2af-f250-4f15-90d8-2634cd0909cb'),
 ('26', '31', '3', '1', 'en', '1', '', '{\"typeId\":\"3\",\"authorId\":\"1\",\"title\":\"Plate Mounted Axial\",\"slug\":\"product-specification-1\",\"postDate\":1488211380,\"expiryDate\":null,\"enabled\":1,\"parentId\":\"17\",\"fields\":{\"3\":\"\"}}', '2017-02-27 16:17:46', '2017-02-27 16:17:46', 'd316ef12-882a-4aa9-b397-8d17ef35c813'),
 ('27', '32', '3', '1', 'en', '1', '', '{\"typeId\":\"3\",\"authorId\":\"1\",\"title\":\"Paddle Bladed\",\"slug\":\"paddle-bladed\",\"postDate\":1488212289,\"expiryDate\":null,\"enabled\":1,\"parentId\":\"\",\"fields\":{\"3\":\"\"}}', '2017-02-27 16:18:09', '2017-02-27 16:18:09', '20812b94-3f0e-42d7-b90a-1627dec95681'),
 ('28', '33', '3', '1', 'en', '1', '', '{\"typeId\":\"3\",\"authorId\":\"1\",\"title\":\"Forward Curved\",\"slug\":\"forward-curved\",\"postDate\":1488212298,\"expiryDate\":null,\"enabled\":1,\"parentId\":\"\",\"fields\":{\"3\":\"\"}}', '2017-02-27 16:18:19', '2017-02-27 16:18:19', 'c3cc6767-bf45-41e9-8266-1c8d0b09623b'),
 ('29', '34', '3', '1', 'en', '1', '', '{\"typeId\":\"3\",\"authorId\":\"1\",\"title\":\"Backward Curved Centrifugal Fans\",\"slug\":\"backward-curved-centrifugal-fans\",\"postDate\":1488212326,\"expiryDate\":null,\"enabled\":1,\"parentId\":\"\",\"fields\":{\"3\":\"\"}}', '2017-02-27 16:18:46', '2017-02-27 16:18:46', '52fca6f4-6d91-42e7-8e54-3b1850ca1c91'),
 ('30', '33', '3', '1', 'en', '2', '', '{\"typeId\":\"3\",\"authorId\":\"1\",\"title\":\"Forward Curved Centrifugal Fans\",\"slug\":\"forward-curved\",\"postDate\":1488212280,\"expiryDate\":null,\"enabled\":1,\"parentId\":\"\",\"fields\":{\"3\":\"\"}}', '2017-02-27 16:18:52', '2017-02-27 16:18:52', '614bf6a9-1e34-41a4-9d5b-fbc55ce31c69'),
 ('31', '32', '3', '1', 'en', '2', '', '{\"typeId\":\"3\",\"authorId\":\"1\",\"title\":\"Paddle Bladed Centrifugal Fans\",\"slug\":\"paddle-bladed\",\"postDate\":1488212280,\"expiryDate\":null,\"enabled\":1,\"parentId\":\"\",\"fields\":{\"3\":\"\"}}', '2017-02-27 16:19:00', '2017-02-27 16:19:00', '82f49122-77ae-4d78-8e7f-2a12ef0eb06c'),
 ('32', '30', '3', '1', 'en', '2', '', '{\"typeId\":\"3\",\"authorId\":\"1\",\"title\":\"High Pressure Centrifugal Fan Blowers\",\"slug\":\"high-pressure-blowers\",\"postDate\":1488212220,\"expiryDate\":null,\"enabled\":1,\"parentId\":\"20\",\"fields\":{\"3\":\"\"}}', '2017-02-27 16:19:17', '2017-02-27 16:19:17', '1e1cb062-6d0f-4d84-960f-095b05451a9b'),
 ('33', '35', '3', '1', 'en', '1', '', '{\"typeId\":\"3\",\"authorId\":\"1\",\"title\":\"Aerofoil Centrifugal Fans\",\"slug\":\"aerofoil-centrifugal-fans\",\"postDate\":1488212380,\"expiryDate\":null,\"enabled\":1,\"parentId\":\"\",\"fields\":{\"3\":\"\"}}', '2017-02-27 16:19:40', '2017-02-27 16:19:40', 'cc11e429-259a-48c6-8bae-4f958c6adc3e'),
 ('34', '18', '3', '1', 'en', '3', '', '{\"typeId\":\"3\",\"authorId\":\"1\",\"title\":\"Plate Mounted Axial\",\"slug\":\"product-specification\",\"postDate\":1488211380,\"expiryDate\":null,\"enabled\":1,\"parentId\":\"17\",\"fields\":{\"10\":[\"4\"],\"3\":\"\"}}', '2017-02-27 16:40:38', '2017-02-27 16:40:38', 'cfd829ce-f1ed-490d-8259-3709a1fc24c1'),
 ('35', '18', '3', '1', 'en', '4', '', '{\"typeId\":\"3\",\"authorId\":\"1\",\"title\":\"Plate Mounted Axial\",\"slug\":\"product-specification\",\"postDate\":1488211380,\"expiryDate\":null,\"enabled\":1,\"parentId\":\"17\",\"fields\":{\"10\":[\"4\"],\"3\":\"<p>This is all about the plate mounted axial fan<\\/p>\"}}', '2017-02-27 18:06:22', '2017-02-27 18:06:22', 'bc90d180-04e2-4a4d-b658-9b40029679d1'),
 ('36', '18', '3', '1', 'en', '5', '', '{\"typeId\":\"3\",\"authorId\":\"1\",\"title\":\"Plate Mounted Axial\",\"slug\":\"product-specification\",\"postDate\":1488211380,\"expiryDate\":null,\"enabled\":1,\"parentId\":\"17\",\"fields\":{\"10\":[\"4\"],\"3\":\"<p>This is all about the plate mounted axial fan<\\/p>\"}}', '2017-02-27 18:09:21', '2017-02-27 18:09:21', 'b706255e-8eae-432d-a5cf-0f080d990054'),
 ('37', '17', '3', '1', 'en', '2', '', '{\"typeId\":\"4\",\"authorId\":\"1\",\"title\":\"Axial Flow Fans\",\"slug\":\"axial-flow-fans\",\"postDate\":1488211320,\"expiryDate\":null,\"enabled\":1,\"parentId\":\"\",\"fields\":{\"4\":\"\",\"3\":\"<p>Lipsum<\\/p>\",\"7\":\"\"}}', '2017-02-27 18:12:24', '2017-02-27 18:12:24', '8b4dcac8-a639-4c9a-9b3f-b5434c5b5b48'),
 ('38', '17', '3', '1', 'en', '3', '', '{\"typeId\":\"4\",\"authorId\":\"1\",\"title\":\"Axial Flow Fans\",\"slug\":\"axial-flow-fans\",\"postDate\":1488211320,\"expiryDate\":null,\"enabled\":1,\"parentId\":\"\",\"fields\":{\"4\":\"\",\"3\":\"<p>Lorem ipsum dolor sit amet, consectetur adipiscing elit. Nullam at lectus ipsum. Nam vehicula felis a mi commodo, id lacinia nisi ultricies. Nunc ut libero sit amet diam scelerisque gravida.<\\/p>\",\"7\":\"\"}}', '2017-02-27 18:13:36', '2017-02-27 18:13:36', '434bf573-58b1-4c58-bf3c-85256b2e0f3c'),
 ('39', '19', '3', '1', 'en', '2', '', '{\"typeId\":\"4\",\"authorId\":\"1\",\"title\":\"Bifurcated Fans\",\"slug\":\"bifurcated-fans\",\"postDate\":1488211620,\"expiryDate\":null,\"enabled\":1,\"parentId\":\"\",\"fields\":{\"4\":\"\",\"3\":\"<p>Aliquam a tortor et nibh interdum egestas. Proin orci erat, mattis a tincidunt nec, efficitur id neque. Suspendisse scelerisque semper vestibulum.<\\/p>\",\"7\":\"\"}}', '2017-02-27 18:13:54', '2017-02-27 18:13:54', 'e3860144-7060-4ad2-a460-e94c99c1e4e7'),
 ('40', '21', '3', '1', 'en', '2', '', '{\"typeId\":\"4\",\"authorId\":\"1\",\"title\":\"Flameproof Fans\",\"slug\":\"flameproof-fans\",\"postDate\":1488211680,\"expiryDate\":null,\"enabled\":1,\"parentId\":\"\",\"fields\":{\"4\":\"\",\"3\":\"<p>Morbi quis pulvinar nisi. Proin et magna enim. Donec quis mi vitae diam fringilla placerat et hendrerit massa. Vestibulum sit amet urna posuere diam lacinia egestas.<\\/p>\",\"7\":\"\"}}', '2017-02-27 18:14:11', '2017-02-27 18:14:11', 'aeda922d-a278-4738-becb-65eda290be3c'),
 ('41', '20', '3', '1', 'en', '3', '', '{\"typeId\":\"4\",\"authorId\":\"1\",\"title\":\"Centrifugal Fans\",\"slug\":\"centrifugal-fans\",\"postDate\":1488211680,\"expiryDate\":null,\"enabled\":1,\"parentId\":\"\",\"fields\":{\"4\":\"\",\"3\":\"<p>Praesent non elit nec sem interdum suscipit quis imperdiet felis. Praesent nulla ligula, consectetur sit amet tortor commodo, tristique viverra ex. Pellentesque laoreet erat sit amet sagittis tempor.<\\/p>\",\"7\":\"\"}}', '2017-02-27 18:14:24', '2017-02-27 18:14:24', '554f7c03-af43-415b-bc8c-a8da4a0ba8ef');



DROP TABLE IF EXISTS `craft_fieldgroups`;


--
-- Schema for table `craft_fieldgroups`
--
CREATE TABLE `craft_fieldgroups` (
  `id` int(11) NOT NULL AUTO_INCREMENT,
  `name` varchar(255) COLLATE utf8_unicode_ci NOT NULL,
  `dateCreated` datetime NOT NULL,
  `dateUpdated` datetime NOT NULL,
  `uid` char(36) COLLATE utf8_unicode_ci NOT NULL DEFAULT '0',
  PRIMARY KEY (`id`),
  UNIQUE KEY `craft_fieldgroups_name_unq_idx` (`name`)
) ENGINE=InnoDB AUTO_INCREMENT=3 DEFAULT CHARSET=utf8 COLLATE=utf8_unicode_ci;

--
-- Data for table `craft_fieldgroups`
--

INSERT INTO `craft_fieldgroups` (`id`, `name`, `dateCreated`, `dateUpdated`, `uid`) VALUES
 ('1', 'Default', '2017-02-27 15:05:21', '2017-02-27 15:05:21', '974928bb-eb6a-4e46-8103-487ab15e4c66'),
 ('2', 'Product Information', '2017-02-27 15:25:36', '2017-02-27 15:25:50', '80829250-34bf-44e3-873e-30fd538a844e');



DROP TABLE IF EXISTS `craft_fieldlayoutfields`;


--
-- Schema for table `craft_fieldlayoutfields`
--
CREATE TABLE `craft_fieldlayoutfields` (
  `id` int(11) NOT NULL AUTO_INCREMENT,
  `layoutId` int(11) NOT NULL,
  `tabId` int(11) NOT NULL,
  `fieldId` int(11) NOT NULL,
  `required` tinyint(1) unsigned NOT NULL DEFAULT '0',
  `sortOrder` smallint(6) unsigned DEFAULT NULL,
  `dateCreated` datetime NOT NULL,
  `dateUpdated` datetime NOT NULL,
  `uid` char(36) COLLATE utf8_unicode_ci NOT NULL DEFAULT '0',
  PRIMARY KEY (`id`),
  UNIQUE KEY `craft_fieldlayoutfields_layoutId_fieldId_unq_idx` (`layoutId`,`fieldId`),
  KEY `craft_fieldlayoutfields_sortOrder_idx` (`sortOrder`),
  KEY `craft_fieldlayoutfields_tabId_fk` (`tabId`),
  KEY `craft_fieldlayoutfields_fieldId_fk` (`fieldId`)
) ENGINE=InnoDB AUTO_INCREMENT=32 DEFAULT CHARSET=utf8 COLLATE=utf8_unicode_ci;

--
-- Data for table `craft_fieldlayoutfields`
--

INSERT INTO `craft_fieldlayoutfields` (`id`, `layoutId`, `tabId`, `fieldId`, `required`, `sortOrder`, `dateCreated`, `dateUpdated`, `uid`) VALUES
 ('1', '3', '1', '1', '1', '1', '2017-02-27 15:05:21', '2017-02-27 15:05:21', 'e1ff0678-7f23-493e-b20c-bfb019243ab2'),
 ('2', '5', '2', '1', '1', '1', '2017-02-27 15:05:21', '2017-02-27 15:05:21', '534ce0be-c270-44df-a191-3e5cb740f76d'),
 ('3', '5', '2', '2', '0', '2', '2017-02-27 15:05:21', '2017-02-27 15:05:21', '7f93ffd8-a5ae-44a5-8bfc-9eab05aa7e48'),
 ('6', '11', '4', '5', '0', '1', '2017-02-27 15:44:22', '2017-02-27 15:44:22', '55583c19-812e-4130-a623-d7367654fabc'),
 ('7', '11', '4', '6', '0', '2', '2017-02-27 15:44:22', '2017-02-27 15:44:22', 'e7792d6a-95e9-4508-a3ce-38a6bb62846b'),
 ('28', '22', '14', '10', '0', '1', '2017-02-27 18:11:52', '2017-02-27 18:11:52', '22965f36-2b83-4b5e-be6b-1f0083e1aaed'),
 ('29', '23', '15', '3', '0', '1', '2017-02-27 18:12:05', '2017-02-27 18:12:05', '2ec77a4f-5c34-4287-88d4-1c6c5eddb833'),
 ('30', '23', '15', '4', '0', '2', '2017-02-27 18:12:05', '2017-02-27 18:12:05', '6361bd2e-524a-4fe8-91d7-12276bbc54e8'),
 ('31', '23', '15', '7', '0', '3', '2017-02-27 18:12:05', '2017-02-27 18:12:05', '33d2ec28-db4e-44de-949d-d73f1ed32132');



DROP TABLE IF EXISTS `craft_fieldlayouts`;


--
-- Schema for table `craft_fieldlayouts`
--
CREATE TABLE `craft_fieldlayouts` (
  `id` int(11) NOT NULL AUTO_INCREMENT,
  `type` varchar(150) COLLATE utf8_unicode_ci NOT NULL,
  `dateCreated` datetime NOT NULL,
  `dateUpdated` datetime NOT NULL,
  `uid` char(36) COLLATE utf8_unicode_ci NOT NULL DEFAULT '0',
  PRIMARY KEY (`id`),
  KEY `craft_fieldlayouts_type_idx` (`type`)
) ENGINE=InnoDB AUTO_INCREMENT=24 DEFAULT CHARSET=utf8 COLLATE=utf8_unicode_ci;

--
-- Data for table `craft_fieldlayouts`
--

INSERT INTO `craft_fieldlayouts` (`id`, `type`, `dateCreated`, `dateUpdated`, `uid`) VALUES
 ('1', 'Tag', '2017-02-27 15:05:21', '2017-02-27 15:05:21', 'ea259485-abb3-47b8-af0b-50ccf300cfef'),
 ('3', 'Entry', '2017-02-27 15:05:21', '2017-02-27 15:05:21', '90995b9b-33d4-4bac-a226-583ff148e738'),
 ('5', 'Entry', '2017-02-27 15:05:21', '2017-02-27 15:05:21', '635f37f4-a704-4ee6-92db-0df1243db0d8'),
 ('6', 'Category', '2017-02-27 15:10:11', '2017-02-27 15:10:11', '014b8003-921c-48ab-bb8d-fda49dd4d66b'),
 ('11', 'SuperTable_Block', '2017-02-27 15:44:22', '2017-02-27 15:44:22', 'e3c0a40a-36db-46a0-bce2-aaebe805def9'),
 ('22', 'Entry', '2017-02-27 18:11:52', '2017-02-27 18:11:52', '97a9a39e-c6d9-412f-bc6d-c552f0f0d2bd'),
 ('23', 'Entry', '2017-02-27 18:12:05', '2017-02-27 18:12:05', '1f65d4c2-b62e-4c6a-9257-def107b5f8dd');



DROP TABLE IF EXISTS `craft_fieldlayouttabs`;


--
-- Schema for table `craft_fieldlayouttabs`
--
CREATE TABLE `craft_fieldlayouttabs` (
  `id` int(11) NOT NULL AUTO_INCREMENT,
  `layoutId` int(11) NOT NULL,
  `name` varchar(255) COLLATE utf8_unicode_ci NOT NULL,
  `sortOrder` smallint(6) unsigned DEFAULT NULL,
  `dateCreated` datetime NOT NULL,
  `dateUpdated` datetime NOT NULL,
  `uid` char(36) COLLATE utf8_unicode_ci NOT NULL DEFAULT '0',
  PRIMARY KEY (`id`),
  KEY `craft_fieldlayouttabs_sortOrder_idx` (`sortOrder`),
  KEY `craft_fieldlayouttabs_layoutId_fk` (`layoutId`)
) ENGINE=InnoDB AUTO_INCREMENT=16 DEFAULT CHARSET=utf8 COLLATE=utf8_unicode_ci;

--
-- Data for table `craft_fieldlayouttabs`
--

INSERT INTO `craft_fieldlayouttabs` (`id`, `layoutId`, `name`, `sortOrder`, `dateCreated`, `dateUpdated`, `uid`) VALUES
 ('1', '3', 'Content', '1', '2017-02-27 15:05:21', '2017-02-27 15:05:21', 'bcfd55be-44d2-4eb9-a605-7c14cb59c191'),
 ('2', '5', 'Content', '1', '2017-02-27 15:05:21', '2017-02-27 15:05:21', '322a24e0-0995-4b19-aeee-300f01b11dde'),
 ('4', '11', 'Content', '1', '2017-02-27 15:44:22', '2017-02-27 15:44:22', 'bc05114b-ad00-46d2-ada0-2e8622a72d06'),
 ('14', '22', 'Product Information', '1', '2017-02-27 18:11:52', '2017-02-27 18:11:52', '194392c1-d056-4088-8ebd-d80cccfd427e'),
 ('15', '23', 'Group Introduction', '1', '2017-02-27 18:12:05', '2017-02-27 18:12:05', 'de1c4b47-12dd-4d4a-8a91-213a753744c3');



DROP TABLE IF EXISTS `craft_fields`;


--
-- Schema for table `craft_fields`
--
CREATE TABLE `craft_fields` (
  `id` int(11) NOT NULL AUTO_INCREMENT,
  `groupId` int(11) DEFAULT NULL,
  `name` varchar(255) COLLATE utf8_unicode_ci NOT NULL,
  `handle` varchar(58) COLLATE utf8_unicode_ci NOT NULL,
  `context` varchar(255) COLLATE utf8_unicode_ci NOT NULL DEFAULT 'global',
  `instructions` text COLLATE utf8_unicode_ci,
  `translatable` tinyint(1) unsigned NOT NULL DEFAULT '0',
  `type` varchar(150) COLLATE utf8_unicode_ci NOT NULL,
  `settings` text COLLATE utf8_unicode_ci,
  `dateCreated` datetime NOT NULL,
  `dateUpdated` datetime NOT NULL,
  `uid` char(36) COLLATE utf8_unicode_ci NOT NULL DEFAULT '0',
  PRIMARY KEY (`id`),
  UNIQUE KEY `craft_fields_handle_context_unq_idx` (`handle`,`context`),
  KEY `craft_fields_context_idx` (`context`),
  KEY `craft_fields_groupId_fk` (`groupId`)
) ENGINE=InnoDB AUTO_INCREMENT=11 DEFAULT CHARSET=utf8 COLLATE=utf8_unicode_ci;

--
-- Data for table `craft_fields`
--

INSERT INTO `craft_fields` (`id`, `groupId`, `name`, `handle`, `context`, `instructions`, `translatable`, `type`, `settings`, `dateCreated`, `dateUpdated`, `uid`) VALUES
 ('1', '1', 'Body', 'body', 'global', NULL, '1', 'RichText', '{\"configFile\":\"Standard.json\",\"columnType\":\"text\"}', '2017-02-27 15:05:21', '2017-02-27 15:05:21', '762875a6-df63-4da3-a156-a14c6452cecc'),
 ('2', '1', 'Tags', 'tags', 'global', NULL, '0', 'Tags', '{\"source\":\"taggroup:1\"}', '2017-02-27 15:05:21', '2017-02-27 15:05:21', '7c49e264-c6f5-4a8c-b387-23de953852f5'),
 ('3', '2', 'Product Short introduction', 'fd_productShortIntroduction', 'global', '', '0', 'RichText', '{\"configFile\":\"Simple.json\",\"availableAssetSources\":\"*\",\"availableTransforms\":\"*\",\"cleanupHtml\":\"1\",\"purifyHtml\":\"1\",\"columnType\":\"text\"}', '2017-02-27 15:35:22', '2017-02-27 15:35:22', '1bee32c2-e2ab-4583-b625-6eb82f37a359'),
 ('4', '2', 'Product Group Global Specifications', 'fd_st_productGroupGlobalSpecifications', 'global', '', '0', 'SuperTable', '{\"columns\":{\"5\":{\"width\":\"\"},\"6\":{\"width\":\"\"}},\"fieldLayout\":\"table\",\"staticField\":null,\"selectionLabel\":\"Add more information\",\"maxRows\":null}', '2017-02-27 15:41:11', '2017-02-27 15:44:22', '36bc5ee4-9df2-4699-b1a7-06b6ed9b2bd9'),
 ('5', NULL, 'fd_st_Header', 'fd_St_Header', 'superTableBlockType:1', '', '0', 'PlainText', '{\"placeholder\":\"\",\"maxLength\":\"\",\"multiline\":\"\",\"initialRows\":\"4\"}', '2017-02-27 15:41:11', '2017-02-27 15:44:22', 'af318fe7-7887-45db-a747-8bd1f23642e1'),
 ('6', NULL, 'Text', 'fd_st_text', 'superTableBlockType:1', '', '0', 'PlainText', '{\"placeholder\":\"\",\"maxLength\":\"\",\"multiline\":\"\",\"initialRows\":\"4\"}', '2017-02-27 15:41:11', '2017-02-27 15:44:22', '82b3b810-651d-4fac-86cc-1487bbac021c'),
 ('7', '2', 'Special Note', 'fd_specialNote', 'global', '', '0', 'PlainText', '{\"placeholder\":\"\",\"maxLength\":\"\",\"multiline\":\"\",\"initialRows\":\"4\"}', '2017-02-27 15:44:46', '2017-02-27 15:44:46', '2c1698ba-0561-44b0-b8e0-1272b850c2b3'),
 ('10', '2', 'Application (usage) Categorisation', 'fd_applicationUsageCategorisation', 'global', '', '0', 'Categories', '{\"source\":\"group:1\",\"limit\":\"\",\"selectionLabel\":\"Assign an application\"}', '2017-02-27 16:21:16', '2017-02-27 16:21:16', 'd3eb619d-5cdf-4a54-8b2e-753b9c11d455');



DROP TABLE IF EXISTS `craft_globalsets`;


--
-- Schema for table `craft_globalsets`
--
CREATE TABLE `craft_globalsets` (
  `id` int(11) NOT NULL,
  `name` varchar(255) COLLATE utf8_unicode_ci NOT NULL,
  `handle` varchar(255) COLLATE utf8_unicode_ci NOT NULL,
  `fieldLayoutId` int(10) DEFAULT NULL,
  `dateCreated` datetime NOT NULL,
  `dateUpdated` datetime NOT NULL,
  `uid` char(36) COLLATE utf8_unicode_ci NOT NULL DEFAULT '0',
  PRIMARY KEY (`id`),
  UNIQUE KEY `craft_globalsets_name_unq_idx` (`name`),
  UNIQUE KEY `craft_globalsets_handle_unq_idx` (`handle`),
  KEY `craft_globalsets_fieldLayoutId_fk` (`fieldLayoutId`)
) ENGINE=InnoDB DEFAULT CHARSET=utf8 COLLATE=utf8_unicode_ci;

DROP TABLE IF EXISTS `craft_info`;


--
-- Schema for table `craft_info`
--
CREATE TABLE `craft_info` (
  `id` int(11) NOT NULL AUTO_INCREMENT,
  `version` varchar(50) COLLATE utf8_unicode_ci NOT NULL,
  `schemaVersion` varchar(15) COLLATE utf8_unicode_ci NOT NULL,
  `edition` tinyint(1) unsigned NOT NULL DEFAULT '0',
  `siteName` varchar(100) COLLATE utf8_unicode_ci NOT NULL,
  `siteUrl` varchar(255) COLLATE utf8_unicode_ci NOT NULL,
  `timezone` varchar(30) COLLATE utf8_unicode_ci DEFAULT NULL,
  `on` tinyint(1) unsigned NOT NULL DEFAULT '0',
  `maintenance` tinyint(1) unsigned NOT NULL DEFAULT '0',
  `dateCreated` datetime NOT NULL,
  `dateUpdated` datetime NOT NULL,
  `uid` char(36) COLLATE utf8_unicode_ci NOT NULL DEFAULT '0',
  PRIMARY KEY (`id`)
) ENGINE=InnoDB AUTO_INCREMENT=2 DEFAULT CHARSET=utf8 COLLATE=utf8_unicode_ci;

--
-- Data for table `craft_info`
--

INSERT INTO `craft_info` (`id`, `version`, `schemaVersion`, `edition`, `siteName`, `siteUrl`, `timezone`, `on`, `maintenance`, `dateCreated`, `dateUpdated`, `uid`) VALUES
 ('1', '2.6.2963', '2.6.9', '0', 'Victoria Fans', 'http://victoriafans:8888', 'UTC', '1', '0', '2017-02-27 15:05:16', '2017-02-27 15:05:16', '8b31486b-95ab-4914-8ab3-bc912ae14aee');



DROP TABLE IF EXISTS `craft_locales`;


--
-- Schema for table `craft_locales`
--
CREATE TABLE `craft_locales` (
  `locale` char(12) COLLATE utf8_unicode_ci NOT NULL,
  `sortOrder` smallint(6) unsigned DEFAULT NULL,
  `dateCreated` datetime NOT NULL,
  `dateUpdated` datetime NOT NULL,
  `uid` char(36) COLLATE utf8_unicode_ci NOT NULL DEFAULT '0',
  PRIMARY KEY (`locale`),
  KEY `craft_locales_sortOrder_idx` (`sortOrder`)
) ENGINE=InnoDB DEFAULT CHARSET=utf8 COLLATE=utf8_unicode_ci;

--
-- Data for table `craft_locales`
--

INSERT INTO `craft_locales` (`locale`, `sortOrder`, `dateCreated`, `dateUpdated`, `uid`) VALUES
 ('en', '1', '2017-02-27 15:05:16', '2017-02-27 15:05:16', '33f09b38-742d-44f8-a75d-188811b9c44b');



DROP TABLE IF EXISTS `craft_matrixblocks`;


--
-- Schema for table `craft_matrixblocks`
--
CREATE TABLE `craft_matrixblocks` (
  `id` int(11) NOT NULL,
  `ownerId` int(11) NOT NULL,
  `fieldId` int(11) NOT NULL,
  `typeId` int(11) DEFAULT NULL,
  `sortOrder` smallint(6) unsigned DEFAULT NULL,
  `ownerLocale` char(12) COLLATE utf8_unicode_ci DEFAULT NULL,
  `dateCreated` datetime NOT NULL,
  `dateUpdated` datetime NOT NULL,
  `uid` char(36) COLLATE utf8_unicode_ci NOT NULL DEFAULT '0',
  PRIMARY KEY (`id`),
  KEY `craft_matrixblocks_ownerId_idx` (`ownerId`),
  KEY `craft_matrixblocks_fieldId_idx` (`fieldId`),
  KEY `craft_matrixblocks_typeId_idx` (`typeId`),
  KEY `craft_matrixblocks_sortOrder_idx` (`sortOrder`),
  KEY `craft_matrixblocks_ownerLocale_fk` (`ownerLocale`)
) ENGINE=InnoDB DEFAULT CHARSET=utf8 COLLATE=utf8_unicode_ci;

DROP TABLE IF EXISTS `craft_matrixblocktypes`;


--
-- Schema for table `craft_matrixblocktypes`
--
CREATE TABLE `craft_matrixblocktypes` (
  `id` int(11) NOT NULL AUTO_INCREMENT,
  `fieldId` int(11) NOT NULL,
  `fieldLayoutId` int(11) DEFAULT NULL,
  `name` varchar(255) COLLATE utf8_unicode_ci NOT NULL,
  `handle` varchar(255) COLLATE utf8_unicode_ci NOT NULL,
  `sortOrder` smallint(6) unsigned DEFAULT NULL,
  `dateCreated` datetime NOT NULL,
  `dateUpdated` datetime NOT NULL,
  `uid` char(36) COLLATE utf8_unicode_ci NOT NULL DEFAULT '0',
  PRIMARY KEY (`id`),
  UNIQUE KEY `craft_matrixblocktypes_name_fieldId_unq_idx` (`name`,`fieldId`),
  UNIQUE KEY `craft_matrixblocktypes_handle_fieldId_unq_idx` (`handle`,`fieldId`),
  KEY `craft_matrixblocktypes_fieldId_fk` (`fieldId`),
  KEY `craft_matrixblocktypes_fieldLayoutId_fk` (`fieldLayoutId`)
) ENGINE=InnoDB DEFAULT CHARSET=utf8 COLLATE=utf8_unicode_ci;

DROP TABLE IF EXISTS `craft_migrations`;


--
-- Schema for table `craft_migrations`
--
CREATE TABLE `craft_migrations` (
  `id` int(11) NOT NULL AUTO_INCREMENT,
  `pluginId` int(11) DEFAULT NULL,
  `version` varchar(255) COLLATE utf8_unicode_ci NOT NULL,
  `applyTime` datetime NOT NULL,
  `dateCreated` datetime NOT NULL,
  `dateUpdated` datetime NOT NULL,
  `uid` char(36) COLLATE utf8_unicode_ci NOT NULL DEFAULT '0',
  PRIMARY KEY (`id`),
  UNIQUE KEY `craft_migrations_version_unq_idx` (`version`),
  KEY `craft_migrations_pluginId_fk` (`pluginId`)
) ENGINE=InnoDB AUTO_INCREMENT=40 DEFAULT CHARSET=utf8 COLLATE=utf8_unicode_ci;

--
-- Data for table `craft_migrations`
--

INSERT INTO `craft_migrations` (`id`, `pluginId`, `version`, `applyTime`, `dateCreated`, `dateUpdated`, `uid`) VALUES
 ('1', NULL, 'm000000_000000_base', '2017-02-27 15:05:16', '2017-02-27 15:05:16', '2017-02-27 15:05:16', 'acdff7ab-7267-4e5a-b19c-564c239f5963'),
 ('2', NULL, 'm140730_000001_add_filename_and_format_to_transformindex', '2017-02-27 15:05:16', '2017-02-27 15:05:16', '2017-02-27 15:05:16', 'bf1ac8fe-7af5-47e3-b65e-68fda1b2d039'),
 ('3', NULL, 'm140815_000001_add_format_to_transforms', '2017-02-27 15:05:16', '2017-02-27 15:05:16', '2017-02-27 15:05:16', '3e403aa3-f290-4c28-9664-aae8480afcde'),
 ('4', NULL, 'm140822_000001_allow_more_than_128_items_per_field', '2017-02-27 15:05:16', '2017-02-27 15:05:16', '2017-02-27 15:05:16', 'b1f4aaf3-9f3b-499c-86e4-4a25c2a14d0c'),
 ('5', NULL, 'm140829_000001_single_title_formats', '2017-02-27 15:05:16', '2017-02-27 15:05:16', '2017-02-27 15:05:16', 'c07498e6-4753-44b6-b4bd-404316f05c5a'),
 ('6', NULL, 'm140831_000001_extended_cache_keys', '2017-02-27 15:05:16', '2017-02-27 15:05:16', '2017-02-27 15:05:16', '79fd73b6-e168-436f-88e4-e5949fd7eb9b'),
 ('7', NULL, 'm140922_000001_delete_orphaned_matrix_blocks', '2017-02-27 15:05:16', '2017-02-27 15:05:16', '2017-02-27 15:05:16', '4089233f-4126-4440-973f-08c42d798263'),
 ('8', NULL, 'm141008_000001_elements_index_tune', '2017-02-27 15:05:16', '2017-02-27 15:05:16', '2017-02-27 15:05:16', '5a0e2d9a-1a0d-4c7b-9d21-1b160321f9b8'),
 ('9', NULL, 'm141009_000001_assets_source_handle', '2017-02-27 15:05:16', '2017-02-27 15:05:16', '2017-02-27 15:05:16', '0974b5c7-6ea2-4e28-9a78-4555d793fe4f'),
 ('10', NULL, 'm141024_000001_field_layout_tabs', '2017-02-27 15:05:16', '2017-02-27 15:05:16', '2017-02-27 15:05:16', 'a5b3032e-1e70-47b3-a3a2-8eb6c13cd97a'),
 ('11', NULL, 'm141030_000000_plugin_schema_versions', '2017-02-27 15:05:16', '2017-02-27 15:05:16', '2017-02-27 15:05:16', '31191f5e-71a5-4344-b84a-53380e212ceb'),
 ('12', NULL, 'm141030_000001_drop_structure_move_permission', '2017-02-27 15:05:16', '2017-02-27 15:05:16', '2017-02-27 15:05:16', 'e1c53192-5068-40ad-ac83-2f2de9b62148'),
 ('13', NULL, 'm141103_000001_tag_titles', '2017-02-27 15:05:16', '2017-02-27 15:05:16', '2017-02-27 15:05:16', '979ba9e2-513f-4d88-8b7d-15de9490e776'),
 ('14', NULL, 'm141109_000001_user_status_shuffle', '2017-02-27 15:05:16', '2017-02-27 15:05:16', '2017-02-27 15:05:16', 'b59c2a06-3a13-4271-a7bd-e07b6f9443e5'),
 ('15', NULL, 'm141126_000001_user_week_start_day', '2017-02-27 15:05:16', '2017-02-27 15:05:16', '2017-02-27 15:05:16', 'cf8950f7-1933-4a86-a635-793c3092b4f7'),
 ('16', NULL, 'm150210_000001_adjust_user_photo_size', '2017-02-27 15:05:16', '2017-02-27 15:05:16', '2017-02-27 15:05:16', '674fe6f1-eba1-4f2e-8d5f-b3193516a09e'),
 ('17', NULL, 'm150724_000001_adjust_quality_settings', '2017-02-27 15:05:16', '2017-02-27 15:05:16', '2017-02-27 15:05:16', 'd6723a0e-d817-44fd-8779-15e416dc5484'),
 ('18', NULL, 'm150827_000000_element_index_settings', '2017-02-27 15:05:16', '2017-02-27 15:05:16', '2017-02-27 15:05:16', '50d527d5-026a-4be6-ab87-d1613985ed17'),
 ('19', NULL, 'm150918_000001_add_colspan_to_widgets', '2017-02-27 15:05:16', '2017-02-27 15:05:16', '2017-02-27 15:05:16', '732c1d34-080c-4fcd-b950-7161519feded'),
 ('20', NULL, 'm151007_000000_clear_asset_caches', '2017-02-27 15:05:16', '2017-02-27 15:05:16', '2017-02-27 15:05:16', '0f3acdf5-09ae-4af3-9b72-4bac032850a2'),
 ('21', NULL, 'm151109_000000_text_url_formats', '2017-02-27 15:05:16', '2017-02-27 15:05:16', '2017-02-27 15:05:16', '9258bb49-63ce-4ac8-b109-36f3603d39ce'),
 ('22', NULL, 'm151110_000000_move_logo', '2017-02-27 15:05:16', '2017-02-27 15:05:16', '2017-02-27 15:05:16', '6bc76855-04ff-42e0-aafb-9cd7191c52b9'),
 ('23', NULL, 'm151117_000000_adjust_image_widthheight', '2017-02-27 15:05:16', '2017-02-27 15:05:16', '2017-02-27 15:05:16', 'e03d0e0d-7a2f-4f6b-b2ca-65e8dd165453'),
 ('24', NULL, 'm151127_000000_clear_license_key_status', '2017-02-27 15:05:16', '2017-02-27 15:05:16', '2017-02-27 15:05:16', 'b2d01232-e17c-47c1-9cab-2548c0f841f5'),
 ('25', NULL, 'm151127_000000_plugin_license_keys', '2017-02-27 15:05:16', '2017-02-27 15:05:16', '2017-02-27 15:05:16', 'd1da24b6-c3be-490e-a62c-e1e5a7c5b825'),
 ('26', NULL, 'm151130_000000_update_pt_widget_feeds', '2017-02-27 15:05:16', '2017-02-27 15:05:16', '2017-02-27 15:05:16', '5eaf5512-ad17-487d-98c2-87a866a8aeed'),
 ('27', NULL, 'm160114_000000_asset_sources_public_url_default_true', '2017-02-27 15:05:16', '2017-02-27 15:05:16', '2017-02-27 15:05:16', 'b61b0223-b125-44b7-a404-65812124c093'),
 ('28', NULL, 'm160223_000000_sortorder_to_smallint', '2017-02-27 15:05:16', '2017-02-27 15:05:16', '2017-02-27 15:05:16', '3bfc751e-8587-4e74-a240-763a0bf6745f'),
 ('29', NULL, 'm160229_000000_set_default_entry_statuses', '2017-02-27 15:05:16', '2017-02-27 15:05:16', '2017-02-27 15:05:16', '5995db8c-a2e1-411e-8582-83610089dcd4'),
 ('30', NULL, 'm160304_000000_client_permissions', '2017-02-27 15:05:16', '2017-02-27 15:05:16', '2017-02-27 15:05:16', 'b0d6d9cd-f627-4811-a1b5-f82946407c80'),
 ('31', NULL, 'm160322_000000_asset_filesize', '2017-02-27 15:05:16', '2017-02-27 15:05:16', '2017-02-27 15:05:16', '06498023-7f1c-4765-a44c-ee0bc7d4fb69'),
 ('32', NULL, 'm160503_000000_orphaned_fieldlayouts', '2017-02-27 15:05:16', '2017-02-27 15:05:16', '2017-02-27 15:05:16', '72394e32-d355-4ceb-8087-ce9fc66cd7a4'),
 ('33', NULL, 'm160510_000000_tasksettings', '2017-02-27 15:05:16', '2017-02-27 15:05:16', '2017-02-27 15:05:16', '1b07d0b1-bdf0-470a-b117-e300af0309e7'),
 ('34', NULL, 'm160829_000000_pending_user_content_cleanup', '2017-02-27 15:05:16', '2017-02-27 15:05:16', '2017-02-27 15:05:16', 'a137db9f-c654-4fbb-aca9-90a97357b94c'),
 ('35', NULL, 'm160830_000000_asset_index_uri_increase', '2017-02-27 15:05:16', '2017-02-27 15:05:16', '2017-02-27 15:05:16', 'ed7c6553-7e38-4d7c-8a5f-3bd1c70974f4'),
 ('36', NULL, 'm160919_000000_usergroup_handle_title_unique', '2017-02-27 15:05:16', '2017-02-27 15:05:16', '2017-02-27 15:05:16', '6838646e-8350-4e66-9c86-883a594ac43b'),
 ('37', NULL, 'm161108_000000_new_version_format', '2017-02-27 15:05:16', '2017-02-27 15:05:16', '2017-02-27 15:05:16', 'df465281-7c37-4add-8e18-cce974a60f7a'),
 ('38', NULL, 'm161109_000000_index_shuffle', '2017-02-27 15:05:16', '2017-02-27 15:05:16', '2017-02-27 15:05:16', '3963818d-acd8-4284-bb05-10e6ac9710e0'),
 ('39', '1', 'm150901_144609_superTable_fixForContentTables', '2017-02-27 15:38:30', '2017-02-27 15:38:30', '2017-02-27 15:38:30', '36fccf42-8a75-42c0-b05c-d2b822602337');



DROP TABLE IF EXISTS `craft_plugins`;


--
-- Schema for table `craft_plugins`
--
CREATE TABLE `craft_plugins` (
  `id` int(11) NOT NULL AUTO_INCREMENT,
  `class` varchar(150) COLLATE utf8_unicode_ci NOT NULL,
  `version` varchar(15) COLLATE utf8_unicode_ci NOT NULL,
  `schemaVersion` varchar(15) COLLATE utf8_unicode_ci DEFAULT NULL,
  `licenseKey` char(24) COLLATE utf8_unicode_ci DEFAULT NULL,
  `licenseKeyStatus` enum('valid','invalid','mismatched','unknown') COLLATE utf8_unicode_ci NOT NULL DEFAULT 'unknown',
  `enabled` tinyint(1) unsigned NOT NULL DEFAULT '0',
  `settings` text COLLATE utf8_unicode_ci,
  `installDate` datetime NOT NULL,
  `dateCreated` datetime NOT NULL,
  `dateUpdated` datetime NOT NULL,
  `uid` char(36) COLLATE utf8_unicode_ci NOT NULL DEFAULT '0',
  PRIMARY KEY (`id`)
) ENGINE=InnoDB AUTO_INCREMENT=2 DEFAULT CHARSET=utf8 COLLATE=utf8_unicode_ci;

--
-- Data for table `craft_plugins`
--

INSERT INTO `craft_plugins` (`id`, `class`, `version`, `schemaVersion`, `licenseKey`, `licenseKeyStatus`, `enabled`, `settings`, `installDate`, `dateCreated`, `dateUpdated`, `uid`) VALUES
 ('1', 'SuperTable', '1.0.3', '1.0.0', NULL, 'unknown', '1', NULL, '2017-02-27 15:38:30', '2017-02-27 15:38:30', '2017-02-27 15:38:30', 'caec276f-29bf-445a-89dc-7582c58f7a86');



DROP TABLE IF EXISTS `craft_rackspaceaccess`;


--
-- Schema for table `craft_rackspaceaccess`
--
CREATE TABLE `craft_rackspaceaccess` (
  `id` int(11) NOT NULL AUTO_INCREMENT,
  `connectionKey` varchar(255) COLLATE utf8_unicode_ci NOT NULL,
  `token` varchar(255) COLLATE utf8_unicode_ci NOT NULL,
  `storageUrl` varchar(255) COLLATE utf8_unicode_ci NOT NULL,
  `cdnUrl` varchar(255) COLLATE utf8_unicode_ci NOT NULL,
  `dateCreated` datetime NOT NULL,
  `dateUpdated` datetime NOT NULL,
  `uid` char(36) COLLATE utf8_unicode_ci NOT NULL DEFAULT '0',
  PRIMARY KEY (`id`),
  UNIQUE KEY `craft_rackspaceaccess_connectionKey_unq_idx` (`connectionKey`)
) ENGINE=InnoDB DEFAULT CHARSET=utf8 COLLATE=utf8_unicode_ci;

DROP TABLE IF EXISTS `craft_relations`;


--
-- Schema for table `craft_relations`
--
CREATE TABLE `craft_relations` (
  `id` int(11) NOT NULL AUTO_INCREMENT,
  `fieldId` int(11) NOT NULL,
  `sourceId` int(11) NOT NULL,
  `sourceLocale` char(12) COLLATE utf8_unicode_ci DEFAULT NULL,
  `targetId` int(11) NOT NULL,
  `sortOrder` smallint(6) DEFAULT NULL,
  `dateCreated` datetime NOT NULL,
  `dateUpdated` datetime NOT NULL,
  `uid` char(36) COLLATE utf8_unicode_ci NOT NULL DEFAULT '0',
  PRIMARY KEY (`id`),
  UNIQUE KEY `craft_relations_fieldId_sourceId_sourceLocale_targetId_unq_idx` (`fieldId`,`sourceId`,`sourceLocale`,`targetId`),
  KEY `craft_relations_sourceId_fk` (`sourceId`),
  KEY `craft_relations_sourceLocale_fk` (`sourceLocale`),
  KEY `craft_relations_targetId_fk` (`targetId`)
) ENGINE=InnoDB AUTO_INCREMENT=4 DEFAULT CHARSET=utf8 COLLATE=utf8_unicode_ci;

--
-- Data for table `craft_relations`
--

INSERT INTO `craft_relations` (`id`, `fieldId`, `sourceId`, `sourceLocale`, `targetId`, `sortOrder`, `dateCreated`, `dateUpdated`, `uid`) VALUES
 ('3', '10', '18', NULL, '4', '1', '2017-02-27 18:09:21', '2017-02-27 18:09:21', '500dd68e-6ff5-479b-9d71-6e4b7dbdfc0d');



DROP TABLE IF EXISTS `craft_routes`;


--
-- Schema for table `craft_routes`
--
CREATE TABLE `craft_routes` (
  `id` int(11) NOT NULL AUTO_INCREMENT,
  `locale` char(12) COLLATE utf8_unicode_ci DEFAULT NULL,
  `urlParts` varchar(255) COLLATE utf8_unicode_ci NOT NULL,
  `urlPattern` varchar(255) COLLATE utf8_unicode_ci NOT NULL,
  `template` varchar(255) COLLATE utf8_unicode_ci NOT NULL,
  `sortOrder` smallint(6) unsigned DEFAULT NULL,
  `dateCreated` datetime NOT NULL,
  `dateUpdated` datetime NOT NULL,
  `uid` char(36) COLLATE utf8_unicode_ci NOT NULL DEFAULT '0',
  PRIMARY KEY (`id`),
  UNIQUE KEY `craft_routes_urlPattern_unq_idx` (`urlPattern`),
  KEY `craft_routes_locale_idx` (`locale`)
) ENGINE=InnoDB DEFAULT CHARSET=utf8 COLLATE=utf8_unicode_ci;

DROP TABLE IF EXISTS `craft_searchindex`;


--
-- Schema for table `craft_searchindex`
--
CREATE TABLE `craft_searchindex` (
  `elementId` int(11) NOT NULL,
  `attribute` varchar(25) COLLATE utf8_unicode_ci NOT NULL,
  `fieldId` int(11) NOT NULL,
  `locale` char(12) COLLATE utf8_unicode_ci NOT NULL,
  `keywords` text COLLATE utf8_unicode_ci NOT NULL,
  PRIMARY KEY (`elementId`,`attribute`,`fieldId`,`locale`),
  FULLTEXT KEY `craft_searchindex_keywords_idx` (`keywords`)
) ENGINE=MyISAM DEFAULT CHARSET=utf8 COLLATE=utf8_unicode_ci;

--
-- Data for table `craft_searchindex`
--

INSERT INTO `craft_searchindex` (`elementId`, `attribute`, `fieldId`, `locale`, `keywords`) VALUES
 ('1', 'username', '0', 'en', ' admin '),
 ('1', 'firstname', '0', 'en', ''),
 ('1', 'lastname', '0', 'en', ''),
 ('1', 'fullname', '0', 'en', ''),
 ('1', 'email', '0', 'en', ' wearemechanised gmail com '),
 ('1', 'slug', '0', 'en', ''),
 ('2', 'slug', '0', 'en', ' homepage '),
 ('2', 'title', '0', 'en', ' welcome to victoriafans '),
 ('2', 'field', '1', 'en', ' it s true this site doesn t have a whole lot of content yet but don t worry our web developers have just installed the cms and they re setting things up for the content editors this very moment soon victoriafans will be an oasis of fresh perspectives sharp analyses and astute opinions that will keep you coming back again and again '),
 ('3', 'field', '1', 'en', ' craft is the cms that s powering victoriafans it s beautiful powerful flexible and easy to use and it s made by pixel tonic we can t wait to dive in and see what it s capable of this is even more captivating content which you couldn t see on the news index page because it was entered after a page break and the news index template only likes to show the content on the first page craft a nice alternative to word if you re making a website '),
 ('3', 'field', '2', 'en', ''),
 ('3', 'slug', '0', 'en', ' we just installed craft '),
 ('3', 'title', '0', 'en', ' we just installed craft '),
 ('4', 'slug', '0', 'en', ' warm air extraction '),
 ('4', 'title', '0', 'en', ' warm air extraction '),
 ('5', 'slug', '0', 'en', ' fume control '),
 ('5', 'title', '0', 'en', ' fume control '),
 ('6', 'slug', '0', 'en', ' emergency smoke extraction '),
 ('6', 'title', '0', 'en', ' emergency smoke extraction '),
 ('7', 'slug', '0', 'en', ' roof extract fans '),
 ('7', 'title', '0', 'en', ' roof extract fans '),
 ('8', 'slug', '0', 'en', ' axial and bifurcated fan accessories '),
 ('8', 'title', '0', 'en', ' axial and bifurcated fan accessories '),
 ('16', 'field', '5', 'en', ''),
 ('20', 'field', '3', 'en', ' praesent non elit nec sem interdum suscipit quis imperdiet felis praesent nulla ligula consectetur sit amet tortor commodo tristique viverra ex pellentesque laoreet erat sit amet sagittis tempor '),
 ('20', 'slug', '0', 'en', ' centrifugal fans '),
 ('19', 'title', '0', 'en', ' bifurcated fans '),
 ('19', 'slug', '0', 'en', ' bifurcated fans '),
 ('19', 'field', '7', 'en', ''),
 ('19', 'field', '4', 'en', ''),
 ('18', 'title', '0', 'en', ' plate mounted axial '),
 ('18', 'slug', '0', 'en', ' product specification '),
 ('16', 'field', '6', 'en', ''),
 ('16', 'slug', '0', 'en', ''),
 ('18', 'field', '3', 'en', ' this is all about the plate mounted axial fan '),
 ('17', 'field', '4', 'en', ''),
 ('17', 'field', '7', 'en', ''),
 ('17', 'slug', '0', 'en', ' axial flow fans '),
 ('17', 'title', '0', 'en', ' axial flow fans '),
 ('18', 'field', '9', 'en', ' plate mounted axial '),
 ('20', 'title', '0', 'en', ' centrifugal fans '),
 ('21', 'field', '4', 'en', ''),
 ('21', 'field', '7', 'en', ''),
 ('21', 'slug', '0', 'en', ' flameproof fans '),
 ('21', 'title', '0', 'en', ' flameproof fans '),
 ('20', 'field', '4', 'en', ''),
 ('20', 'field', '7', 'en', ''),
 ('22', 'field', '3', 'en', ''),
 ('22', 'slug', '0', 'en', ' conical bifurcated fans '),
 ('22', 'title', '0', 'en', ' conical bifurcated fans '),
 ('23', 'field', '3', 'en', ''),
 ('23', 'slug', '0', 'en', ' cylindrical bifurcated fans '),
 ('23', 'title', '0', 'en', ' cylindrical bifurcated fans '),
 ('24', 'field', '3', 'en', ''),
 ('24', 'slug', '0', 'en', ' long cased '),
 ('24', 'title', '0', 'en', ' long cased axial flow fans '),
 ('25', 'field', '3', 'en', ''),
 ('25', 'slug', '0', 'en', ' short cased axial flow fans '),
 ('25', 'title', '0', 'en', ' short cased axial flow fans '),
 ('26', 'field', '3', 'en', ''),
 ('26', 'slug', '0', 'en', ' external motor axial flow fans '),
 ('26', 'title', '0', 'en', ' external motor axial flow fans '),
 ('27', 'field', '3', 'en', ''),
 ('27', 'slug', '0', 'en', ' roof extract axial flow fans '),
 ('27', 'title', '0', 'en', ' roof extract axial flow fans '),
 ('28', 'field', '3', 'en', ''),
 ('28', 'slug', '0', 'en', ' man cooler axial flow fans '),
 ('28', 'title', '0', 'en', ' man cooler axial flow fans '),
 ('29', 'field', '3', 'en', ''),
 ('29', 'slug', '0', 'en', ' emergency smoke extraction axial flow fans '),
 ('29', 'title', '0', 'en', ' emergency smoke extraction axial flow fans '),
 ('30', 'field', '3', 'en', ''),
 ('30', 'slug', '0', 'en', ' high pressure blowers '),
 ('30', 'title', '0', 'en', ' high pressure centrifugal fan blowers '),
 ('31', 'field', '3', 'en', ''),
 ('31', 'slug', '0', 'en', ' product specification 1 '),
 ('31', 'title', '0', 'en', ' plate mounted axial '),
 ('32', 'field', '3', 'en', ''),
 ('32', 'slug', '0', 'en', ' paddle bladed '),
 ('32', 'title', '0', 'en', ' paddle bladed centrifugal fans '),
 ('33', 'field', '3', 'en', ''),
 ('33', 'slug', '0', 'en', ' forward curved '),
 ('33', 'title', '0', 'en', ' forward curved centrifugal fans '),
 ('34', 'field', '3', 'en', ''),
 ('34', 'slug', '0', 'en', ' backward curved centrifugal fans '),
 ('34', 'title', '0', 'en', ' backward curved centrifugal fans '),
 ('35', 'field', '3', 'en', ''),
 ('35', 'slug', '0', 'en', ' aerofoil centrifugal fans '),
 ('35', 'title', '0', 'en', ' aerofoil centrifugal fans '),
 ('18', 'field', '10', 'en', ' warm air extraction '),
 ('17', 'field', '3', 'en', ' lorem ipsum dolor sit amet consectetur adipiscing elit nullam at lectus ipsum nam vehicula felis a mi commodo id lacinia nisi ultricies nunc ut libero sit amet diam scelerisque gravida '),
 ('19', 'field', '3', 'en', ' aliquam a tortor et nibh interdum egestas proin orci erat mattis a tincidunt nec efficitur id neque suspendisse scelerisque semper vestibulum '),
 ('21', 'field', '3', 'en', ' morbi quis pulvinar nisi proin et magna enim donec quis mi vitae diam fringilla placerat et hendrerit massa vestibulum sit amet urna posuere diam lacinia egestas '),
 ('22', 'field', '10', 'en', ''),
 ('23', 'field', '10', 'en', ''),
 ('24', 'field', '10', 'en', ''),
 ('25', 'field', '10', 'en', ''),
 ('26', 'field', '10', 'en', ''),
 ('27', 'field', '10', 'en', ''),
 ('28', 'field', '10', 'en', '');
INSERT INTO `craft_searchindex` (`elementId`, `attribute`, `fieldId`, `locale`, `keywords`) VALUES
 ('29', 'field', '10', 'en', ''),
 ('30', 'field', '10', 'en', ''),
 ('31', 'field', '10', 'en', ''),
 ('32', 'field', '10', 'en', ''),
 ('33', 'field', '10', 'en', ''),
 ('34', 'field', '10', 'en', ''),
 ('35', 'field', '10', 'en', '');



DROP TABLE IF EXISTS `craft_sections`;


--
-- Schema for table `craft_sections`
--
CREATE TABLE `craft_sections` (
  `id` int(11) NOT NULL AUTO_INCREMENT,
  `structureId` int(11) DEFAULT NULL,
  `name` varchar(255) COLLATE utf8_unicode_ci NOT NULL,
  `handle` varchar(255) COLLATE utf8_unicode_ci NOT NULL,
  `type` enum('single','channel','structure') COLLATE utf8_unicode_ci NOT NULL DEFAULT 'channel',
  `hasUrls` tinyint(1) unsigned NOT NULL DEFAULT '1',
  `template` varchar(500) COLLATE utf8_unicode_ci DEFAULT NULL,
  `enableVersioning` tinyint(1) unsigned NOT NULL DEFAULT '0',
  `dateCreated` datetime NOT NULL,
  `dateUpdated` datetime NOT NULL,
  `uid` char(36) COLLATE utf8_unicode_ci NOT NULL DEFAULT '0',
  PRIMARY KEY (`id`),
  UNIQUE KEY `craft_sections_name_unq_idx` (`name`),
  UNIQUE KEY `craft_sections_handle_unq_idx` (`handle`),
  KEY `craft_sections_structureId_fk` (`structureId`)
) ENGINE=InnoDB AUTO_INCREMENT=4 DEFAULT CHARSET=utf8 COLLATE=utf8_unicode_ci;

--
-- Data for table `craft_sections`
--

INSERT INTO `craft_sections` (`id`, `structureId`, `name`, `handle`, `type`, `hasUrls`, `template`, `enableVersioning`, `dateCreated`, `dateUpdated`, `uid`) VALUES
 ('1', NULL, 'Homepage', 'homepage', 'single', '1', 'index', '1', '2017-02-27 15:05:21', '2017-02-27 15:05:21', 'dbebcef7-1cfd-47c7-9152-04b4046d893e'),
 ('2', NULL, 'News', 'news', 'channel', '1', 'news/_entry', '1', '2017-02-27 15:05:21', '2017-02-27 15:05:21', '5ec5be4f-7d6a-4f4c-9f8b-549639179370'),
 ('3', '3', 'Product Specifications', 'productSpecifications', 'structure', '1', 'product-specification/_entry', '1', '2017-02-27 15:32:41', '2017-02-27 18:27:30', 'c2f1f492-f8d4-42ba-ac19-6fc8ef262ebb');



DROP TABLE IF EXISTS `craft_sections_i18n`;


--
-- Schema for table `craft_sections_i18n`
--
CREATE TABLE `craft_sections_i18n` (
  `id` int(11) NOT NULL AUTO_INCREMENT,
  `sectionId` int(11) NOT NULL,
  `locale` char(12) COLLATE utf8_unicode_ci NOT NULL,
  `enabledByDefault` tinyint(1) unsigned NOT NULL DEFAULT '1',
  `urlFormat` text COLLATE utf8_unicode_ci,
  `nestedUrlFormat` text COLLATE utf8_unicode_ci,
  `dateCreated` datetime NOT NULL,
  `dateUpdated` datetime NOT NULL,
  `uid` char(36) COLLATE utf8_unicode_ci NOT NULL DEFAULT '0',
  PRIMARY KEY (`id`),
  UNIQUE KEY `craft_sections_i18n_sectionId_locale_unq_idx` (`sectionId`,`locale`),
  KEY `craft_sections_i18n_locale_fk` (`locale`)
) ENGINE=InnoDB AUTO_INCREMENT=4 DEFAULT CHARSET=utf8 COLLATE=utf8_unicode_ci;

--
-- Data for table `craft_sections_i18n`
--

INSERT INTO `craft_sections_i18n` (`id`, `sectionId`, `locale`, `enabledByDefault`, `urlFormat`, `nestedUrlFormat`, `dateCreated`, `dateUpdated`, `uid`) VALUES
 ('1', '1', 'en', '1', '__home__', NULL, '2017-02-27 15:05:21', '2017-02-27 15:05:21', '16a028fa-9933-45d5-8807-cbb810b4a98f'),
 ('2', '2', 'en', '1', 'news/{postDate.year}/{slug}', NULL, '2017-02-27 15:05:21', '2017-02-27 15:05:21', '89433a06-d87e-4a76-91df-0ebca39536e9'),
 ('3', '3', 'en', '1', '{slug}', '{parent.uri}/{slug}', '2017-02-27 15:32:41', '2017-02-27 18:27:30', 'b0ca4775-af06-4704-9c57-f4fd269e424e');



DROP TABLE IF EXISTS `craft_sessions`;


--
-- Schema for table `craft_sessions`
--
CREATE TABLE `craft_sessions` (
  `id` int(11) NOT NULL AUTO_INCREMENT,
  `userId` int(11) NOT NULL,
  `token` char(100) COLLATE utf8_unicode_ci NOT NULL,
  `dateCreated` datetime NOT NULL,
  `dateUpdated` datetime NOT NULL,
  `uid` char(36) COLLATE utf8_unicode_ci NOT NULL DEFAULT '0',
  PRIMARY KEY (`id`),
  KEY `craft_sessions_uid_idx` (`uid`),
  KEY `craft_sessions_token_idx` (`token`),
  KEY `craft_sessions_dateUpdated_idx` (`dateUpdated`),
  KEY `craft_sessions_userId_fk` (`userId`)
) ENGINE=InnoDB AUTO_INCREMENT=2 DEFAULT CHARSET=utf8 COLLATE=utf8_unicode_ci;

DROP TABLE IF EXISTS `craft_shunnedmessages`;


--
-- Schema for table `craft_shunnedmessages`
--
CREATE TABLE `craft_shunnedmessages` (
  `id` int(11) NOT NULL AUTO_INCREMENT,
  `userId` int(11) NOT NULL,
  `message` varchar(255) COLLATE utf8_unicode_ci NOT NULL,
  `expiryDate` datetime DEFAULT NULL,
  `dateCreated` datetime NOT NULL,
  `dateUpdated` datetime NOT NULL,
  `uid` char(36) COLLATE utf8_unicode_ci NOT NULL DEFAULT '0',
  PRIMARY KEY (`id`),
  UNIQUE KEY `craft_shunnedmessages_userId_message_unq_idx` (`userId`,`message`)
) ENGINE=InnoDB DEFAULT CHARSET=utf8 COLLATE=utf8_unicode_ci;

DROP TABLE IF EXISTS `craft_structureelements`;


--
-- Schema for table `craft_structureelements`
--
CREATE TABLE `craft_structureelements` (
  `id` int(11) NOT NULL AUTO_INCREMENT,
  `structureId` int(11) NOT NULL,
  `elementId` int(11) DEFAULT NULL,
  `root` int(11) unsigned DEFAULT NULL,
  `lft` int(11) unsigned NOT NULL,
  `rgt` int(11) unsigned NOT NULL,
  `level` smallint(6) unsigned NOT NULL,
  `dateCreated` datetime NOT NULL,
  `dateUpdated` datetime NOT NULL,
  `uid` char(36) COLLATE utf8_unicode_ci NOT NULL DEFAULT '0',
  PRIMARY KEY (`id`),
  UNIQUE KEY `craft_structureelements_structureId_elementId_unq_idx` (`structureId`,`elementId`),
  KEY `craft_structureelements_root_idx` (`root`),
  KEY `craft_structureelements_lft_idx` (`lft`),
  KEY `craft_structureelements_rgt_idx` (`rgt`),
  KEY `craft_structureelements_level_idx` (`level`),
  KEY `craft_structureelements_elementId_fk` (`elementId`)
) ENGINE=InnoDB AUTO_INCREMENT=35 DEFAULT CHARSET=utf8 COLLATE=utf8_unicode_ci;

--
-- Data for table `craft_structureelements`
--

INSERT INTO `craft_structureelements` (`id`, `structureId`, `elementId`, `root`, `lft`, `rgt`, `level`, `dateCreated`, `dateUpdated`, `uid`) VALUES
 ('1', '1', NULL, '1', '1', '12', '0', '2017-02-27 15:10:36', '2017-02-27 15:10:36', '1a1c4659-c65b-423e-a5f4-25e736d93e5d'),
 ('2', '1', '4', '1', '2', '3', '1', '2017-02-27 15:10:36', '2017-02-27 15:10:36', '43c865f7-cec4-4e08-84b3-3f98faf1d88a'),
 ('3', '1', '5', '1', '4', '5', '1', '2017-02-27 15:10:49', '2017-02-27 15:10:49', '77385393-a1f4-4c48-a204-bad39c9f1e8d'),
 ('4', '1', '6', '1', '6', '7', '1', '2017-02-27 15:11:01', '2017-02-27 15:11:01', '5aa004f4-3841-4367-9450-70e9f94b6342'),
 ('5', '1', '7', '1', '8', '9', '1', '2017-02-27 15:11:11', '2017-02-27 15:11:11', '0713fef6-36f3-44d8-baaf-7ae9d2b851a5'),
 ('6', '1', '8', '1', '10', '11', '1', '2017-02-27 15:11:20', '2017-02-27 15:11:20', '38f01051-ed72-407b-9948-a4c051dbb5a0'),
 ('7', '2', NULL, '7', '1', '2', '0', '2017-02-27 15:21:41', '2017-02-27 15:21:41', '7790f570-db9e-4ee7-9d71-0af7b58f129a'),
 ('13', '3', NULL, '13', '1', '40', '0', '2017-02-27 15:33:07', '2017-02-27 15:33:07', 'e926f4d5-8f95-4631-8040-e144a731e96a'),
 ('16', '3', '17', '13', '2', '17', '1', '2017-02-27 16:02:49', '2017-02-27 16:02:49', 'ec5d54ba-6e1d-4b81-b55f-8f491cb101d6'),
 ('17', '3', '18', '13', '3', '4', '2', '2017-02-27 16:03:13', '2017-02-27 16:03:13', '8796eb49-dfda-402a-8674-153b93aab4fc'),
 ('18', '3', '19', '13', '18', '23', '1', '2017-02-27 16:07:43', '2017-02-27 16:07:43', 'c3c90f1e-2bd5-42d1-b6b1-2233500e7dd8'),
 ('19', '3', '20', '13', '28', '39', '1', '2017-02-27 16:08:02', '2017-02-27 16:08:02', '79924c95-231d-4437-8815-a7ab2d75c5e8'),
 ('20', '3', '21', '13', '24', '27', '1', '2017-02-27 16:08:22', '2017-02-27 16:08:22', 'd3dc0217-a774-4f0d-8bdb-0d4ea31d21bf'),
 ('21', '3', '22', '13', '19', '20', '2', '2017-02-27 16:09:02', '2017-02-27 16:09:02', '4e15b7ad-a92d-4200-ba02-b0d0c16e17b4'),
 ('22', '3', '23', '13', '21', '22', '2', '2017-02-27 16:09:23', '2017-02-27 16:09:23', '8bfebed1-6f6f-4a34-b0ca-62862719cb4a'),
 ('23', '3', '24', '13', '5', '6', '2', '2017-02-27 16:09:41', '2017-02-27 16:09:41', '394abff9-a7b5-4770-8701-75c388615d33'),
 ('24', '3', '25', '13', '7', '8', '2', '2017-02-27 16:10:05', '2017-02-27 16:10:05', 'a1446415-0d85-4ac8-89b7-432055dd92d1'),
 ('25', '3', '26', '13', '9', '10', '2', '2017-02-27 16:10:20', '2017-02-27 16:10:20', '890b009c-c2b6-495f-b9d4-7f7e8b86a964'),
 ('26', '3', '27', '13', '11', '12', '2', '2017-02-27 16:10:40', '2017-02-27 16:10:40', '764b80f0-0944-4a6c-9645-f7b7161f8059'),
 ('27', '3', '28', '13', '13', '14', '2', '2017-02-27 16:10:56', '2017-02-27 16:10:56', '4e69b00e-7404-4e6c-b0ca-b79a292de284'),
 ('28', '3', '29', '13', '15', '16', '2', '2017-02-27 16:11:17', '2017-02-27 16:11:17', 'c20f68f9-cea8-46a5-bb04-31f819d24579'),
 ('29', '3', '30', '13', '29', '30', '2', '2017-02-27 16:17:30', '2017-02-27 16:17:30', 'ec04028c-cfa9-4364-bb52-8ed39af3d101'),
 ('30', '3', '31', '13', '25', '26', '2', '2017-02-27 16:17:46', '2017-02-27 16:17:46', '29516edb-b7b3-44bb-bfbc-9de070e7d992'),
 ('31', '3', '32', '13', '31', '32', '2', '2017-02-27 16:18:09', '2017-02-27 16:18:09', '8e4a3311-2a4b-4e3e-a05f-50c70fc1883c'),
 ('32', '3', '33', '13', '33', '34', '2', '2017-02-27 16:18:18', '2017-02-27 16:18:18', '24f5e7b9-ee4e-46c9-a5cb-6c368809335d'),
 ('33', '3', '34', '13', '35', '36', '2', '2017-02-27 16:18:46', '2017-02-27 16:18:46', '640d4d97-69e5-488f-ab83-a1b7458587ed'),
 ('34', '3', '35', '13', '37', '38', '2', '2017-02-27 16:19:40', '2017-02-27 16:19:40', '6ec54f5e-428d-422d-8522-c91089e438e0');



DROP TABLE IF EXISTS `craft_structures`;


--
-- Schema for table `craft_structures`
--
CREATE TABLE `craft_structures` (
  `id` int(11) NOT NULL AUTO_INCREMENT,
  `maxLevels` smallint(6) unsigned DEFAULT NULL,
  `dateCreated` datetime NOT NULL,
  `dateUpdated` datetime NOT NULL,
  `uid` char(36) COLLATE utf8_unicode_ci NOT NULL DEFAULT '0',
  PRIMARY KEY (`id`)
) ENGINE=InnoDB AUTO_INCREMENT=4 DEFAULT CHARSET=utf8 COLLATE=utf8_unicode_ci;

--
-- Data for table `craft_structures`
--

INSERT INTO `craft_structures` (`id`, `maxLevels`, `dateCreated`, `dateUpdated`, `uid`) VALUES
 ('1', NULL, '2017-02-27 15:10:11', '2017-02-27 15:10:11', '45c016d3-252f-47b9-bf34-413f81cf7c38'),
 ('2', '2', '2017-02-27 15:20:19', '2017-02-27 15:27:40', '6c326f5f-4a2d-4f04-9482-c4b644ea8f10'),
 ('3', NULL, '2017-02-27 15:32:41', '2017-02-27 18:27:30', 'aeb45b34-33b3-43eb-9402-a4c2151bd931');



DROP TABLE IF EXISTS `craft_supertableblocks`;


--
-- Schema for table `craft_supertableblocks`
--
CREATE TABLE `craft_supertableblocks` (
  `id` int(11) NOT NULL,
  `ownerId` int(11) NOT NULL,
  `fieldId` int(11) NOT NULL,
  `typeId` int(11) DEFAULT NULL,
  `sortOrder` smallint(6) unsigned DEFAULT NULL,
  `ownerLocale` char(12) COLLATE utf8_unicode_ci DEFAULT NULL,
  `dateCreated` datetime NOT NULL,
  `dateUpdated` datetime NOT NULL,
  `uid` char(36) COLLATE utf8_unicode_ci NOT NULL DEFAULT '0',
  PRIMARY KEY (`id`),
  KEY `craft_supertableblocks_ownerId_idx` (`ownerId`),
  KEY `craft_supertableblocks_fieldId_idx` (`fieldId`),
  KEY `craft_supertableblocks_typeId_idx` (`typeId`),
  KEY `craft_supertableblocks_sortOrder_idx` (`sortOrder`),
  KEY `craft_supertableblocks_ownerLocale_fk` (`ownerLocale`)
) ENGINE=InnoDB DEFAULT CHARSET=utf8 COLLATE=utf8_unicode_ci;

DROP TABLE IF EXISTS `craft_supertableblocktypes`;


--
-- Schema for table `craft_supertableblocktypes`
--
CREATE TABLE `craft_supertableblocktypes` (
  `id` int(11) NOT NULL AUTO_INCREMENT,
  `fieldId` int(11) NOT NULL,
  `fieldLayoutId` int(11) DEFAULT NULL,
  `dateCreated` datetime NOT NULL,
  `dateUpdated` datetime NOT NULL,
  `uid` char(36) COLLATE utf8_unicode_ci NOT NULL DEFAULT '0',
  PRIMARY KEY (`id`),
  KEY `craft_supertableblocktypes_fieldId_fk` (`fieldId`),
  KEY `craft_supertableblocktypes_fieldLayoutId_fk` (`fieldLayoutId`)
) ENGINE=InnoDB AUTO_INCREMENT=2 DEFAULT CHARSET=utf8 COLLATE=utf8_unicode_ci;

--
-- Data for table `craft_supertableblocktypes`
--

INSERT INTO `craft_supertableblocktypes` (`id`, `fieldId`, `fieldLayoutId`, `dateCreated`, `dateUpdated`, `uid`) VALUES
 ('1', '4', '11', '2017-02-27 15:41:11', '2017-02-27 15:44:22', '3381a675-90f1-4cf2-924f-4ac2537c460b');



DROP TABLE IF EXISTS `craft_supertablecontent_fd_st_productgroupglobalspecifications`;


--
-- Schema for table `craft_supertablecontent_fd_st_productgroupglobalspecifications`
--
CREATE TABLE `craft_supertablecontent_fd_st_productgroupglobalspecifications` (
  `id` int(11) NOT NULL AUTO_INCREMENT,
  `elementId` int(11) NOT NULL,
  `locale` char(12) COLLATE utf8_unicode_ci NOT NULL,
  `field_fd_St_Header` text COLLATE utf8_unicode_ci,
  `field_fd_st_text` text COLLATE utf8_unicode_ci,
  `dateCreated` datetime NOT NULL,
  `dateUpdated` datetime NOT NULL,
  `uid` char(36) COLLATE utf8_unicode_ci NOT NULL DEFAULT '0',
  PRIMARY KEY (`id`),
  UNIQUE KEY `craf_supertableco_f_s_productgroupglobalspeci_elemen_loca_un_id` (`elementId`,`locale`),
  KEY `craf_supertableconte_fd_st_productgroupglobalspecificat_local_fk` (`locale`)
) ENGINE=InnoDB AUTO_INCREMENT=2 DEFAULT CHARSET=utf8 COLLATE=utf8_unicode_ci;

--
-- Data for table `craft_supertablecontent_fd_st_productgroupglobalspecifications`
--

INSERT INTO `craft_supertablecontent_fd_st_productgroupglobalspecifications` (`id`, `elementId`, `locale`, `field_fd_St_Header`, `field_fd_st_text`, `dateCreated`, `dateUpdated`, `uid`) VALUES
 ('1', '16', 'en', '', '', '2017-02-27 15:56:17', '2017-02-27 15:58:41', '7c4a1e6b-6109-47fb-96bc-d76829b02bdf');



DROP TABLE IF EXISTS `craft_systemsettings`;


--
-- Schema for table `craft_systemsettings`
--
CREATE TABLE `craft_systemsettings` (
  `id` int(11) NOT NULL AUTO_INCREMENT,
  `category` varchar(15) COLLATE utf8_unicode_ci NOT NULL,
  `settings` text COLLATE utf8_unicode_ci,
  `dateCreated` datetime NOT NULL,
  `dateUpdated` datetime NOT NULL,
  `uid` char(36) COLLATE utf8_unicode_ci NOT NULL DEFAULT '0',
  PRIMARY KEY (`id`),
  UNIQUE KEY `craft_systemsettings_category_unq_idx` (`category`)
) ENGINE=InnoDB AUTO_INCREMENT=2 DEFAULT CHARSET=utf8 COLLATE=utf8_unicode_ci;

--
-- Data for table `craft_systemsettings`
--

INSERT INTO `craft_systemsettings` (`id`, `category`, `settings`, `dateCreated`, `dateUpdated`, `uid`) VALUES
 ('1', 'email', '{\"protocol\":\"php\",\"emailAddress\":\"wearemechanised@gmail.com\",\"senderName\":\"Victoria Fans\"}', '2017-02-27 15:05:21', '2017-02-27 15:05:21', '5d7a2a28-cb11-45f7-b792-c261921c1fe9');



DROP TABLE IF EXISTS `craft_taggroups`;


--
-- Schema for table `craft_taggroups`
--
CREATE TABLE `craft_taggroups` (
  `id` int(11) NOT NULL AUTO_INCREMENT,
  `name` varchar(255) COLLATE utf8_unicode_ci NOT NULL,
  `handle` varchar(255) COLLATE utf8_unicode_ci NOT NULL,
  `fieldLayoutId` int(10) DEFAULT NULL,
  `dateCreated` datetime NOT NULL,
  `dateUpdated` datetime NOT NULL,
  `uid` char(36) COLLATE utf8_unicode_ci NOT NULL DEFAULT '0',
  PRIMARY KEY (`id`),
  UNIQUE KEY `craft_taggroups_name_unq_idx` (`name`),
  UNIQUE KEY `craft_taggroups_handle_unq_idx` (`handle`),
  KEY `craft_taggroups_fieldLayoutId_fk` (`fieldLayoutId`)
) ENGINE=InnoDB AUTO_INCREMENT=2 DEFAULT CHARSET=utf8 COLLATE=utf8_unicode_ci;

--
-- Data for table `craft_taggroups`
--

INSERT INTO `craft_taggroups` (`id`, `name`, `handle`, `fieldLayoutId`, `dateCreated`, `dateUpdated`, `uid`) VALUES
 ('1', 'Default', 'default', '1', '2017-02-27 15:05:21', '2017-02-27 15:05:21', '1e82de78-a29a-47bb-b626-f2b0ca8b4dca');



DROP TABLE IF EXISTS `craft_tags`;


--
-- Schema for table `craft_tags`
--
CREATE TABLE `craft_tags` (
  `id` int(11) NOT NULL,
  `groupId` int(11) NOT NULL,
  `dateCreated` datetime NOT NULL,
  `dateUpdated` datetime NOT NULL,
  `uid` char(36) COLLATE utf8_unicode_ci NOT NULL DEFAULT '0',
  PRIMARY KEY (`id`),
  KEY `craft_tags_groupId_fk` (`groupId`)
) ENGINE=InnoDB DEFAULT CHARSET=utf8 COLLATE=utf8_unicode_ci;

DROP TABLE IF EXISTS `craft_tasks`;


--
-- Schema for table `craft_tasks`
--
CREATE TABLE `craft_tasks` (
  `id` int(11) NOT NULL AUTO_INCREMENT,
  `root` int(11) unsigned DEFAULT NULL,
  `lft` int(11) unsigned NOT NULL,
  `rgt` int(11) unsigned NOT NULL,
  `level` smallint(6) unsigned NOT NULL,
  `currentStep` int(11) unsigned DEFAULT NULL,
  `totalSteps` int(11) unsigned DEFAULT NULL,
  `status` enum('pending','error','running') COLLATE utf8_unicode_ci DEFAULT NULL,
  `type` varchar(150) COLLATE utf8_unicode_ci NOT NULL,
  `description` varchar(255) COLLATE utf8_unicode_ci DEFAULT NULL,
  `settings` mediumtext COLLATE utf8_unicode_ci,
  `dateCreated` datetime NOT NULL,
  `dateUpdated` datetime NOT NULL,
  `uid` char(36) COLLATE utf8_unicode_ci NOT NULL DEFAULT '0',
  PRIMARY KEY (`id`),
  KEY `craft_tasks_root_idx` (`root`),
  KEY `craft_tasks_lft_idx` (`lft`),
  KEY `craft_tasks_rgt_idx` (`rgt`),
  KEY `craft_tasks_level_idx` (`level`)
) ENGINE=InnoDB AUTO_INCREMENT=162 DEFAULT CHARSET=utf8 COLLATE=utf8_unicode_ci;

DROP TABLE IF EXISTS `craft_templatecachecriteria`;


--
-- Schema for table `craft_templatecachecriteria`
--
CREATE TABLE `craft_templatecachecriteria` (
  `id` int(11) NOT NULL AUTO_INCREMENT,
  `cacheId` int(11) NOT NULL,
  `type` varchar(150) COLLATE utf8_unicode_ci NOT NULL,
  `criteria` text COLLATE utf8_unicode_ci NOT NULL,
  PRIMARY KEY (`id`),
  KEY `craft_templatecachecriteria_cacheId_fk` (`cacheId`),
  KEY `craft_templatecachecriteria_type_idx` (`type`)
) ENGINE=InnoDB DEFAULT CHARSET=utf8 COLLATE=utf8_unicode_ci;

DROP TABLE IF EXISTS `craft_templatecacheelements`;


--
-- Schema for table `craft_templatecacheelements`
--
CREATE TABLE `craft_templatecacheelements` (
  `cacheId` int(11) NOT NULL,
  `elementId` int(11) NOT NULL,
  KEY `craft_templatecacheelements_cacheId_fk` (`cacheId`),
  KEY `craft_templatecacheelements_elementId_fk` (`elementId`)
) ENGINE=InnoDB DEFAULT CHARSET=utf8 COLLATE=utf8_unicode_ci;

DROP TABLE IF EXISTS `craft_templatecaches`;


--
-- Schema for table `craft_templatecaches`
--
CREATE TABLE `craft_templatecaches` (
  `id` int(11) NOT NULL AUTO_INCREMENT,
  `cacheKey` varchar(255) COLLATE utf8_unicode_ci NOT NULL,
  `locale` char(12) COLLATE utf8_unicode_ci NOT NULL,
  `path` varchar(255) COLLATE utf8_unicode_ci DEFAULT NULL,
  `expiryDate` datetime NOT NULL,
  `body` mediumtext COLLATE utf8_unicode_ci NOT NULL,
  PRIMARY KEY (`id`),
  KEY `craft_templatecaches_expiryDate_cacheKey_locale_path_idx` (`expiryDate`,`cacheKey`,`locale`,`path`),
  KEY `craft_templatecaches_locale_fk` (`locale`)
) ENGINE=InnoDB DEFAULT CHARSET=utf8 COLLATE=utf8_unicode_ci;

DROP TABLE IF EXISTS `craft_tokens`;


--
-- Schema for table `craft_tokens`
--
CREATE TABLE `craft_tokens` (
  `id` int(11) NOT NULL AUTO_INCREMENT,
  `token` char(32) COLLATE utf8_unicode_ci NOT NULL,
  `route` text COLLATE utf8_unicode_ci,
  `usageLimit` tinyint(3) unsigned DEFAULT NULL,
  `usageCount` tinyint(3) unsigned DEFAULT NULL,
  `expiryDate` datetime NOT NULL,
  `dateCreated` datetime NOT NULL,
  `dateUpdated` datetime NOT NULL,
  `uid` char(36) COLLATE utf8_unicode_ci NOT NULL DEFAULT '0',
  PRIMARY KEY (`id`),
  UNIQUE KEY `craft_tokens_token_unq_idx` (`token`),
  KEY `craft_tokens_expiryDate_idx` (`expiryDate`)
) ENGINE=InnoDB DEFAULT CHARSET=utf8 COLLATE=utf8_unicode_ci;

DROP TABLE IF EXISTS `craft_usergroups`;


--
-- Schema for table `craft_usergroups`
--
CREATE TABLE `craft_usergroups` (
  `id` int(11) NOT NULL AUTO_INCREMENT,
  `name` varchar(255) COLLATE utf8_unicode_ci NOT NULL,
  `handle` varchar(255) COLLATE utf8_unicode_ci NOT NULL,
  `dateCreated` datetime NOT NULL,
  `dateUpdated` datetime NOT NULL,
  `uid` char(36) COLLATE utf8_unicode_ci NOT NULL DEFAULT '0',
  PRIMARY KEY (`id`),
  UNIQUE KEY `craft_usergroups_name_unq_idx` (`name`),
  UNIQUE KEY `craft_usergroups_handle_unq_idx` (`handle`)
) ENGINE=InnoDB DEFAULT CHARSET=utf8 COLLATE=utf8_unicode_ci;

DROP TABLE IF EXISTS `craft_usergroups_users`;


--
-- Schema for table `craft_usergroups_users`
--
CREATE TABLE `craft_usergroups_users` (
  `id` int(11) NOT NULL AUTO_INCREMENT,
  `groupId` int(11) NOT NULL,
  `userId` int(11) NOT NULL,
  `dateCreated` datetime NOT NULL,
  `dateUpdated` datetime NOT NULL,
  `uid` char(36) COLLATE utf8_unicode_ci NOT NULL DEFAULT '0',
  PRIMARY KEY (`id`),
  UNIQUE KEY `craft_usergroups_users_groupId_userId_unq_idx` (`groupId`,`userId`),
  KEY `craft_usergroups_users_userId_fk` (`userId`)
) ENGINE=InnoDB DEFAULT CHARSET=utf8 COLLATE=utf8_unicode_ci;

DROP TABLE IF EXISTS `craft_userpermissions`;


--
-- Schema for table `craft_userpermissions`
--
CREATE TABLE `craft_userpermissions` (
  `id` int(11) NOT NULL AUTO_INCREMENT,
  `name` varchar(255) COLLATE utf8_unicode_ci NOT NULL,
  `dateCreated` datetime NOT NULL,
  `dateUpdated` datetime NOT NULL,
  `uid` char(36) COLLATE utf8_unicode_ci NOT NULL DEFAULT '0',
  PRIMARY KEY (`id`),
  UNIQUE KEY `craft_userpermissions_name_unq_idx` (`name`)
) ENGINE=InnoDB DEFAULT CHARSET=utf8 COLLATE=utf8_unicode_ci;

DROP TABLE IF EXISTS `craft_userpermissions_usergroups`;


--
-- Schema for table `craft_userpermissions_usergroups`
--
CREATE TABLE `craft_userpermissions_usergroups` (
  `id` int(11) NOT NULL AUTO_INCREMENT,
  `permissionId` int(11) NOT NULL,
  `groupId` int(11) NOT NULL,
  `dateCreated` datetime NOT NULL,
  `dateUpdated` datetime NOT NULL,
  `uid` char(36) COLLATE utf8_unicode_ci NOT NULL DEFAULT '0',
  PRIMARY KEY (`id`),
  UNIQUE KEY `craft_userpermissions_usergroups_permissionId_groupId_unq_idx` (`permissionId`,`groupId`),
  KEY `craft_userpermissions_usergroups_groupId_fk` (`groupId`)
) ENGINE=InnoDB DEFAULT CHARSET=utf8 COLLATE=utf8_unicode_ci;

DROP TABLE IF EXISTS `craft_userpermissions_users`;


--
-- Schema for table `craft_userpermissions_users`
--
CREATE TABLE `craft_userpermissions_users` (
  `id` int(11) NOT NULL AUTO_INCREMENT,
  `permissionId` int(11) NOT NULL,
  `userId` int(11) NOT NULL,
  `dateCreated` datetime NOT NULL,
  `dateUpdated` datetime NOT NULL,
  `uid` char(36) COLLATE utf8_unicode_ci NOT NULL DEFAULT '0',
  PRIMARY KEY (`id`),
  UNIQUE KEY `craft_userpermissions_users_permissionId_userId_unq_idx` (`permissionId`,`userId`),
  KEY `craft_userpermissions_users_userId_fk` (`userId`)
) ENGINE=InnoDB DEFAULT CHARSET=utf8 COLLATE=utf8_unicode_ci;

DROP TABLE IF EXISTS `craft_users`;


--
-- Schema for table `craft_users`
--
CREATE TABLE `craft_users` (
  `id` int(11) NOT NULL,
  `username` varchar(100) COLLATE utf8_unicode_ci NOT NULL,
  `photo` varchar(100) COLLATE utf8_unicode_ci DEFAULT NULL,
  `firstName` varchar(100) COLLATE utf8_unicode_ci DEFAULT NULL,
  `lastName` varchar(100) COLLATE utf8_unicode_ci DEFAULT NULL,
  `email` varchar(255) COLLATE utf8_unicode_ci NOT NULL,
  `password` char(255) COLLATE utf8_unicode_ci DEFAULT NULL,
  `preferredLocale` char(12) COLLATE utf8_unicode_ci DEFAULT NULL,
  `weekStartDay` tinyint(1) unsigned NOT NULL DEFAULT '0',
  `admin` tinyint(1) unsigned NOT NULL DEFAULT '0',
  `client` tinyint(1) unsigned NOT NULL DEFAULT '0',
  `locked` tinyint(1) unsigned NOT NULL DEFAULT '0',
  `suspended` tinyint(1) unsigned NOT NULL DEFAULT '0',
  `pending` tinyint(1) unsigned NOT NULL DEFAULT '0',
  `archived` tinyint(1) unsigned NOT NULL DEFAULT '0',
  `lastLoginDate` datetime DEFAULT NULL,
  `lastLoginAttemptIPAddress` varchar(45) COLLATE utf8_unicode_ci DEFAULT NULL,
  `invalidLoginWindowStart` datetime DEFAULT NULL,
  `invalidLoginCount` tinyint(4) unsigned DEFAULT NULL,
  `lastInvalidLoginDate` datetime DEFAULT NULL,
  `lockoutDate` datetime DEFAULT NULL,
  `verificationCode` char(100) COLLATE utf8_unicode_ci DEFAULT NULL,
  `verificationCodeIssuedDate` datetime DEFAULT NULL,
  `unverifiedEmail` varchar(255) COLLATE utf8_unicode_ci DEFAULT NULL,
  `passwordResetRequired` tinyint(1) unsigned NOT NULL DEFAULT '0',
  `lastPasswordChangeDate` datetime DEFAULT NULL,
  `dateCreated` datetime NOT NULL,
  `dateUpdated` datetime NOT NULL,
  `uid` char(36) COLLATE utf8_unicode_ci NOT NULL DEFAULT '0',
  PRIMARY KEY (`id`),
  UNIQUE KEY `craft_users_username_unq_idx` (`username`),
  UNIQUE KEY `craft_users_email_unq_idx` (`email`),
  KEY `craft_users_verificationCode_idx` (`verificationCode`),
  KEY `craft_users_uid_idx` (`uid`),
  KEY `craft_users_preferredLocale_fk` (`preferredLocale`)
) ENGINE=InnoDB DEFAULT CHARSET=utf8 COLLATE=utf8_unicode_ci;

--
-- Data for table `craft_users`
--

INSERT INTO `craft_users` (`id`, `username`, `photo`, `firstName`, `lastName`, `email`, `password`, `preferredLocale`, `weekStartDay`, `admin`, `client`, `locked`, `suspended`, `pending`, `archived`, `lastLoginDate`, `lastLoginAttemptIPAddress`, `invalidLoginWindowStart`, `invalidLoginCount`, `lastInvalidLoginDate`, `lockoutDate`, `verificationCode`, `verificationCodeIssuedDate`, `unverifiedEmail`, `passwordResetRequired`, `lastPasswordChangeDate`, `dateCreated`, `dateUpdated`, `uid`) VALUES
 ('1', 'Admin', NULL, NULL, NULL, 'wearemechanised@gmail.com', '$2y$13$H8JiQiXXr7CvCShXrZrYMeNRj17jZRXEB6f3g1FP0jHz3CE4gRej2', NULL, '0', '1', '0', '0', '0', '0', '0', '2017-02-27 15:05:21', '::1', NULL, NULL, NULL, NULL, NULL, NULL, NULL, '0', '2017-02-27 15:05:18', '2017-02-27 15:05:18', '2017-02-27 15:05:21', '84ae2a63-402b-419d-9890-5f33752b1dbe');



DROP TABLE IF EXISTS `craft_widgets`;


--
-- Schema for table `craft_widgets`
--
CREATE TABLE `craft_widgets` (
  `id` int(11) NOT NULL AUTO_INCREMENT,
  `userId` int(11) NOT NULL,
  `type` varchar(150) COLLATE utf8_unicode_ci NOT NULL,
  `sortOrder` smallint(6) unsigned DEFAULT NULL,
  `colspan` tinyint(4) unsigned DEFAULT NULL,
  `settings` text COLLATE utf8_unicode_ci,
  `enabled` tinyint(1) unsigned NOT NULL DEFAULT '1',
  `dateCreated` datetime NOT NULL,
  `dateUpdated` datetime NOT NULL,
  `uid` char(36) COLLATE utf8_unicode_ci NOT NULL DEFAULT '0',
  PRIMARY KEY (`id`),
  KEY `craft_widgets_userId_fk` (`userId`)
) ENGINE=InnoDB AUTO_INCREMENT=5 DEFAULT CHARSET=utf8 COLLATE=utf8_unicode_ci;

--
-- Data for table `craft_widgets`
--

INSERT INTO `craft_widgets` (`id`, `userId`, `type`, `sortOrder`, `colspan`, `settings`, `enabled`, `dateCreated`, `dateUpdated`, `uid`) VALUES
 ('1', '1', 'RecentEntries', '1', NULL, NULL, '1', '2017-02-27 15:06:13', '2017-02-27 15:06:13', '97da852a-49f9-4db3-852f-f1641a519585'),
 ('2', '1', 'GetHelp', '2', NULL, NULL, '1', '2017-02-27 15:06:13', '2017-02-27 15:06:13', 'e7144c8b-824d-4edf-a62c-fc5c0edcb1b7'),
 ('3', '1', 'Updates', '3', NULL, NULL, '1', '2017-02-27 15:06:13', '2017-02-27 15:06:13', '71a4e792-122b-41c9-a523-c2a0e8724967'),
 ('4', '1', 'Feed', '4', NULL, '{\"url\":\"https:\\/\\/craftcms.com\\/news.rss\",\"title\":\"Craft News\"}', '1', '2017-02-27 15:06:13', '2017-02-27 15:06:13', '50f755c1-d311-4be4-b693-377ba5f3bf01');


--
-- Constraints for tables
--


--
-- Constraints for table `craft_assetfiles`
--
ALTER TABLE `craft_assetfiles`
	ADD CONSTRAINT `craft_assetfiles_folderId_fk` FOREIGN KEY (`folderId`) REFERENCES `craft_assetfolders` (`id`) ON DELETE CASCADE,
	ADD CONSTRAINT `craft_assetfiles_id_fk` FOREIGN KEY (`id`) REFERENCES `craft_elements` (`id`) ON DELETE CASCADE,
	ADD CONSTRAINT `craft_assetfiles_sourceId_fk` FOREIGN KEY (`sourceId`) REFERENCES `craft_assetsources` (`id`) ON DELETE CASCADE;

--
-- Constraints for table `craft_assetfolders`
--
ALTER TABLE `craft_assetfolders`
	ADD CONSTRAINT `craft_assetfolders_sourceId_fk` FOREIGN KEY (`sourceId`) REFERENCES `craft_assetsources` (`id`) ON DELETE CASCADE,
	ADD CONSTRAINT `craft_assetfolders_parentId_fk` FOREIGN KEY (`parentId`) REFERENCES `craft_assetfolders` (`id`) ON DELETE CASCADE;

--
-- Constraints for table `craft_assetindexdata`
--
ALTER TABLE `craft_assetindexdata`
	ADD CONSTRAINT `craft_assetindexdata_sourceId_fk` FOREIGN KEY (`sourceId`) REFERENCES `craft_assetsources` (`id`) ON DELETE CASCADE;

--
-- Constraints for table `craft_assetsources`
--
ALTER TABLE `craft_assetsources`
	ADD CONSTRAINT `craft_assetsources_fieldLayoutId_fk` FOREIGN KEY (`fieldLayoutId`) REFERENCES `craft_fieldlayouts` (`id`) ON DELETE SET NULL;

--
-- Constraints for table `craft_categories`
--
ALTER TABLE `craft_categories`
	ADD CONSTRAINT `craft_categories_groupId_fk` FOREIGN KEY (`groupId`) REFERENCES `craft_categorygroups` (`id`) ON DELETE CASCADE,
	ADD CONSTRAINT `craft_categories_id_fk` FOREIGN KEY (`id`) REFERENCES `craft_elements` (`id`) ON DELETE CASCADE;

--
-- Constraints for table `craft_categorygroups`
--
ALTER TABLE `craft_categorygroups`
	ADD CONSTRAINT `craft_categorygroups_fieldLayoutId_fk` FOREIGN KEY (`fieldLayoutId`) REFERENCES `craft_fieldlayouts` (`id`) ON DELETE SET NULL,
	ADD CONSTRAINT `craft_categorygroups_structureId_fk` FOREIGN KEY (`structureId`) REFERENCES `craft_structures` (`id`) ON DELETE CASCADE;

--
-- Constraints for table `craft_categorygroups_i18n`
--
ALTER TABLE `craft_categorygroups_i18n`
	ADD CONSTRAINT `craft_categorygroups_i18n_locale_fk` FOREIGN KEY (`locale`) REFERENCES `craft_locales` (`locale`) ON DELETE CASCADE ON UPDATE CASCADE,
	ADD CONSTRAINT `craft_categorygroups_i18n_groupId_fk` FOREIGN KEY (`groupId`) REFERENCES `craft_categorygroups` (`id`) ON DELETE CASCADE;

--
-- Constraints for table `craft_content`
--
ALTER TABLE `craft_content`
	ADD CONSTRAINT `craft_content_elementId_fk` FOREIGN KEY (`elementId`) REFERENCES `craft_elements` (`id`) ON DELETE CASCADE,
	ADD CONSTRAINT `craft_content_locale_fk` FOREIGN KEY (`locale`) REFERENCES `craft_locales` (`locale`) ON DELETE CASCADE ON UPDATE CASCADE;

--
-- Constraints for table `craft_elements_i18n`
--
ALTER TABLE `craft_elements_i18n`
	ADD CONSTRAINT `craft_elements_i18n_locale_fk` FOREIGN KEY (`locale`) REFERENCES `craft_locales` (`locale`) ON DELETE CASCADE ON UPDATE CASCADE,
	ADD CONSTRAINT `craft_elements_i18n_elementId_fk` FOREIGN KEY (`elementId`) REFERENCES `craft_elements` (`id`) ON DELETE CASCADE;

--
-- Constraints for table `craft_emailmessages`
--
ALTER TABLE `craft_emailmessages`
	ADD CONSTRAINT `craft_emailmessages_locale_fk` FOREIGN KEY (`locale`) REFERENCES `craft_locales` (`locale`) ON DELETE CASCADE ON UPDATE CASCADE;

--
-- Constraints for table `craft_entries`
--
ALTER TABLE `craft_entries`
	ADD CONSTRAINT `craft_entries_authorId_fk` FOREIGN KEY (`authorId`) REFERENCES `craft_users` (`id`) ON DELETE CASCADE,
	ADD CONSTRAINT `craft_entries_id_fk` FOREIGN KEY (`id`) REFERENCES `craft_elements` (`id`) ON DELETE CASCADE,
	ADD CONSTRAINT `craft_entries_sectionId_fk` FOREIGN KEY (`sectionId`) REFERENCES `craft_sections` (`id`) ON DELETE CASCADE,
	ADD CONSTRAINT `craft_entries_typeId_fk` FOREIGN KEY (`typeId`) REFERENCES `craft_entrytypes` (`id`) ON DELETE CASCADE;

--
-- Constraints for table `craft_entrydrafts`
--
ALTER TABLE `craft_entrydrafts`
	ADD CONSTRAINT `craft_entrydrafts_locale_fk` FOREIGN KEY (`locale`) REFERENCES `craft_locales` (`locale`) ON DELETE CASCADE ON UPDATE CASCADE,
	ADD CONSTRAINT `craft_entrydrafts_creatorId_fk` FOREIGN KEY (`creatorId`) REFERENCES `craft_users` (`id`) ON DELETE CASCADE,
	ADD CONSTRAINT `craft_entrydrafts_entryId_fk` FOREIGN KEY (`entryId`) REFERENCES `craft_entries` (`id`) ON DELETE CASCADE,
	ADD CONSTRAINT `craft_entrydrafts_sectionId_fk` FOREIGN KEY (`sectionId`) REFERENCES `craft_sections` (`id`) ON DELETE CASCADE;

--
-- Constraints for table `craft_entrytypes`
--
ALTER TABLE `craft_entrytypes`
	ADD CONSTRAINT `craft_entrytypes_fieldLayoutId_fk` FOREIGN KEY (`fieldLayoutId`) REFERENCES `craft_fieldlayouts` (`id`) ON DELETE SET NULL,
	ADD CONSTRAINT `craft_entrytypes_sectionId_fk` FOREIGN KEY (`sectionId`) REFERENCES `craft_sections` (`id`) ON DELETE CASCADE;

--
-- Constraints for table `craft_entryversions`
--
ALTER TABLE `craft_entryversions`
	ADD CONSTRAINT `craft_entryversions_locale_fk` FOREIGN KEY (`locale`) REFERENCES `craft_locales` (`locale`) ON DELETE CASCADE ON UPDATE CASCADE,
	ADD CONSTRAINT `craft_entryversions_creatorId_fk` FOREIGN KEY (`creatorId`) REFERENCES `craft_users` (`id`) ON DELETE SET NULL,
	ADD CONSTRAINT `craft_entryversions_entryId_fk` FOREIGN KEY (`entryId`) REFERENCES `craft_entries` (`id`) ON DELETE CASCADE,
	ADD CONSTRAINT `craft_entryversions_sectionId_fk` FOREIGN KEY (`sectionId`) REFERENCES `craft_sections` (`id`) ON DELETE CASCADE;

--
-- Constraints for table `craft_fieldlayoutfields`
--
ALTER TABLE `craft_fieldlayoutfields`
	ADD CONSTRAINT `craft_fieldlayoutfields_fieldId_fk` FOREIGN KEY (`fieldId`) REFERENCES `craft_fields` (`id`) ON DELETE CASCADE,
	ADD CONSTRAINT `craft_fieldlayoutfields_layoutId_fk` FOREIGN KEY (`layoutId`) REFERENCES `craft_fieldlayouts` (`id`) ON DELETE CASCADE,
	ADD CONSTRAINT `craft_fieldlayoutfields_tabId_fk` FOREIGN KEY (`tabId`) REFERENCES `craft_fieldlayouttabs` (`id`) ON DELETE CASCADE;

--
-- Constraints for table `craft_fieldlayouttabs`
--
ALTER TABLE `craft_fieldlayouttabs`
	ADD CONSTRAINT `craft_fieldlayouttabs_layoutId_fk` FOREIGN KEY (`layoutId`) REFERENCES `craft_fieldlayouts` (`id`) ON DELETE CASCADE;

--
-- Constraints for table `craft_fields`
--
ALTER TABLE `craft_fields`
	ADD CONSTRAINT `craft_fields_groupId_fk` FOREIGN KEY (`groupId`) REFERENCES `craft_fieldgroups` (`id`) ON DELETE CASCADE;

--
-- Constraints for table `craft_globalsets`
--
ALTER TABLE `craft_globalsets`
	ADD CONSTRAINT `craft_globalsets_fieldLayoutId_fk` FOREIGN KEY (`fieldLayoutId`) REFERENCES `craft_fieldlayouts` (`id`) ON DELETE SET NULL,
	ADD CONSTRAINT `craft_globalsets_id_fk` FOREIGN KEY (`id`) REFERENCES `craft_elements` (`id`) ON DELETE CASCADE;

--
-- Constraints for table `craft_matrixblocks`
--
ALTER TABLE `craft_matrixblocks`
	ADD CONSTRAINT `craft_matrixblocks_typeId_fk` FOREIGN KEY (`typeId`) REFERENCES `craft_matrixblocktypes` (`id`) ON DELETE CASCADE,
	ADD CONSTRAINT `craft_matrixblocks_fieldId_fk` FOREIGN KEY (`fieldId`) REFERENCES `craft_fields` (`id`) ON DELETE CASCADE,
	ADD CONSTRAINT `craft_matrixblocks_id_fk` FOREIGN KEY (`id`) REFERENCES `craft_elements` (`id`) ON DELETE CASCADE,
	ADD CONSTRAINT `craft_matrixblocks_ownerId_fk` FOREIGN KEY (`ownerId`) REFERENCES `craft_elements` (`id`) ON DELETE CASCADE,
	ADD CONSTRAINT `craft_matrixblocks_ownerLocale_fk` FOREIGN KEY (`ownerLocale`) REFERENCES `craft_locales` (`locale`) ON DELETE CASCADE ON UPDATE CASCADE;

--
-- Constraints for table `craft_matrixblocktypes`
--
ALTER TABLE `craft_matrixblocktypes`
	ADD CONSTRAINT `craft_matrixblocktypes_fieldLayoutId_fk` FOREIGN KEY (`fieldLayoutId`) REFERENCES `craft_fieldlayouts` (`id`) ON DELETE SET NULL,
	ADD CONSTRAINT `craft_matrixblocktypes_fieldId_fk` FOREIGN KEY (`fieldId`) REFERENCES `craft_fields` (`id`) ON DELETE CASCADE;

--
-- Constraints for table `craft_migrations`
--
ALTER TABLE `craft_migrations`
	ADD CONSTRAINT `craft_migrations_pluginId_fk` FOREIGN KEY (`pluginId`) REFERENCES `craft_plugins` (`id`) ON DELETE CASCADE;

--
-- Constraints for table `craft_relations`
--
ALTER TABLE `craft_relations`
	ADD CONSTRAINT `craft_relations_targetId_fk` FOREIGN KEY (`targetId`) REFERENCES `craft_elements` (`id`) ON DELETE CASCADE,
	ADD CONSTRAINT `craft_relations_fieldId_fk` FOREIGN KEY (`fieldId`) REFERENCES `craft_fields` (`id`) ON DELETE CASCADE,
	ADD CONSTRAINT `craft_relations_sourceId_fk` FOREIGN KEY (`sourceId`) REFERENCES `craft_elements` (`id`) ON DELETE CASCADE,
	ADD CONSTRAINT `craft_relations_sourceLocale_fk` FOREIGN KEY (`sourceLocale`) REFERENCES `craft_locales` (`locale`) ON DELETE CASCADE ON UPDATE CASCADE;

--
-- Constraints for table `craft_routes`
--
ALTER TABLE `craft_routes`
	ADD CONSTRAINT `craft_routes_locale_fk` FOREIGN KEY (`locale`) REFERENCES `craft_locales` (`locale`) ON DELETE CASCADE ON UPDATE CASCADE;

--
-- Constraints for table `craft_sections`
--
ALTER TABLE `craft_sections`
	ADD CONSTRAINT `craft_sections_structureId_fk` FOREIGN KEY (`structureId`) REFERENCES `craft_structures` (`id`) ON DELETE SET NULL;

--
-- Constraints for table `craft_sections_i18n`
--
ALTER TABLE `craft_sections_i18n`
	ADD CONSTRAINT `craft_sections_i18n_locale_fk` FOREIGN KEY (`locale`) REFERENCES `craft_locales` (`locale`) ON DELETE CASCADE ON UPDATE CASCADE,
	ADD CONSTRAINT `craft_sections_i18n_sectionId_fk` FOREIGN KEY (`sectionId`) REFERENCES `craft_sections` (`id`) ON DELETE CASCADE;

--
-- Constraints for table `craft_sessions`
--
ALTER TABLE `craft_sessions`
	ADD CONSTRAINT `craft_sessions_userId_fk` FOREIGN KEY (`userId`) REFERENCES `craft_users` (`id`) ON DELETE CASCADE;

--
-- Constraints for table `craft_shunnedmessages`
--
ALTER TABLE `craft_shunnedmessages`
	ADD CONSTRAINT `craft_shunnedmessages_userId_fk` FOREIGN KEY (`userId`) REFERENCES `craft_users` (`id`) ON DELETE CASCADE;

--
-- Constraints for table `craft_structureelements`
--
ALTER TABLE `craft_structureelements`
	ADD CONSTRAINT `craft_structureelements_elementId_fk` FOREIGN KEY (`elementId`) REFERENCES `craft_elements` (`id`) ON DELETE CASCADE,
	ADD CONSTRAINT `craft_structureelements_structureId_fk` FOREIGN KEY (`structureId`) REFERENCES `craft_structures` (`id`) ON DELETE CASCADE;

--
-- Constraints for table `craft_supertableblocks`
--
ALTER TABLE `craft_supertableblocks`
	ADD CONSTRAINT `craft_supertableblocks_typeId_fk` FOREIGN KEY (`typeId`) REFERENCES `craft_supertableblocktypes` (`id`) ON DELETE CASCADE,
	ADD CONSTRAINT `craft_supertableblocks_fieldId_fk` FOREIGN KEY (`fieldId`) REFERENCES `craft_fields` (`id`) ON DELETE CASCADE,
	ADD CONSTRAINT `craft_supertableblocks_id_fk` FOREIGN KEY (`id`) REFERENCES `craft_elements` (`id`) ON DELETE CASCADE,
	ADD CONSTRAINT `craft_supertableblocks_ownerId_fk` FOREIGN KEY (`ownerId`) REFERENCES `craft_elements` (`id`) ON DELETE CASCADE,
	ADD CONSTRAINT `craft_supertableblocks_ownerLocale_fk` FOREIGN KEY (`ownerLocale`) REFERENCES `craft_locales` (`locale`) ON DELETE CASCADE ON UPDATE CASCADE;

--
-- Constraints for table `craft_supertableblocktypes`
--
ALTER TABLE `craft_supertableblocktypes`
	ADD CONSTRAINT `craft_supertableblocktypes_fieldLayoutId_fk` FOREIGN KEY (`fieldLayoutId`) REFERENCES `craft_fieldlayouts` (`id`) ON DELETE SET NULL,
	ADD CONSTRAINT `craft_supertableblocktypes_fieldId_fk` FOREIGN KEY (`fieldId`) REFERENCES `craft_fields` (`id`) ON DELETE CASCADE;

--
-- Constraints for table `craft_supertablecontent_fd_st_productgroupglobalspecifications`
--
ALTER TABLE `craft_supertablecontent_fd_st_productgroupglobalspecifications`
	ADD CONSTRAINT `craf_supertableconte_fd_st_productgroupglobalspecificat_local_fk` FOREIGN KEY (`locale`) REFERENCES `craft_locales` (`locale`) ON DELETE CASCADE ON UPDATE CASCADE,
	ADD CONSTRAINT `craf_supertablecont_fd_st_productgroupglobalspecifica_elementI_f` FOREIGN KEY (`elementId`) REFERENCES `craft_elements` (`id`) ON DELETE CASCADE;

--
-- Constraints for table `craft_taggroups`
--
ALTER TABLE `craft_taggroups`
	ADD CONSTRAINT `craft_taggroups_fieldLayoutId_fk` FOREIGN KEY (`fieldLayoutId`) REFERENCES `craft_fieldlayouts` (`id`) ON DELETE SET NULL;

--
-- Constraints for table `craft_tags`
--
ALTER TABLE `craft_tags`
	ADD CONSTRAINT `craft_tags_groupId_fk` FOREIGN KEY (`groupId`) REFERENCES `craft_taggroups` (`id`) ON DELETE CASCADE,
	ADD CONSTRAINT `craft_tags_id_fk` FOREIGN KEY (`id`) REFERENCES `craft_elements` (`id`) ON DELETE CASCADE;

--
-- Constraints for table `craft_templatecachecriteria`
--
ALTER TABLE `craft_templatecachecriteria`
	ADD CONSTRAINT `craft_templatecachecriteria_cacheId_fk` FOREIGN KEY (`cacheId`) REFERENCES `craft_templatecaches` (`id`) ON DELETE CASCADE;

--
-- Constraints for table `craft_templatecacheelements`
--
ALTER TABLE `craft_templatecacheelements`
	ADD CONSTRAINT `craft_templatecacheelements_elementId_fk` FOREIGN KEY (`elementId`) REFERENCES `craft_elements` (`id`) ON DELETE CASCADE,
	ADD CONSTRAINT `craft_templatecacheelements_cacheId_fk` FOREIGN KEY (`cacheId`) REFERENCES `craft_templatecaches` (`id`) ON DELETE CASCADE;

--
-- Constraints for table `craft_templatecaches`
--
ALTER TABLE `craft_templatecaches`
	ADD CONSTRAINT `craft_templatecaches_locale_fk` FOREIGN KEY (`locale`) REFERENCES `craft_locales` (`locale`) ON DELETE CASCADE ON UPDATE CASCADE;

--
-- Constraints for table `craft_usergroups_users`
--
ALTER TABLE `craft_usergroups_users`
	ADD CONSTRAINT `craft_usergroups_users_userId_fk` FOREIGN KEY (`userId`) REFERENCES `craft_users` (`id`) ON DELETE CASCADE,
	ADD CONSTRAINT `craft_usergroups_users_groupId_fk` FOREIGN KEY (`groupId`) REFERENCES `craft_usergroups` (`id`) ON DELETE CASCADE;

--
-- Constraints for table `craft_userpermissions_usergroups`
--
ALTER TABLE `craft_userpermissions_usergroups`
	ADD CONSTRAINT `craft_userpermissions_usergroups_groupId_fk` FOREIGN KEY (`groupId`) REFERENCES `craft_usergroups` (`id`) ON DELETE CASCADE,
	ADD CONSTRAINT `craft_userpermissions_usergroups_permissionId_fk` FOREIGN KEY (`permissionId`) REFERENCES `craft_userpermissions` (`id`) ON DELETE CASCADE;

--
-- Constraints for table `craft_userpermissions_users`
--
ALTER TABLE `craft_userpermissions_users`
	ADD CONSTRAINT `craft_userpermissions_users_userId_fk` FOREIGN KEY (`userId`) REFERENCES `craft_users` (`id`) ON DELETE CASCADE,
	ADD CONSTRAINT `craft_userpermissions_users_permissionId_fk` FOREIGN KEY (`permissionId`) REFERENCES `craft_userpermissions` (`id`) ON DELETE CASCADE;

--
-- Constraints for table `craft_users`
--
ALTER TABLE `craft_users`
	ADD CONSTRAINT `craft_users_preferredLocale_fk` FOREIGN KEY (`preferredLocale`) REFERENCES `craft_locales` (`locale`) ON DELETE SET NULL ON UPDATE CASCADE,
	ADD CONSTRAINT `craft_users_id_fk` FOREIGN KEY (`id`) REFERENCES `craft_elements` (`id`) ON DELETE CASCADE;

--
-- Constraints for table `craft_widgets`
--
ALTER TABLE `craft_widgets`
	ADD CONSTRAINT `craft_widgets_userId_fk` FOREIGN KEY (`userId`) REFERENCES `craft_users` (`id`) ON DELETE CASCADE;

SET FOREIGN_KEY_CHECKS = 1;
