-- Generated by Craft v2.6.2964 on Mar 27, 2017, 2:39:30 PM.

--
-- Disable foreign key checks and autocommit.
--

SET FOREIGN_KEY_CHECKS = 0;
SET SQL_MODE = "NO_AUTO_VALUE_ON_ZERO";
SET AUTOCOMMIT = 0;
SET NAMES utf8;


DROP TABLE IF EXISTS `craft_assetfiles`;


--
-- Schema for table `craft_assetfiles`
--
CREATE TABLE `craft_assetfiles` (
  `id` int(11) NOT NULL,
  `sourceId` int(11) DEFAULT NULL,
  `folderId` int(11) NOT NULL,
  `filename` varchar(255) COLLATE utf8_unicode_ci NOT NULL,
  `kind` varchar(50) COLLATE utf8_unicode_ci NOT NULL DEFAULT 'unknown',
  `width` int(11) unsigned DEFAULT NULL,
  `height` int(11) unsigned DEFAULT NULL,
  `size` bigint(20) unsigned DEFAULT NULL,
  `dateModified` datetime DEFAULT NULL,
  `dateCreated` datetime NOT NULL,
  `dateUpdated` datetime NOT NULL,
  `uid` char(36) COLLATE utf8_unicode_ci NOT NULL DEFAULT '0',
  PRIMARY KEY (`id`),
  UNIQUE KEY `craft_assetfiles_filename_folderId_unq_idx` (`filename`,`folderId`),
  KEY `craft_assetfiles_sourceId_fk` (`sourceId`),
  KEY `craft_assetfiles_folderId_fk` (`folderId`)
) ENGINE=InnoDB DEFAULT CHARSET=utf8 COLLATE=utf8_unicode_ci;

--
-- Data for table `craft_assetfiles`
--

INSERT INTO `craft_assetfiles` (`id`, `sourceId`, `folderId`, `filename`, `kind`, `width`, `height`, `size`, `dateModified`, `dateCreated`, `dateUpdated`, `uid`) VALUES
 ('53', '2', '2', 'pos1.jpg', 'image', '551', '480', '54118', '2017-03-01 11:57:59', '2017-03-01 12:11:03', '2017-03-02 17:19:19', '249b071c-5466-4d3c-b76d-0165e1d230d7'),
 ('54', '2', '2', 'pos2.jpg', 'image', '551', '480', '60678', '2017-03-01 11:58:31', '2017-03-01 12:11:03', '2017-03-02 17:19:19', '12eb74d9-6cc0-4354-ae0f-4d50c812447c'),
 ('55', '1', '1', 'draw1.jpg', 'image', '600', '673', '81415', '2017-03-01 12:07:19', '2017-03-01 12:14:44', '2017-03-02 17:19:19', 'f903343c-d86b-4218-805b-500f7ee5d7f6'),
 ('56', '1', '1', 'draw2.jpg', 'image', '300', '471', '28810', '2017-03-01 12:07:51', '2017-03-01 12:14:45', '2017-03-02 17:19:20', 'f8e23044-684d-4595-b05f-6fc09435e8ad'),
 ('58', '3', '3', 'hero1.jpg', 'image', '800', '487', '167597', '2017-03-02 16:55:57', '2017-03-02 16:59:04', '2017-03-02 17:19:20', '8255eb41-560b-4c37-a49a-86da0fe9632c'),
 ('59', '2', '2', 'pos3.jpg', 'image', '600', '184', '25567', '2017-03-02 17:18:31', '2017-03-02 17:19:19', '2017-03-02 17:19:19', '16ebb5e9-6069-4431-ab26-e5d53b55b22a'),
 ('60', '2', '2', 'pos4.jpg', 'image', '600', '184', '26184', '2017-03-02 17:19:00', '2017-03-02 17:19:19', '2017-03-02 17:19:19', 'cc9975f9-3156-425b-9765-0025292642ef');



DROP TABLE IF EXISTS `craft_assetfolders`;


--
-- Schema for table `craft_assetfolders`
--
CREATE TABLE `craft_assetfolders` (
  `id` int(11) NOT NULL AUTO_INCREMENT,
  `parentId` int(11) DEFAULT NULL,
  `sourceId` int(11) DEFAULT NULL,
  `name` varchar(255) COLLATE utf8_unicode_ci NOT NULL,
  `path` varchar(255) COLLATE utf8_unicode_ci DEFAULT NULL,
  `dateCreated` datetime NOT NULL,
  `dateUpdated` datetime NOT NULL,
  `uid` char(36) COLLATE utf8_unicode_ci NOT NULL DEFAULT '0',
  PRIMARY KEY (`id`),
  UNIQUE KEY `craft_assetfolders_name_parentId_sourceId_unq_idx` (`name`,`parentId`,`sourceId`),
  KEY `craft_assetfolders_parentId_fk` (`parentId`),
  KEY `craft_assetfolders_sourceId_fk` (`sourceId`)
) ENGINE=InnoDB AUTO_INCREMENT=4 DEFAULT CHARSET=utf8 COLLATE=utf8_unicode_ci;

--
-- Data for table `craft_assetfolders`
--

INSERT INTO `craft_assetfolders` (`id`, `parentId`, `sourceId`, `name`, `path`, `dateCreated`, `dateUpdated`, `uid`) VALUES
 ('1', NULL, '1', 'Drawings', '', '2017-02-28 16:54:33', '2017-02-28 16:54:33', '7135c9d8-5eac-425b-b64e-8cf6bf243739'),
 ('2', NULL, '2', 'Fans', '', '2017-02-28 16:55:09', '2017-02-28 16:55:09', '6a05e0ee-6f16-4d18-95b0-658aeb5e1a99'),
 ('3', NULL, '3', 'General', '', '2017-03-02 16:58:47', '2017-03-02 16:58:47', '1c18353f-7dd8-45d3-8dfd-80853bc02fdf');



DROP TABLE IF EXISTS `craft_assetindexdata`;


--
-- Schema for table `craft_assetindexdata`
--
CREATE TABLE `craft_assetindexdata` (
  `id` int(11) NOT NULL AUTO_INCREMENT,
  `sessionId` varchar(36) COLLATE utf8_unicode_ci NOT NULL DEFAULT '',
  `sourceId` int(10) NOT NULL,
  `offset` int(10) NOT NULL,
  `uri` varchar(255) COLLATE utf8_unicode_ci DEFAULT NULL,
  `size` varchar(255) COLLATE utf8_unicode_ci DEFAULT NULL,
  `recordId` int(10) DEFAULT NULL,
  `dateCreated` datetime NOT NULL,
  `dateUpdated` datetime NOT NULL,
  `uid` char(36) COLLATE utf8_unicode_ci NOT NULL DEFAULT '0',
  PRIMARY KEY (`id`),
  UNIQUE KEY `craft_assetindexdata_sessionId_sourceId_offset_unq_idx` (`sessionId`,`sourceId`,`offset`),
  KEY `craft_assetindexdata_sourceId_fk` (`sourceId`)
) ENGINE=InnoDB DEFAULT CHARSET=utf8 COLLATE=utf8_unicode_ci;

DROP TABLE IF EXISTS `craft_assetsources`;


--
-- Schema for table `craft_assetsources`
--
CREATE TABLE `craft_assetsources` (
  `id` int(11) NOT NULL AUTO_INCREMENT,
  `name` varchar(255) COLLATE utf8_unicode_ci NOT NULL,
  `handle` varchar(255) COLLATE utf8_unicode_ci NOT NULL,
  `type` varchar(150) COLLATE utf8_unicode_ci NOT NULL,
  `settings` text COLLATE utf8_unicode_ci,
  `sortOrder` smallint(6) unsigned DEFAULT NULL,
  `fieldLayoutId` int(10) DEFAULT NULL,
  `dateCreated` datetime NOT NULL,
  `dateUpdated` datetime NOT NULL,
  `uid` char(36) COLLATE utf8_unicode_ci NOT NULL DEFAULT '0',
  PRIMARY KEY (`id`),
  UNIQUE KEY `craft_assetsources_name_unq_idx` (`name`),
  UNIQUE KEY `craft_assetsources_handle_unq_idx` (`handle`),
  KEY `craft_assetsources_fieldLayoutId_fk` (`fieldLayoutId`)
) ENGINE=InnoDB AUTO_INCREMENT=4 DEFAULT CHARSET=utf8 COLLATE=utf8_unicode_ci;

--
-- Data for table `craft_assetsources`
--

INSERT INTO `craft_assetsources` (`id`, `name`, `handle`, `type`, `settings`, `sortOrder`, `fieldLayoutId`, `dateCreated`, `dateUpdated`, `uid`) VALUES
 ('1', 'Drawings', 'drawings', 'Local', '{\"path\":\"img\\/drawings\\/\",\"publicURLs\":\"1\",\"url\":\"http:\\/\\/victoriafans:8888\\/img\\/drawings\\/\"}', '1', '48', '2017-02-28 16:54:33', '2017-03-01 12:10:58', '97f1d3a7-ddd4-4455-b3cd-927bbab12ae0'),
 ('2', 'Fans', 'fans', 'Local', '{\"path\":\"img\\/fans\\/\",\"publicURLs\":\"1\",\"url\":\"http:\\/\\/victoriafans:8888\\/img\\/fans\\/\"}', '2', '47', '2017-02-28 16:55:09', '2017-03-01 12:10:52', 'd5a9c26a-f5fe-469c-af09-21310fa8120e'),
 ('3', 'General', 'general', 'Local', '{\"path\":\"img\\/general\\/\",\"publicURLs\":\"1\",\"url\":\"http:\\/\\/victoriafans:8888\\/img\\/general\\/\"}', '3', '53', '2017-03-02 16:58:47', '2017-03-02 16:58:59', 'aec444dc-de0b-42fa-a3a2-a8429e2a61b2');



DROP TABLE IF EXISTS `craft_assettransformindex`;


--
-- Schema for table `craft_assettransformindex`
--
CREATE TABLE `craft_assettransformindex` (
  `id` int(11) NOT NULL AUTO_INCREMENT,
  `fileId` int(11) NOT NULL,
  `filename` varchar(255) COLLATE utf8_unicode_ci DEFAULT NULL,
  `format` varchar(255) COLLATE utf8_unicode_ci DEFAULT NULL,
  `location` varchar(255) COLLATE utf8_unicode_ci NOT NULL,
  `sourceId` int(11) DEFAULT NULL,
  `fileExists` tinyint(1) DEFAULT NULL,
  `inProgress` tinyint(1) DEFAULT NULL,
  `dateIndexed` datetime DEFAULT NULL,
  `dateCreated` datetime NOT NULL,
  `dateUpdated` datetime NOT NULL,
  `uid` char(36) COLLATE utf8_unicode_ci NOT NULL DEFAULT '0',
  PRIMARY KEY (`id`),
  KEY `craft_assettransformindex_sourceId_fileId_location_idx` (`sourceId`,`fileId`,`location`)
) ENGINE=InnoDB DEFAULT CHARSET=utf8 COLLATE=utf8_unicode_ci;

DROP TABLE IF EXISTS `craft_assettransforms`;


--
-- Schema for table `craft_assettransforms`
--
CREATE TABLE `craft_assettransforms` (
  `id` int(11) NOT NULL AUTO_INCREMENT,
  `name` varchar(255) COLLATE utf8_unicode_ci NOT NULL,
  `handle` varchar(255) COLLATE utf8_unicode_ci NOT NULL,
  `mode` enum('stretch','fit','crop') COLLATE utf8_unicode_ci NOT NULL DEFAULT 'crop',
  `position` enum('top-left','top-center','top-right','center-left','center-center','center-right','bottom-left','bottom-center','bottom-right') COLLATE utf8_unicode_ci NOT NULL DEFAULT 'center-center',
  `height` int(10) DEFAULT NULL,
  `width` int(10) DEFAULT NULL,
  `format` varchar(255) COLLATE utf8_unicode_ci DEFAULT NULL,
  `quality` int(10) DEFAULT NULL,
  `dimensionChangeTime` datetime DEFAULT NULL,
  `dateCreated` datetime NOT NULL,
  `dateUpdated` datetime NOT NULL,
  `uid` char(36) COLLATE utf8_unicode_ci NOT NULL DEFAULT '0',
  PRIMARY KEY (`id`),
  UNIQUE KEY `craft_assettransforms_name_unq_idx` (`name`),
  UNIQUE KEY `craft_assettransforms_handle_unq_idx` (`handle`)
) ENGINE=InnoDB DEFAULT CHARSET=utf8 COLLATE=utf8_unicode_ci;

DROP TABLE IF EXISTS `craft_categories`;


--
-- Schema for table `craft_categories`
--
CREATE TABLE `craft_categories` (
  `id` int(11) NOT NULL,
  `groupId` int(11) NOT NULL,
  `dateCreated` datetime NOT NULL,
  `dateUpdated` datetime NOT NULL,
  `uid` char(36) COLLATE utf8_unicode_ci NOT NULL DEFAULT '0',
  PRIMARY KEY (`id`),
  KEY `craft_categories_groupId_fk` (`groupId`)
) ENGINE=InnoDB DEFAULT CHARSET=utf8 COLLATE=utf8_unicode_ci;

--
-- Data for table `craft_categories`
--

INSERT INTO `craft_categories` (`id`, `groupId`, `dateCreated`, `dateUpdated`, `uid`) VALUES
 ('4', '1', '2017-02-27 15:10:36', '2017-03-27 13:19:30', '3c5ca52e-e408-4d77-974f-fd46c3537f60'),
 ('5', '1', '2017-02-27 15:10:49', '2017-03-27 13:20:45', '5f89a3af-b20a-4a1f-8361-177683fc2cee'),
 ('6', '1', '2017-02-27 15:11:01', '2017-03-24 16:26:53', 'b0a5d603-fad4-42fa-8270-84b108cabb42'),
 ('7', '1', '2017-02-27 15:11:11', '2017-03-27 14:23:23', 'd932e98d-7eb9-442f-a0a7-c1063b95644f'),
 ('8', '1', '2017-02-27 15:11:20', '2017-03-27 14:37:56', '754df824-5020-4515-9e17-dbad2dc3083d');



DROP TABLE IF EXISTS `craft_categorygroups`;


--
-- Schema for table `craft_categorygroups`
--
CREATE TABLE `craft_categorygroups` (
  `id` int(11) NOT NULL AUTO_INCREMENT,
  `structureId` int(11) NOT NULL,
  `fieldLayoutId` int(11) DEFAULT NULL,
  `name` varchar(255) COLLATE utf8_unicode_ci NOT NULL,
  `handle` varchar(255) COLLATE utf8_unicode_ci NOT NULL,
  `hasUrls` tinyint(1) unsigned NOT NULL DEFAULT '1',
  `template` varchar(500) COLLATE utf8_unicode_ci DEFAULT NULL,
  `dateCreated` datetime NOT NULL,
  `dateUpdated` datetime NOT NULL,
  `uid` char(36) COLLATE utf8_unicode_ci NOT NULL DEFAULT '0',
  PRIMARY KEY (`id`),
  UNIQUE KEY `craft_categorygroups_name_unq_idx` (`name`),
  UNIQUE KEY `craft_categorygroups_handle_unq_idx` (`handle`),
  KEY `craft_categorygroups_structureId_fk` (`structureId`),
  KEY `craft_categorygroups_fieldLayoutId_fk` (`fieldLayoutId`)
) ENGINE=InnoDB AUTO_INCREMENT=2 DEFAULT CHARSET=utf8 COLLATE=utf8_unicode_ci;

--
-- Data for table `craft_categorygroups`
--

INSERT INTO `craft_categorygroups` (`id`, `structureId`, `fieldLayoutId`, `name`, `handle`, `hasUrls`, `template`, `dateCreated`, `dateUpdated`, `uid`) VALUES
 ('1', '1', '62', 'Product Application', 'catGrp_productApplication', '1', 'by_application', '2017-02-27 15:10:11', '2017-03-24 16:21:32', 'c8ac94d9-2ef2-45be-8384-689fa1937dca');



DROP TABLE IF EXISTS `craft_categorygroups_i18n`;


--
-- Schema for table `craft_categorygroups_i18n`
--
CREATE TABLE `craft_categorygroups_i18n` (
  `id` int(11) NOT NULL AUTO_INCREMENT,
  `groupId` int(11) NOT NULL,
  `locale` char(12) COLLATE utf8_unicode_ci NOT NULL,
  `urlFormat` text COLLATE utf8_unicode_ci,
  `nestedUrlFormat` text COLLATE utf8_unicode_ci,
  `dateCreated` datetime NOT NULL,
  `dateUpdated` datetime NOT NULL,
  `uid` char(36) COLLATE utf8_unicode_ci NOT NULL DEFAULT '0',
  PRIMARY KEY (`id`),
  UNIQUE KEY `craft_categorygroups_i18n_groupId_locale_unq_idx` (`groupId`,`locale`),
  KEY `craft_categorygroups_i18n_locale_fk` (`locale`)
) ENGINE=InnoDB AUTO_INCREMENT=2 DEFAULT CHARSET=utf8 COLLATE=utf8_unicode_ci;

--
-- Data for table `craft_categorygroups_i18n`
--

INSERT INTO `craft_categorygroups_i18n` (`id`, `groupId`, `locale`, `urlFormat`, `nestedUrlFormat`, `dateCreated`, `dateUpdated`, `uid`) VALUES
 ('1', '1', 'en', 'fans-by-application/{slug}', '{slug}', '2017-02-27 15:10:11', '2017-03-01 10:25:50', '7f7f965b-fff7-4709-af2b-f4434e1d90ee');



DROP TABLE IF EXISTS `craft_content`;


--
-- Schema for table `craft_content`
--
CREATE TABLE `craft_content` (
  `id` int(11) NOT NULL AUTO_INCREMENT,
  `elementId` int(11) NOT NULL,
  `locale` char(12) COLLATE utf8_unicode_ci NOT NULL,
  `title` varchar(255) COLLATE utf8_unicode_ci DEFAULT NULL,
  `field_body` text COLLATE utf8_unicode_ci,
  `field_fd_product_global_ShortIntroduction` text COLLATE utf8_unicode_ci,
  `field_fd_specialNote` text COLLATE utf8_unicode_ci,
  `field_fd_product_Individual_Short_Summary` text COLLATE utf8_unicode_ci,
  `field_fd_positioning` text COLLATE utf8_unicode_ci,
  `field_catFd_categoryIntroduction` text COLLATE utf8_unicode_ci,
  `field_fd_productRangeIntroduction` text COLLATE utf8_unicode_ci,
  `field_textOverMap` text COLLATE utf8_unicode_ci,
  `field_introTitle` text COLLATE utf8_unicode_ci,
  `field_introText` text COLLATE utf8_unicode_ci,
  `field_expandedText` text COLLATE utf8_unicode_ci,
  `field_secondaryTitle` text COLLATE utf8_unicode_ci,
  `field_secondaryText` text COLLATE utf8_unicode_ci,
  `dateCreated` datetime NOT NULL,
  `dateUpdated` datetime NOT NULL,
  `uid` char(36) COLLATE utf8_unicode_ci NOT NULL DEFAULT '0',
  PRIMARY KEY (`id`),
  UNIQUE KEY `craft_content_elementId_locale_unq_idx` (`elementId`,`locale`),
  KEY `craft_content_title_idx` (`title`),
  KEY `craft_content_locale_fk` (`locale`)
) ENGINE=InnoDB AUTO_INCREMENT=47 DEFAULT CHARSET=utf8 COLLATE=utf8_unicode_ci;

--
-- Data for table `craft_content`
--

INSERT INTO `craft_content` (`id`, `elementId`, `locale`, `title`, `field_body`, `field_fd_product_global_ShortIntroduction`, `field_fd_specialNote`, `field_fd_product_Individual_Short_Summary`, `field_fd_positioning`, `field_catFd_categoryIntroduction`, `field_fd_productRangeIntroduction`, `field_textOverMap`, `field_introTitle`, `field_introText`, `field_expandedText`, `field_secondaryTitle`, `field_secondaryText`, `dateCreated`, `dateUpdated`, `uid`) VALUES
 ('1', '1', 'en', NULL, NULL, NULL, NULL, NULL, NULL, NULL, NULL, NULL, NULL, NULL, NULL, NULL, NULL, '2017-02-27 15:05:18', '2017-02-27 15:05:18', 'd48ca024-d652-4438-a3dc-962962d1f6c3'),
 ('2', '2', 'en', 'Welcome to Victoriafans!', '<p>It’s true, this site doesn’t have a whole lot of content yet, but don’t worry. Our web developers have just installed the CMS, and they’re setting things up for the content editors this very moment. Soon Victoriafans will be an oasis of fresh perspectives, sharp analyses, and astute opinions that will keep you coming back again and again.</p>', NULL, NULL, NULL, NULL, NULL, NULL, NULL, NULL, NULL, NULL, NULL, NULL, '2017-02-27 15:05:21', '2017-03-02 17:00:07', 'dad32780-537e-4516-b84f-11244b4888f3'),
 ('3', '3', 'en', 'We just installed Craft!', '<p>Craft is the CMS that’s powering Victoriafans. It’s beautiful, powerful, flexible, and easy-to-use, and it’s made by Pixel &amp; Tonic. We can’t wait to dive in and see what it’s capable of!</p><!--pagebreak--><p>This is even more captivating content, which you couldn’t see on the News index page because it was entered after a Page Break, and the News index template only likes to show the content on the first page.</p><p>Craft: a nice alternative to Word, if you’re making a website.</p>', NULL, NULL, NULL, NULL, NULL, NULL, NULL, NULL, NULL, NULL, NULL, NULL, '2017-02-27 15:05:21', '2017-02-27 15:05:21', 'ea7264c8-aa7b-4154-9d9e-6c93364c98f9'),
 ('4', '4', 'en', 'General Ventilation', NULL, NULL, NULL, NULL, NULL, '<p>This is Warm Air Extraction, Lorem ipsum dolor sit amet, consectetur adipisicing elit. Ipsam minus totam in explicabo voluptate quas consequatur mollitia, ducimus adipisci aliquid animi vero veritatis fugit! Enim commodi optio, itaque nisi fugit!</p>', NULL, NULL, NULL, NULL, NULL, NULL, NULL, '2017-02-27 15:10:36', '2017-03-27 13:19:30', 'bc052df8-01ea-4e6a-abd0-020f9b1eabc9'),
 ('5', '5', 'en', 'Fume Control', NULL, NULL, NULL, NULL, NULL, '', NULL, NULL, NULL, NULL, NULL, NULL, NULL, '2017-02-27 15:10:49', '2017-03-27 13:20:45', '230df4f4-69d8-4aa4-9295-4d030d7a75e9'),
 ('6', '6', 'en', 'Emergency Smoke Extraction', NULL, NULL, NULL, NULL, NULL, '<p>In the event of a fire in densely populated buildings such as Hospitals, Stores, Sports Centres and Shopping Malls, it is essential that adequate emergency smoke ventilation is provided.  This not only keeps escapes routes clear but also minimises damage to buildings and contents and assists the Fire Service in fighting fire.</p>\n<p>The type of fan can be used as part of a Roof Extract unit incorporating a Victoria fabricated steel Vertical Jet Roof Extract Cowl.</p>', NULL, NULL, NULL, NULL, NULL, NULL, NULL, '2017-02-27 15:11:01', '2017-03-24 16:26:53', '9448227d-ccd3-444f-95fe-b694d9c55e45'),
 ('7', '7', 'en', ' Roof Extract Fans', NULL, NULL, NULL, NULL, NULL, '<p>As their suggests this range of fans is used on flat or sloping roofs and is suitable for exhausting warm and contaminated air up to a maximum ambient temperatures of 60°C using an axial or propeller type fan upto 600°C using axials or bifurcated fans.</p>\n<p>Air volumes from 0.5 – 50m³/sec</p>\n<p>Both LOW PROFILE and VERTICAL JET models can be fitted with single or three phase motor in TEFC or flameproof enclosures.</p>', NULL, NULL, NULL, NULL, NULL, NULL, NULL, '2017-02-27 15:11:11', '2017-03-27 14:23:23', 'aa12e500-e50d-4db9-9162-be5313669573'),
 ('8', '8', 'en', ' Axial and Bifurcated Fan Accessories', NULL, NULL, NULL, NULL, NULL, '', NULL, NULL, NULL, NULL, NULL, NULL, NULL, '2017-02-27 15:11:20', '2017-03-27 14:37:56', '61176bcf-c94c-42d6-8606-61fa891c18de'),
 ('16', '17', 'en', 'Axial Flow Fans', NULL, '<p>Lorem ipsum dolor sit amet, consectetur adipiscing elit. Nullam at lectus ipsum. Nam vehicula felis a mi commodo, id lacinia nisi ultricies. Nunc ut libero sit amet diam scelerisque gravida.</p>', 'All Long and Short cased fans can be supplied with 304 or 316 Stainless Steel Casings', NULL, NULL, NULL, NULL, NULL, NULL, NULL, NULL, NULL, NULL, '2017-02-27 16:02:49', '2017-03-23 15:51:14', 'a04c4c22-b132-4391-83c8-3ee736a6d647'),
 ('17', '18', 'en', 'Plate Mounted Axial', NULL, '<p>This is all about the plate mounted axial fan</p>', NULL, '<p>Plate Mounted Axial fan Phasellus sed sollicitudin nisl. Praesent at euismod dui. Donec hendrerit quam turpis. Curabitur sed pharetra erat, at mollis est. Maecenas vel pharetra ligula.</p>', 'Wall or roof mounting where ducting is not required.', NULL, NULL, NULL, NULL, NULL, NULL, NULL, NULL, '2017-02-27 16:03:13', '2017-03-24 11:46:36', '7b15f80a-3636-4dcb-ae81-7385b3ae81b0'),
 ('18', '19', 'en', 'Bifurcated Fans', NULL, '<p>Aliquam a tortor et nibh interdum egestas. Proin orci erat, mattis a tincidunt nec, efficitur id neque. Suspendisse scelerisque semper vestibulum.</p>', 'For the foodstuffs and chemical industries these fans can be constructed from stainless steel of aluminium at competitive cost.', NULL, NULL, NULL, NULL, NULL, NULL, NULL, NULL, NULL, NULL, '2017-02-27 16:07:43', '2017-03-23 16:22:43', 'bf7d1aa7-647f-4330-aeed-664b9b96ede4'),
 ('19', '20', 'en', 'Centrifugal Fans', NULL, '<p>Praesent non elit nec sem interdum suscipit quis imperdiet felis. Praesent nulla ligula, consectetur sit amet tortor commodo, tristique viverra ex. Pellentesque laoreet erat sit amet sagittis tempor.</p>', 'Since forward curved and paddle blade fans have overloading power characteristics it is important that the static selection pressure is achieved.  Any reduction in the requirements could easily overload the motor.', NULL, NULL, NULL, NULL, NULL, NULL, NULL, NULL, NULL, NULL, '2017-02-27 16:08:02', '2017-03-27 14:32:13', '0ff74193-578b-44d5-992a-b97b9f8bb30e'),
 ('20', '21', 'en', 'Flameproof Fans EXD Zone 1 & 2', NULL, '<p>Morbi quis pulvinar nisi. Proin et magna enim. Donec quis mi vitae diam fringilla placerat et hendrerit massa. Vestibulum sit amet urna posuere diam lacinia egestas.</p>', '', NULL, NULL, NULL, NULL, NULL, NULL, NULL, NULL, NULL, NULL, '2017-02-27 16:08:22', '2017-03-27 13:18:34', 'd557dd43-ea08-4191-8080-54d751ec3b91'),
 ('21', '22', 'en', 'Conical Bifurcated', NULL, '', NULL, '<p>Conical Sed ultrices hendrerit velit non efficitur. Mauris nisl neque, aliquam ut eros eget, tristique mollis nunc. Mauris vitae mi posuere, suscipit eros eget, pellentesque arcu. Pellentesque efficitur mauris a magna congue faucibus.</p>', '', NULL, NULL, NULL, NULL, NULL, NULL, NULL, NULL, '2017-02-27 16:09:02', '2017-03-24 11:50:58', '8b72e471-6f95-49f0-a0e6-6dfed8072bf1'),
 ('22', '23', 'en', 'Cylindrical Bifurcated', NULL, '', NULL, '<p>Curabitur magna sapien, consectetur eget nulla tincidunt, euismod ultrices mi. Praesent id venenatis felis, at accumsan elit. Vivamus bibendum ullamcorper arcu ut efficitur.</p>', '', NULL, NULL, NULL, NULL, NULL, NULL, NULL, NULL, '2017-02-27 16:09:23', '2017-03-23 16:41:47', '826c6e3d-51e0-49b9-bb90-49da942de0f2'),
 ('23', '24', 'en', 'Long Cased Axial', NULL, '', NULL, '<p>Long Cased Axial Mauris tristique nunc eu orci sollicitudin ultricies. Duis ultricies eros scelerisque bibendum viverra. Suspendisse volutpat sagittis pretium. Suspendisse porttitor faucibus quam, in dapibus odio semper ac. Pellentesque a sapien tincidunt, consequat tortor sit amet, tempor magna. Nullam blandit vitae lectus id efficitur.</p>', '', NULL, NULL, NULL, NULL, NULL, NULL, NULL, NULL, '2017-02-27 16:09:41', '2017-03-24 11:47:56', '00602024-205d-4eb4-bf49-cbfed71fcb7b'),
 ('24', '25', 'en', 'Short Cased Axial', NULL, '', NULL, '<p>Short Cased Axial Pellentesque id mollis lacus. Aenean quis urna mauris. Aenean laoreet ipsum non laoreet vehicula. Sed egestas interdum venenatis. Sed vel nisl eu nulla lacinia consectetur.</p>', '', NULL, NULL, NULL, NULL, NULL, NULL, NULL, NULL, '2017-02-27 16:10:05', '2017-03-24 11:48:39', '0042d1bb-0e3f-4c47-807d-dfc2075f2f2c'),
 ('25', '26', 'en', 'External Motor Axial', NULL, '', NULL, '<p>Quisque posuere, turpis a pharetra mollis, mi ligula consectetur sem, vel semper lacus magna a nulla. Sed erat nibh, dapibus eget hendrerit aliquam, vestibulum at massa. Phasellus varius at erat at lacinia. Mauris quis pulvinar enim.</p>', '', NULL, NULL, NULL, NULL, NULL, NULL, NULL, NULL, '2017-02-27 16:10:20', '2017-03-07 16:39:55', '58e7083e-2fa0-4711-8d0d-ecaa229043d1'),
 ('26', '27', 'en', 'Roof Extract Axial', NULL, '', NULL, '<p>Roof Extract Axial Vestibulum fringilla purus vel odio volutpat, id congue velit pellentesque. Ut ullamcorper, dolor eu mattis tincidunt, dui metus blandit nisi, pharetra tristique ante tortor id elit. Curabitur orci justo, commodo vel suscipit quis, mollis quis magna.</p>', '', NULL, NULL, NULL, NULL, NULL, NULL, NULL, NULL, '2017-02-27 16:10:40', '2017-03-24 11:49:15', 'f3acfde0-19c5-4a22-980b-398d381de6f3'),
 ('27', '28', 'en', 'Man Cooler Axial', NULL, '', NULL, '<p>Man Cooler Axial Vestibulum posuere magna quis egestas gravida. Curabitur cursus leo vel lacinia placerat. Nulla tincidunt imperdiet ante ut tristique. Cras molestie dolor ipsum, eget convallis dui volutpat quis. </p>', '', NULL, NULL, NULL, NULL, NULL, NULL, NULL, NULL, '2017-02-27 16:10:56', '2017-03-24 11:49:45', 'f7732f24-0c45-4fcf-b29c-f16c129efb71'),
 ('28', '29', 'en', 'Emergency Smoke Extraction', NULL, '', NULL, '<p>Emergency Smoke Extraction Quisque placerat tellus a arcu dictum volutpat. Donec ultrices sagittis nisl, eget ultrices lacus. Curabitur erat justo, placerat ut justo a, tincidunt posuere erat.</p>', '', NULL, NULL, NULL, NULL, NULL, NULL, NULL, NULL, '2017-02-27 16:11:17', '2017-03-27 14:33:35', 'bc685bc1-1a7b-4a09-8831-084f8cb1a51f'),
 ('29', '30', 'en', 'High Pressure Centrifugal Blowers', NULL, '', NULL, '<p>High Pressure Centrifugal Blowers..Fusce volutpat odio vel purus tincidunt semper. Aliquam at maximus mi. Integer congue dapibus congue. Etiam tempus est sit amet erat maximus, vel ultricies tortor vestibulum.  </p>', '', NULL, NULL, NULL, NULL, NULL, NULL, NULL, NULL, '2017-02-27 16:17:30', '2017-03-24 11:52:17', '10181127-7ab7-43ed-b718-35b1e6fb1977'),
 ('30', '31', 'en', 'Plate Mounted Axial', NULL, '', NULL, '<p>Flameproof Plate Mounted Axial Morbi ut dapibus eros, eu vehicula nisl. Integer elementum vestibulum orci. Fusce hendrerit rutrum pharetra. Nam ornare efficitur metus, a vestibulum turpis vulputate vitae. Nulla in ipsum sagittis, pulvinar dui sit amet, commodo nunc.</p>', '', NULL, NULL, NULL, NULL, NULL, NULL, NULL, NULL, '2017-02-27 16:17:46', '2017-03-24 11:51:45', '82d8c2d6-f4a3-4e27-8d30-e86cc60e1722'),
 ('31', '32', 'en', 'Paddle Bladed Centrifugal Fans', NULL, '', NULL, '<p>Paddle Nullam mattis magna quis metus semper viverra non at eros. Vestibulum rhoncus pharetra nibh, at scelerisque turpis elementum quis. Curabitur elit dolor, fringilla quis lacus ac, efficitur lobortis enim.</p>', '', NULL, NULL, NULL, NULL, NULL, NULL, NULL, NULL, '2017-02-27 16:18:09', '2017-03-24 11:52:44', '9f43fb66-7646-4e86-80af-b1e371c25b0b'),
 ('32', '33', 'en', 'Forward Curved Centrifugal Fans', NULL, '', NULL, '<p>Forward Pellentesque tincidunt lacinia semper. Sed lacinia eget est non commodo. Aliquam leo dolor, molestie ac ex at, ultricies consectetur neque. Fusce eget dignissim eros, id mollis est. Aenean at vehicula ante, eu imperdiet lorem.</p>', '', NULL, NULL, NULL, NULL, NULL, NULL, NULL, NULL, '2017-02-27 16:18:18', '2017-03-24 11:53:10', '1c718a7c-ff32-4552-bcf6-81e6fb1f4ba7'),
 ('33', '34', 'en', 'Backward Curved Centrifugal Fans', NULL, '', NULL, '<p>urabitur sit amet auctor risus. Donec lobortis bibendum tortor, sit amet aliquam metus consequat sed. Donec pretium faucibus dignissim. Vivamus lectus magna, blandit a dui at, porta dapibus risus.</p>', '', NULL, NULL, NULL, NULL, NULL, NULL, NULL, NULL, '2017-02-27 16:18:46', '2017-03-07 17:19:18', '75c07ca5-ea49-49d7-aef6-0e17f3479c04'),
 ('34', '35', 'en', 'Aerofoil Centrifugal Fans', NULL, '', NULL, '<p>Aerofoil Duis at leo sed mauris aliquam facilisis eu et neque. Mauris ut massa orci. Vestibulum vitae arcu sed lectus sagittis porttitor eget id sapien. Nulla vehicula nibh quis tortor bibendum posuere vitae in diam.</p>', '', NULL, NULL, NULL, NULL, NULL, NULL, NULL, NULL, '2017-02-27 16:19:40', '2017-03-24 11:53:44', 'e3fa9cbb-49c6-415c-a9c6-926a36dceb91'),
 ('37', '53', 'en', 'Pos1', NULL, NULL, NULL, NULL, NULL, NULL, NULL, NULL, NULL, NULL, NULL, NULL, NULL, '2017-03-01 12:11:03', '2017-03-02 17:19:19', '44487c06-de65-4934-8e38-1384d17c7250'),
 ('38', '54', 'en', 'Pos2', NULL, NULL, NULL, NULL, NULL, NULL, NULL, NULL, NULL, NULL, NULL, NULL, NULL, '2017-03-01 12:11:03', '2017-03-02 17:19:19', '1057a3ba-3380-4a30-8e86-93647652e7b1'),
 ('39', '55', 'en', 'Draw1', NULL, NULL, NULL, NULL, NULL, NULL, NULL, NULL, NULL, NULL, NULL, NULL, NULL, '2017-03-01 12:14:44', '2017-03-02 17:19:19', 'b04523a5-8c4a-4ecd-9c4f-f5401f264cac'),
 ('40', '56', 'en', 'Draw2', NULL, NULL, NULL, NULL, NULL, NULL, NULL, NULL, NULL, NULL, NULL, NULL, NULL, '2017-03-01 12:14:45', '2017-03-02 17:19:20', '2a5d33c8-9f20-4161-8950-cc31492fd417'),
 ('41', '57', 'en', 'Product Range', NULL, NULL, NULL, NULL, NULL, NULL, '<p>Curabitur convallis, arcu a posuere viverra, justo erat consequat mauris, vel dapibus ex purus rhoncus erat. Etiam egestas purus nibh, eu tincidunt nisl elementum in. Suspendisse potenti. Phasellus molestie viverra quam, ut suscipit massa eleifend id. Orci varius natoque penatibus et magnis dis parturient montes, nascetur ridiculus mus. Maecenas volutpat sodales pellentesque. Donec ullamcorper urna mauris, ut semper mi sagittis vel. Pellentesque habitant morbi tristique senectus et netus et malesuada fames ac turpis egestas.</p>', NULL, NULL, NULL, NULL, NULL, NULL, '2017-03-01 13:02:16', '2017-03-01 13:37:06', '141e493a-3ea9-4ca4-9f82-b0c74179fd7f'),
 ('42', '58', 'en', 'Hero1', NULL, NULL, NULL, NULL, NULL, NULL, NULL, NULL, NULL, NULL, NULL, NULL, NULL, '2017-03-02 16:59:04', '2017-03-02 17:19:20', 'fc00a6f6-9e7d-45a9-a135-0dae4f92051e'),
 ('43', '59', 'en', 'Pos3', NULL, NULL, NULL, NULL, NULL, NULL, NULL, NULL, NULL, NULL, NULL, NULL, NULL, '2017-03-02 17:19:19', '2017-03-02 17:19:19', '8c9e9c12-93ac-45d8-b0ca-9802b9b87ec2'),
 ('44', '60', 'en', 'Pos4', NULL, NULL, NULL, NULL, NULL, NULL, NULL, NULL, NULL, NULL, NULL, NULL, NULL, '2017-03-02 17:19:19', '2017-03-02 17:19:19', '1192d93f-055a-4e62-beb1-2f41affc95bf'),
 ('46', '62', 'en', 'Company Background', NULL, NULL, NULL, NULL, NULL, NULL, NULL, 'Victoria Fans are proud suppliers to over 1000 organisations across 30 Countries', 'More about us', '<p>Since 1984, Victoria Fans Ltd have produced approximately 40,000 fans of all types for projects in both the UK and abroad. We are well respected in the trade and regularly product fans for other fan suppliers.</p>', '<p>Since 1984, Victoria Fans Ltd have produced approximately 40,000 fans of all types for projects in both the UK and abroad. We are well respected in the trade and regularly product fans for other fan suppliers.</p>\n<p>In the UK Victoria fans are sold directly to the ‘trade’ through a network of professional Fans &amp; Heating &amp; Ventilation distributors carefully selected to know both our products and the local area in which the enquirer trades.</p><p>In other parts of the world there is a Victoria Fans agent with considerable expertise and long association with strategic partners in Europe, the Middle East &amp; Far East.</p>\n<p>Victoria Fans are happy to make dimensional and performance modification to their range of products and can fabricated exact copies of obsolete equipment. We also welcome the opportunity to discuss new or different fan applications with original equipment manufacturers, Consultants or H &amp; V Engineers.</p>', 'STANDARDS AND CERTIFICATION', '<p>We produce fans of high quality and can provide Certificates of Conformity and Test Certificates when requested. Fan performance to BS848 and AMCA 210 and ATEX for Explosion proof fans</p>\n<p>CE Certificates are supplied as appropriate and O &amp; M instructions are available for all the type of fans we supply.</p><p>We are members of The Federation of Environmental Trade Associations Ltd (FETA) and the Fan Manufacturers Association (FMA).<br /></p>', '2017-03-09 14:05:31', '2017-03-09 14:14:34', 'cc4a45cc-85f4-4aea-a941-3c7bc8a48696');



DROP TABLE IF EXISTS `craft_deprecationerrors`;


--
-- Schema for table `craft_deprecationerrors`
--
CREATE TABLE `craft_deprecationerrors` (
  `id` int(11) NOT NULL AUTO_INCREMENT,
  `key` varchar(255) COLLATE utf8_unicode_ci NOT NULL,
  `fingerprint` varchar(255) COLLATE utf8_unicode_ci NOT NULL,
  `lastOccurrence` datetime NOT NULL,
  `file` varchar(255) COLLATE utf8_unicode_ci NOT NULL,
  `line` smallint(6) unsigned NOT NULL,
  `class` varchar(255) COLLATE utf8_unicode_ci DEFAULT NULL,
  `method` varchar(255) COLLATE utf8_unicode_ci DEFAULT NULL,
  `template` varchar(255) COLLATE utf8_unicode_ci DEFAULT NULL,
  `templateLine` smallint(6) unsigned DEFAULT NULL,
  `message` varchar(255) COLLATE utf8_unicode_ci DEFAULT NULL,
  `traces` text COLLATE utf8_unicode_ci,
  `dateCreated` datetime NOT NULL,
  `dateUpdated` datetime NOT NULL,
  `uid` char(36) COLLATE utf8_unicode_ci NOT NULL DEFAULT '0',
  PRIMARY KEY (`id`),
  UNIQUE KEY `craft_deprecationerrors_key_fingerprint_unq_idx` (`key`,`fingerprint`)
) ENGINE=InnoDB DEFAULT CHARSET=utf8 COLLATE=utf8_unicode_ci;

DROP TABLE IF EXISTS `craft_elementindexsettings`;


--
-- Schema for table `craft_elementindexsettings`
--
CREATE TABLE `craft_elementindexsettings` (
  `id` int(11) NOT NULL AUTO_INCREMENT,
  `type` varchar(150) COLLATE utf8_unicode_ci NOT NULL,
  `settings` text COLLATE utf8_unicode_ci,
  `dateCreated` datetime NOT NULL,
  `dateUpdated` datetime NOT NULL,
  `uid` char(36) COLLATE utf8_unicode_ci NOT NULL DEFAULT '0',
  PRIMARY KEY (`id`),
  UNIQUE KEY `craft_elementindexsettings_type_unq_idx` (`type`)
) ENGINE=InnoDB AUTO_INCREMENT=3 DEFAULT CHARSET=utf8 COLLATE=utf8_unicode_ci;

--
-- Data for table `craft_elementindexsettings`
--

INSERT INTO `craft_elementindexsettings` (`id`, `type`, `settings`, `dateCreated`, `dateUpdated`, `uid`) VALUES
 ('1', 'Category', '{\"sources\":{\"group:2\":{\"tableAttributes\":{\"1\":\"id\"}}}}', '2017-02-27 15:25:02', '2017-02-27 15:25:02', 'da701616-fc68-48f0-aff3-675f7e63845a'),
 ('2', 'Entry', '{\"sources\":{\"section:3\":{\"tableAttributes\":{\"1\":\"link\"}}}}', '2017-02-27 15:59:17', '2017-02-27 15:59:17', '55737b50-5e06-4dbe-a5b6-f04b9775737e');



DROP TABLE IF EXISTS `craft_elements`;


--
-- Schema for table `craft_elements`
--
CREATE TABLE `craft_elements` (
  `id` int(11) NOT NULL AUTO_INCREMENT,
  `type` varchar(150) COLLATE utf8_unicode_ci NOT NULL,
  `enabled` tinyint(1) unsigned NOT NULL DEFAULT '1',
  `archived` tinyint(1) unsigned NOT NULL DEFAULT '0',
  `dateCreated` datetime NOT NULL,
  `dateUpdated` datetime NOT NULL,
  `uid` char(36) COLLATE utf8_unicode_ci NOT NULL DEFAULT '0',
  PRIMARY KEY (`id`),
  KEY `craft_elements_type_idx` (`type`),
  KEY `craft_elements_enabled_idx` (`enabled`),
  KEY `craft_elements_archived_dateCreated_idx` (`archived`,`dateCreated`)
) ENGINE=InnoDB AUTO_INCREMENT=96 DEFAULT CHARSET=utf8 COLLATE=utf8_unicode_ci;

--
-- Data for table `craft_elements`
--

INSERT INTO `craft_elements` (`id`, `type`, `enabled`, `archived`, `dateCreated`, `dateUpdated`, `uid`) VALUES
 ('1', 'User', '1', '0', '2017-02-27 15:05:18', '2017-02-27 15:05:18', 'aaeafed3-05e1-4cac-8f1c-6c3242ae3812'),
 ('2', 'Entry', '1', '0', '2017-02-27 15:05:21', '2017-03-02 17:00:07', '5868b4ff-d750-46d2-8aa4-df616c231458'),
 ('3', 'Entry', '1', '0', '2017-02-27 15:05:21', '2017-02-27 15:05:21', 'cd47731b-2190-43e1-93ac-e1fbe98e3a5e'),
 ('4', 'Category', '1', '0', '2017-02-27 15:10:36', '2017-03-27 13:19:30', 'dcc7a471-59f5-4075-b12c-5b8fc5576ab9'),
 ('5', 'Category', '1', '0', '2017-02-27 15:10:49', '2017-03-27 13:20:45', '2bf88202-e0fa-4802-b2cb-e52aa3a035c0'),
 ('6', 'Category', '1', '0', '2017-02-27 15:11:01', '2017-03-24 16:26:53', '62fdd9f5-0b93-4d69-9a20-4ab0d0fec8a6'),
 ('7', 'Category', '1', '0', '2017-02-27 15:11:11', '2017-03-27 14:23:23', '99004536-cc9b-4260-883e-2dbfb34ad503'),
 ('8', 'Category', '1', '0', '2017-02-27 15:11:20', '2017-03-27 14:37:56', '0d2cf814-abdb-4244-9d71-926f7d9ef10e'),
 ('16', 'SuperTable_Block', '1', '0', '2017-02-27 15:56:17', '2017-02-27 15:58:41', 'dcde74bc-b6ee-44e8-8f47-450269f7cf70'),
 ('17', 'Entry', '1', '0', '2017-02-27 16:02:49', '2017-03-23 15:51:14', '91774913-8f25-4748-bbfe-e57f2fd97130'),
 ('18', 'Entry', '1', '0', '2017-02-27 16:03:13', '2017-03-24 11:46:36', 'd488b310-9264-413c-81b9-214d30e66491'),
 ('19', 'Entry', '1', '0', '2017-02-27 16:07:43', '2017-03-23 16:22:43', 'b5b2121d-91f6-4fa7-ae99-aee7105c24a8'),
 ('20', 'Entry', '1', '0', '2017-02-27 16:08:02', '2017-03-27 14:32:13', '0a60867c-7ffb-418f-906b-505fbe0ca073'),
 ('21', 'Entry', '1', '0', '2017-02-27 16:08:22', '2017-03-27 13:18:34', '7d932d6c-c0c3-4100-b560-17bdbc86ba91'),
 ('22', 'Entry', '1', '0', '2017-02-27 16:09:02', '2017-03-24 11:50:58', '85e5a9af-eb59-45c6-bc74-62f831593482'),
 ('23', 'Entry', '1', '0', '2017-02-27 16:09:23', '2017-03-23 16:41:47', '8ad937a4-5c01-4939-9aaf-8a1f2cc7f533'),
 ('24', 'Entry', '1', '0', '2017-02-27 16:09:41', '2017-03-24 11:47:56', 'c47fd443-f8b9-4a57-9fd3-467aaf0716d0'),
 ('25', 'Entry', '1', '0', '2017-02-27 16:10:05', '2017-03-24 11:48:39', '3cf34b37-9705-4128-b6bb-61b1d2780e60'),
 ('26', 'Entry', '1', '0', '2017-02-27 16:10:20', '2017-03-07 16:39:55', 'a55e49d4-a9f9-4178-9d78-982096a1eda1'),
 ('27', 'Entry', '1', '0', '2017-02-27 16:10:40', '2017-03-24 11:49:15', 'ea986100-0c3e-45bb-9daf-d7b9c81e16c0'),
 ('28', 'Entry', '1', '0', '2017-02-27 16:10:56', '2017-03-24 11:49:45', '9c582623-d55b-4ad5-ac0a-e36381590e6f'),
 ('29', 'Entry', '1', '0', '2017-02-27 16:11:17', '2017-03-27 14:33:35', 'fe61a205-fb41-4423-8575-d5db204df36e'),
 ('30', 'Entry', '1', '0', '2017-02-27 16:17:30', '2017-03-24 11:52:17', 'f89670e0-f3a8-4f6c-b0d5-a00ef835eccb'),
 ('31', 'Entry', '1', '0', '2017-02-27 16:17:46', '2017-03-24 11:51:45', '37fbf6f7-b83f-4a2f-b939-e10b6a69f600'),
 ('32', 'Entry', '1', '0', '2017-02-27 16:18:09', '2017-03-24 11:52:44', 'e2106bd0-b72f-4af4-83a7-1908b45aed1e'),
 ('33', 'Entry', '1', '0', '2017-02-27 16:18:18', '2017-03-24 11:53:10', '3e46ad8d-9730-4b43-ba0b-0844ba4af7f6'),
 ('34', 'Entry', '1', '0', '2017-02-27 16:18:46', '2017-03-07 17:19:18', '0709241d-ef00-4bbc-a227-15f213869564'),
 ('35', 'Entry', '1', '0', '2017-02-27 16:19:40', '2017-03-24 11:53:44', '08a1bde3-5230-4995-bdbe-39b1ab49ac3c'),
 ('36', 'SuperTable_Block', '1', '0', '2017-02-28 10:02:46', '2017-03-23 15:51:14', '485ec3d2-f12a-425c-91b2-055d72600cbc'),
 ('37', 'SuperTable_Block', '1', '0', '2017-02-28 10:02:46', '2017-03-23 15:51:14', '123fed90-0451-4a49-b973-d1f97deb6643'),
 ('38', 'SuperTable_Block', '1', '0', '2017-02-28 10:02:46', '2017-03-23 15:51:14', '53e53cee-bb09-4e69-a34b-70e56f54d565'),
 ('41', 'SuperTable_Block', '1', '0', '2017-02-28 10:05:05', '2017-03-23 15:51:14', 'fb667031-b361-4875-8e9e-1a23ad21f2ba'),
 ('42', 'SuperTable_Block', '1', '0', '2017-02-28 10:05:05', '2017-03-23 15:51:14', '19b80d89-7180-4f21-8ad7-a9578b5568e8'),
 ('43', 'SuperTable_Block', '1', '0', '2017-02-28 10:05:05', '2017-03-23 15:51:14', '4d6f50c5-1935-45f3-beb7-483fca1f49cf'),
 ('44', 'SuperTable_Block', '1', '0', '2017-02-28 10:05:05', '2017-03-23 15:51:14', '02c5249c-7259-463e-95cf-96231799e763'),
 ('45', 'SuperTable_Block', '1', '0', '2017-02-28 17:05:42', '2017-03-24 11:46:36', 'aada5484-b898-474d-a1e8-439a00906e32'),
 ('46', 'SuperTable_Block', '1', '0', '2017-02-28 17:07:33', '2017-03-24 11:46:36', 'dd2bd66a-08bd-4f24-95e1-f7d7f8a7f561'),
 ('47', 'SuperTable_Block', '1', '0', '2017-02-28 17:07:33', '2017-03-24 11:46:36', 'bd06dc60-1f1d-40f7-b9fe-ec8e7b83010c'),
 ('48', 'SuperTable_Block', '1', '0', '2017-02-28 17:15:35', '2017-03-24 11:46:36', 'a845e5c6-360f-44af-9a5f-3812258c3176'),
 ('49', 'SuperTable_Block', '1', '0', '2017-03-01 10:51:25', '2017-03-24 11:46:36', 'f521cc0c-8310-4cec-89c5-c14f01de3cbb'),
 ('50', 'SuperTable_Block', '1', '0', '2017-03-01 11:07:54', '2017-03-24 11:46:36', 'f2fc6893-99c8-4cb8-8752-4d445c87d3d3'),
 ('53', 'Asset', '1', '0', '2017-03-01 12:11:03', '2017-03-02 17:19:19', 'd7e646df-0f23-40a1-8538-2f6b6e940743'),
 ('54', 'Asset', '1', '0', '2017-03-01 12:11:03', '2017-03-02 17:19:19', 'ae6472c8-129d-4a87-b526-5eac1490507c'),
 ('55', 'Asset', '1', '0', '2017-03-01 12:14:44', '2017-03-02 17:19:19', '34cafcf1-9633-4e49-bcfc-63809b7ed08f'),
 ('56', 'Asset', '1', '0', '2017-03-01 12:14:45', '2017-03-02 17:19:19', '89dd8254-d7a7-46e3-9f3b-5403b2aca2cf'),
 ('57', 'Entry', '1', '0', '2017-03-01 13:02:16', '2017-03-01 13:37:06', '9597aefc-3d2b-4476-b662-9289b4c62a80'),
 ('58', 'Asset', '1', '0', '2017-03-02 16:59:04', '2017-03-02 17:19:20', '00b1f5dd-0d4f-4db5-9c00-56d2f6ccd943'),
 ('59', 'Asset', '1', '0', '2017-03-02 17:19:19', '2017-03-02 17:19:19', '6227d704-baa4-421a-9198-aa539f63449b'),
 ('60', 'Asset', '1', '0', '2017-03-02 17:19:19', '2017-03-02 17:19:19', 'c5a22c87-73de-4eaf-91f7-797408862085'),
 ('62', 'Entry', '1', '0', '2017-03-09 14:05:31', '2017-03-09 14:14:34', '59958a68-8c96-4c16-b8ae-85a84629d074'),
 ('63', 'SuperTable_Block', '1', '0', '2017-03-23 15:46:37', '2017-03-23 15:51:14', 'af8d33d5-6439-424c-93f1-0644c30d2a50'),
 ('64', 'SuperTable_Block', '1', '0', '2017-03-23 15:50:37', '2017-03-23 15:51:14', '7986720f-699a-4d10-87ee-84ccdafb348e'),
 ('65', 'SuperTable_Block', '1', '0', '2017-03-23 15:50:37', '2017-03-23 15:51:14', '85620118-848e-4c0d-990b-f94f06a9f3d5'),
 ('66', 'SuperTable_Block', '1', '0', '2017-03-23 15:50:37', '2017-03-23 15:51:14', 'c49f50c0-1db0-4d7b-b5f9-5d1413df3978'),
 ('67', 'SuperTable_Block', '1', '0', '2017-03-23 16:22:43', '2017-03-23 16:22:43', '3cab9949-2d7a-4344-bad5-db5b0f60ba25'),
 ('68', 'SuperTable_Block', '1', '0', '2017-03-23 16:22:43', '2017-03-23 16:22:43', 'dd29a9ca-842b-4ed5-9d42-f4d6c2243b7e'),
 ('69', 'SuperTable_Block', '1', '0', '2017-03-23 16:22:43', '2017-03-23 16:22:43', '0b546930-3912-4db6-adcd-79be64bfc79e'),
 ('70', 'SuperTable_Block', '1', '0', '2017-03-23 16:22:43', '2017-03-23 16:22:43', '03292839-7685-4569-b9e0-0ebf8379b85f'),
 ('71', 'SuperTable_Block', '1', '0', '2017-03-23 16:22:43', '2017-03-23 16:22:43', '84db96cc-4cf6-4b6b-a8bd-f6c3cde2d4e0'),
 ('72', 'SuperTable_Block', '1', '0', '2017-03-23 16:22:43', '2017-03-23 16:22:43', 'e5d7548e-0835-464a-9458-e84de0ecde28'),
 ('73', 'SuperTable_Block', '1', '0', '2017-03-23 16:22:43', '2017-03-23 16:22:43', 'e9bd3624-3185-45cc-b3d4-b52e1f71a06a'),
 ('74', 'SuperTable_Block', '1', '0', '2017-03-23 16:22:43', '2017-03-23 16:22:43', '4caabbb4-80cb-4ef2-b418-446bf120f0c9'),
 ('75', 'SuperTable_Block', '1', '0', '2017-03-23 16:22:43', '2017-03-23 16:22:43', 'cb81c0e7-155b-445b-a348-3f54958f066f'),
 ('76', 'SuperTable_Block', '1', '0', '2017-03-23 16:28:11', '2017-03-27 14:32:13', 'b5862697-395a-42ed-8c3e-f3cc920f90e6'),
 ('77', 'SuperTable_Block', '1', '0', '2017-03-23 16:28:11', '2017-03-27 14:32:13', '7e71c03c-d30a-4745-9331-b0d7b77ad383'),
 ('78', 'SuperTable_Block', '1', '0', '2017-03-24 16:24:44', '2017-03-24 16:26:53', '646c5c58-74c0-4bca-944c-2443082b4eb7'),
 ('79', 'SuperTable_Block', '1', '0', '2017-03-24 16:24:44', '2017-03-24 16:26:53', '526dede4-f2de-4a43-b94c-a63a34dd50b1'),
 ('80', 'SuperTable_Block', '1', '0', '2017-03-24 16:24:44', '2017-03-24 16:26:53', 'dc047b5a-bd90-48f7-8205-09e905eba9d0'),
 ('81', 'SuperTable_Block', '1', '0', '2017-03-24 16:24:44', '2017-03-24 16:26:53', '77952c6f-9274-45c4-afa9-df39fd6a161c'),
 ('82', 'SuperTable_Block', '1', '0', '2017-03-24 16:24:44', '2017-03-24 16:26:53', 'c218ca6e-ba81-4c0d-a4b8-8003a6e253b7'),
 ('83', 'SuperTable_Block', '1', '0', '2017-03-27 14:19:34', '2017-03-27 14:23:23', '9e957272-a2bb-4e3d-a3e6-54a91133c493'),
 ('84', 'SuperTable_Block', '1', '0', '2017-03-27 14:23:23', '2017-03-27 14:23:23', 'ab8197af-3118-4f5f-adcb-033b747161bd'),
 ('85', 'SuperTable_Block', '1', '0', '2017-03-27 14:23:23', '2017-03-27 14:23:23', '799d0f48-32f1-4684-bbc2-6c9e75773b09'),
 ('86', 'SuperTable_Block', '1', '0', '2017-03-27 14:23:23', '2017-03-27 14:23:23', 'e3fffd14-e3a8-46e5-b415-37669d7a464e'),
 ('87', 'SuperTable_Block', '1', '0', '2017-03-27 14:23:23', '2017-03-27 14:23:23', '12349082-f87f-4aa3-9703-db808fdea61f'),
 ('88', 'SuperTable_Block', '1', '0', '2017-03-27 14:32:13', '2017-03-27 14:32:13', '97fd7b48-6650-437e-aef8-61d03e5b2762'),
 ('89', 'SuperTable_Block', '1', '0', '2017-03-27 14:32:13', '2017-03-27 14:32:13', 'f1f9b820-cd03-42e3-a2d0-2e2a4ce74ff0'),
 ('90', 'SuperTable_Block', '1', '0', '2017-03-27 14:32:13', '2017-03-27 14:32:13', 'f117262a-0177-4e79-a293-0de93f756d67'),
 ('91', 'SuperTable_Block', '1', '0', '2017-03-27 14:32:13', '2017-03-27 14:32:13', '15388838-0f67-447e-90a6-e4739d5b0944'),
 ('92', 'SuperTable_Block', '1', '0', '2017-03-27 14:32:13', '2017-03-27 14:32:13', '33bb785c-1d52-485d-a163-dffe68c331c1'),
 ('93', 'SuperTable_Block', '1', '0', '2017-03-27 14:37:01', '2017-03-27 14:37:56', 'a13572ba-ecca-4c1f-9aba-f2ed1f9c1239'),
 ('94', 'SuperTable_Block', '1', '0', '2017-03-27 14:37:01', '2017-03-27 14:37:56', 'ae822cc6-9747-4c27-8f20-3928b0658c80'),
 ('95', 'SuperTable_Block', '1', '0', '2017-03-27 14:37:02', '2017-03-27 14:37:56', 'db72ebe6-ee13-42a5-8c39-1b6172191f1c');



DROP TABLE IF EXISTS `craft_elements_i18n`;


--
-- Schema for table `craft_elements_i18n`
--
CREATE TABLE `craft_elements_i18n` (
  `id` int(11) NOT NULL AUTO_INCREMENT,
  `elementId` int(11) NOT NULL,
  `locale` char(12) COLLATE utf8_unicode_ci NOT NULL,
  `slug` varchar(255) COLLATE utf8_unicode_ci DEFAULT NULL,
  `uri` varchar(255) COLLATE utf8_unicode_ci DEFAULT NULL,
  `enabled` tinyint(1) unsigned NOT NULL DEFAULT '1',
  `dateCreated` datetime NOT NULL,
  `dateUpdated` datetime NOT NULL,
  `uid` char(36) COLLATE utf8_unicode_ci NOT NULL DEFAULT '0',
  PRIMARY KEY (`id`),
  UNIQUE KEY `craft_elements_i18n_elementId_locale_unq_idx` (`elementId`,`locale`),
  UNIQUE KEY `craft_elements_i18n_uri_locale_unq_idx` (`uri`,`locale`),
  KEY `craft_elements_i18n_slug_locale_idx` (`slug`,`locale`),
  KEY `craft_elements_i18n_enabled_idx` (`enabled`),
  KEY `craft_elements_i18n_locale_fk` (`locale`)
) ENGINE=InnoDB AUTO_INCREMENT=96 DEFAULT CHARSET=utf8 COLLATE=utf8_unicode_ci;

--
-- Data for table `craft_elements_i18n`
--

INSERT INTO `craft_elements_i18n` (`id`, `elementId`, `locale`, `slug`, `uri`, `enabled`, `dateCreated`, `dateUpdated`, `uid`) VALUES
 ('1', '1', 'en', '', NULL, '1', '2017-02-27 15:05:18', '2017-02-27 15:05:18', 'fcf70469-af4f-45e5-b76e-59dc13fb97b1'),
 ('2', '2', 'en', 'homepage', '__home__', '1', '2017-02-27 15:05:21', '2017-03-02 17:00:07', '6febb6ae-0de4-4da5-8f3e-7ccc5c39f60b'),
 ('3', '3', 'en', 'we-just-installed-craft', 'news/2017/we-just-installed-craft', '1', '2017-02-27 15:05:21', '2017-02-27 15:05:21', 'c801c6fa-6545-427f-b9a1-0a27bb4da5ea'),
 ('4', '4', 'en', 'warm-air-extraction', 'fans-by-application/warm-air-extraction', '1', '2017-02-27 15:10:36', '2017-03-27 13:19:30', 'f4611ea6-4b87-4832-bebc-47a902356d2e'),
 ('5', '5', 'en', 'fume-control', 'fans-by-application/fume-control', '1', '2017-02-27 15:10:49', '2017-03-27 13:20:45', '1476b592-e922-49e9-8a4e-086109ce3df0'),
 ('6', '6', 'en', 'emergency-smoke-extraction', 'fans-by-application/emergency-smoke-extraction', '1', '2017-02-27 15:11:01', '2017-03-24 16:26:53', 'a8099383-f534-4a02-b1e4-4fbe5b90bb2b'),
 ('7', '7', 'en', 'roof-extract-fans', 'fans-by-application/roof-extract-fans', '1', '2017-02-27 15:11:11', '2017-03-27 14:23:23', 'fb8c5106-7f87-4e76-bc2a-120038c55747'),
 ('8', '8', 'en', 'axial-and-bifurcated-fan-accessories', 'fans-by-application/axial-and-bifurcated-fan-accessories', '1', '2017-02-27 15:11:20', '2017-03-27 14:37:56', '309077d1-226b-4917-afe9-d00d2c481e7e'),
 ('16', '16', 'en', '', NULL, '1', '2017-02-27 15:56:17', '2017-02-27 15:58:41', '262c6cd9-efd0-4efa-937a-12a821b5e86f'),
 ('17', '17', 'en', 'axial-flow-fans', 'axial-flow-fans', '1', '2017-02-27 16:02:49', '2017-03-23 15:51:14', '5468495e-7ba1-4a55-9c56-e7daca12c91d'),
 ('18', '18', 'en', 'plate-mounted-axial-flow-fan', 'axial-flow-fans/plate-mounted-axial-flow-fan', '1', '2017-02-27 16:03:13', '2017-03-24 11:46:36', 'bafb5542-17a6-4a00-a395-08eedd287be4'),
 ('19', '19', 'en', 'bifurcated-fans', 'bifurcated-fans', '1', '2017-02-27 16:07:43', '2017-03-23 16:22:43', 'ee76e451-cf12-480b-b4cf-9e9d7aee139b'),
 ('20', '20', 'en', 'centrifugal-fans', 'centrifugal-fans', '1', '2017-02-27 16:08:02', '2017-03-27 14:32:13', '85fa651b-bd9e-4dd8-82e1-d1e53fa8eff0'),
 ('21', '21', 'en', 'flameproof-fans', 'flameproof-fans', '1', '2017-02-27 16:08:22', '2017-03-27 13:18:34', '8cab1aea-07e1-4176-84ab-3f98dc65c530'),
 ('22', '22', 'en', 'conical-bifurcated-fans', 'bifurcated-fans/conical-bifurcated-fans', '1', '2017-02-27 16:09:02', '2017-03-24 11:50:58', '126c4e7d-424a-422e-ad9b-baaba201831f'),
 ('23', '23', 'en', 'cylindrical-bifurcated-fans', 'bifurcated-fans/cylindrical-bifurcated-fans', '1', '2017-02-27 16:09:23', '2017-03-23 16:41:47', 'af68f67c-3bbc-4951-b481-e16eaabe59fb'),
 ('24', '24', 'en', 'long-cased-axial-flow-fans', 'axial-flow-fans/long-cased-axial-flow-fans', '1', '2017-02-27 16:09:41', '2017-03-24 11:47:56', '767ae989-47a8-482e-81f0-8cbc24ea213c'),
 ('25', '25', 'en', 'short-cased-axial-flow-fans', 'axial-flow-fans/short-cased-axial-flow-fans', '1', '2017-02-27 16:10:05', '2017-03-24 11:48:39', '9255b6ab-d4c5-41f5-9a13-9c238d403bad'),
 ('26', '26', 'en', 'external-motor-axial-flow-fans', 'axial-flow-fans/external-motor-axial-flow-fans', '1', '2017-02-27 16:10:20', '2017-03-07 16:39:55', 'a14f7349-c4ca-4ae1-9bbf-6d708a4319d5'),
 ('27', '27', 'en', 'roof-extract-axial-flow-fans', 'axial-flow-fans/roof-extract-axial-flow-fans', '1', '2017-02-27 16:10:40', '2017-03-24 11:49:15', 'bf4086f1-6ae7-42db-8151-18f726a601e0'),
 ('28', '28', 'en', 'man-cooler-axial-flow-fans', 'axial-flow-fans/man-cooler-axial-flow-fans', '1', '2017-02-27 16:10:56', '2017-03-24 11:49:45', 'b929f195-87ee-4f60-b6fd-ccc905c361ff'),
 ('29', '29', 'en', 'emergency-smoke-extraction-axial-flow-fans', 'axial-flow-fans/emergency-smoke-extraction-axial-flow-fans', '1', '2017-02-27 16:11:17', '2017-03-27 14:33:35', 'aabe8cab-5d44-419f-9551-47022c222068'),
 ('30', '30', 'en', 'high-pressure-blowers', 'centrifugal-fans/high-pressure-blowers', '1', '2017-02-27 16:17:30', '2017-03-27 14:32:14', 'b9cef114-cc80-4add-a0f1-bea71f7e93e5'),
 ('31', '31', 'en', 'product-specification-1', 'flameproof-fans/product-specification-1', '1', '2017-02-27 16:17:46', '2017-03-27 13:18:34', '87c5da36-b8d6-4aac-a1e6-a66084b94997'),
 ('32', '32', 'en', 'paddle-bladed', 'centrifugal-fans/paddle-bladed', '1', '2017-02-27 16:18:09', '2017-03-24 11:52:44', '52958507-1bc8-448a-9305-9a64f4a4e7c7'),
 ('33', '33', 'en', 'forward-curved', 'centrifugal-fans/forward-curved', '1', '2017-02-27 16:18:18', '2017-03-24 11:53:10', 'f52f43b6-3ae8-4d39-bb7f-62a8ad6abe6b'),
 ('34', '34', 'en', 'backward-curved-centrifugal-fans', 'centrifugal-fans/backward-curved-centrifugal-fans', '1', '2017-02-27 16:18:46', '2017-03-07 17:19:18', '5dd7479e-a531-4ea6-a1b3-b3e8553e5711'),
 ('35', '35', 'en', 'aerofoil-centrifugal-fans', 'centrifugal-fans/aerofoil-centrifugal-fans', '1', '2017-02-27 16:19:40', '2017-03-24 11:53:44', 'b960f3cb-394b-423f-ac61-5d54fe9c5a06'),
 ('36', '36', 'en', '', NULL, '1', '2017-02-28 10:02:46', '2017-03-23 15:51:14', '520473e5-e088-4f16-899a-bf656f4573ee'),
 ('37', '37', 'en', '', NULL, '1', '2017-02-28 10:02:46', '2017-03-23 15:51:14', 'b123cdf9-9768-4a71-a342-371f7590f144'),
 ('38', '38', 'en', '', NULL, '1', '2017-02-28 10:02:46', '2017-03-23 15:51:14', '68519f13-cd9b-4f36-b448-26f9db6b4343'),
 ('41', '41', 'en', '', NULL, '1', '2017-02-28 10:05:05', '2017-03-23 15:51:14', 'b78470e2-cf5f-4923-89e7-f4c3f4734dab'),
 ('42', '42', 'en', '', NULL, '1', '2017-02-28 10:05:05', '2017-03-23 15:51:14', '0dba619c-882f-488b-8df7-37a4c4b32d7f'),
 ('43', '43', 'en', '', NULL, '1', '2017-02-28 10:05:05', '2017-03-23 15:51:14', '088f8d59-3097-462f-b9da-c83e818bd3e5'),
 ('44', '44', 'en', '', NULL, '1', '2017-02-28 10:05:05', '2017-03-23 15:51:14', 'f51c76ff-da2c-45a1-b840-575c2376bab4'),
 ('45', '45', 'en', '', NULL, '1', '2017-02-28 17:05:42', '2017-03-24 11:46:36', 'f280c1d3-2d6c-40c6-a97a-a72f1a0e413f'),
 ('46', '46', 'en', '', NULL, '1', '2017-02-28 17:07:33', '2017-03-24 11:46:36', '59d9438c-96fb-4e1c-adaf-fe1b12596759'),
 ('47', '47', 'en', '', NULL, '1', '2017-02-28 17:07:33', '2017-03-24 11:46:36', 'dfa9213f-5b97-4866-9d22-c28931cde01b'),
 ('48', '48', 'en', '', NULL, '1', '2017-02-28 17:15:35', '2017-03-24 11:46:36', 'fe799d5b-8c1c-455f-b17e-445bd8402bc5'),
 ('49', '49', 'en', '', NULL, '1', '2017-03-01 10:51:25', '2017-03-24 11:46:36', '473e12dc-3115-4e74-a662-c5ff7d115288'),
 ('50', '50', 'en', '', NULL, '1', '2017-03-01 11:07:54', '2017-03-24 11:46:36', '08400509-c597-4061-9587-77495e14990a'),
 ('53', '53', 'en', 'pos1', NULL, '1', '2017-03-01 12:11:03', '2017-03-02 17:19:19', 'f4547bc5-910f-4298-8d53-55bf5e0e10e8'),
 ('54', '54', 'en', 'pos2', NULL, '1', '2017-03-01 12:11:03', '2017-03-02 17:19:19', 'fce2b8a5-a3a7-4526-b661-c041a8c39f70'),
 ('55', '55', 'en', 'draw1', NULL, '1', '2017-03-01 12:14:44', '2017-03-02 17:19:19', '41fdb8c4-76d1-434e-901b-cf7b74611713'),
 ('56', '56', 'en', 'draw2', NULL, '1', '2017-03-01 12:14:45', '2017-03-02 17:19:20', '1b8affff-e9fb-40bc-b751-0f4c52b0ca29'),
 ('57', '57', 'en', 'product-range', 'product-range', '1', '2017-03-01 13:02:16', '2017-03-01 13:37:06', 'd7c27a69-70ba-4ff6-9800-7ee07518e4d3'),
 ('58', '58', 'en', 'hero1', NULL, '1', '2017-03-02 16:59:04', '2017-03-02 17:19:20', '377152a3-2588-4e53-b47b-0e011c587da9'),
 ('59', '59', 'en', 'pos3', NULL, '1', '2017-03-02 17:19:19', '2017-03-02 17:19:19', '7bc92f5c-e6ef-482d-9354-f721633fac4e'),
 ('60', '60', 'en', 'pos4', NULL, '1', '2017-03-02 17:19:19', '2017-03-02 17:19:19', 'd7fc65ce-58cb-4e00-8a47-e7c7497f5c35'),
 ('62', '62', 'en', 'company-background', 'company-background', '1', '2017-03-09 14:05:31', '2017-03-09 14:14:34', '02a176c3-2196-437f-9e5e-19cac4e291a2'),
 ('63', '63', 'en', '', NULL, '1', '2017-03-23 15:46:37', '2017-03-23 15:51:14', 'caf6ff12-d041-4e57-9dcb-1d97cb8d0cec'),
 ('64', '64', 'en', '', NULL, '1', '2017-03-23 15:50:37', '2017-03-23 15:51:14', '9ce2d44e-770f-4612-9495-b11fed8db8ea'),
 ('65', '65', 'en', '', NULL, '1', '2017-03-23 15:50:37', '2017-03-23 15:51:14', '1dc5f16c-7d69-457b-a633-5b451b22c361'),
 ('66', '66', 'en', '', NULL, '1', '2017-03-23 15:50:37', '2017-03-23 15:51:14', '6e22b83c-5bba-4809-8881-a88ef5bb5c9e'),
 ('67', '67', 'en', '', NULL, '1', '2017-03-23 16:22:43', '2017-03-23 16:22:43', 'bb6fbf42-a2f8-442c-b419-24a20d0cac54'),
 ('68', '68', 'en', '', NULL, '1', '2017-03-23 16:22:43', '2017-03-23 16:22:43', 'cab74467-1a4f-413e-9f1c-38259070363d'),
 ('69', '69', 'en', '', NULL, '1', '2017-03-23 16:22:43', '2017-03-23 16:22:43', '52b4b0dd-e6ac-4e73-9ea0-edd34901f993'),
 ('70', '70', 'en', '', NULL, '1', '2017-03-23 16:22:43', '2017-03-23 16:22:43', 'c361f67b-7dd1-4f34-8492-1b5f5fd5d279'),
 ('71', '71', 'en', '', NULL, '1', '2017-03-23 16:22:43', '2017-03-23 16:22:43', '3359818b-e352-4e57-9eb0-4769c3d02a7f'),
 ('72', '72', 'en', '', NULL, '1', '2017-03-23 16:22:43', '2017-03-23 16:22:43', '33065542-891b-4af5-928e-05d6a019c823'),
 ('73', '73', 'en', '', NULL, '1', '2017-03-23 16:22:43', '2017-03-23 16:22:43', '96db5733-4a3d-4045-aa64-c2402c381d8f'),
 ('74', '74', 'en', '', NULL, '1', '2017-03-23 16:22:43', '2017-03-23 16:22:43', '72a93cca-642e-454e-b67e-1b0e932e4ce1'),
 ('75', '75', 'en', '', NULL, '1', '2017-03-23 16:22:43', '2017-03-23 16:22:43', 'ed0e62cf-d283-4ae0-8b3b-f20a29606c84'),
 ('76', '76', 'en', '', NULL, '1', '2017-03-23 16:28:11', '2017-03-27 14:32:13', 'bc9f76fc-32aa-4e12-b415-b426b6df1fb4'),
 ('77', '77', 'en', '', NULL, '1', '2017-03-23 16:28:11', '2017-03-27 14:32:13', '02fed995-0509-48ee-88b4-773d98af348a'),
 ('78', '78', 'en', '', NULL, '1', '2017-03-24 16:24:44', '2017-03-24 16:26:53', '5a633835-ad29-4be9-9891-e14837d5131b'),
 ('79', '79', 'en', '', NULL, '1', '2017-03-24 16:24:44', '2017-03-24 16:26:53', '5721c8a3-a665-4706-9766-2220ac783a5e'),
 ('80', '80', 'en', '', NULL, '1', '2017-03-24 16:24:44', '2017-03-24 16:26:53', 'eb06ce31-4867-4f78-b419-6844be4caa55'),
 ('81', '81', 'en', '', NULL, '1', '2017-03-24 16:24:44', '2017-03-24 16:26:53', '2ac57d0f-50f6-4637-9879-ef3bb1ba17db'),
 ('82', '82', 'en', '', NULL, '1', '2017-03-24 16:24:44', '2017-03-24 16:26:53', '23de4de4-413a-42ca-8e5d-5cf9673f54ec'),
 ('83', '83', 'en', '', NULL, '1', '2017-03-27 14:19:34', '2017-03-27 14:23:23', '4c33c9ff-7189-4ad2-8818-8d8b6a0a9070'),
 ('84', '84', 'en', '', NULL, '1', '2017-03-27 14:23:23', '2017-03-27 14:23:23', 'e239d7de-ddbb-4109-a7c6-9f9fd0cb6261'),
 ('85', '85', 'en', '', NULL, '1', '2017-03-27 14:23:23', '2017-03-27 14:23:23', '8cedb60f-ebdc-4087-bceb-204abf8267b8'),
 ('86', '86', 'en', '', NULL, '1', '2017-03-27 14:23:23', '2017-03-27 14:23:23', '142d56f0-a99d-48d6-a57e-b2b2182e967f'),
 ('87', '87', 'en', '', NULL, '1', '2017-03-27 14:23:23', '2017-03-27 14:23:23', '4b1d1eca-6cab-4d20-9cf0-a634eb5dd592'),
 ('88', '88', 'en', '', NULL, '1', '2017-03-27 14:32:13', '2017-03-27 14:32:13', '122f28d6-90bb-49ca-b977-fba1744cd32a'),
 ('89', '89', 'en', '', NULL, '1', '2017-03-27 14:32:13', '2017-03-27 14:32:13', 'ec5e9f69-4379-47a5-9ec8-9fdf23cba547'),
 ('90', '90', 'en', '', NULL, '1', '2017-03-27 14:32:13', '2017-03-27 14:32:13', '0a553cd3-52c2-4302-92b1-dc12bdd4a93d'),
 ('91', '91', 'en', '', NULL, '1', '2017-03-27 14:32:13', '2017-03-27 14:32:13', 'ef04a4ed-25f4-4468-b970-02e1618f02bd'),
 ('92', '92', 'en', '', NULL, '1', '2017-03-27 14:32:13', '2017-03-27 14:32:13', '4cf70e96-4dfd-4281-a005-148c2ee750df'),
 ('93', '93', 'en', '', NULL, '1', '2017-03-27 14:37:01', '2017-03-27 14:37:56', '9b9ec55d-52c7-411f-872f-c23a0edf88e8'),
 ('94', '94', 'en', '', NULL, '1', '2017-03-27 14:37:02', '2017-03-27 14:37:56', '8080b0b4-7765-4fec-aa2b-e0f83d2b9c17'),
 ('95', '95', 'en', '', NULL, '1', '2017-03-27 14:37:02', '2017-03-27 14:37:56', 'a92793f8-01e1-4e2c-86be-daa0cac48f21');



DROP TABLE IF EXISTS `craft_emailmessages`;


--
-- Schema for table `craft_emailmessages`
--
CREATE TABLE `craft_emailmessages` (
  `id` int(11) NOT NULL AUTO_INCREMENT,
  `key` char(150) COLLATE utf8_unicode_ci NOT NULL,
  `locale` char(12) COLLATE utf8_unicode_ci NOT NULL,
  `subject` varchar(1000) COLLATE utf8_unicode_ci NOT NULL,
  `body` text COLLATE utf8_unicode_ci NOT NULL,
  `dateCreated` datetime NOT NULL,
  `dateUpdated` datetime NOT NULL,
  `uid` char(36) COLLATE utf8_unicode_ci NOT NULL DEFAULT '0',
  PRIMARY KEY (`id`),
  UNIQUE KEY `craft_emailmessages_key_locale_unq_idx` (`key`,`locale`),
  KEY `craft_emailmessages_locale_fk` (`locale`)
) ENGINE=InnoDB DEFAULT CHARSET=utf8 COLLATE=utf8_unicode_ci;

DROP TABLE IF EXISTS `craft_entries`;


--
-- Schema for table `craft_entries`
--
CREATE TABLE `craft_entries` (
  `id` int(11) NOT NULL,
  `sectionId` int(11) NOT NULL,
  `typeId` int(11) DEFAULT NULL,
  `authorId` int(11) DEFAULT NULL,
  `postDate` datetime DEFAULT NULL,
  `expiryDate` datetime DEFAULT NULL,
  `dateCreated` datetime NOT NULL,
  `dateUpdated` datetime NOT NULL,
  `uid` char(36) COLLATE utf8_unicode_ci NOT NULL DEFAULT '0',
  PRIMARY KEY (`id`),
  KEY `craft_entries_sectionId_idx` (`sectionId`),
  KEY `craft_entries_typeId_idx` (`typeId`),
  KEY `craft_entries_postDate_idx` (`postDate`),
  KEY `craft_entries_expiryDate_idx` (`expiryDate`),
  KEY `craft_entries_authorId_fk` (`authorId`)
) ENGINE=InnoDB DEFAULT CHARSET=utf8 COLLATE=utf8_unicode_ci;

--
-- Data for table `craft_entries`
--

INSERT INTO `craft_entries` (`id`, `sectionId`, `typeId`, `authorId`, `postDate`, `expiryDate`, `dateCreated`, `dateUpdated`, `uid`) VALUES
 ('2', '1', NULL, NULL, '2017-02-27 15:05:21', NULL, '2017-02-27 15:05:21', '2017-03-02 17:00:07', '8cefd059-2a7a-49ee-91e4-7c276461fe5f'),
 ('3', '2', '2', '1', '2017-02-27 15:05:21', NULL, '2017-02-27 15:05:21', '2017-02-27 15:05:21', '1894f3eb-b22d-4b84-98eb-9f2a960de359'),
 ('17', '3', '4', '1', '2017-02-27 16:02:00', NULL, '2017-02-27 16:02:49', '2017-03-23 15:51:14', '555007c1-5b11-4b5c-8e6b-ccc03b116978'),
 ('18', '3', '3', '1', '2017-02-27 16:03:00', NULL, '2017-02-27 16:03:13', '2017-03-24 11:46:36', 'b51fa88c-9410-46ab-a9fc-68f4fe3ca434'),
 ('19', '3', '4', '1', '2017-02-27 16:07:00', NULL, '2017-02-27 16:07:43', '2017-03-23 16:22:43', '1722451a-14bc-4ce8-86e6-584bba30ad91'),
 ('20', '3', '4', '1', '2017-02-27 16:08:00', NULL, '2017-02-27 16:08:02', '2017-03-27 14:32:13', 'a7f71a00-9bc3-4c55-8e6c-bce04da03475'),
 ('21', '3', '4', '1', '2017-02-27 16:08:00', NULL, '2017-02-27 16:08:22', '2017-03-27 13:18:34', '50730ec9-9d82-4d17-ad74-29351e762bef'),
 ('22', '3', '3', '1', '2017-02-27 16:09:00', NULL, '2017-02-27 16:09:02', '2017-03-24 11:50:58', '61ad2557-38f8-4a88-b2d5-c130ad8cc769'),
 ('23', '3', '3', '1', '2017-02-27 16:09:00', NULL, '2017-02-27 16:09:23', '2017-03-23 16:41:47', '433d991e-b47b-44c8-94ce-4eaba57338f0'),
 ('24', '3', '3', '1', '2017-02-27 16:09:00', NULL, '2017-02-27 16:09:41', '2017-03-24 11:47:56', 'cdd0d1c8-a3f3-489e-9a76-bee5cbdfb362'),
 ('25', '3', '3', '1', '2017-02-27 16:10:00', NULL, '2017-02-27 16:10:05', '2017-03-24 11:48:39', '6b0cc2ee-ef05-4687-8d7b-f16ad5f48581'),
 ('26', '3', '3', '1', '2017-02-27 16:10:00', NULL, '2017-02-27 16:10:20', '2017-03-07 16:39:55', '90fdaf0c-f4a5-4ec8-8fa4-50e404b3719a'),
 ('27', '3', '3', '1', '2017-02-27 16:10:00', NULL, '2017-02-27 16:10:40', '2017-03-24 11:49:15', '6046f5fd-3e91-4d36-81ac-22735f17e6e6'),
 ('28', '3', '3', '1', '2017-02-27 16:10:00', NULL, '2017-02-27 16:10:56', '2017-03-24 11:49:45', 'dadc0355-13e9-44fe-ba2f-493173975095'),
 ('29', '3', '3', '1', '2017-02-27 16:11:00', NULL, '2017-02-27 16:11:17', '2017-03-27 14:33:35', 'd4462e84-fde5-4222-94f5-4d4db19ac17a'),
 ('30', '3', '3', '1', '2017-02-27 16:17:00', NULL, '2017-02-27 16:17:30', '2017-03-24 11:52:18', 'b3efa1d6-92ee-4568-b3ce-063fb134adba'),
 ('31', '3', '3', '1', '2017-02-27 16:03:00', NULL, '2017-02-27 16:17:46', '2017-03-24 11:51:45', '862d9147-eaac-4738-99ac-950a6b8eddf5'),
 ('32', '3', '3', '1', '2017-02-27 16:18:00', NULL, '2017-02-27 16:18:09', '2017-03-24 11:52:44', 'ff3919f1-beb4-4d35-8ab6-c740c7a0fa6f'),
 ('33', '3', '3', '1', '2017-02-27 16:18:00', NULL, '2017-02-27 16:18:18', '2017-03-24 11:53:11', '796e495b-2846-4c08-966f-7607bdffedc4'),
 ('34', '3', '3', '1', '2017-02-27 16:18:00', NULL, '2017-02-27 16:18:46', '2017-03-07 17:19:18', 'dbc10b16-14cb-433f-a28e-9ba0af4cc33c'),
 ('35', '3', '3', '1', '2017-02-27 16:19:00', NULL, '2017-02-27 16:19:40', '2017-03-24 11:53:44', 'd4a72465-a9b6-44cf-9389-448c4cbfd1b1'),
 ('57', '4', '5', NULL, '2017-03-01 13:10:21', NULL, '2017-03-01 13:02:16', '2017-03-01 13:37:06', 'c41dd24b-de72-4b3c-90ae-38c6894290c6'),
 ('62', '6', NULL, NULL, '2017-03-09 14:05:31', NULL, '2017-03-09 14:05:31', '2017-03-09 14:14:34', 'be5d5fe6-5daf-4496-9264-f0c1a1aaa292');



DROP TABLE IF EXISTS `craft_entrydrafts`;


--
-- Schema for table `craft_entrydrafts`
--
CREATE TABLE `craft_entrydrafts` (
  `id` int(11) NOT NULL AUTO_INCREMENT,
  `entryId` int(11) NOT NULL,
  `sectionId` int(11) NOT NULL,
  `creatorId` int(11) NOT NULL,
  `locale` char(12) COLLATE utf8_unicode_ci NOT NULL,
  `name` varchar(255) COLLATE utf8_unicode_ci NOT NULL,
  `notes` tinytext COLLATE utf8_unicode_ci,
  `data` mediumtext COLLATE utf8_unicode_ci NOT NULL,
  `dateCreated` datetime NOT NULL,
  `dateUpdated` datetime NOT NULL,
  `uid` char(36) COLLATE utf8_unicode_ci NOT NULL DEFAULT '0',
  PRIMARY KEY (`id`),
  KEY `craft_entrydrafts_entryId_locale_idx` (`entryId`,`locale`),
  KEY `craft_entrydrafts_sectionId_fk` (`sectionId`),
  KEY `craft_entrydrafts_creatorId_fk` (`creatorId`),
  KEY `craft_entrydrafts_locale_fk` (`locale`)
) ENGINE=InnoDB DEFAULT CHARSET=utf8 COLLATE=utf8_unicode_ci;

DROP TABLE IF EXISTS `craft_entrytypes`;


--
-- Schema for table `craft_entrytypes`
--
CREATE TABLE `craft_entrytypes` (
  `id` int(11) NOT NULL AUTO_INCREMENT,
  `sectionId` int(11) NOT NULL,
  `fieldLayoutId` int(11) DEFAULT NULL,
  `name` varchar(255) COLLATE utf8_unicode_ci NOT NULL,
  `handle` varchar(255) COLLATE utf8_unicode_ci NOT NULL,
  `hasTitleField` tinyint(1) unsigned NOT NULL DEFAULT '1',
  `titleLabel` varchar(255) COLLATE utf8_unicode_ci DEFAULT 'Title',
  `titleFormat` varchar(255) COLLATE utf8_unicode_ci DEFAULT NULL,
  `sortOrder` smallint(6) unsigned DEFAULT NULL,
  `dateCreated` datetime NOT NULL,
  `dateUpdated` datetime NOT NULL,
  `uid` char(36) COLLATE utf8_unicode_ci NOT NULL DEFAULT '0',
  PRIMARY KEY (`id`),
  UNIQUE KEY `craft_entrytypes_name_sectionId_unq_idx` (`name`,`sectionId`),
  UNIQUE KEY `craft_entrytypes_handle_sectionId_unq_idx` (`handle`,`sectionId`),
  KEY `craft_entrytypes_sectionId_fk` (`sectionId`),
  KEY `craft_entrytypes_fieldLayoutId_fk` (`fieldLayoutId`)
) ENGINE=InnoDB AUTO_INCREMENT=8 DEFAULT CHARSET=utf8 COLLATE=utf8_unicode_ci;

--
-- Data for table `craft_entrytypes`
--

INSERT INTO `craft_entrytypes` (`id`, `sectionId`, `fieldLayoutId`, `name`, `handle`, `hasTitleField`, `titleLabel`, `titleFormat`, `sortOrder`, `dateCreated`, `dateUpdated`, `uid`) VALUES
 ('1', '1', '54', 'Homepage', 'homepage', '1', 'Title', NULL, '1', '2017-02-27 15:05:21', '2017-03-02 16:59:56', '50d7f025-b278-4d84-aeb3-91cd5260b6de'),
 ('2', '2', '5', 'News', 'news', '1', 'Title', NULL, '1', '2017-02-27 15:05:21', '2017-02-27 15:05:21', 'f624b2d8-55e0-4e98-99f2-54af992828be'),
 ('3', '3', '61', 'Product Specification', 'secType_productSpecification', '1', 'Product Title', NULL, '1', '2017-02-27 15:32:41', '2017-03-24 09:40:36', '0221bae3-0c87-4976-b7f9-39a728c50154'),
 ('4', '3', '55', 'Product Group Overview', 'secType_productGroupOverview', '1', 'Product Group Title', NULL, '2', '2017-02-27 15:52:27', '2017-03-02 17:16:59', '7ef2438b-9479-4872-8d4a-37f826ef3c27'),
 ('5', '4', '51', 'Product Range', 'productRange', '1', 'Page Title', NULL, '1', '2017-03-01 13:02:16', '2017-03-01 13:36:39', 'f1051405-cb92-444c-bf33-e872553f6350'),
 ('7', '6', '59', 'Company Background', 'companyBackground', '0', NULL, '{section.name|raw}', '1', '2017-03-09 14:05:31', '2017-03-09 14:11:34', '34586046-77c6-44c7-aaa7-3725a4d6d15a');



DROP TABLE IF EXISTS `craft_entryversions`;


--
-- Schema for table `craft_entryversions`
--
CREATE TABLE `craft_entryversions` (
  `id` int(11) NOT NULL AUTO_INCREMENT,
  `entryId` int(11) NOT NULL,
  `sectionId` int(11) NOT NULL,
  `creatorId` int(11) DEFAULT NULL,
  `locale` char(12) COLLATE utf8_unicode_ci NOT NULL,
  `num` smallint(6) unsigned NOT NULL,
  `notes` tinytext COLLATE utf8_unicode_ci,
  `data` mediumtext COLLATE utf8_unicode_ci NOT NULL,
  `dateCreated` datetime NOT NULL,
  `dateUpdated` datetime NOT NULL,
  `uid` char(36) COLLATE utf8_unicode_ci NOT NULL DEFAULT '0',
  PRIMARY KEY (`id`),
  KEY `craft_entryversions_entryId_locale_idx` (`entryId`,`locale`),
  KEY `craft_entryversions_sectionId_fk` (`sectionId`),
  KEY `craft_entryversions_creatorId_fk` (`creatorId`),
  KEY `craft_entryversions_locale_fk` (`locale`)
) ENGINE=InnoDB AUTO_INCREMENT=115 DEFAULT CHARSET=utf8 COLLATE=utf8_unicode_ci;

--
-- Data for table `craft_entryversions`
--

INSERT INTO `craft_entryversions` (`id`, `entryId`, `sectionId`, `creatorId`, `locale`, `num`, `notes`, `data`, `dateCreated`, `dateUpdated`, `uid`) VALUES
 ('1', '2', '1', '1', 'en', '1', NULL, '{\"typeId\":\"1\",\"authorId\":null,\"title\":\"Homepage\",\"slug\":\"homepage\",\"postDate\":1488207921,\"expiryDate\":null,\"enabled\":1,\"parentId\":null,\"fields\":[]}', '2017-02-27 15:05:21', '2017-02-27 15:05:21', '272e929e-d0d9-4943-bed5-37ce5c1d5b1e'),
 ('2', '2', '1', '1', 'en', '2', NULL, '{\"typeId\":null,\"authorId\":null,\"title\":\"Welcome to Victoriafans!\",\"slug\":\"homepage\",\"postDate\":1488207921,\"expiryDate\":null,\"enabled\":\"1\",\"parentId\":null,\"fields\":{\"1\":\"<p>It\\u2019s true, this site doesn\\u2019t have a whole lot of content yet, but don\\u2019t worry. Our web developers have just installed the CMS, and they\\u2019re setting things up for the content editors this very moment. Soon Victoriafans will be an oasis of fresh perspectives, sharp analyses, and astute opinions that will keep you coming back again and again.<\\/p>\"}}', '2017-02-27 15:05:21', '2017-02-27 15:05:21', 'f2d7ceb1-c288-4f0f-9962-b50aa0cf6330'),
 ('3', '3', '2', '1', 'en', '1', NULL, '{\"typeId\":\"2\",\"authorId\":\"1\",\"title\":\"We just installed Craft!\",\"slug\":\"we-just-installed-craft\",\"postDate\":1488207921,\"expiryDate\":null,\"enabled\":1,\"parentId\":null,\"fields\":[]}', '2017-02-27 15:05:21', '2017-02-27 15:05:21', '3c35066e-b8e3-4529-8676-da2daf5bd159'),
 ('9', '17', '3', '1', 'en', '1', '', '{\"typeId\":\"4\",\"authorId\":\"1\",\"title\":\"Axial Flow Fans\",\"slug\":\"axial-flow-fans\",\"postDate\":1488211369,\"expiryDate\":null,\"enabled\":1,\"parentId\":\"\",\"fields\":{\"4\":\"\",\"7\":\"\"}}', '2017-02-27 16:02:49', '2017-02-27 16:02:49', 'a7e3c4f4-bdce-4de3-992b-96ece3979ac1'),
 ('10', '18', '3', '1', 'en', '1', '', '{\"typeId\":\"3\",\"authorId\":\"1\",\"title\":\"Product Specification\",\"slug\":\"product-specification\",\"postDate\":1488211393,\"expiryDate\":null,\"enabled\":1,\"parentId\":\"\",\"fields\":{\"3\":\"\",\"9\":\"Plate Mounted Axial\"}}', '2017-02-27 16:03:13', '2017-02-27 16:03:13', '3b301595-cf5a-43c5-af4d-4982fa6f1ee3'),
 ('11', '18', '3', '1', 'en', '2', '', '{\"typeId\":\"3\",\"authorId\":\"1\",\"title\":\"Plate Mounted Axial\",\"slug\":\"product-specification\",\"postDate\":1488211380,\"expiryDate\":null,\"enabled\":1,\"parentId\":\"17\",\"fields\":{\"3\":\"\"}}', '2017-02-27 16:04:23', '2017-02-27 16:04:23', '9a26a1c6-324d-4d8b-9920-129cc31e5ada'),
 ('12', '19', '3', '1', 'en', '1', '', '{\"typeId\":\"4\",\"authorId\":\"1\",\"title\":\"Bifurcated Fans\",\"slug\":\"bifurcated-fans\",\"postDate\":1488211663,\"expiryDate\":null,\"enabled\":1,\"parentId\":\"\",\"fields\":{\"4\":\"\",\"7\":\"\"}}', '2017-02-27 16:07:43', '2017-02-27 16:07:43', '705c2bae-ce19-417b-b662-38215a2842e8'),
 ('13', '20', '3', '1', 'en', '1', '', '{\"typeId\":\"3\",\"authorId\":\"1\",\"title\":\"Centrifugal Fans\",\"slug\":\"centrifugal-fans\",\"postDate\":1488211682,\"expiryDate\":null,\"enabled\":1,\"parentId\":\"\",\"fields\":{\"3\":\"\"}}', '2017-02-27 16:08:02', '2017-02-27 16:08:02', '2130e9e9-9f97-4c4c-b05e-278618338ae5'),
 ('14', '21', '3', '1', 'en', '1', '', '{\"typeId\":\"4\",\"authorId\":\"1\",\"title\":\"Flameproof Fans\",\"slug\":\"flameproof-fans\",\"postDate\":1488211702,\"expiryDate\":null,\"enabled\":1,\"parentId\":\"\",\"fields\":{\"4\":\"\",\"7\":\"\"}}', '2017-02-27 16:08:22', '2017-02-27 16:08:22', '7b9e0db2-4140-42bb-8878-e5f4c660d211'),
 ('15', '20', '3', '1', 'en', '2', '', '{\"typeId\":\"4\",\"authorId\":\"1\",\"title\":\"Centrifugal Fans\",\"slug\":\"centrifugal-fans\",\"postDate\":1488211680,\"expiryDate\":null,\"enabled\":1,\"parentId\":\"\",\"fields\":{\"4\":\"\",\"7\":\"\"}}', '2017-02-27 16:08:33', '2017-02-27 16:08:33', 'aab8eeb1-1d25-404a-aa97-f768509c1552'),
 ('16', '22', '3', '1', 'en', '1', '', '{\"typeId\":\"3\",\"authorId\":\"1\",\"title\":\"Conical Bifurcated Fans\",\"slug\":\"conical-bifurcated-fans\",\"postDate\":1488211742,\"expiryDate\":null,\"enabled\":1,\"parentId\":\"\",\"fields\":{\"3\":\"\"}}', '2017-02-27 16:09:02', '2017-02-27 16:09:02', 'f221176f-dd93-4894-b159-1ffcab261969'),
 ('17', '23', '3', '1', 'en', '1', '', '{\"typeId\":\"3\",\"authorId\":\"1\",\"title\":\"Cylindrical Bifurcated Fans\",\"slug\":\"cylindrical-bifurcated-fans\",\"postDate\":1488211763,\"expiryDate\":null,\"enabled\":1,\"parentId\":\"\",\"fields\":{\"3\":\"\"}}', '2017-02-27 16:09:23', '2017-02-27 16:09:23', '36d51dc4-2ada-4823-925a-de29b194b798'),
 ('18', '24', '3', '1', 'en', '1', '', '{\"typeId\":\"3\",\"authorId\":\"1\",\"title\":\"Long Cased\",\"slug\":\"long-cased\",\"postDate\":1488211781,\"expiryDate\":null,\"enabled\":1,\"parentId\":\"\",\"fields\":{\"3\":\"\"}}', '2017-02-27 16:09:41', '2017-02-27 16:09:41', 'bd07b86b-3b38-47f7-8fd8-c69874ec693b'),
 ('19', '24', '3', '1', 'en', '2', '', '{\"typeId\":\"3\",\"authorId\":\"1\",\"title\":\"Long Cased Axial Flow Fans\",\"slug\":\"long-cased\",\"postDate\":1488211740,\"expiryDate\":null,\"enabled\":1,\"parentId\":\"\",\"fields\":{\"3\":\"\"}}', '2017-02-27 16:09:53', '2017-02-27 16:09:53', 'b20f200a-98b2-4a64-90ea-b5a1d5f3c209'),
 ('20', '25', '3', '1', 'en', '1', '', '{\"typeId\":\"3\",\"authorId\":\"1\",\"title\":\"Short Cased Axial Flow Fans\",\"slug\":\"short-cased-axial-flow-fans\",\"postDate\":1488211805,\"expiryDate\":null,\"enabled\":1,\"parentId\":\"\",\"fields\":{\"3\":\"\"}}', '2017-02-27 16:10:05', '2017-02-27 16:10:05', '3aeafcd1-cec1-4e2a-aec3-ac781908a689'),
 ('21', '26', '3', '1', 'en', '1', '', '{\"typeId\":\"3\",\"authorId\":\"1\",\"title\":\"External Motor Axial Flow Fans\",\"slug\":\"external-motor-axial-flow-fans\",\"postDate\":1488211820,\"expiryDate\":null,\"enabled\":1,\"parentId\":\"\",\"fields\":{\"3\":\"\"}}', '2017-02-27 16:10:20', '2017-02-27 16:10:20', 'b16a24f5-8e7c-4eff-b9f8-0ea35d1d9fdf'),
 ('22', '27', '3', '1', 'en', '1', '', '{\"typeId\":\"3\",\"authorId\":\"1\",\"title\":\"Roof Extract Axial Flow Fans\",\"slug\":\"roof-extract-axial-flow-fans\",\"postDate\":1488211840,\"expiryDate\":null,\"enabled\":1,\"parentId\":\"\",\"fields\":{\"3\":\"\"}}', '2017-02-27 16:10:40', '2017-02-27 16:10:40', '4c32d38a-8875-431d-ae5e-63854866cd6f'),
 ('23', '28', '3', '1', 'en', '1', '', '{\"typeId\":\"3\",\"authorId\":\"1\",\"title\":\"Man Cooler Axial Flow Fans\",\"slug\":\"man-cooler-axial-flow-fans\",\"postDate\":1488211856,\"expiryDate\":null,\"enabled\":1,\"parentId\":\"\",\"fields\":{\"3\":\"\"}}', '2017-02-27 16:10:56', '2017-02-27 16:10:56', 'b09a6fac-fb9e-44fd-9826-15111ce36e0c'),
 ('24', '29', '3', '1', 'en', '1', '', '{\"typeId\":\"3\",\"authorId\":\"1\",\"title\":\"Emergency Smoke Extraction Axial Flow Fans\",\"slug\":\"emergency-smoke-extraction-axial-flow-fans\",\"postDate\":1488211877,\"expiryDate\":null,\"enabled\":1,\"parentId\":\"\",\"fields\":{\"3\":\"\"}}', '2017-02-27 16:11:17', '2017-02-27 16:11:17', '079f96f2-b4b1-4383-9221-1afbb46f316d'),
 ('25', '30', '3', '1', 'en', '1', '', '{\"typeId\":\"3\",\"authorId\":\"1\",\"title\":\"High Pressure Blowers\",\"slug\":\"high-pressure-blowers\",\"postDate\":1488212250,\"expiryDate\":null,\"enabled\":1,\"parentId\":\"\",\"fields\":{\"3\":\"\"}}', '2017-02-27 16:17:30', '2017-02-27 16:17:30', '0646c2af-f250-4f15-90d8-2634cd0909cb'),
 ('26', '31', '3', '1', 'en', '1', '', '{\"typeId\":\"3\",\"authorId\":\"1\",\"title\":\"Plate Mounted Axial\",\"slug\":\"product-specification-1\",\"postDate\":1488211380,\"expiryDate\":null,\"enabled\":1,\"parentId\":\"17\",\"fields\":{\"3\":\"\"}}', '2017-02-27 16:17:46', '2017-02-27 16:17:46', 'd316ef12-882a-4aa9-b397-8d17ef35c813'),
 ('27', '32', '3', '1', 'en', '1', '', '{\"typeId\":\"3\",\"authorId\":\"1\",\"title\":\"Paddle Bladed\",\"slug\":\"paddle-bladed\",\"postDate\":1488212289,\"expiryDate\":null,\"enabled\":1,\"parentId\":\"\",\"fields\":{\"3\":\"\"}}', '2017-02-27 16:18:09', '2017-02-27 16:18:09', '20812b94-3f0e-42d7-b90a-1627dec95681'),
 ('28', '33', '3', '1', 'en', '1', '', '{\"typeId\":\"3\",\"authorId\":\"1\",\"title\":\"Forward Curved\",\"slug\":\"forward-curved\",\"postDate\":1488212298,\"expiryDate\":null,\"enabled\":1,\"parentId\":\"\",\"fields\":{\"3\":\"\"}}', '2017-02-27 16:18:19', '2017-02-27 16:18:19', 'c3cc6767-bf45-41e9-8266-1c8d0b09623b'),
 ('29', '34', '3', '1', 'en', '1', '', '{\"typeId\":\"3\",\"authorId\":\"1\",\"title\":\"Backward Curved Centrifugal Fans\",\"slug\":\"backward-curved-centrifugal-fans\",\"postDate\":1488212326,\"expiryDate\":null,\"enabled\":1,\"parentId\":\"\",\"fields\":{\"3\":\"\"}}', '2017-02-27 16:18:46', '2017-02-27 16:18:46', '52fca6f4-6d91-42e7-8e54-3b1850ca1c91'),
 ('30', '33', '3', '1', 'en', '2', '', '{\"typeId\":\"3\",\"authorId\":\"1\",\"title\":\"Forward Curved Centrifugal Fans\",\"slug\":\"forward-curved\",\"postDate\":1488212280,\"expiryDate\":null,\"enabled\":1,\"parentId\":\"\",\"fields\":{\"3\":\"\"}}', '2017-02-27 16:18:52', '2017-02-27 16:18:52', '614bf6a9-1e34-41a4-9d5b-fbc55ce31c69'),
 ('31', '32', '3', '1', 'en', '2', '', '{\"typeId\":\"3\",\"authorId\":\"1\",\"title\":\"Paddle Bladed Centrifugal Fans\",\"slug\":\"paddle-bladed\",\"postDate\":1488212280,\"expiryDate\":null,\"enabled\":1,\"parentId\":\"\",\"fields\":{\"3\":\"\"}}', '2017-02-27 16:19:00', '2017-02-27 16:19:00', '82f49122-77ae-4d78-8e7f-2a12ef0eb06c'),
 ('32', '30', '3', '1', 'en', '2', '', '{\"typeId\":\"3\",\"authorId\":\"1\",\"title\":\"High Pressure Centrifugal Fan Blowers\",\"slug\":\"high-pressure-blowers\",\"postDate\":1488212220,\"expiryDate\":null,\"enabled\":1,\"parentId\":\"20\",\"fields\":{\"3\":\"\"}}', '2017-02-27 16:19:17', '2017-02-27 16:19:17', '1e1cb062-6d0f-4d84-960f-095b05451a9b'),
 ('33', '35', '3', '1', 'en', '1', '', '{\"typeId\":\"3\",\"authorId\":\"1\",\"title\":\"Aerofoil Centrifugal Fans\",\"slug\":\"aerofoil-centrifugal-fans\",\"postDate\":1488212380,\"expiryDate\":null,\"enabled\":1,\"parentId\":\"\",\"fields\":{\"3\":\"\"}}', '2017-02-27 16:19:40', '2017-02-27 16:19:40', 'cc11e429-259a-48c6-8bae-4f958c6adc3e'),
 ('34', '18', '3', '1', 'en', '3', '', '{\"typeId\":\"3\",\"authorId\":\"1\",\"title\":\"Plate Mounted Axial\",\"slug\":\"product-specification\",\"postDate\":1488211380,\"expiryDate\":null,\"enabled\":1,\"parentId\":\"17\",\"fields\":{\"10\":[\"4\"],\"3\":\"\"}}', '2017-02-27 16:40:38', '2017-02-27 16:40:38', 'cfd829ce-f1ed-490d-8259-3709a1fc24c1'),
 ('35', '18', '3', '1', 'en', '4', '', '{\"typeId\":\"3\",\"authorId\":\"1\",\"title\":\"Plate Mounted Axial\",\"slug\":\"product-specification\",\"postDate\":1488211380,\"expiryDate\":null,\"enabled\":1,\"parentId\":\"17\",\"fields\":{\"10\":[\"4\"],\"3\":\"<p>This is all about the plate mounted axial fan<\\/p>\"}}', '2017-02-27 18:06:22', '2017-02-27 18:06:22', 'bc90d180-04e2-4a4d-b658-9b40029679d1'),
 ('36', '18', '3', '1', 'en', '5', '', '{\"typeId\":\"3\",\"authorId\":\"1\",\"title\":\"Plate Mounted Axial\",\"slug\":\"product-specification\",\"postDate\":1488211380,\"expiryDate\":null,\"enabled\":1,\"parentId\":\"17\",\"fields\":{\"10\":[\"4\"],\"3\":\"<p>This is all about the plate mounted axial fan<\\/p>\"}}', '2017-02-27 18:09:21', '2017-02-27 18:09:21', 'b706255e-8eae-432d-a5cf-0f080d990054'),
 ('37', '17', '3', '1', 'en', '2', '', '{\"typeId\":\"4\",\"authorId\":\"1\",\"title\":\"Axial Flow Fans\",\"slug\":\"axial-flow-fans\",\"postDate\":1488211320,\"expiryDate\":null,\"enabled\":1,\"parentId\":\"\",\"fields\":{\"4\":\"\",\"3\":\"<p>Lipsum<\\/p>\",\"7\":\"\"}}', '2017-02-27 18:12:24', '2017-02-27 18:12:24', '8b4dcac8-a639-4c9a-9b3f-b5434c5b5b48'),
 ('38', '17', '3', '1', 'en', '3', '', '{\"typeId\":\"4\",\"authorId\":\"1\",\"title\":\"Axial Flow Fans\",\"slug\":\"axial-flow-fans\",\"postDate\":1488211320,\"expiryDate\":null,\"enabled\":1,\"parentId\":\"\",\"fields\":{\"4\":\"\",\"3\":\"<p>Lorem ipsum dolor sit amet, consectetur adipiscing elit. Nullam at lectus ipsum. Nam vehicula felis a mi commodo, id lacinia nisi ultricies. Nunc ut libero sit amet diam scelerisque gravida.<\\/p>\",\"7\":\"\"}}', '2017-02-27 18:13:36', '2017-02-27 18:13:36', '434bf573-58b1-4c58-bf3c-85256b2e0f3c'),
 ('39', '19', '3', '1', 'en', '2', '', '{\"typeId\":\"4\",\"authorId\":\"1\",\"title\":\"Bifurcated Fans\",\"slug\":\"bifurcated-fans\",\"postDate\":1488211620,\"expiryDate\":null,\"enabled\":1,\"parentId\":\"\",\"fields\":{\"4\":\"\",\"3\":\"<p>Aliquam a tortor et nibh interdum egestas. Proin orci erat, mattis a tincidunt nec, efficitur id neque. Suspendisse scelerisque semper vestibulum.<\\/p>\",\"7\":\"\"}}', '2017-02-27 18:13:54', '2017-02-27 18:13:54', 'e3860144-7060-4ad2-a460-e94c99c1e4e7'),
 ('40', '21', '3', '1', 'en', '2', '', '{\"typeId\":\"4\",\"authorId\":\"1\",\"title\":\"Flameproof Fans\",\"slug\":\"flameproof-fans\",\"postDate\":1488211680,\"expiryDate\":null,\"enabled\":1,\"parentId\":\"\",\"fields\":{\"4\":\"\",\"3\":\"<p>Morbi quis pulvinar nisi. Proin et magna enim. Donec quis mi vitae diam fringilla placerat et hendrerit massa. Vestibulum sit amet urna posuere diam lacinia egestas.<\\/p>\",\"7\":\"\"}}', '2017-02-27 18:14:11', '2017-02-27 18:14:11', 'aeda922d-a278-4738-becb-65eda290be3c'),
 ('41', '20', '3', '1', 'en', '3', '', '{\"typeId\":\"4\",\"authorId\":\"1\",\"title\":\"Centrifugal Fans\",\"slug\":\"centrifugal-fans\",\"postDate\":1488211680,\"expiryDate\":null,\"enabled\":1,\"parentId\":\"\",\"fields\":{\"4\":\"\",\"3\":\"<p>Praesent non elit nec sem interdum suscipit quis imperdiet felis. Praesent nulla ligula, consectetur sit amet tortor commodo, tristique viverra ex. Pellentesque laoreet erat sit amet sagittis tempor.<\\/p>\",\"7\":\"\"}}', '2017-02-27 18:14:24', '2017-02-27 18:14:24', '554f7c03-af43-415b-bc8c-a8da4a0ba8ef'),
 ('42', '17', '3', '1', 'en', '4', '', '{\"typeId\":\"4\",\"authorId\":\"1\",\"title\":\"Axial Flow Fans\",\"slug\":\"axial-flow-fans\",\"postDate\":1488211320,\"expiryDate\":null,\"enabled\":1,\"parentId\":\"\",\"fields\":{\"4\":{\"new1\":{\"type\":\"1\",\"fields\":{\"fd_St_Header\":\"Arrangement\",\"fd_st_text\":\"<p>Lorem ipsum dolor sit amet, consectetur adipiscing elit. Morbi odio nibh, feugiat at metus a, tempus cursus dui. Cras imperdiet, ligula sed tempus cursus, metus est laoreet quam, eu ultrices magna mauris eu quam. Vestibulum accumsan pharetra elit, eu cursus lacus congue eu. Nullam vitae libero sit amet felis maximus aliquet. Maecenas in vehicula tortor. Sed nec arcu a metus porttitor dignissim. Vivamus blandit ipsum sapien, et sagittis diam mollis vitae. Morbi dictum volutpat mattis. Suspendisse laoreet suscipit odio sit amet pretium. Fusce ut lorem lacus. Morbi in velit et elit sodales pharetra congue in dolor.<\\/p>\"}},\"new2\":{\"type\":\"1\",\"fields\":{\"fd_St_Header\":\"Standard Impellors\",\"fd_st_text\":\"<p>Praesent sed erat et erat dignissim sollicitudin. Ut facilisis sapien in eros sollicitudin tempus. Ut vitae erat tellus. Phasellus et est at augue gravida molestie ut luctus mi. Morbi volutpat massa tellus, sed tincidunt neque tincidunt eget. Sed quis fringilla purus. Orci varius natoque penatibus et magnis dis parturient montes, nascetur ridiculus mus. Curabitur viverra tellus aliquet ullamcorper gravida. Curabitur nec nisl vel orci ornare convallis. Fusce non odio semper, condimentum odio et, scelerisque dui. Nam leo nibh, elementum et ultricies ac, interdum non nisl. Proin eget malesuada massa, sed cursus quam. Nam pretium tincidunt dapibus. Orci varius natoque penatibus et magnis dis parturient montes, nascetur ridiculus mus. Phasellus venenatis arcu vitae nibh eleifend pellentesque.<\\/p>\"}},\"new3\":{\"type\":\"1\",\"fields\":{\"fd_St_Header\":\"Staging of Axial Flow Fans\",\"fd_st_text\":\"<p>Nulla et venenatis ligula, ut volutpat odio. Vivamus sodales sapien eu feugiat ultricies. Pellentesque molestie pellentesque nisl, sed faucibus dui elementum id. Nullam lobortis nisi vel egestas convallis. Mauris lobortis augue id viverra ornare. Etiam sit amet odio quis mi varius ullamcorper. Fusce est purus, egestas et aliquam in, ullamcorper ac erat. Maecenas purus odio, condimentum sit amet libero in, iaculis iaculis sem. Donec ullamcorper tortor non libero tristique cursus. Aliquam eleifend et quam semper luctus. Ut suscipit est vel sapien placerat, quis consequat arcu iaculis. Donec interdum viverra quam, ornare pulvinar sem auctor ac. Mauris ultricies scelerisque consectetur. Phasellus tellus mauris, egestas nec ex vitae, volutpat commodo purus.<\\/p>\"}},\"new4\":{\"type\":\"1\",\"fields\":{\"fd_St_Header\":\"Fractional Solidity Impellors\",\"fd_st_text\":\"<p>Donec ut ullamcorper nisi. Fusce faucibus interdum turpis sed volutpat. Donec velit ante, viverra nec facilisis eu, ultricies quis nunc. Sed id mi lectus. Mauris eget ligula nec nisl vestibulum convallis. In hac habitasse platea dictumst. Maecenas tempor efficitur ipsum vel viverra. Ut sed lacus vehicula, imperdiet tortor vitae, mattis sapien. Duis sem libero, dapibus eu ipsum sit amet, commodo accumsan turpis. Donec porttitor aliquam tincidunt. Cras pretium finibus sapien a facilisis. Pellentesque nec nulla et erat egestas porta.<\\/p>\"}},\"new5\":{\"type\":\"1\",\"fields\":{\"fd_St_Header\":\"Long Cased Type\",\"fd_st_text\":\"<p>Donec ut ullamcorper nisi. Fusce faucibus interdum turpis sed volutpat. Donec velit ante, viverra nec facilisis eu, ultricies quis nunc. Sed id mi lectus. Mauris eget ligula nec nisl vestibulum convallis. In hac habitasse platea dictumst. Maecenas tempor efficitur ipsum vel viverra. Ut sed lacus vehicula, imperdiet tortor vitae, mattis sapien. Duis sem libero, dapibus eu ipsum sit amet, commodo accumsan turpis. Donec porttitor aliquam tincidunt. Cras pretium finibus sapien a facilisis. Pellentesque nec nulla et erat egestas porta.<\\/p>\"}}},\"3\":\"<p>Lorem ipsum dolor sit amet, consectetur adipiscing elit. Nullam at lectus ipsum. Nam vehicula felis a mi commodo, id lacinia nisi ultricies. Nunc ut libero sit amet diam scelerisque gravida.<\\/p>\",\"7\":\"\"}}', '2017-02-28 10:02:46', '2017-02-28 10:02:46', 'f360aba2-ed3e-482f-b851-42f92870a1d4'),
 ('43', '17', '3', '1', 'en', '5', '', '{\"typeId\":\"4\",\"authorId\":\"1\",\"title\":\"Axial Flow Fans\",\"slug\":\"axial-flow-fans\",\"postDate\":1488211320,\"expiryDate\":null,\"enabled\":1,\"parentId\":\"\",\"fields\":{\"4\":{\"36\":{\"type\":\"1\",\"fields\":{\"fd_St_Header\":\"Arrangement\",\"fd_st_text\":\"<p>Lorem ipsum dolor sit amet, consectetur adipiscing elit. Morbi odio nibh, feugiat at metus a, tempus cursus dui. Cras imperdiet, ligula sed tempus cursus, metus est laoreet quam, eu ultrices magna mauris eu quam. Vestibulum accumsan pharetra elit, eu cursus lacus congue eu. Nullam vitae libero sit amet felis maximus aliquet. Maecenas in vehicula tortor. Sed nec arcu a metus porttitor dignissim. Vivamus blandit ipsum sapien, et sagittis diam mollis vitae. Morbi dictum volutpat mattis. Suspendisse laoreet suscipit odio sit amet pretium. Fusce ut lorem lacus. Morbi in velit et elit sodales pharetra congue in dolor.<\\/p>\"}},\"37\":{\"type\":\"1\",\"fields\":{\"fd_St_Header\":\"Standard Impellors\",\"fd_st_text\":\"<p>Praesent sed erat et erat dignissim sollicitudin. Ut facilisis sapien in eros sollicitudin tempus. Ut vitae erat tellus. Phasellus et est at augue gravida molestie ut luctus mi. Morbi volutpat massa tellus, sed tincidunt neque tincidunt eget. Sed quis fringilla purus. Orci varius natoque penatibus et magnis dis parturient montes, nascetur ridiculus mus. Curabitur viverra tellus aliquet ullamcorper gravida. Curabitur nec nisl vel orci ornare convallis. Fusce non odio semper, condimentum odio et, scelerisque dui. Nam leo nibh, elementum et ultricies ac, interdum non nisl. Proin eget malesuada massa, sed cursus quam. Nam pretium tincidunt dapibus. Orci varius natoque penatibus et magnis dis parturient montes, nascetur ridiculus mus. Phasellus venenatis arcu vitae nibh eleifend pellentesque.<\\/p>\"}},\"38\":{\"type\":\"1\",\"fields\":{\"fd_St_Header\":\"Staging of Axial Flow Fans\",\"fd_st_text\":\"<p>Nulla et venenatis ligula, ut volutpat odio. Vivamus sodales sapien eu feugiat ultricies. Pellentesque molestie pellentesque nisl, sed faucibus dui elementum id. Nullam lobortis nisi vel egestas convallis. Mauris lobortis augue id viverra ornare. Etiam sit amet odio quis mi varius ullamcorper. Fusce est purus, egestas et aliquam in, ullamcorper ac erat. Maecenas purus odio, condimentum sit amet libero in, iaculis iaculis sem. Donec ullamcorper tortor non libero tristique cursus. Aliquam eleifend et quam semper luctus. Ut suscipit est vel sapien placerat, quis consequat arcu iaculis. Donec interdum viverra quam, ornare pulvinar sem auctor ac. Mauris ultricies scelerisque consectetur. Phasellus tellus mauris, egestas nec ex vitae, volutpat commodo purus.<\\/p>\"}},\"39\":{\"type\":\"1\",\"fields\":{\"fd_St_Header\":\"Fractional Solidity Impellors\",\"fd_st_text\":\"<p>Donec ut ullamcorper nisi. Fusce faucibus interdum turpis sed volutpat. Donec velit ante, viverra nec facilisis eu, ultricies quis nunc. Sed id mi lectus. Mauris eget ligula nec nisl vestibulum convallis. In hac habitasse platea dictumst. Maecenas tempor efficitur ipsum vel viverra. Ut sed lacus vehicula, imperdiet tortor vitae, mattis sapien. Duis sem libero, dapibus eu ipsum sit amet, commodo accumsan turpis. Donec porttitor aliquam tincidunt. Cras pretium finibus sapien a facilisis. Pellentesque nec nulla et erat egestas porta.<\\/p>\"}},\"40\":{\"type\":\"1\",\"fields\":{\"fd_St_Header\":\"Long Cased Type\",\"fd_st_text\":\"<p>Donec ut ullamcorper nisi. Fusce faucibus interdum turpis sed volutpat. Donec velit ante, viverra nec facilisis eu, ultricies quis nunc. Sed id mi lectus. Mauris eget ligula nec nisl vestibulum convallis. In hac habitasse platea dictumst. Maecenas tempor efficitur ipsum vel viverra. Ut sed lacus vehicula, imperdiet tortor vitae, mattis sapien. Duis sem libero, dapibus eu ipsum sit amet, commodo accumsan turpis. Donec porttitor aliquam tincidunt. Cras pretium finibus sapien a facilisis. Pellentesque nec nulla et erat egestas porta.<\\/p>\"}},\"new1\":{\"type\":\"1\",\"fields\":{\"fd_St_Header\":\"Example of Coding\",\"fd_st_text\":\"<p>Mauris commodo vestibulum lacus vel venenatis. Donec mattis pretium dictum. Praesent at mollis arcu, in finibus felis. Aenean ornare tellus orci, sit amet sodales elit placerat in. Etiam et purus mi. Proin id feugiat odio. Integer mollis ornare arcu, eu vulputate turpis dapibus non. Cras tempus nibh augue, non tincidunt leo dignissim non. Nam tempus venenatis orci. Morbi interdum odio eu nisl euismod ultrices.<\\/p>\"}},\"new2\":{\"type\":\"1\",\"fields\":{\"fd_St_Header\":\"Motors\",\"fd_st_text\":\"<p>Curabitur hendrerit nec sem ac pulvinar. Integer vitae accumsan enim. Morbi eu vestibulum dui. Praesent id imperdiet nulla. Proin orci nisi, hendrerit tempor dolor quis, venenatis mattis sem. Proin ipsum mauris, placerat et felis non, efficitur vulputate justo. Ut accumsan, metus eu dignissim suscipit, quam velit fringilla orci, sed aliquet dui enim sed leo.&nbsp;<\\/p>\"}},\"new3\":{\"type\":\"1\",\"fields\":{\"fd_St_Header\":\"Extra Features Available\",\"fd_st_text\":\"<p>Ut ac porttitor dolor. Vivamus leo sem, aliquet lacinia ex vel, mollis consectetur nibh. Morbi enim augue, cursus non malesuada ac, tincidunt sit amet augue. Mauris fermentum, ligula nec pellentesque euismod, nisl sapien ultricies purus, eget porttitor est magna at elit. Orci varius natoque penatibus et magnis dis parturient montes, nascetur ridiculus mus. Aliquam sollicitudin euismod turpis ut tempus. Donec nibh augue, cursus aliquet odio vel, egestas eleifend ante.<\\/p>\"}},\"new4\":{\"type\":\"1\",\"fields\":{\"fd_St_Header\":\"Finish\",\"fd_st_text\":\"<p>Suspendisse tellus purus, semper vitae leo in, congue euismod lorem. Vivamus ut metus mollis, lobortis augue vel, pharetra ipsum. Vivamus id vulputate urna. Vestibulum ultricies maximus purus tempus convallis. Praesent justo est, aliquam sed pretium non, bibendum ut massa. Lorem ipsum dolor sit amet, consectetur adipiscing elit.<\\/p>\"}}},\"3\":\"<p>Lorem ipsum dolor sit amet, consectetur adipiscing elit. Nullam at lectus ipsum. Nam vehicula felis a mi commodo, id lacinia nisi ultricies. Nunc ut libero sit amet diam scelerisque gravida.<\\/p>\",\"7\":\"All Long and Short cased fans can be supplied with 304 or 316 Stainless Steel Casings\"}}', '2017-02-28 10:05:05', '2017-02-28 10:05:05', '01006d82-9491-4f35-a24c-4b9f48cb692e'),
 ('44', '17', '3', '1', 'en', '6', '', '{\"typeId\":\"4\",\"authorId\":\"1\",\"title\":\"Axial Flow Fans\",\"slug\":\"axial-flow-fans\",\"postDate\":1488211320,\"expiryDate\":null,\"enabled\":1,\"parentId\":\"\",\"fields\":{\"4\":{\"36\":{\"type\":\"1\",\"fields\":{\"fd_St_Header\":\"Arrangement\",\"fd_st_text\":\"<p>Lorem ipsum dolor sit amet, consectetur adipiscing elit. Morbi odio nibh, feugiat at metus a, tempus cursus dui. Cras imperdiet, ligula sed tempus cursus, metus est laoreet quam, eu ultrices magna mauris eu quam. Vestibulum accumsan pharetra elit, eu cursus lacus congue eu. Nullam vitae libero sit amet felis maximus aliquet. Maecenas in vehicula tortor. Sed nec arcu a metus porttitor dignissim. Vivamus blandit ipsum sapien, et sagittis diam mollis vitae. Morbi dictum volutpat mattis. Suspendisse laoreet suscipit odio sit amet pretium. Fusce ut lorem lacus. Morbi in velit et elit sodales pharetra congue in dolor.<\\/p>\"}},\"37\":{\"type\":\"1\",\"fields\":{\"fd_St_Header\":\"Standard Impellors\",\"fd_st_text\":\"<p>Praesent sed erat et erat dignissim sollicitudin. Ut facilisis sapien in eros sollicitudin tempus. Ut vitae erat tellus. Phasellus et est at augue gravida molestie ut luctus mi. Morbi volutpat massa tellus, sed tincidunt neque tincidunt eget. Sed quis fringilla purus. Orci varius natoque penatibus et magnis dis parturient montes, nascetur ridiculus mus. Curabitur viverra tellus aliquet ullamcorper gravida. Curabitur nec nisl vel orci ornare convallis. Fusce non odio semper, condimentum odio et, scelerisque dui. Nam leo nibh, elementum et ultricies ac, interdum non nisl. Proin eget malesuada massa, sed cursus quam. Nam pretium tincidunt dapibus. Orci varius natoque penatibus et magnis dis parturient montes, nascetur ridiculus mus. Phasellus venenatis arcu vitae nibh eleifend pellentesque.<\\/p>\"}},\"38\":{\"type\":\"1\",\"fields\":{\"fd_St_Header\":\"Staging of Axial Flow Fans\",\"fd_st_text\":\"<p>Nulla et venenatis ligula, ut volutpat odio. Vivamus sodales sapien eu feugiat ultricies. Pellentesque molestie pellentesque nisl, sed faucibus dui elementum id. Nullam lobortis nisi vel egestas convallis. Mauris lobortis augue id viverra ornare. Etiam sit amet odio quis mi varius ullamcorper. Fusce est purus, egestas et aliquam in, ullamcorper ac erat. Maecenas purus odio, condimentum sit amet libero in, iaculis iaculis sem. Donec ullamcorper tortor non libero tristique cursus. Aliquam eleifend et quam semper luctus. Ut suscipit est vel sapien placerat, quis consequat arcu iaculis. Donec interdum viverra quam, ornare pulvinar sem auctor ac. Mauris ultricies scelerisque consectetur. Phasellus tellus mauris, egestas nec ex vitae, volutpat commodo purus.<\\/p>\"}},\"39\":{\"type\":\"1\",\"fields\":{\"fd_St_Header\":\"Fractional Solidity Impellors\",\"fd_st_text\":\"<p>Donec ut ullamcorper nisi. Fusce faucibus interdum turpis sed volutpat. Donec velit ante, viverra nec facilisis eu, ultricies quis nunc. Sed id mi lectus. Mauris eget ligula nec nisl vestibulum convallis. In hac habitasse platea dictumst. Maecenas tempor efficitur ipsum vel viverra. Ut sed lacus vehicula, imperdiet tortor vitae, mattis sapien. Duis sem libero, dapibus eu ipsum sit amet, commodo accumsan turpis. Donec porttitor aliquam tincidunt. Cras pretium finibus sapien a facilisis. Pellentesque nec nulla et erat egestas porta.<\\/p>\"}},\"40\":{\"type\":\"1\",\"fields\":{\"fd_St_Header\":\"Long Cased Type\",\"fd_st_text\":\"<p>Donec ut ullamcorper nisi. Fusce faucibus interdum turpis sed volutpat. Donec velit ante, viverra nec facilisis eu, ultricies quis nunc. Sed id mi lectus. Mauris eget ligula nec nisl vestibulum convallis. In hac habitasse platea dictumst. Maecenas tempor efficitur ipsum vel viverra. Ut sed lacus vehicula, imperdiet tortor vitae, mattis sapien. Duis sem libero, dapibus eu ipsum sit amet, commodo accumsan turpis. Donec porttitor aliquam tincidunt. Cras pretium finibus sapien a facilisis. Pellentesque nec nulla et erat egestas porta.<\\/p>\"}},\"41\":{\"type\":\"1\",\"fields\":{\"fd_St_Header\":\"Example of Coding\",\"fd_st_text\":\"<p>Mauris commodo vestibulum lacus vel venenatis. Donec mattis pretium dictum. Praesent at mollis arcu, in finibus felis. Aenean ornare tellus orci, sit amet sodales elit placerat in. Etiam et purus mi. Proin id feugiat odio. Integer mollis ornare arcu, eu vulputate turpis dapibus non. Cras tempus nibh augue, non tincidunt leo dignissim non. Nam tempus venenatis orci. Morbi interdum odio eu nisl euismod ultrices.<\\/p>\"}},\"42\":{\"type\":\"1\",\"fields\":{\"fd_St_Header\":\"Motors\",\"fd_st_text\":\"<p>Curabitur hendrerit nec sem ac pulvinar. Integer vitae accumsan enim. Morbi eu vestibulum dui. Praesent id imperdiet nulla. Proin orci nisi, hendrerit tempor dolor quis, venenatis mattis sem. Proin ipsum mauris, placerat et felis non, efficitur vulputate justo. Ut accumsan, metus eu dignissim suscipit, quam velit fringilla orci, sed aliquet dui enim sed leo.&nbsp;<\\/p>\"}},\"43\":{\"type\":\"1\",\"fields\":{\"fd_St_Header\":\"Extra Features Available\",\"fd_st_text\":\"<p>Ut ac porttitor dolor. Vivamus leo sem, aliquet lacinia ex vel, mollis consectetur nibh. Morbi enim augue, cursus non malesuada ac, tincidunt sit amet augue. Mauris fermentum, ligula nec pellentesque euismod, nisl sapien ultricies purus, eget porttitor est magna at elit. Orci varius natoque penatibus et magnis dis parturient montes, nascetur ridiculus mus. Aliquam sollicitudin euismod turpis ut tempus. Donec nibh augue, cursus aliquet odio vel, egestas eleifend ante.<\\/p>\"}},\"44\":{\"type\":\"1\",\"fields\":{\"fd_St_Header\":\"Finish\",\"fd_st_text\":\"<p>Suspendisse tellus purus, semper vitae leo in, congue euismod lorem. Vivamus ut metus mollis, lobortis augue vel, pharetra ipsum. Vivamus id vulputate urna. Vestibulum ultricies maximus purus tempus convallis. Praesent justo est, aliquam sed pretium non, bibendum ut massa. Lorem ipsum dolor sit amet, consectetur adipiscing elit.<\\/p>\"}}},\"3\":\"<p>Lorem ipsum dolor sit amet, consectetur adipiscing elit. Nullam at lectus ipsum. Nam vehicula felis a mi commodo, id lacinia nisi ultricies. Nunc ut libero sit amet diam scelerisque gravida.<\\/p>\",\"7\":\"All Long and Short cased fans can be supplied with 304 or 316 Stainless Steel Casings\"}}', '2017-02-28 10:05:17', '2017-02-28 10:05:17', 'c9bad62f-fbf7-444b-8afc-7a2642834b14'),
 ('45', '18', '3', '1', 'en', '6', '', '{\"typeId\":\"3\",\"authorId\":\"1\",\"title\":\"Plate Mounted Axial\",\"slug\":\"product-specification\",\"postDate\":1488211380,\"expiryDate\":null,\"enabled\":1,\"parentId\":\"17\",\"fields\":{\"10\":[\"4\"],\"11\":\"<p>Phasellus sed sollicitudin nisl. Praesent at euismod dui. Donec hendrerit quam turpis. Curabitur sed pharetra erat, at mollis est. Maecenas vel pharetra ligula, lacinia pellentesque justo. Donec finibus augue eget justo suscipit hendrerit. Integer at nisi vitae nibh commodo condimentum vel nec mauris. Proin tempor ex et tempus fermentum.<\\/p>\"}}', '2017-02-28 11:21:25', '2017-02-28 11:21:25', 'f6de014e-ef7f-4d95-823a-4fc2127cf5d9'),
 ('46', '18', '3', '1', 'en', '7', '', '{\"typeId\":\"3\",\"authorId\":\"1\",\"title\":\"Plate Mounted Axial\",\"slug\":\"product-specification\",\"postDate\":1488211380,\"expiryDate\":null,\"enabled\":1,\"parentId\":\"17\",\"fields\":{\"10\":[\"4\",\"7\"],\"11\":\"<p>Phasellus sed sollicitudin nisl. Praesent at euismod dui. Donec hendrerit quam turpis. Curabitur sed pharetra erat, at mollis est. Maecenas vel pharetra ligula, lacinia pellentesque justo. Donec finibus augue eget justo suscipit hendrerit. Integer at nisi vitae nibh commodo condimentum vel nec mauris. Proin tempor ex et tempus fermentum.<\\/p>\"}}', '2017-02-28 11:34:21', '2017-02-28 11:34:21', '2e49c41f-20a6-4a32-b8e6-2d4a5944b7ff'),
 ('47', '18', '3', '1', 'en', '8', '', '{\"typeId\":\"3\",\"authorId\":\"1\",\"title\":\"Plate Mounted Axial\",\"slug\":\"plate-mounted-axial-flow-fan\",\"postDate\":1488211380,\"expiryDate\":null,\"enabled\":1,\"parentId\":\"17\",\"fields\":{\"10\":[\"4\",\"7\"],\"11\":\"<p>Phasellus sed sollicitudin nisl. Praesent at euismod dui. Donec hendrerit quam turpis. Curabitur sed pharetra erat, at mollis est. Maecenas vel pharetra ligula, lacinia pellentesque justo. Donec finibus augue eget justo suscipit hendrerit. Integer at nisi vitae nibh commodo condimentum vel nec mauris. Proin tempor ex et tempus fermentum.<\\/p>\"}}', '2017-02-28 16:35:35', '2017-02-28 16:35:35', '243cafbe-9d56-4bc8-a75a-928331c0cc1d'),
 ('48', '24', '3', '1', 'en', '3', '', '{\"typeId\":\"3\",\"authorId\":\"1\",\"title\":\"Long Cased Axial Flow Fans\",\"slug\":\"long-cased-axial-flow-fans\",\"postDate\":1488211740,\"expiryDate\":null,\"enabled\":1,\"parentId\":\"17\",\"fields\":{\"10\":\"\",\"11\":\"\"}}', '2017-02-28 16:36:29', '2017-02-28 16:36:29', '230312ef-a2de-462f-9457-292be804e9b9'),
 ('49', '18', '3', '1', 'en', '9', '', '{\"typeId\":\"3\",\"authorId\":\"1\",\"title\":\"Plate Mounted Axial\",\"slug\":\"plate-mounted-axial-flow-fan\",\"postDate\":1488211380,\"expiryDate\":null,\"enabled\":1,\"parentId\":\"17\",\"fields\":{\"10\":[\"4\",\"7\"],\"13\":{\"new1\":{\"type\":\"2\",\"fields\":{\"fd_st_component_name\":\"Mounting Plate\",\"fd_st_componentText\":\"Fabricated in Steel and finished in Epoxy resin. 304 or 316 Stainless Steel available if required.\\u200b\"}}},\"18\":\"\",\"19\":\"\",\"12\":\"\",\"11\":\"<p>Phasellus sed sollicitudin nisl. Praesent at euismod dui. Donec hendrerit quam turpis. Curabitur sed pharetra erat, at mollis est. Maecenas vel pharetra ligula, lacinia pellentesque justo. Donec finibus augue eget justo suscipit hendrerit. Integer at nisi vitae nibh commodo condimentum vel nec mauris. Proin tempor ex et tempus fermentum.<\\/p>\",\"16\":\"\"}}', '2017-02-28 17:05:42', '2017-02-28 17:05:42', '04d7b0b5-1da6-4336-81e4-8b827e3fbebe'),
 ('50', '18', '3', '1', 'en', '10', '', '{\"typeId\":\"3\",\"authorId\":\"1\",\"title\":\"Plate Mounted Axial\",\"slug\":\"plate-mounted-axial-flow-fan\",\"postDate\":1488211380,\"expiryDate\":null,\"enabled\":1,\"parentId\":\"17\",\"fields\":{\"10\":[\"4\",\"7\"],\"13\":{\"45\":{\"type\":\"2\",\"fields\":{\"fd_st_component_name\":\"Mounting Plate\",\"fd_st_componentText\":\"Fabricated in Steel and finished in Epoxy resin. 304 or 316 Stainless Steel available if required.\\u200b\"}},\"new1\":{\"type\":\"2\",\"fields\":{\"fd_st_component_name\":\"Impellers\",\"fd_st_componentText\":\"Aluminium Hub with polypropylene blades. Anti-Static or Aluminium blades available if required\"}},\"new2\":{\"type\":\"2\",\"fields\":{\"fd_st_component_name\":\"Motors\",\"fd_st_componentText\":\"Single or 3 phase Class F IP55 as standard with 2 speed, Zone 1 or Zone 2 as optional extras\"}}},\"18\":\"\",\"19\":\"\",\"12\":\"\",\"11\":\"<p>Phasellus sed sollicitudin nisl. Praesent at euismod dui. Donec hendrerit quam turpis. Curabitur sed pharetra erat, at mollis est. Maecenas vel pharetra ligula, lacinia pellentesque justo. Donec finibus augue eget justo suscipit hendrerit. Integer at nisi vitae nibh commodo condimentum vel nec mauris. Proin tempor ex et tempus fermentum.<\\/p>\",\"16\":\"\"}}', '2017-02-28 17:07:33', '2017-02-28 17:07:33', '648e0083-3a69-4b5d-aa93-ec51a8dcde67'),
 ('51', '18', '3', '1', 'en', '11', '', '{\"typeId\":\"3\",\"authorId\":\"1\",\"title\":\"Plate Mounted Axial\",\"slug\":\"plate-mounted-axial-flow-fan\",\"postDate\":1488211380,\"expiryDate\":null,\"enabled\":1,\"parentId\":\"17\",\"fields\":{\"10\":[\"4\",\"7\"],\"13\":{\"45\":{\"type\":\"2\",\"fields\":{\"fd_st_component_name\":\"Mounting Plate\",\"fd_st_componentText\":\"Fabricated in Steel and finished in Epoxy resin. 304 or 316 Stainless Steel available if required.\\u200b\"}},\"46\":{\"type\":\"2\",\"fields\":{\"fd_st_component_name\":\"Impellers\",\"fd_st_componentText\":\"Aluminium Hub with polypropylene blades. Anti-Static or Aluminium blades available if required\"}},\"47\":{\"type\":\"2\",\"fields\":{\"fd_st_component_name\":\"Motors\",\"fd_st_componentText\":\"Single or 3 phase Class F IP55 as standard with 2 speed, Zone 1 or Zone 2 as optional extras\"}}},\"18\":\"\",\"19\":\"\",\"12\":\"Wall or roof mounting where ducting is not required.\",\"11\":\"<p>Phasellus sed sollicitudin nisl. Praesent at euismod dui. Donec hendrerit quam turpis. Curabitur sed pharetra erat, at mollis est. Maecenas vel pharetra ligula, lacinia pellentesque justo. Donec finibus augue eget justo suscipit hendrerit. Integer at nisi vitae nibh commodo condimentum vel nec mauris. Proin tempor ex et tempus fermentum.<\\/p>\",\"16\":\"\"}}', '2017-02-28 17:14:38', '2017-02-28 17:14:38', '3fe0016e-9014-4c27-9ee7-ae9595136399'),
 ('52', '18', '3', '1', 'en', '12', '', '{\"typeId\":\"3\",\"authorId\":\"1\",\"title\":\"Plate Mounted Axial\",\"slug\":\"plate-mounted-axial-flow-fan\",\"postDate\":1488211380,\"expiryDate\":null,\"enabled\":1,\"parentId\":\"17\",\"fields\":{\"10\":[\"4\",\"7\"],\"13\":{\"45\":{\"type\":\"2\",\"fields\":{\"fd_st_component_name\":\"Mounting Plate\",\"fd_st_componentText\":\"Fabricated in Steel and finished in Epoxy resin. 304 or 316 Stainless Steel available if required.\\u200b\"}},\"46\":{\"type\":\"2\",\"fields\":{\"fd_st_component_name\":\"Impellers\",\"fd_st_componentText\":\"Aluminium Hub with polypropylene blades. Anti-Static or Aluminium blades available if required\"}},\"47\":{\"type\":\"2\",\"fields\":{\"fd_st_component_name\":\"Motors\",\"fd_st_componentText\":\"Single or 3 phase Class F IP55 as standard with 2 speed, Zone 1 or Zone 2 as optional extras\"}}},\"18\":\"\",\"19\":\"\",\"12\":\"Wall or roof mounting where ducting is not required.\",\"11\":\"<p>Phasellus sed sollicitudin nisl. Praesent at euismod dui. Donec hendrerit quam turpis. Curabitur sed pharetra erat, at mollis est. Maecenas vel pharetra ligula, lacinia pellentesque justo. Donec finibus augue eget justo suscipit hendrerit. Integer at nisi vitae nibh commodo condimentum vel nec mauris. Proin tempor ex et tempus fermentum.<\\/p>\",\"16\":{\"new1\":{\"type\":\"3\",\"fields\":{\"fd_st_noteText\":\"1. This type of fan can be fitted beneath in LOW PROFILE or VERTICAL JET ROOF COWL as supplied by Victoria Fans.\"}}}}}', '2017-02-28 17:15:35', '2017-02-28 17:15:35', '6ab6cf2c-c662-42a6-95dd-4851197fa0ee'),
 ('53', '18', '3', '1', 'en', '13', '', '{\"typeId\":\"3\",\"authorId\":\"1\",\"title\":\"Plate Mounted Axial\",\"slug\":\"plate-mounted-axial-flow-fan\",\"postDate\":1488211380,\"expiryDate\":null,\"enabled\":1,\"parentId\":\"17\",\"fields\":{\"10\":[\"4\",\"7\"],\"13\":{\"45\":{\"type\":\"2\",\"fields\":{\"fd_st_component_name\":\"Mounting Plate\",\"fd_st_componentText\":\"Fabricated in Steel and finished in Epoxy resin. 304 or 316 Stainless Steel available if required.\\u200b\"}},\"46\":{\"type\":\"2\",\"fields\":{\"fd_st_component_name\":\"Impellers\",\"fd_st_componentText\":\"Aluminium Hub with polypropylene blades. Anti-Static or Aluminium blades available if required\"}},\"47\":{\"type\":\"2\",\"fields\":{\"fd_st_component_name\":\"Motors\",\"fd_st_componentText\":\"Single or 3 phase Class F IP55 as standard with 2 speed, Zone 1 or Zone 2 as optional extras\"}}},\"21\":{\"new1\":{\"type\":\"4\",\"fields\":{\"dataTable\":\"{\\\"columns\\\":{\\\"col1\\\":{\\\"heading\\\":\\\"Fan Size\\\",\\\"width\\\":\\\"\\\",\\\"align\\\":\\\"left\\\"},\\\"col2\\\":{\\\"heading\\\":\\\"Frame\\\",\\\"width\\\":\\\"\\\",\\\"align\\\":\\\"left\\\"},\\\"col3\\\":{\\\"heading\\\":\\\"A\\\",\\\"width\\\":\\\"\\\",\\\"align\\\":\\\"left\\\"}},\\\"rows\\\":{\\\"row1\\\":{\\\"col1\\\":\\\"\\\",\\\"col2\\\":\\\"\\\",\\\"col3\\\":\\\"\\\"}}}\",\"columns\":{\"col1\":{\"heading\":\"Fan Size\",\"width\":\"\",\"align\":\"left\"},\"col2\":{\"heading\":\"Frame\",\"width\":\"\",\"align\":\"left\"},\"col3\":{\"heading\":\"A\",\"width\":\"\",\"align\":\"left\"}},\"rows\":{\"row1\":{\"col1\":\"\",\"col2\":\"\",\"col3\":\"\"}}}}},\"18\":\"\",\"19\":\"\",\"12\":\"Wall or roof mounting where ducting is not required.\",\"11\":\"<p>Phasellus sed sollicitudin nisl. Praesent at euismod dui. Donec hendrerit quam turpis. Curabitur sed pharetra erat, at mollis est. Maecenas vel pharetra ligula, lacinia pellentesque justo. Donec finibus augue eget justo suscipit hendrerit. Integer at nisi vitae nibh commodo condimentum vel nec mauris. Proin tempor ex et tempus fermentum.<\\/p>\",\"16\":{\"48\":{\"type\":\"3\",\"fields\":{\"fd_st_noteText\":\"1. This type of fan can be fitted beneath in LOW PROFILE or VERTICAL JET ROOF COWL as supplied by Victoria Fans.\"}}}}}', '2017-03-01 10:51:26', '2017-03-01 10:51:26', 'eaee19aa-9c93-4c28-9651-24afc9199a0d'),
 ('54', '18', '3', '1', 'en', '14', '', '{\"typeId\":\"3\",\"authorId\":\"1\",\"title\":\"Plate Mounted Axial\",\"slug\":\"plate-mounted-axial-flow-fan\",\"postDate\":1488211380,\"expiryDate\":null,\"enabled\":1,\"parentId\":\"17\",\"fields\":{\"10\":[\"4\",\"7\"],\"13\":{\"45\":{\"type\":\"2\",\"fields\":{\"fd_st_component_name\":\"Mounting Plate\",\"fd_st_componentText\":\"Fabricated in Steel and finished in Epoxy resin. 304 or 316 Stainless Steel available if required.\\u200b\"}},\"46\":{\"type\":\"2\",\"fields\":{\"fd_st_component_name\":\"Impellers\",\"fd_st_componentText\":\"Aluminium Hub with polypropylene blades. Anti-Static or Aluminium blades available if required\"}},\"47\":{\"type\":\"2\",\"fields\":{\"fd_st_component_name\":\"Motors\",\"fd_st_componentText\":\"Single or 3 phase Class F IP55 as standard with 2 speed, Zone 1 or Zone 2 as optional extras\"}}},\"21\":{\"49\":{\"type\":\"4\",\"fields\":{\"dataTable\":\"{\\\"columns\\\":{\\\"col0\\\":{\\\"heading\\\":\\\"Fan Size\\\",\\\"width\\\":\\\"\\\",\\\"align\\\":\\\"left\\\"},\\\"col1\\\":{\\\"heading\\\":\\\"Frame\\\",\\\"width\\\":\\\"\\\",\\\"align\\\":\\\"left\\\"},\\\"col2\\\":{\\\"heading\\\":\\\"A\\\",\\\"width\\\":\\\"\\\",\\\"align\\\":\\\"left\\\"},\\\"col3\\\":{\\\"heading\\\":\\\"B\\\",\\\"width\\\":\\\"\\\",\\\"align\\\":\\\"left\\\"},\\\"col4\\\":{\\\"heading\\\":\\\"C\\\",\\\"width\\\":\\\"\\\",\\\"align\\\":\\\"left\\\"},\\\"col5\\\":{\\\"heading\\\":\\\"D\\\",\\\"width\\\":\\\"\\\",\\\"align\\\":\\\"left\\\"},\\\"col6\\\":{\\\"heading\\\":\\\"E\\\",\\\"width\\\":\\\"\\\",\\\"align\\\":\\\"left\\\"}},\\\"rows\\\":{\\\"row0\\\":{\\\"col0\\\":\\\"250\\\",\\\"col1\\\":\\\"71\\\",\\\"col2\\\":\\\"370\\\",\\\"col3\\\":\\\"370\\\",\\\"col4\\\":\\\"330\\\",\\\"col5\\\":\\\"25\\\",\\\"col6\\\":\\\"10\\\"},\\\"row1\\\":{\\\"col0\\\":\\\"300\\\",\\\"col1\\\":\\\"71\\\",\\\"col2\\\":\\\"420\\\",\\\"col3\\\":\\\"420\\\",\\\"col4\\\":\\\"330\\\",\\\"col5\\\":\\\"25\\\",\\\"col6\\\":\\\"10\\\"},\\\"row2\\\":{\\\"col0\\\":\\\"315\\\",\\\"col1\\\":\\\"71\\\",\\\"col2\\\":\\\"435\\\",\\\"col3\\\":\\\"xxx\\\",\\\"col4\\\":\\\"330\\\",\\\"col5\\\":\\\"25\\\",\\\"col6\\\":\\\"10\\\"},\\\"row3\\\":{\\\"col0\\\":\\\"350\\\",\\\"col1\\\":\\\"71\\\",\\\"col2\\\":\\\"xxx\\\",\\\"col3\\\":\\\"xxx\\\",\\\"col4\\\":\\\"330\\\",\\\"col5\\\":\\\"25\\\",\\\"col6\\\":\\\"10\\\"},\\\"row4\\\":{\\\"col0\\\":\\\"400\\\",\\\"col1\\\":\\\"71\\\",\\\"col2\\\":\\\"xxx\\\",\\\"col3\\\":\\\"xxx\\\",\\\"col4\\\":\\\"330\\\",\\\"col5\\\":\\\"25\\\",\\\"col6\\\":\\\"10\\\"},\\\"row5\\\":{\\\"col0\\\":\\\"450\\\",\\\"col1\\\":\\\"71\\\",\\\"col2\\\":\\\"xxx\\\",\\\"col3\\\":\\\"xxx\\\",\\\"col4\\\":\\\"330\\\",\\\"col5\\\":\\\"25\\\",\\\"col6\\\":\\\"10\\\"},\\\"row6\\\":{\\\"col0\\\":\\\"500\\\",\\\"col1\\\":\\\"80\\\",\\\"col2\\\":\\\"xxx\\\",\\\"col3\\\":\\\"xxx\\\",\\\"col4\\\":\\\"380\\\",\\\"col5\\\":\\\"25\\\",\\\"col6\\\":\\\"10\\\"},\\\"row7\\\":{\\\"col0\\\":\\\"560\\\",\\\"col1\\\":\\\"80\\\",\\\"col2\\\":\\\"xxx\\\",\\\"col3\\\":\\\"xxx\\\",\\\"col4\\\":\\\"380\\\",\\\"col5\\\":\\\"25\\\",\\\"col6\\\":\\\"10\\\"},\\\"row8\\\":{\\\"col0\\\":\\\"600\\\",\\\"col1\\\":\\\"80\\\",\\\"col2\\\":\\\"xxx\\\",\\\"col3\\\":\\\"xxx\\\",\\\"col4\\\":\\\"380\\\",\\\"col5\\\":\\\"25\\\",\\\"col6\\\":\\\"10\\\"},\\\"row9\\\":{\\\"col0\\\":\\\"630\\\",\\\"col1\\\":\\\"80\\\",\\\"col2\\\":\\\"xxx\\\",\\\"col3\\\":\\\"xxx\\\",\\\"col4\\\":\\\"380\\\",\\\"col5\\\":\\\"25\\\",\\\"col6\\\":\\\"10\\\"},\\\"row10\\\":{\\\"col0\\\":\\\"630\\\",\\\"col1\\\":\\\"90\\\",\\\"col2\\\":\\\"xxx\\\",\\\"col3\\\":\\\"xxx\\\",\\\"col4\\\":\\\"400\\\",\\\"col5\\\":\\\"25\\\",\\\"col6\\\":\\\"10\\\"},\\\"row11\\\":{\\\"col0\\\":\\\"710\\\",\\\"col1\\\":\\\"80\\\",\\\"col2\\\":\\\"xxx\\\",\\\"col3\\\":\\\"xxx\\\",\\\"col4\\\":\\\"375\\\",\\\"col5\\\":\\\"40\\\",\\\"col6\\\":\\\"12\\\"},\\\"row12\\\":{\\\"col0\\\":\\\"710\\\",\\\"col1\\\":\\\"90\\\",\\\"col2\\\":\\\"xxx\\\",\\\"col3\\\":\\\"xxx\\\",\\\"col4\\\":\\\"400\\\",\\\"col5\\\":\\\"40\\\",\\\"col6\\\":\\\"12\\\"}}}\",\"columns\":{\"col0\":{\"heading\":\"Fan Size\",\"width\":\"\",\"align\":\"left\"},\"col1\":{\"heading\":\"Frame\",\"width\":\"\",\"align\":\"left\"},\"col2\":{\"heading\":\"A\",\"width\":\"\",\"align\":\"left\"},\"col3\":{\"heading\":\"B\",\"width\":\"\",\"align\":\"left\"},\"col4\":{\"heading\":\"C\",\"width\":\"\",\"align\":\"left\"},\"col5\":{\"heading\":\"D\",\"width\":\"\",\"align\":\"left\"},\"col6\":{\"heading\":\"E\",\"width\":\"\",\"align\":\"left\"}},\"rows\":{\"row0\":{\"col0\":\"250\",\"col1\":\"71\",\"col2\":\"370\",\"col3\":\"370\",\"col4\":\"330\",\"col5\":\"25\",\"col6\":\"10\"},\"row1\":{\"col0\":\"300\",\"col1\":\"71\",\"col2\":\"420\",\"col3\":\"420\",\"col4\":\"330\",\"col5\":\"25\",\"col6\":\"10\"},\"row2\":{\"col0\":\"315\",\"col1\":\"71\",\"col2\":\"435\",\"col3\":\"xxx\",\"col4\":\"330\",\"col5\":\"25\",\"col6\":\"10\"},\"row3\":{\"col0\":\"350\",\"col1\":\"71\",\"col2\":\"xxx\",\"col3\":\"xxx\",\"col4\":\"330\",\"col5\":\"25\",\"col6\":\"10\"},\"row4\":{\"col0\":\"400\",\"col1\":\"71\",\"col2\":\"xxx\",\"col3\":\"xxx\",\"col4\":\"330\",\"col5\":\"25\",\"col6\":\"10\"},\"row5\":{\"col0\":\"450\",\"col1\":\"71\",\"col2\":\"xxx\",\"col3\":\"xxx\",\"col4\":\"330\",\"col5\":\"25\",\"col6\":\"10\"},\"row6\":{\"col0\":\"500\",\"col1\":\"80\",\"col2\":\"xxx\",\"col3\":\"xxx\",\"col4\":\"380\",\"col5\":\"25\",\"col6\":\"10\"},\"row7\":{\"col0\":\"560\",\"col1\":\"80\",\"col2\":\"xxx\",\"col3\":\"xxx\",\"col4\":\"380\",\"col5\":\"25\",\"col6\":\"10\"},\"row8\":{\"col0\":\"600\",\"col1\":\"80\",\"col2\":\"xxx\",\"col3\":\"xxx\",\"col4\":\"380\",\"col5\":\"25\",\"col6\":\"10\"},\"row9\":{\"col0\":\"630\",\"col1\":\"80\",\"col2\":\"xxx\",\"col3\":\"xxx\",\"col4\":\"380\",\"col5\":\"25\",\"col6\":\"10\"},\"row10\":{\"col0\":\"630\",\"col1\":\"90\",\"col2\":\"xxx\",\"col3\":\"xxx\",\"col4\":\"400\",\"col5\":\"25\",\"col6\":\"10\"},\"row11\":{\"col0\":\"710\",\"col1\":\"80\",\"col2\":\"xxx\",\"col3\":\"xxx\",\"col4\":\"375\",\"col5\":\"40\",\"col6\":\"12\"},\"row12\":{\"col0\":\"710\",\"col1\":\"90\",\"col2\":\"xxx\",\"col3\":\"xxx\",\"col4\":\"400\",\"col5\":\"40\",\"col6\":\"12\"}}}}},\"18\":\"\",\"19\":\"\",\"12\":\"Wall or roof mounting where ducting is not required.\",\"11\":\"<p>Phasellus sed sollicitudin nisl. Praesent at euismod dui. Donec hendrerit quam turpis. Curabitur sed pharetra erat, at mollis est. Maecenas vel pharetra ligula, lacinia pellentesque justo. Donec finibus augue eget justo suscipit hendrerit. Integer at nisi vitae nibh commodo condimentum vel nec mauris. Proin tempor ex et tempus fermentum.<\\/p>\",\"16\":{\"48\":{\"type\":\"3\",\"fields\":{\"fd_st_noteText\":\"1. This type of fan can be fitted beneath in LOW PROFILE or VERTICAL JET ROOF COWL as supplied by Victoria Fans.\"}}}}}', '2017-03-01 10:58:43', '2017-03-01 10:58:43', '4041dea4-5b27-43f0-9a64-b5503d7e1057'),
 ('55', '18', '3', '1', 'en', '15', '', '{\"typeId\":\"3\",\"authorId\":\"1\",\"title\":\"Plate Mounted Axial\",\"slug\":\"plate-mounted-axial-flow-fan\",\"postDate\":1488211380,\"expiryDate\":null,\"enabled\":1,\"parentId\":\"17\",\"fields\":{\"10\":[\"4\",\"7\"],\"13\":{\"45\":{\"type\":\"2\",\"fields\":{\"fd_st_component_name\":\"Mounting Plate\",\"fd_st_componentText\":\"Fabricated in Steel and finished in Epoxy resin. 304 or 316 Stainless Steel available if required.\\u200b\"}},\"46\":{\"type\":\"2\",\"fields\":{\"fd_st_component_name\":\"Impellers\",\"fd_st_componentText\":\"Aluminium Hub with polypropylene blades. Anti-Static or Aluminium blades available if required\"}},\"47\":{\"type\":\"2\",\"fields\":{\"fd_st_component_name\":\"Motors\",\"fd_st_componentText\":\"Single or 3 phase Class F IP55 as standard with 2 speed, Zone 1 or Zone 2 as optional extras\"}}},\"18\":\"\",\"19\":\"\",\"12\":\"Wall or roof mounting where ducting is not required.\",\"11\":\"<p>Phasellus sed sollicitudin nisl. Praesent at euismod dui. Donec hendrerit quam turpis. Curabitur sed pharetra erat, at mollis est. Maecenas vel pharetra ligula, lacinia pellentesque justo. Donec finibus augue eget justo suscipit hendrerit. Integer at nisi vitae nibh commodo condimentum vel nec mauris. Proin tempor ex et tempus fermentum.<\\/p>\",\"16\":{\"48\":{\"type\":\"3\",\"fields\":{\"fd_st_noteText\":\"1. This type of fan can be fitted beneath in LOW PROFILE or VERTICAL JET ROOF COWL as supplied by Victoria Fans.\"}}}}}', '2017-03-01 11:06:32', '2017-03-01 11:06:32', 'f4cf4e5b-a0f0-48b4-9667-f66df393f958'),
 ('56', '18', '3', '1', 'en', '16', '', '{\"typeId\":\"3\",\"authorId\":\"1\",\"title\":\"Plate Mounted Axial\",\"slug\":\"plate-mounted-axial-flow-fan\",\"postDate\":1488211380,\"expiryDate\":null,\"enabled\":1,\"parentId\":\"17\",\"fields\":{\"10\":[\"4\",\"7\"],\"13\":{\"45\":{\"type\":\"2\",\"fields\":{\"fd_st_component_name\":\"Mounting Plate\",\"fd_st_componentText\":\"Fabricated in Steel and finished in Epoxy resin. 304 or 316 Stainless Steel available if required.\\u200b\"}},\"46\":{\"type\":\"2\",\"fields\":{\"fd_st_component_name\":\"Impellers\",\"fd_st_componentText\":\"Aluminium Hub with polypropylene blades. Anti-Static or Aluminium blades available if required\"}},\"47\":{\"type\":\"2\",\"fields\":{\"fd_st_component_name\":\"Motors\",\"fd_st_componentText\":\"Single or 3 phase Class F IP55 as standard with 2 speed, Zone 1 or Zone 2 as optional extras\"}}},\"21\":{\"49\":{\"type\":\"4\",\"fields\":{\"dataTable\":\"{\\\"columns\\\":{\\\"col0\\\":{\\\"heading\\\":\\\"Fan Size\\\",\\\"width\\\":\\\"\\\",\\\"align\\\":\\\"left\\\"},\\\"col1\\\":{\\\"heading\\\":\\\"Frame\\\",\\\"width\\\":\\\"\\\",\\\"align\\\":\\\"left\\\"},\\\"col2\\\":{\\\"heading\\\":\\\"A\\\",\\\"width\\\":\\\"\\\",\\\"align\\\":\\\"left\\\"},\\\"col3\\\":{\\\"heading\\\":\\\"B\\\",\\\"width\\\":\\\"\\\",\\\"align\\\":\\\"left\\\"},\\\"col4\\\":{\\\"heading\\\":\\\"C\\\",\\\"width\\\":\\\"\\\",\\\"align\\\":\\\"left\\\"},\\\"col5\\\":{\\\"heading\\\":\\\"D\\\",\\\"width\\\":\\\"\\\",\\\"align\\\":\\\"left\\\"},\\\"col6\\\":{\\\"heading\\\":\\\"E\\\",\\\"width\\\":\\\"\\\",\\\"align\\\":\\\"left\\\"}},\\\"rows\\\":{\\\"row0\\\":{\\\"col0\\\":\\\"250\\\",\\\"col1\\\":\\\"71\\\",\\\"col2\\\":\\\"370\\\",\\\"col3\\\":\\\"370\\\",\\\"col4\\\":\\\"330\\\",\\\"col5\\\":\\\"25\\\",\\\"col6\\\":\\\"10\\\"},\\\"row1\\\":{\\\"col0\\\":\\\"300\\\",\\\"col1\\\":\\\"71\\\",\\\"col2\\\":\\\"420\\\",\\\"col3\\\":\\\"420\\\",\\\"col4\\\":\\\"330\\\",\\\"col5\\\":\\\"25\\\",\\\"col6\\\":\\\"10\\\"},\\\"row2\\\":{\\\"col0\\\":\\\"315\\\",\\\"col1\\\":\\\"71\\\",\\\"col2\\\":\\\"435\\\",\\\"col3\\\":\\\"xxx\\\",\\\"col4\\\":\\\"330\\\",\\\"col5\\\":\\\"25\\\",\\\"col6\\\":\\\"10\\\"},\\\"row3\\\":{\\\"col0\\\":\\\"350\\\",\\\"col1\\\":\\\"71\\\",\\\"col2\\\":\\\"xxx\\\",\\\"col3\\\":\\\"xxx\\\",\\\"col4\\\":\\\"330\\\",\\\"col5\\\":\\\"25\\\",\\\"col6\\\":\\\"10\\\"},\\\"row4\\\":{\\\"col0\\\":\\\"400\\\",\\\"col1\\\":\\\"71\\\",\\\"col2\\\":\\\"xxx\\\",\\\"col3\\\":\\\"xxx\\\",\\\"col4\\\":\\\"330\\\",\\\"col5\\\":\\\"25\\\",\\\"col6\\\":\\\"10\\\"},\\\"row5\\\":{\\\"col0\\\":\\\"450\\\",\\\"col1\\\":\\\"71\\\",\\\"col2\\\":\\\"xxx\\\",\\\"col3\\\":\\\"xxx\\\",\\\"col4\\\":\\\"330\\\",\\\"col5\\\":\\\"25\\\",\\\"col6\\\":\\\"10\\\"},\\\"row6\\\":{\\\"col0\\\":\\\"500\\\",\\\"col1\\\":\\\"80\\\",\\\"col2\\\":\\\"xxx\\\",\\\"col3\\\":\\\"xxx\\\",\\\"col4\\\":\\\"380\\\",\\\"col5\\\":\\\"25\\\",\\\"col6\\\":\\\"10\\\"},\\\"row7\\\":{\\\"col0\\\":\\\"560\\\",\\\"col1\\\":\\\"80\\\",\\\"col2\\\":\\\"xxx\\\",\\\"col3\\\":\\\"xxx\\\",\\\"col4\\\":\\\"380\\\",\\\"col5\\\":\\\"25\\\",\\\"col6\\\":\\\"10\\\"},\\\"row8\\\":{\\\"col0\\\":\\\"600\\\",\\\"col1\\\":\\\"80\\\",\\\"col2\\\":\\\"xxx\\\",\\\"col3\\\":\\\"xxx\\\",\\\"col4\\\":\\\"380\\\",\\\"col5\\\":\\\"25\\\",\\\"col6\\\":\\\"10\\\"},\\\"row9\\\":{\\\"col0\\\":\\\"630\\\",\\\"col1\\\":\\\"80\\\",\\\"col2\\\":\\\"xxx\\\",\\\"col3\\\":\\\"xxx\\\",\\\"col4\\\":\\\"380\\\",\\\"col5\\\":\\\"25\\\",\\\"col6\\\":\\\"10\\\"},\\\"row10\\\":{\\\"col0\\\":\\\"630\\\",\\\"col1\\\":\\\"90\\\",\\\"col2\\\":\\\"xxx\\\",\\\"col3\\\":\\\"xxx\\\",\\\"col4\\\":\\\"400\\\",\\\"col5\\\":\\\"25\\\",\\\"col6\\\":\\\"10\\\"},\\\"row11\\\":{\\\"col0\\\":\\\"710\\\",\\\"col1\\\":\\\"80\\\",\\\"col2\\\":\\\"xxx\\\",\\\"col3\\\":\\\"xxx\\\",\\\"col4\\\":\\\"375\\\",\\\"col5\\\":\\\"40\\\",\\\"col6\\\":\\\"12\\\"},\\\"row12\\\":{\\\"col0\\\":\\\"710\\\",\\\"col1\\\":\\\"90\\\",\\\"col2\\\":\\\"xxx\\\",\\\"col3\\\":\\\"xxx\\\",\\\"col4\\\":\\\"400\\\",\\\"col5\\\":\\\"40\\\",\\\"col6\\\":\\\"12\\\"}}}\",\"columns\":{\"col0\":{\"heading\":\"Fan Size\",\"width\":\"\",\"align\":\"left\"},\"col1\":{\"heading\":\"Frame\",\"width\":\"\",\"align\":\"left\"},\"col2\":{\"heading\":\"A\",\"width\":\"\",\"align\":\"left\"},\"col3\":{\"heading\":\"B\",\"width\":\"\",\"align\":\"left\"},\"col4\":{\"heading\":\"C\",\"width\":\"\",\"align\":\"left\"},\"col5\":{\"heading\":\"D\",\"width\":\"\",\"align\":\"left\"},\"col6\":{\"heading\":\"E\",\"width\":\"\",\"align\":\"left\"}},\"rows\":{\"row0\":{\"col0\":\"250\",\"col1\":\"71\",\"col2\":\"370\",\"col3\":\"370\",\"col4\":\"330\",\"col5\":\"25\",\"col6\":\"10\"},\"row1\":{\"col0\":\"300\",\"col1\":\"71\",\"col2\":\"420\",\"col3\":\"420\",\"col4\":\"330\",\"col5\":\"25\",\"col6\":\"10\"},\"row2\":{\"col0\":\"315\",\"col1\":\"71\",\"col2\":\"435\",\"col3\":\"xxx\",\"col4\":\"330\",\"col5\":\"25\",\"col6\":\"10\"},\"row3\":{\"col0\":\"350\",\"col1\":\"71\",\"col2\":\"xxx\",\"col3\":\"xxx\",\"col4\":\"330\",\"col5\":\"25\",\"col6\":\"10\"},\"row4\":{\"col0\":\"400\",\"col1\":\"71\",\"col2\":\"xxx\",\"col3\":\"xxx\",\"col4\":\"330\",\"col5\":\"25\",\"col6\":\"10\"},\"row5\":{\"col0\":\"450\",\"col1\":\"71\",\"col2\":\"xxx\",\"col3\":\"xxx\",\"col4\":\"330\",\"col5\":\"25\",\"col6\":\"10\"},\"row6\":{\"col0\":\"500\",\"col1\":\"80\",\"col2\":\"xxx\",\"col3\":\"xxx\",\"col4\":\"380\",\"col5\":\"25\",\"col6\":\"10\"},\"row7\":{\"col0\":\"560\",\"col1\":\"80\",\"col2\":\"xxx\",\"col3\":\"xxx\",\"col4\":\"380\",\"col5\":\"25\",\"col6\":\"10\"},\"row8\":{\"col0\":\"600\",\"col1\":\"80\",\"col2\":\"xxx\",\"col3\":\"xxx\",\"col4\":\"380\",\"col5\":\"25\",\"col6\":\"10\"},\"row9\":{\"col0\":\"630\",\"col1\":\"80\",\"col2\":\"xxx\",\"col3\":\"xxx\",\"col4\":\"380\",\"col5\":\"25\",\"col6\":\"10\"},\"row10\":{\"col0\":\"630\",\"col1\":\"90\",\"col2\":\"xxx\",\"col3\":\"xxx\",\"col4\":\"400\",\"col5\":\"25\",\"col6\":\"10\"},\"row11\":{\"col0\":\"710\",\"col1\":\"80\",\"col2\":\"xxx\",\"col3\":\"xxx\",\"col4\":\"375\",\"col5\":\"40\",\"col6\":\"12\"},\"row12\":{\"col0\":\"710\",\"col1\":\"90\",\"col2\":\"xxx\",\"col3\":\"xxx\",\"col4\":\"400\",\"col5\":\"40\",\"col6\":\"12\"}}}},\"new1\":{\"type\":\"4\",\"fields\":{\"dataTable\":\"{\\\"columns\\\":{\\\"col1\\\":{\\\"heading\\\":\\\"Fan Size\\\",\\\"width\\\":\\\"\\\",\\\"align\\\":\\\"left\\\"},\\\"col2\\\":{\\\"heading\\\":\\\"Frame\\\",\\\"width\\\":\\\"\\\",\\\"align\\\":\\\"left\\\"},\\\"col3\\\":{\\\"heading\\\":\\\"A\\\",\\\"width\\\":\\\"\\\",\\\"align\\\":\\\"left\\\"},\\\"col4\\\":{\\\"heading\\\":\\\"B\\\",\\\"width\\\":\\\"\\\",\\\"align\\\":\\\"left\\\"},\\\"col5\\\":{\\\"heading\\\":\\\"C\\\",\\\"width\\\":\\\"\\\",\\\"align\\\":\\\"left\\\"},\\\"col6\\\":{\\\"heading\\\":\\\"D\\\",\\\"width\\\":\\\"\\\",\\\"align\\\":\\\"left\\\"},\\\"col7\\\":{\\\"heading\\\":\\\"E\\\",\\\"width\\\":\\\"\\\",\\\"align\\\":\\\"left\\\"}},\\\"rows\\\":{\\\"row1\\\":{\\\"col1\\\":\\\"xxx\\\",\\\"col2\\\":\\\"xxx\\\",\\\"col3\\\":\\\"xxx\\\",\\\"col4\\\":\\\"xxx\\\",\\\"col5\\\":\\\"xxx\\\",\\\"col6\\\":\\\"xxx\\\",\\\"col7\\\":\\\"xxx\\\"}}}\",\"columns\":{\"col1\":{\"heading\":\"Fan Size\",\"width\":\"\",\"align\":\"left\"},\"col2\":{\"heading\":\"Frame\",\"width\":\"\",\"align\":\"left\"},\"col3\":{\"heading\":\"A\",\"width\":\"\",\"align\":\"left\"},\"col4\":{\"heading\":\"B\",\"width\":\"\",\"align\":\"left\"},\"col5\":{\"heading\":\"C\",\"width\":\"\",\"align\":\"left\"},\"col6\":{\"heading\":\"D\",\"width\":\"\",\"align\":\"left\"},\"col7\":{\"heading\":\"E\",\"width\":\"\",\"align\":\"left\"}},\"rows\":{\"row1\":{\"col1\":\"xxx\",\"col2\":\"xxx\",\"col3\":\"xxx\",\"col4\":\"xxx\",\"col5\":\"xxx\",\"col6\":\"xxx\",\"col7\":\"xxx\"}}}}},\"18\":\"\",\"19\":\"\",\"12\":\"Wall or roof mounting where ducting is not required.\",\"11\":\"<p>Phasellus sed sollicitudin nisl. Praesent at euismod dui. Donec hendrerit quam turpis. Curabitur sed pharetra erat, at mollis est. Maecenas vel pharetra ligula, lacinia pellentesque justo. Donec finibus augue eget justo suscipit hendrerit. Integer at nisi vitae nibh commodo condimentum vel nec mauris. Proin tempor ex et tempus fermentum.<\\/p>\",\"16\":{\"48\":{\"type\":\"3\",\"fields\":{\"fd_st_noteText\":\"1. This type of fan can be fitted beneath in LOW PROFILE or VERTICAL JET ROOF COWL as supplied by Victoria Fans.\"}}}}}', '2017-03-01 11:07:54', '2017-03-01 11:07:54', '5c0c3d41-0ff2-44cc-b1ac-1782a059f89c'),
 ('57', '18', '3', '1', 'en', '17', '', '{\"typeId\":\"3\",\"authorId\":\"1\",\"title\":\"Plate Mounted Axial\",\"slug\":\"plate-mounted-axial-flow-fan\",\"postDate\":1488211380,\"expiryDate\":null,\"enabled\":1,\"parentId\":\"17\",\"fields\":{\"10\":[\"4\",\"7\"],\"13\":{\"45\":{\"type\":\"2\",\"fields\":{\"fd_st_component_name\":\"Mounting Plate\",\"fd_st_componentText\":\"Fabricated in Steel and finished in Epoxy resin. 304 or 316 Stainless Steel available if required.\\u200b\"}},\"46\":{\"type\":\"2\",\"fields\":{\"fd_st_component_name\":\"Impellers\",\"fd_st_componentText\":\"Aluminium Hub with polypropylene blades. Anti-Static or Aluminium blades available if required\"}},\"47\":{\"type\":\"2\",\"fields\":{\"fd_st_component_name\":\"Motors\",\"fd_st_componentText\":\"Single or 3 phase Class F IP55 as standard with 2 speed, Zone 1 or Zone 2 as optional extras\"}}},\"21\":{\"49\":{\"type\":\"4\",\"fields\":{\"dataTable\":\"{\\\"columns\\\":{\\\"col0\\\":{\\\"heading\\\":\\\"Fan Size\\\",\\\"width\\\":\\\"\\\",\\\"align\\\":\\\"left\\\"},\\\"col1\\\":{\\\"heading\\\":\\\"Frame\\\",\\\"width\\\":\\\"\\\",\\\"align\\\":\\\"left\\\"},\\\"col2\\\":{\\\"heading\\\":\\\"A\\\",\\\"width\\\":\\\"\\\",\\\"align\\\":\\\"left\\\"},\\\"col3\\\":{\\\"heading\\\":\\\"B\\\",\\\"width\\\":\\\"\\\",\\\"align\\\":\\\"left\\\"},\\\"col4\\\":{\\\"heading\\\":\\\"C\\\",\\\"width\\\":\\\"\\\",\\\"align\\\":\\\"left\\\"},\\\"col5\\\":{\\\"heading\\\":\\\"D\\\",\\\"width\\\":\\\"\\\",\\\"align\\\":\\\"left\\\"},\\\"col6\\\":{\\\"heading\\\":\\\"E\\\",\\\"width\\\":\\\"\\\",\\\"align\\\":\\\"left\\\"}},\\\"rows\\\":{\\\"row0\\\":{\\\"col0\\\":\\\"250\\\",\\\"col1\\\":\\\"71\\\",\\\"col2\\\":\\\"370\\\",\\\"col3\\\":\\\"370\\\",\\\"col4\\\":\\\"330\\\",\\\"col5\\\":\\\"25\\\",\\\"col6\\\":\\\"10\\\"},\\\"row1\\\":{\\\"col0\\\":\\\"300\\\",\\\"col1\\\":\\\"71\\\",\\\"col2\\\":\\\"420\\\",\\\"col3\\\":\\\"420\\\",\\\"col4\\\":\\\"330\\\",\\\"col5\\\":\\\"25\\\",\\\"col6\\\":\\\"10\\\"},\\\"row2\\\":{\\\"col0\\\":\\\"315\\\",\\\"col1\\\":\\\"71\\\",\\\"col2\\\":\\\"435\\\",\\\"col3\\\":\\\"xxx\\\",\\\"col4\\\":\\\"330\\\",\\\"col5\\\":\\\"25\\\",\\\"col6\\\":\\\"10\\\"},\\\"row3\\\":{\\\"col0\\\":\\\"350\\\",\\\"col1\\\":\\\"71\\\",\\\"col2\\\":\\\"xxx\\\",\\\"col3\\\":\\\"xxx\\\",\\\"col4\\\":\\\"330\\\",\\\"col5\\\":\\\"25\\\",\\\"col6\\\":\\\"10\\\"},\\\"row4\\\":{\\\"col0\\\":\\\"400\\\",\\\"col1\\\":\\\"71\\\",\\\"col2\\\":\\\"xxx\\\",\\\"col3\\\":\\\"xxx\\\",\\\"col4\\\":\\\"330\\\",\\\"col5\\\":\\\"25\\\",\\\"col6\\\":\\\"10\\\"},\\\"row5\\\":{\\\"col0\\\":\\\"450\\\",\\\"col1\\\":\\\"71\\\",\\\"col2\\\":\\\"xxx\\\",\\\"col3\\\":\\\"xxx\\\",\\\"col4\\\":\\\"330\\\",\\\"col5\\\":\\\"25\\\",\\\"col6\\\":\\\"10\\\"},\\\"row6\\\":{\\\"col0\\\":\\\"500\\\",\\\"col1\\\":\\\"80\\\",\\\"col2\\\":\\\"xxx\\\",\\\"col3\\\":\\\"xxx\\\",\\\"col4\\\":\\\"380\\\",\\\"col5\\\":\\\"25\\\",\\\"col6\\\":\\\"10\\\"},\\\"row7\\\":{\\\"col0\\\":\\\"560\\\",\\\"col1\\\":\\\"80\\\",\\\"col2\\\":\\\"xxx\\\",\\\"col3\\\":\\\"xxx\\\",\\\"col4\\\":\\\"380\\\",\\\"col5\\\":\\\"25\\\",\\\"col6\\\":\\\"10\\\"},\\\"row8\\\":{\\\"col0\\\":\\\"600\\\",\\\"col1\\\":\\\"80\\\",\\\"col2\\\":\\\"xxx\\\",\\\"col3\\\":\\\"xxx\\\",\\\"col4\\\":\\\"380\\\",\\\"col5\\\":\\\"25\\\",\\\"col6\\\":\\\"10\\\"},\\\"row9\\\":{\\\"col0\\\":\\\"630\\\",\\\"col1\\\":\\\"80\\\",\\\"col2\\\":\\\"xxx\\\",\\\"col3\\\":\\\"xxx\\\",\\\"col4\\\":\\\"380\\\",\\\"col5\\\":\\\"25\\\",\\\"col6\\\":\\\"10\\\"},\\\"row10\\\":{\\\"col0\\\":\\\"630\\\",\\\"col1\\\":\\\"90\\\",\\\"col2\\\":\\\"xxx\\\",\\\"col3\\\":\\\"xxx\\\",\\\"col4\\\":\\\"400\\\",\\\"col5\\\":\\\"25\\\",\\\"col6\\\":\\\"10\\\"},\\\"row11\\\":{\\\"col0\\\":\\\"710\\\",\\\"col1\\\":\\\"80\\\",\\\"col2\\\":\\\"xxx\\\",\\\"col3\\\":\\\"xxx\\\",\\\"col4\\\":\\\"375\\\",\\\"col5\\\":\\\"40\\\",\\\"col6\\\":\\\"12\\\"},\\\"row12\\\":{\\\"col0\\\":\\\"710\\\",\\\"col1\\\":\\\"90\\\",\\\"col2\\\":\\\"xxx\\\",\\\"col3\\\":\\\"xxx\\\",\\\"col4\\\":\\\"400\\\",\\\"col5\\\":\\\"40\\\",\\\"col6\\\":\\\"12\\\"}}}\",\"columns\":{\"col0\":{\"heading\":\"Fan Size\",\"width\":\"\",\"align\":\"left\"},\"col1\":{\"heading\":\"Frame\",\"width\":\"\",\"align\":\"left\"},\"col2\":{\"heading\":\"A\",\"width\":\"\",\"align\":\"left\"},\"col3\":{\"heading\":\"B\",\"width\":\"\",\"align\":\"left\"},\"col4\":{\"heading\":\"C\",\"width\":\"\",\"align\":\"left\"},\"col5\":{\"heading\":\"D\",\"width\":\"\",\"align\":\"left\"},\"col6\":{\"heading\":\"E\",\"width\":\"\",\"align\":\"left\"}},\"rows\":{\"row0\":{\"col0\":\"250\",\"col1\":\"71\",\"col2\":\"370\",\"col3\":\"370\",\"col4\":\"330\",\"col5\":\"25\",\"col6\":\"10\"},\"row1\":{\"col0\":\"300\",\"col1\":\"71\",\"col2\":\"420\",\"col3\":\"420\",\"col4\":\"330\",\"col5\":\"25\",\"col6\":\"10\"},\"row2\":{\"col0\":\"315\",\"col1\":\"71\",\"col2\":\"435\",\"col3\":\"xxx\",\"col4\":\"330\",\"col5\":\"25\",\"col6\":\"10\"},\"row3\":{\"col0\":\"350\",\"col1\":\"71\",\"col2\":\"xxx\",\"col3\":\"xxx\",\"col4\":\"330\",\"col5\":\"25\",\"col6\":\"10\"},\"row4\":{\"col0\":\"400\",\"col1\":\"71\",\"col2\":\"xxx\",\"col3\":\"xxx\",\"col4\":\"330\",\"col5\":\"25\",\"col6\":\"10\"},\"row5\":{\"col0\":\"450\",\"col1\":\"71\",\"col2\":\"xxx\",\"col3\":\"xxx\",\"col4\":\"330\",\"col5\":\"25\",\"col6\":\"10\"},\"row6\":{\"col0\":\"500\",\"col1\":\"80\",\"col2\":\"xxx\",\"col3\":\"xxx\",\"col4\":\"380\",\"col5\":\"25\",\"col6\":\"10\"},\"row7\":{\"col0\":\"560\",\"col1\":\"80\",\"col2\":\"xxx\",\"col3\":\"xxx\",\"col4\":\"380\",\"col5\":\"25\",\"col6\":\"10\"},\"row8\":{\"col0\":\"600\",\"col1\":\"80\",\"col2\":\"xxx\",\"col3\":\"xxx\",\"col4\":\"380\",\"col5\":\"25\",\"col6\":\"10\"},\"row9\":{\"col0\":\"630\",\"col1\":\"80\",\"col2\":\"xxx\",\"col3\":\"xxx\",\"col4\":\"380\",\"col5\":\"25\",\"col6\":\"10\"},\"row10\":{\"col0\":\"630\",\"col1\":\"90\",\"col2\":\"xxx\",\"col3\":\"xxx\",\"col4\":\"400\",\"col5\":\"25\",\"col6\":\"10\"},\"row11\":{\"col0\":\"710\",\"col1\":\"80\",\"col2\":\"xxx\",\"col3\":\"xxx\",\"col4\":\"375\",\"col5\":\"40\",\"col6\":\"12\"},\"row12\":{\"col0\":\"710\",\"col1\":\"90\",\"col2\":\"xxx\",\"col3\":\"xxx\",\"col4\":\"400\",\"col5\":\"40\",\"col6\":\"12\"}}}},\"50\":{\"type\":\"4\",\"fields\":{\"dataTable\":\"{\\\"columns\\\":{\\\"col0\\\":{\\\"heading\\\":\\\"Fan Size\\\",\\\"width\\\":\\\"\\\",\\\"align\\\":\\\"left\\\"},\\\"col1\\\":{\\\"heading\\\":\\\"Frame\\\",\\\"width\\\":\\\"\\\",\\\"align\\\":\\\"left\\\"},\\\"col2\\\":{\\\"heading\\\":\\\"A\\\",\\\"width\\\":\\\"\\\",\\\"align\\\":\\\"left\\\"},\\\"col3\\\":{\\\"heading\\\":\\\"B\\\",\\\"width\\\":\\\"\\\",\\\"align\\\":\\\"left\\\"},\\\"col4\\\":{\\\"heading\\\":\\\"C\\\",\\\"width\\\":\\\"\\\",\\\"align\\\":\\\"left\\\"},\\\"col5\\\":{\\\"heading\\\":\\\"D\\\",\\\"width\\\":\\\"\\\",\\\"align\\\":\\\"left\\\"},\\\"col6\\\":{\\\"heading\\\":\\\"E\\\",\\\"width\\\":\\\"\\\",\\\"align\\\":\\\"left\\\"}},\\\"rows\\\":{\\\"row0\\\":{\\\"col0\\\":\\\"xxx\\\",\\\"col1\\\":\\\"xxx\\\",\\\"col2\\\":\\\"xxx\\\",\\\"col3\\\":\\\"xxx\\\",\\\"col4\\\":\\\"xxx\\\",\\\"col5\\\":\\\"xxx\\\",\\\"col6\\\":\\\"xxx\\\"}}}\",\"columns\":{\"col0\":{\"heading\":\"Fan Size\",\"width\":\"\",\"align\":\"left\"},\"col1\":{\"heading\":\"Frame\",\"width\":\"\",\"align\":\"left\"},\"col2\":{\"heading\":\"A\",\"width\":\"\",\"align\":\"left\"},\"col3\":{\"heading\":\"B\",\"width\":\"\",\"align\":\"left\"},\"col4\":{\"heading\":\"C\",\"width\":\"\",\"align\":\"left\"},\"col5\":{\"heading\":\"D\",\"width\":\"\",\"align\":\"left\"},\"col6\":{\"heading\":\"E\",\"width\":\"\",\"align\":\"left\"}},\"rows\":{\"row0\":{\"col0\":\"xxx\",\"col1\":\"xxx\",\"col2\":\"xxx\",\"col3\":\"xxx\",\"col4\":\"xxx\",\"col5\":\"xxx\",\"col6\":\"xxx\"}}}}},\"18\":[\"53\"],\"19\":\"\",\"12\":\"Wall or roof mounting where ducting is not required.\",\"11\":\"<p>Phasellus sed sollicitudin nisl. Praesent at euismod dui. Donec hendrerit quam turpis. Curabitur sed pharetra erat, at mollis est. Maecenas vel pharetra ligula, lacinia pellentesque justo. Donec finibus augue eget justo suscipit hendrerit. Integer at nisi vitae nibh commodo condimentum vel nec mauris. Proin tempor ex et tempus fermentum.<\\/p>\",\"16\":{\"48\":{\"type\":\"3\",\"fields\":{\"fd_st_noteText\":\"1. This type of fan can be fitted beneath in LOW PROFILE or VERTICAL JET ROOF COWL as supplied by Victoria Fans.\"}}}}}', '2017-03-01 12:12:58', '2017-03-01 12:12:58', 'c887b9e9-d213-4e04-bbdb-ea65c55c212d'),
 ('58', '18', '3', '1', 'en', '18', '', '{\"typeId\":\"3\",\"authorId\":\"1\",\"title\":\"Plate Mounted Axial\",\"slug\":\"plate-mounted-axial-flow-fan\",\"postDate\":1488211380,\"expiryDate\":null,\"enabled\":1,\"parentId\":\"17\",\"fields\":{\"10\":[\"4\",\"7\"],\"13\":{\"45\":{\"type\":\"2\",\"fields\":{\"fd_st_component_name\":\"Mounting Plate\",\"fd_st_componentText\":\"Fabricated in Steel and finished in Epoxy resin. 304 or 316 Stainless Steel available if required.\\u200b\"}},\"46\":{\"type\":\"2\",\"fields\":{\"fd_st_component_name\":\"Impellers\",\"fd_st_componentText\":\"Aluminium Hub with polypropylene blades. Anti-Static or Aluminium blades available if required\"}},\"47\":{\"type\":\"2\",\"fields\":{\"fd_st_component_name\":\"Motors\",\"fd_st_componentText\":\"Single or 3 phase Class F IP55 as standard with 2 speed, Zone 1 or Zone 2 as optional extras\"}}},\"21\":{\"49\":{\"type\":\"4\",\"fields\":{\"dataTable\":\"{\\\"columns\\\":{\\\"col0\\\":{\\\"heading\\\":\\\"Fan Size\\\",\\\"width\\\":\\\"\\\",\\\"align\\\":\\\"left\\\"},\\\"col1\\\":{\\\"heading\\\":\\\"Frame\\\",\\\"width\\\":\\\"\\\",\\\"align\\\":\\\"left\\\"},\\\"col2\\\":{\\\"heading\\\":\\\"A\\\",\\\"width\\\":\\\"\\\",\\\"align\\\":\\\"left\\\"},\\\"col3\\\":{\\\"heading\\\":\\\"B\\\",\\\"width\\\":\\\"\\\",\\\"align\\\":\\\"left\\\"},\\\"col4\\\":{\\\"heading\\\":\\\"C\\\",\\\"width\\\":\\\"\\\",\\\"align\\\":\\\"left\\\"},\\\"col5\\\":{\\\"heading\\\":\\\"D\\\",\\\"width\\\":\\\"\\\",\\\"align\\\":\\\"left\\\"},\\\"col6\\\":{\\\"heading\\\":\\\"E\\\",\\\"width\\\":\\\"\\\",\\\"align\\\":\\\"left\\\"}},\\\"rows\\\":{\\\"row0\\\":{\\\"col0\\\":\\\"250\\\",\\\"col1\\\":\\\"71\\\",\\\"col2\\\":\\\"370\\\",\\\"col3\\\":\\\"370\\\",\\\"col4\\\":\\\"330\\\",\\\"col5\\\":\\\"25\\\",\\\"col6\\\":\\\"10\\\"},\\\"row1\\\":{\\\"col0\\\":\\\"300\\\",\\\"col1\\\":\\\"71\\\",\\\"col2\\\":\\\"420\\\",\\\"col3\\\":\\\"420\\\",\\\"col4\\\":\\\"330\\\",\\\"col5\\\":\\\"25\\\",\\\"col6\\\":\\\"10\\\"},\\\"row2\\\":{\\\"col0\\\":\\\"315\\\",\\\"col1\\\":\\\"71\\\",\\\"col2\\\":\\\"435\\\",\\\"col3\\\":\\\"xxx\\\",\\\"col4\\\":\\\"330\\\",\\\"col5\\\":\\\"25\\\",\\\"col6\\\":\\\"10\\\"},\\\"row3\\\":{\\\"col0\\\":\\\"350\\\",\\\"col1\\\":\\\"71\\\",\\\"col2\\\":\\\"xxx\\\",\\\"col3\\\":\\\"xxx\\\",\\\"col4\\\":\\\"330\\\",\\\"col5\\\":\\\"25\\\",\\\"col6\\\":\\\"10\\\"},\\\"row4\\\":{\\\"col0\\\":\\\"400\\\",\\\"col1\\\":\\\"71\\\",\\\"col2\\\":\\\"xxx\\\",\\\"col3\\\":\\\"xxx\\\",\\\"col4\\\":\\\"330\\\",\\\"col5\\\":\\\"25\\\",\\\"col6\\\":\\\"10\\\"},\\\"row5\\\":{\\\"col0\\\":\\\"450\\\",\\\"col1\\\":\\\"71\\\",\\\"col2\\\":\\\"xxx\\\",\\\"col3\\\":\\\"xxx\\\",\\\"col4\\\":\\\"330\\\",\\\"col5\\\":\\\"25\\\",\\\"col6\\\":\\\"10\\\"},\\\"row6\\\":{\\\"col0\\\":\\\"500\\\",\\\"col1\\\":\\\"80\\\",\\\"col2\\\":\\\"xxx\\\",\\\"col3\\\":\\\"xxx\\\",\\\"col4\\\":\\\"380\\\",\\\"col5\\\":\\\"25\\\",\\\"col6\\\":\\\"10\\\"},\\\"row7\\\":{\\\"col0\\\":\\\"560\\\",\\\"col1\\\":\\\"80\\\",\\\"col2\\\":\\\"xxx\\\",\\\"col3\\\":\\\"xxx\\\",\\\"col4\\\":\\\"380\\\",\\\"col5\\\":\\\"25\\\",\\\"col6\\\":\\\"10\\\"},\\\"row8\\\":{\\\"col0\\\":\\\"600\\\",\\\"col1\\\":\\\"80\\\",\\\"col2\\\":\\\"xxx\\\",\\\"col3\\\":\\\"xxx\\\",\\\"col4\\\":\\\"380\\\",\\\"col5\\\":\\\"25\\\",\\\"col6\\\":\\\"10\\\"},\\\"row9\\\":{\\\"col0\\\":\\\"630\\\",\\\"col1\\\":\\\"80\\\",\\\"col2\\\":\\\"xxx\\\",\\\"col3\\\":\\\"xxx\\\",\\\"col4\\\":\\\"380\\\",\\\"col5\\\":\\\"25\\\",\\\"col6\\\":\\\"10\\\"},\\\"row10\\\":{\\\"col0\\\":\\\"630\\\",\\\"col1\\\":\\\"90\\\",\\\"col2\\\":\\\"xxx\\\",\\\"col3\\\":\\\"xxx\\\",\\\"col4\\\":\\\"400\\\",\\\"col5\\\":\\\"25\\\",\\\"col6\\\":\\\"10\\\"},\\\"row11\\\":{\\\"col0\\\":\\\"710\\\",\\\"col1\\\":\\\"80\\\",\\\"col2\\\":\\\"xxx\\\",\\\"col3\\\":\\\"xxx\\\",\\\"col4\\\":\\\"375\\\",\\\"col5\\\":\\\"40\\\",\\\"col6\\\":\\\"12\\\"},\\\"row12\\\":{\\\"col0\\\":\\\"710\\\",\\\"col1\\\":\\\"90\\\",\\\"col2\\\":\\\"xxx\\\",\\\"col3\\\":\\\"xxx\\\",\\\"col4\\\":\\\"400\\\",\\\"col5\\\":\\\"40\\\",\\\"col6\\\":\\\"12\\\"}}}\",\"columns\":{\"col0\":{\"heading\":\"Fan Size\",\"width\":\"\",\"align\":\"left\"},\"col1\":{\"heading\":\"Frame\",\"width\":\"\",\"align\":\"left\"},\"col2\":{\"heading\":\"A\",\"width\":\"\",\"align\":\"left\"},\"col3\":{\"heading\":\"B\",\"width\":\"\",\"align\":\"left\"},\"col4\":{\"heading\":\"C\",\"width\":\"\",\"align\":\"left\"},\"col5\":{\"heading\":\"D\",\"width\":\"\",\"align\":\"left\"},\"col6\":{\"heading\":\"E\",\"width\":\"\",\"align\":\"left\"}},\"rows\":{\"row0\":{\"col0\":\"250\",\"col1\":\"71\",\"col2\":\"370\",\"col3\":\"370\",\"col4\":\"330\",\"col5\":\"25\",\"col6\":\"10\"},\"row1\":{\"col0\":\"300\",\"col1\":\"71\",\"col2\":\"420\",\"col3\":\"420\",\"col4\":\"330\",\"col5\":\"25\",\"col6\":\"10\"},\"row2\":{\"col0\":\"315\",\"col1\":\"71\",\"col2\":\"435\",\"col3\":\"xxx\",\"col4\":\"330\",\"col5\":\"25\",\"col6\":\"10\"},\"row3\":{\"col0\":\"350\",\"col1\":\"71\",\"col2\":\"xxx\",\"col3\":\"xxx\",\"col4\":\"330\",\"col5\":\"25\",\"col6\":\"10\"},\"row4\":{\"col0\":\"400\",\"col1\":\"71\",\"col2\":\"xxx\",\"col3\":\"xxx\",\"col4\":\"330\",\"col5\":\"25\",\"col6\":\"10\"},\"row5\":{\"col0\":\"450\",\"col1\":\"71\",\"col2\":\"xxx\",\"col3\":\"xxx\",\"col4\":\"330\",\"col5\":\"25\",\"col6\":\"10\"},\"row6\":{\"col0\":\"500\",\"col1\":\"80\",\"col2\":\"xxx\",\"col3\":\"xxx\",\"col4\":\"380\",\"col5\":\"25\",\"col6\":\"10\"},\"row7\":{\"col0\":\"560\",\"col1\":\"80\",\"col2\":\"xxx\",\"col3\":\"xxx\",\"col4\":\"380\",\"col5\":\"25\",\"col6\":\"10\"},\"row8\":{\"col0\":\"600\",\"col1\":\"80\",\"col2\":\"xxx\",\"col3\":\"xxx\",\"col4\":\"380\",\"col5\":\"25\",\"col6\":\"10\"},\"row9\":{\"col0\":\"630\",\"col1\":\"80\",\"col2\":\"xxx\",\"col3\":\"xxx\",\"col4\":\"380\",\"col5\":\"25\",\"col6\":\"10\"},\"row10\":{\"col0\":\"630\",\"col1\":\"90\",\"col2\":\"xxx\",\"col3\":\"xxx\",\"col4\":\"400\",\"col5\":\"25\",\"col6\":\"10\"},\"row11\":{\"col0\":\"710\",\"col1\":\"80\",\"col2\":\"xxx\",\"col3\":\"xxx\",\"col4\":\"375\",\"col5\":\"40\",\"col6\":\"12\"},\"row12\":{\"col0\":\"710\",\"col1\":\"90\",\"col2\":\"xxx\",\"col3\":\"xxx\",\"col4\":\"400\",\"col5\":\"40\",\"col6\":\"12\"}}}},\"50\":{\"type\":\"4\",\"fields\":{\"dataTable\":\"{\\\"columns\\\":{\\\"col0\\\":{\\\"heading\\\":\\\"Fan Size\\\",\\\"width\\\":\\\"\\\",\\\"align\\\":\\\"left\\\"},\\\"col1\\\":{\\\"heading\\\":\\\"Frame\\\",\\\"width\\\":\\\"\\\",\\\"align\\\":\\\"left\\\"},\\\"col2\\\":{\\\"heading\\\":\\\"A\\\",\\\"width\\\":\\\"\\\",\\\"align\\\":\\\"left\\\"},\\\"col3\\\":{\\\"heading\\\":\\\"B\\\",\\\"width\\\":\\\"\\\",\\\"align\\\":\\\"left\\\"},\\\"col4\\\":{\\\"heading\\\":\\\"C\\\",\\\"width\\\":\\\"\\\",\\\"align\\\":\\\"left\\\"},\\\"col5\\\":{\\\"heading\\\":\\\"D\\\",\\\"width\\\":\\\"\\\",\\\"align\\\":\\\"left\\\"},\\\"col6\\\":{\\\"heading\\\":\\\"E\\\",\\\"width\\\":\\\"\\\",\\\"align\\\":\\\"left\\\"}},\\\"rows\\\":{\\\"row0\\\":{\\\"col0\\\":\\\"xxx\\\",\\\"col1\\\":\\\"xxx\\\",\\\"col2\\\":\\\"xxx\\\",\\\"col3\\\":\\\"xxx\\\",\\\"col4\\\":\\\"xxx\\\",\\\"col5\\\":\\\"xxx\\\",\\\"col6\\\":\\\"xxx\\\"}}}\",\"columns\":{\"col0\":{\"heading\":\"Fan Size\",\"width\":\"\",\"align\":\"left\"},\"col1\":{\"heading\":\"Frame\",\"width\":\"\",\"align\":\"left\"},\"col2\":{\"heading\":\"A\",\"width\":\"\",\"align\":\"left\"},\"col3\":{\"heading\":\"B\",\"width\":\"\",\"align\":\"left\"},\"col4\":{\"heading\":\"C\",\"width\":\"\",\"align\":\"left\"},\"col5\":{\"heading\":\"D\",\"width\":\"\",\"align\":\"left\"},\"col6\":{\"heading\":\"E\",\"width\":\"\",\"align\":\"left\"}},\"rows\":{\"row0\":{\"col0\":\"xxx\",\"col1\":\"xxx\",\"col2\":\"xxx\",\"col3\":\"xxx\",\"col4\":\"xxx\",\"col5\":\"xxx\",\"col6\":\"xxx\"}}}}},\"18\":[\"53\"],\"19\":[\"55\",\"56\"],\"12\":\"Wall or roof mounting where ducting is not required.\",\"11\":\"<p>Phasellus sed sollicitudin nisl. Praesent at euismod dui. Donec hendrerit quam turpis. Curabitur sed pharetra erat, at mollis est. Maecenas vel pharetra ligula, lacinia pellentesque justo. Donec finibus augue eget justo suscipit hendrerit. Integer at nisi vitae nibh commodo condimentum vel nec mauris. Proin tempor ex et tempus fermentum.<\\/p>\",\"16\":{\"48\":{\"type\":\"3\",\"fields\":{\"fd_st_noteText\":\"1. This type of fan can be fitted beneath in LOW PROFILE or VERTICAL JET ROOF COWL as supplied by Victoria Fans.\"}}}}}', '2017-03-01 12:15:18', '2017-03-01 12:15:18', '09357b86-d223-4aa8-9f73-59a8392e1859'),
 ('59', '57', '4', '1', 'en', '1', NULL, '{\"typeId\":\"5\",\"authorId\":null,\"title\":\"Product Range\",\"slug\":\"product-range\",\"postDate\":1488373336,\"expiryDate\":null,\"enabled\":1,\"parentId\":null,\"fields\":[]}', '2017-03-01 13:02:16', '2017-03-01 13:02:16', '964e2155-82c6-43f2-b17c-4fc4a7c17cfc'),
 ('60', '57', '4', '1', 'en', '2', '', '{\"typeId\":\"5\",\"authorId\":null,\"title\":\"Product Range\",\"slug\":\"product-range\",\"postDate\":1488373821,\"expiryDate\":null,\"enabled\":1,\"parentId\":null,\"fields\":{\"23\":\"<p>Curabitur convallis, arcu a posuere viverra, justo erat consequat mauris, vel dapibus ex purus rhoncus erat. Etiam egestas purus nibh, eu tincidunt nisl elementum in. Suspendisse potenti. Phasellus molestie viverra quam, ut suscipit massa eleifend id. Orci varius natoque penatibus et magnis dis parturient montes, nascetur ridiculus mus. Maecenas volutpat sodales pellentesque. Donec ullamcorper urna mauris, ut semper mi sagittis vel. Pellentesque habitant morbi tristique senectus et netus et malesuada fames ac turpis egestas.<\\/p>\"}}', '2017-03-01 13:37:06', '2017-03-01 13:37:06', 'd640c9f8-06d4-4623-b275-90b610f2b5e8'),
 ('61', '18', '3', '1', 'en', '19', '', '{\"typeId\":\"3\",\"authorId\":\"1\",\"title\":\"Plate Mounted Axial\",\"slug\":\"plate-mounted-axial-flow-fan\",\"postDate\":1488211380,\"expiryDate\":null,\"enabled\":1,\"parentId\":\"17\",\"fields\":{\"10\":[\"4\",\"7\"],\"13\":{\"45\":{\"type\":\"2\",\"fields\":{\"fd_st_component_name\":\"Mounting Plate\",\"fd_st_componentText\":\"Fabricated in Steel and finished in Epoxy resin. 304 or 316 Stainless Steel available if required.\\u200b\"}},\"46\":{\"type\":\"2\",\"fields\":{\"fd_st_component_name\":\"Impellers\",\"fd_st_componentText\":\"Aluminium Hub with polypropylene blades. Anti-Static or Aluminium blades available if required\"}},\"47\":{\"type\":\"2\",\"fields\":{\"fd_st_component_name\":\"Motors\",\"fd_st_componentText\":\"Single or 3 phase Class F IP55 as standard with 2 speed, Zone 1 or Zone 2 as optional extras\"}}},\"21\":{\"49\":{\"type\":\"4\",\"fields\":{\"dataTable\":\"{\\\"columns\\\":{\\\"col0\\\":{\\\"heading\\\":\\\"Fan Size\\\",\\\"width\\\":\\\"\\\",\\\"align\\\":\\\"left\\\"},\\\"col1\\\":{\\\"heading\\\":\\\"Frame\\\",\\\"width\\\":\\\"\\\",\\\"align\\\":\\\"left\\\"},\\\"col2\\\":{\\\"heading\\\":\\\"A\\\",\\\"width\\\":\\\"\\\",\\\"align\\\":\\\"left\\\"},\\\"col3\\\":{\\\"heading\\\":\\\"B\\\",\\\"width\\\":\\\"\\\",\\\"align\\\":\\\"left\\\"},\\\"col4\\\":{\\\"heading\\\":\\\"C\\\",\\\"width\\\":\\\"\\\",\\\"align\\\":\\\"left\\\"},\\\"col5\\\":{\\\"heading\\\":\\\"D\\\",\\\"width\\\":\\\"\\\",\\\"align\\\":\\\"left\\\"},\\\"col6\\\":{\\\"heading\\\":\\\"E\\\",\\\"width\\\":\\\"\\\",\\\"align\\\":\\\"left\\\"}},\\\"rows\\\":{\\\"row0\\\":{\\\"col0\\\":\\\"250\\\",\\\"col1\\\":\\\"71\\\",\\\"col2\\\":\\\"370\\\",\\\"col3\\\":\\\"370\\\",\\\"col4\\\":\\\"330\\\",\\\"col5\\\":\\\"25\\\",\\\"col6\\\":\\\"10\\\"},\\\"row1\\\":{\\\"col0\\\":\\\"300\\\",\\\"col1\\\":\\\"71\\\",\\\"col2\\\":\\\"420\\\",\\\"col3\\\":\\\"420\\\",\\\"col4\\\":\\\"330\\\",\\\"col5\\\":\\\"25\\\",\\\"col6\\\":\\\"10\\\"},\\\"row2\\\":{\\\"col0\\\":\\\"315\\\",\\\"col1\\\":\\\"71\\\",\\\"col2\\\":\\\"435\\\",\\\"col3\\\":\\\"xxx\\\",\\\"col4\\\":\\\"330\\\",\\\"col5\\\":\\\"25\\\",\\\"col6\\\":\\\"10\\\"},\\\"row3\\\":{\\\"col0\\\":\\\"350\\\",\\\"col1\\\":\\\"71\\\",\\\"col2\\\":\\\"xxx\\\",\\\"col3\\\":\\\"xxx\\\",\\\"col4\\\":\\\"330\\\",\\\"col5\\\":\\\"25\\\",\\\"col6\\\":\\\"10\\\"},\\\"row4\\\":{\\\"col0\\\":\\\"400\\\",\\\"col1\\\":\\\"71\\\",\\\"col2\\\":\\\"xxx\\\",\\\"col3\\\":\\\"xxx\\\",\\\"col4\\\":\\\"330\\\",\\\"col5\\\":\\\"25\\\",\\\"col6\\\":\\\"10\\\"},\\\"row5\\\":{\\\"col0\\\":\\\"450\\\",\\\"col1\\\":\\\"71\\\",\\\"col2\\\":\\\"xxx\\\",\\\"col3\\\":\\\"xxx\\\",\\\"col4\\\":\\\"330\\\",\\\"col5\\\":\\\"25\\\",\\\"col6\\\":\\\"10\\\"},\\\"row6\\\":{\\\"col0\\\":\\\"500\\\",\\\"col1\\\":\\\"80\\\",\\\"col2\\\":\\\"xxx\\\",\\\"col3\\\":\\\"xxx\\\",\\\"col4\\\":\\\"380\\\",\\\"col5\\\":\\\"25\\\",\\\"col6\\\":\\\"10\\\"},\\\"row7\\\":{\\\"col0\\\":\\\"560\\\",\\\"col1\\\":\\\"80\\\",\\\"col2\\\":\\\"xxx\\\",\\\"col3\\\":\\\"xxx\\\",\\\"col4\\\":\\\"380\\\",\\\"col5\\\":\\\"25\\\",\\\"col6\\\":\\\"10\\\"},\\\"row8\\\":{\\\"col0\\\":\\\"600\\\",\\\"col1\\\":\\\"80\\\",\\\"col2\\\":\\\"xxx\\\",\\\"col3\\\":\\\"xxx\\\",\\\"col4\\\":\\\"380\\\",\\\"col5\\\":\\\"25\\\",\\\"col6\\\":\\\"10\\\"},\\\"row9\\\":{\\\"col0\\\":\\\"630\\\",\\\"col1\\\":\\\"80\\\",\\\"col2\\\":\\\"xxx\\\",\\\"col3\\\":\\\"xxx\\\",\\\"col4\\\":\\\"380\\\",\\\"col5\\\":\\\"25\\\",\\\"col6\\\":\\\"10\\\"},\\\"row10\\\":{\\\"col0\\\":\\\"630\\\",\\\"col1\\\":\\\"90\\\",\\\"col2\\\":\\\"xxx\\\",\\\"col3\\\":\\\"xxx\\\",\\\"col4\\\":\\\"400\\\",\\\"col5\\\":\\\"25\\\",\\\"col6\\\":\\\"10\\\"},\\\"row11\\\":{\\\"col0\\\":\\\"710\\\",\\\"col1\\\":\\\"80\\\",\\\"col2\\\":\\\"xxx\\\",\\\"col3\\\":\\\"xxx\\\",\\\"col4\\\":\\\"375\\\",\\\"col5\\\":\\\"40\\\",\\\"col6\\\":\\\"12\\\"},\\\"row12\\\":{\\\"col0\\\":\\\"710\\\",\\\"col1\\\":\\\"90\\\",\\\"col2\\\":\\\"xxx\\\",\\\"col3\\\":\\\"xxx\\\",\\\"col4\\\":\\\"400\\\",\\\"col5\\\":\\\"40\\\",\\\"col6\\\":\\\"12\\\"}}}\",\"columns\":{\"col0\":{\"heading\":\"Fan Size\",\"width\":\"\",\"align\":\"left\"},\"col1\":{\"heading\":\"Frame\",\"width\":\"\",\"align\":\"left\"},\"col2\":{\"heading\":\"A\",\"width\":\"\",\"align\":\"left\"},\"col3\":{\"heading\":\"B\",\"width\":\"\",\"align\":\"left\"},\"col4\":{\"heading\":\"C\",\"width\":\"\",\"align\":\"left\"},\"col5\":{\"heading\":\"D\",\"width\":\"\",\"align\":\"left\"},\"col6\":{\"heading\":\"E\",\"width\":\"\",\"align\":\"left\"}},\"rows\":{\"row0\":{\"col0\":\"250\",\"col1\":\"71\",\"col2\":\"370\",\"col3\":\"370\",\"col4\":\"330\",\"col5\":\"25\",\"col6\":\"10\"},\"row1\":{\"col0\":\"300\",\"col1\":\"71\",\"col2\":\"420\",\"col3\":\"420\",\"col4\":\"330\",\"col5\":\"25\",\"col6\":\"10\"},\"row2\":{\"col0\":\"315\",\"col1\":\"71\",\"col2\":\"435\",\"col3\":\"xxx\",\"col4\":\"330\",\"col5\":\"25\",\"col6\":\"10\"},\"row3\":{\"col0\":\"350\",\"col1\":\"71\",\"col2\":\"xxx\",\"col3\":\"xxx\",\"col4\":\"330\",\"col5\":\"25\",\"col6\":\"10\"},\"row4\":{\"col0\":\"400\",\"col1\":\"71\",\"col2\":\"xxx\",\"col3\":\"xxx\",\"col4\":\"330\",\"col5\":\"25\",\"col6\":\"10\"},\"row5\":{\"col0\":\"450\",\"col1\":\"71\",\"col2\":\"xxx\",\"col3\":\"xxx\",\"col4\":\"330\",\"col5\":\"25\",\"col6\":\"10\"},\"row6\":{\"col0\":\"500\",\"col1\":\"80\",\"col2\":\"xxx\",\"col3\":\"xxx\",\"col4\":\"380\",\"col5\":\"25\",\"col6\":\"10\"},\"row7\":{\"col0\":\"560\",\"col1\":\"80\",\"col2\":\"xxx\",\"col3\":\"xxx\",\"col4\":\"380\",\"col5\":\"25\",\"col6\":\"10\"},\"row8\":{\"col0\":\"600\",\"col1\":\"80\",\"col2\":\"xxx\",\"col3\":\"xxx\",\"col4\":\"380\",\"col5\":\"25\",\"col6\":\"10\"},\"row9\":{\"col0\":\"630\",\"col1\":\"80\",\"col2\":\"xxx\",\"col3\":\"xxx\",\"col4\":\"380\",\"col5\":\"25\",\"col6\":\"10\"},\"row10\":{\"col0\":\"630\",\"col1\":\"90\",\"col2\":\"xxx\",\"col3\":\"xxx\",\"col4\":\"400\",\"col5\":\"25\",\"col6\":\"10\"},\"row11\":{\"col0\":\"710\",\"col1\":\"80\",\"col2\":\"xxx\",\"col3\":\"xxx\",\"col4\":\"375\",\"col5\":\"40\",\"col6\":\"12\"},\"row12\":{\"col0\":\"710\",\"col1\":\"90\",\"col2\":\"xxx\",\"col3\":\"xxx\",\"col4\":\"400\",\"col5\":\"40\",\"col6\":\"12\"}}}},\"50\":{\"type\":\"4\",\"fields\":{\"dataTable\":\"{\\\"columns\\\":{\\\"col0\\\":{\\\"heading\\\":\\\"Fan Size\\\",\\\"width\\\":\\\"\\\",\\\"align\\\":\\\"left\\\"},\\\"col1\\\":{\\\"heading\\\":\\\"Frame\\\",\\\"width\\\":\\\"\\\",\\\"align\\\":\\\"left\\\"},\\\"col2\\\":{\\\"heading\\\":\\\"A\\\",\\\"width\\\":\\\"\\\",\\\"align\\\":\\\"left\\\"},\\\"col3\\\":{\\\"heading\\\":\\\"B\\\",\\\"width\\\":\\\"\\\",\\\"align\\\":\\\"left\\\"},\\\"col4\\\":{\\\"heading\\\":\\\"C\\\",\\\"width\\\":\\\"\\\",\\\"align\\\":\\\"left\\\"},\\\"col5\\\":{\\\"heading\\\":\\\"D\\\",\\\"width\\\":\\\"\\\",\\\"align\\\":\\\"left\\\"},\\\"col6\\\":{\\\"heading\\\":\\\"E\\\",\\\"width\\\":\\\"\\\",\\\"align\\\":\\\"left\\\"}},\\\"rows\\\":{\\\"row0\\\":{\\\"col0\\\":\\\"xxx\\\",\\\"col1\\\":\\\"xxx\\\",\\\"col2\\\":\\\"xxx\\\",\\\"col3\\\":\\\"xxx\\\",\\\"col4\\\":\\\"xxx\\\",\\\"col5\\\":\\\"xxx\\\",\\\"col6\\\":\\\"xxx\\\"}}}\",\"columns\":{\"col0\":{\"heading\":\"Fan Size\",\"width\":\"\",\"align\":\"left\"},\"col1\":{\"heading\":\"Frame\",\"width\":\"\",\"align\":\"left\"},\"col2\":{\"heading\":\"A\",\"width\":\"\",\"align\":\"left\"},\"col3\":{\"heading\":\"B\",\"width\":\"\",\"align\":\"left\"},\"col4\":{\"heading\":\"C\",\"width\":\"\",\"align\":\"left\"},\"col5\":{\"heading\":\"D\",\"width\":\"\",\"align\":\"left\"},\"col6\":{\"heading\":\"E\",\"width\":\"\",\"align\":\"left\"}},\"rows\":{\"row0\":{\"col0\":\"xxx\",\"col1\":\"xxx\",\"col2\":\"xxx\",\"col3\":\"xxx\",\"col4\":\"xxx\",\"col5\":\"xxx\",\"col6\":\"xxx\"}}}}},\"18\":[\"53\"],\"19\":[\"55\",\"56\"],\"12\":\"Wall or roof mounting where ducting is not required.\",\"11\":\"<p>Plate Mounted Axial fan Phasellus sed sollicitudin nisl. Praesent at euismod dui. Donec hendrerit quam turpis. Curabitur sed pharetra erat, at mollis est. Maecenas vel pharetra ligula, lacinia pellentesque justo. Donec finibus augue eget justo suscipit hendrerit. Integer at nisi vitae nibh commodo condimentum vel nec mauris. Proin tempor ex et tempus fermentum.<\\/p>\",\"16\":{\"48\":{\"type\":\"3\",\"fields\":{\"fd_st_noteText\":\"1. This type of fan can be fitted beneath in LOW PROFILE or VERTICAL JET ROOF COWL as supplied by Victoria Fans.\"}}}}}', '2017-03-01 14:18:42', '2017-03-01 14:18:42', '3c3aa806-9521-4f8a-a1f1-3ff9d8885349'),
 ('62', '2', '1', '1', 'en', '3', '', '{\"typeId\":null,\"authorId\":null,\"title\":\"Welcome to Victoriafans!\",\"slug\":\"homepage\",\"postDate\":1488207921,\"expiryDate\":null,\"enabled\":1,\"parentId\":null,\"fields\":{\"24\":[\"58\"]}}', '2017-03-02 17:00:07', '2017-03-02 17:00:07', 'ae5efe3a-eda0-4767-a8e2-bbf66c3eceab'),
 ('63', '17', '3', '1', 'en', '7', '', '{\"typeId\":\"4\",\"authorId\":\"1\",\"title\":\"Axial Flow Fans\",\"slug\":\"axial-flow-fans\",\"postDate\":1488211320,\"expiryDate\":null,\"enabled\":1,\"parentId\":\"\",\"fields\":{\"3\":\"<p>Lorem ipsum dolor sit amet, consectetur adipiscing elit. Nullam at lectus ipsum. Nam vehicula felis a mi commodo, id lacinia nisi ultricies. Nunc ut libero sit amet diam scelerisque gravida.<\\/p>\",\"4\":{\"36\":{\"type\":\"1\",\"fields\":{\"fd_St_Header\":\"Arrangement\",\"fd_st_text\":\"<p>Lorem ipsum dolor sit amet, consectetur adipiscing elit. Morbi odio nibh, feugiat at metus a, tempus cursus dui. Cras imperdiet, ligula sed tempus cursus, metus est laoreet quam, eu ultrices magna mauris eu quam. Vestibulum accumsan pharetra elit, eu cursus lacus congue eu. Nullam vitae libero sit amet felis maximus aliquet. Maecenas in vehicula tortor. Sed nec arcu a metus porttitor dignissim. Vivamus blandit ipsum sapien, et sagittis diam mollis vitae. Morbi dictum volutpat mattis. Suspendisse laoreet suscipit odio sit amet pretium. Fusce ut lorem lacus. Morbi in velit et elit sodales pharetra congue in dolor.<\\/p>\"}},\"37\":{\"type\":\"1\",\"fields\":{\"fd_St_Header\":\"Standard Impellors\",\"fd_st_text\":\"<p>Praesent sed erat et erat dignissim sollicitudin. Ut facilisis sapien in eros sollicitudin tempus. Ut vitae erat tellus. Phasellus et est at augue gravida molestie ut luctus mi. Morbi volutpat massa tellus, sed tincidunt neque tincidunt eget. Sed quis fringilla purus. Orci varius natoque penatibus et magnis dis parturient montes, nascetur ridiculus mus. Curabitur viverra tellus aliquet ullamcorper gravida. Curabitur nec nisl vel orci ornare convallis. Fusce non odio semper, condimentum odio et, scelerisque dui. Nam leo nibh, elementum et ultricies ac, interdum non nisl. Proin eget malesuada massa, sed cursus quam. Nam pretium tincidunt dapibus. Orci varius natoque penatibus et magnis dis parturient montes, nascetur ridiculus mus. Phasellus venenatis arcu vitae nibh eleifend pellentesque.<\\/p>\"}},\"38\":{\"type\":\"1\",\"fields\":{\"fd_St_Header\":\"Staging of Axial Flow Fans\",\"fd_st_text\":\"<p>Nulla et venenatis ligula, ut volutpat odio. Vivamus sodales sapien eu feugiat ultricies. Pellentesque molestie pellentesque nisl, sed faucibus dui elementum id. Nullam lobortis nisi vel egestas convallis. Mauris lobortis augue id viverra ornare. Etiam sit amet odio quis mi varius ullamcorper. Fusce est purus, egestas et aliquam in, ullamcorper ac erat. Maecenas purus odio, condimentum sit amet libero in, iaculis iaculis sem. Donec ullamcorper tortor non libero tristique cursus. Aliquam eleifend et quam semper luctus. Ut suscipit est vel sapien placerat, quis consequat arcu iaculis. Donec interdum viverra quam, ornare pulvinar sem auctor ac. Mauris ultricies scelerisque consectetur. Phasellus tellus mauris, egestas nec ex vitae, volutpat commodo purus.<\\/p>\"}},\"39\":{\"type\":\"1\",\"fields\":{\"fd_St_Header\":\"Fractional Solidity Impellors\",\"fd_st_text\":\"<p>Donec ut ullamcorper nisi. Fusce faucibus interdum turpis sed volutpat. Donec velit ante, viverra nec facilisis eu, ultricies quis nunc. Sed id mi lectus. Mauris eget ligula nec nisl vestibulum convallis. In hac habitasse platea dictumst. Maecenas tempor efficitur ipsum vel viverra. Ut sed lacus vehicula, imperdiet tortor vitae, mattis sapien. Duis sem libero, dapibus eu ipsum sit amet, commodo accumsan turpis. Donec porttitor aliquam tincidunt. Cras pretium finibus sapien a facilisis. Pellentesque nec nulla et erat egestas porta.<\\/p>\"}},\"40\":{\"type\":\"1\",\"fields\":{\"fd_St_Header\":\"Long Cased Type\",\"fd_st_text\":\"<p>Donec ut ullamcorper nisi. Fusce faucibus interdum turpis sed volutpat. Donec velit ante, viverra nec facilisis eu, ultricies quis nunc. Sed id mi lectus. Mauris eget ligula nec nisl vestibulum convallis. In hac habitasse platea dictumst. Maecenas tempor efficitur ipsum vel viverra. Ut sed lacus vehicula, imperdiet tortor vitae, mattis sapien. Duis sem libero, dapibus eu ipsum sit amet, commodo accumsan turpis. Donec porttitor aliquam tincidunt. Cras pretium finibus sapien a facilisis. Pellentesque nec nulla et erat egestas porta.<\\/p>\"}},\"41\":{\"type\":\"1\",\"fields\":{\"fd_St_Header\":\"Example of Coding\",\"fd_st_text\":\"<p>Mauris commodo vestibulum lacus vel venenatis. Donec mattis pretium dictum. Praesent at mollis arcu, in finibus felis. Aenean ornare tellus orci, sit amet sodales elit placerat in. Etiam et purus mi. Proin id feugiat odio. Integer mollis ornare arcu, eu vulputate turpis dapibus non. Cras tempus nibh augue, non tincidunt leo dignissim non. Nam tempus venenatis orci. Morbi interdum odio eu nisl euismod ultrices.<\\/p>\"}},\"42\":{\"type\":\"1\",\"fields\":{\"fd_St_Header\":\"Motors\",\"fd_st_text\":\"<p>Curabitur hendrerit nec sem ac pulvinar. Integer vitae accumsan enim. Morbi eu vestibulum dui. Praesent id imperdiet nulla. Proin orci nisi, hendrerit tempor dolor quis, venenatis mattis sem. Proin ipsum mauris, placerat et felis non, efficitur vulputate justo. Ut accumsan, metus eu dignissim suscipit, quam velit fringilla orci, sed aliquet dui enim sed leo.&nbsp;<\\/p>\"}},\"43\":{\"type\":\"1\",\"fields\":{\"fd_St_Header\":\"Extra Features Available\",\"fd_st_text\":\"<p>Ut ac porttitor dolor. Vivamus leo sem, aliquet lacinia ex vel, mollis consectetur nibh. Morbi enim augue, cursus non malesuada ac, tincidunt sit amet augue. Mauris fermentum, ligula nec pellentesque euismod, nisl sapien ultricies purus, eget porttitor est magna at elit. Orci varius natoque penatibus et magnis dis parturient montes, nascetur ridiculus mus. Aliquam sollicitudin euismod turpis ut tempus. Donec nibh augue, cursus aliquet odio vel, egestas eleifend ante.<\\/p>\"}},\"44\":{\"type\":\"1\",\"fields\":{\"fd_St_Header\":\"Finish\",\"fd_st_text\":\"<p>Suspendisse tellus purus, semper vitae leo in, congue euismod lorem. Vivamus ut metus mollis, lobortis augue vel, pharetra ipsum. Vivamus id vulputate urna. Vestibulum ultricies maximus purus tempus convallis. Praesent justo est, aliquam sed pretium non, bibendum ut massa. Lorem ipsum dolor sit amet, consectetur adipiscing elit.<\\/p>\"}}},\"25\":[\"59\"],\"7\":\"All Long and Short cased fans can be supplied with 304 or 316 Stainless Steel Casings\"}}', '2017-03-02 17:19:39', '2017-03-02 17:19:39', '89528c66-b97a-4132-a445-080dcdd3a3a7'),
 ('64', '19', '3', '1', 'en', '3', '', '{\"typeId\":\"4\",\"authorId\":\"1\",\"title\":\"Bifurcated Fans\",\"slug\":\"bifurcated-fans\",\"postDate\":1488211620,\"expiryDate\":null,\"enabled\":1,\"parentId\":\"\",\"fields\":{\"3\":\"<p>Aliquam a tortor et nibh interdum egestas. Proin orci erat, mattis a tincidunt nec, efficitur id neque. Suspendisse scelerisque semper vestibulum.<\\/p>\",\"4\":\"\",\"25\":[\"60\"],\"7\":\"\"}}', '2017-03-02 17:22:15', '2017-03-02 17:22:15', 'a892eceb-7254-41b3-9015-c92aa22e6458'),
 ('65', '21', '3', '1', 'en', '3', '', '{\"typeId\":\"4\",\"authorId\":\"1\",\"title\":\"Flameproof Fans\",\"slug\":\"flameproof-fans\",\"postDate\":1488211680,\"expiryDate\":null,\"enabled\":1,\"parentId\":\"\",\"fields\":{\"3\":\"<p>Morbi quis pulvinar nisi. Proin et magna enim. Donec quis mi vitae diam fringilla placerat et hendrerit massa. Vestibulum sit amet urna posuere diam lacinia egestas.<\\/p>\",\"4\":\"\",\"25\":[\"59\"],\"7\":\"\"}}', '2017-03-02 17:22:23', '2017-03-02 17:22:23', '1dbd6a43-6759-4c45-a711-c9cf0d4fbe86'),
 ('66', '20', '3', '1', 'en', '4', '', '{\"typeId\":\"4\",\"authorId\":\"1\",\"title\":\"Centrifugal Fans\",\"slug\":\"centrifugal-fans\",\"postDate\":1488211680,\"expiryDate\":null,\"enabled\":1,\"parentId\":\"\",\"fields\":{\"3\":\"<p>Praesent non elit nec sem interdum suscipit quis imperdiet felis. Praesent nulla ligula, consectetur sit amet tortor commodo, tristique viverra ex. Pellentesque laoreet erat sit amet sagittis tempor.<\\/p>\",\"4\":\"\",\"25\":[\"60\"],\"7\":\"\"}}', '2017-03-02 17:22:31', '2017-03-02 17:22:31', '30b0e749-6a84-4a73-8fde-abae10b6811f'),
 ('67', '19', '3', '1', 'en', '4', '', '{\"typeId\":\"4\",\"authorId\":\"1\",\"title\":\"Bifurcated Fans\",\"slug\":\"bifurcated-fans\",\"postDate\":1488211620,\"expiryDate\":null,\"enabled\":1,\"parentId\":\"\",\"fields\":{\"3\":\"<p>Aliquam a tortor et nibh interdum egestas. Proin orci erat, mattis a tincidunt nec, efficitur id neque. Suspendisse scelerisque semper vestibulum.<\\/p>\",\"4\":\"\",\"25\":[\"59\"],\"7\":\"\"}}', '2017-03-02 17:22:49', '2017-03-02 17:22:49', 'ce93db43-ec3f-46fc-81ec-d1f90d2756ea'),
 ('68', '21', '3', '1', 'en', '4', '', '{\"typeId\":\"4\",\"authorId\":\"1\",\"title\":\"Flameproof Fans\",\"slug\":\"flameproof-fans\",\"postDate\":1488211680,\"expiryDate\":null,\"enabled\":1,\"parentId\":\"\",\"fields\":{\"3\":\"<p>Morbi quis pulvinar nisi. Proin et magna enim. Donec quis mi vitae diam fringilla placerat et hendrerit massa. Vestibulum sit amet urna posuere diam lacinia egestas.<\\/p>\",\"4\":\"\",\"25\":[\"60\"],\"7\":\"\"}}', '2017-03-02 17:23:06', '2017-03-02 17:23:06', '7cff7a3f-633e-4533-9e64-2bc042970317'),
 ('69', '19', '3', '1', 'en', '5', '', '{\"typeId\":\"4\",\"authorId\":\"1\",\"title\":\"Bifurcated Fans\",\"slug\":\"bifurcated-fans\",\"postDate\":1488211620,\"expiryDate\":null,\"enabled\":1,\"parentId\":\"\",\"fields\":{\"3\":\"<p>Aliquam a tortor et nibh interdum egestas. Proin orci erat, mattis a tincidunt nec, efficitur id neque. Suspendisse scelerisque semper vestibulum.<\\/p>\",\"4\":\"\",\"25\":[\"60\"],\"7\":\"\"}}', '2017-03-02 17:23:36', '2017-03-02 17:23:36', 'e5b49c3e-925e-4931-b14e-a8fb29487672'),
 ('70', '20', '3', '1', 'en', '5', '', '{\"typeId\":\"4\",\"authorId\":\"1\",\"title\":\"Centrifugal Fans\",\"slug\":\"centrifugal-fans\",\"postDate\":1488211680,\"expiryDate\":null,\"enabled\":1,\"parentId\":\"\",\"fields\":{\"3\":\"<p>Praesent non elit nec sem interdum suscipit quis imperdiet felis. Praesent nulla ligula, consectetur sit amet tortor commodo, tristique viverra ex. Pellentesque laoreet erat sit amet sagittis tempor.<\\/p>\",\"4\":\"\",\"25\":[\"59\"],\"7\":\"\"}}', '2017-03-02 17:23:48', '2017-03-02 17:23:48', '39106025-e52d-483a-abf0-4ab4bcc679f9'),
 ('71', '29', '3', '1', 'en', '2', '', '{\"typeId\":\"3\",\"authorId\":\"1\",\"title\":\"Emergency Smoke Extraction\",\"slug\":\"emergency-smoke-extraction-axial-flow-fans\",\"postDate\":1488211860,\"expiryDate\":null,\"enabled\":1,\"parentId\":\"17\",\"fields\":{\"10\":\"\",\"13\":\"\",\"21\":\"\",\"18\":\"\",\"19\":\"\",\"12\":\"\",\"11\":\"\",\"16\":\"\"}}', '2017-03-02 17:36:46', '2017-03-02 17:36:46', '6f1474a9-f9f5-4567-befd-172f7aef5082'),
 ('72', '18', '3', '1', 'en', '20', '', '{\"typeId\":\"3\",\"authorId\":\"1\",\"title\":\"Plate Mounted Axial\",\"slug\":\"plate-mounted-axial-flow-fan\",\"postDate\":1488211380,\"expiryDate\":null,\"enabled\":1,\"parentId\":\"17\",\"fields\":{\"10\":[\"4\",\"7\"],\"13\":{\"45\":{\"type\":\"2\",\"fields\":{\"fd_st_component_name\":\"Mounting Plate\",\"fd_st_componentText\":\"Fabricated in Steel and finished in Epoxy resin. 304 or 316 Stainless Steel available if required.\\u200b\"}},\"46\":{\"type\":\"2\",\"fields\":{\"fd_st_component_name\":\"Impellers\",\"fd_st_componentText\":\"Aluminium Hub with polypropylene blades. Anti-Static or Aluminium blades available if required\"}},\"47\":{\"type\":\"2\",\"fields\":{\"fd_st_component_name\":\"Motors\",\"fd_st_componentText\":\"Single or 3 phase Class F IP55 as standard with 2 speed, Zone 1 or Zone 2 as optional extras\"}}},\"21\":{\"49\":{\"type\":\"4\",\"fields\":{\"dataTable\":\"{\\\"columns\\\":{\\\"col0\\\":{\\\"heading\\\":\\\"Fan Size\\\",\\\"width\\\":\\\"\\\",\\\"align\\\":\\\"left\\\"},\\\"col1\\\":{\\\"heading\\\":\\\"Frame\\\",\\\"width\\\":\\\"\\\",\\\"align\\\":\\\"left\\\"},\\\"col2\\\":{\\\"heading\\\":\\\"A\\\",\\\"width\\\":\\\"\\\",\\\"align\\\":\\\"left\\\"},\\\"col3\\\":{\\\"heading\\\":\\\"B\\\",\\\"width\\\":\\\"\\\",\\\"align\\\":\\\"left\\\"},\\\"col4\\\":{\\\"heading\\\":\\\"C\\\",\\\"width\\\":\\\"\\\",\\\"align\\\":\\\"left\\\"},\\\"col5\\\":{\\\"heading\\\":\\\"D\\\",\\\"width\\\":\\\"\\\",\\\"align\\\":\\\"left\\\"},\\\"col6\\\":{\\\"heading\\\":\\\"E\\\",\\\"width\\\":\\\"\\\",\\\"align\\\":\\\"left\\\"}},\\\"rows\\\":{\\\"row0\\\":{\\\"col0\\\":\\\"250\\\",\\\"col1\\\":\\\"71\\\",\\\"col2\\\":\\\"370\\\",\\\"col3\\\":\\\"370\\\",\\\"col4\\\":\\\"330\\\",\\\"col5\\\":\\\"25\\\",\\\"col6\\\":\\\"10\\\"},\\\"row1\\\":{\\\"col0\\\":\\\"300\\\",\\\"col1\\\":\\\"71\\\",\\\"col2\\\":\\\"420\\\",\\\"col3\\\":\\\"420\\\",\\\"col4\\\":\\\"330\\\",\\\"col5\\\":\\\"25\\\",\\\"col6\\\":\\\"10\\\"},\\\"row2\\\":{\\\"col0\\\":\\\"315\\\",\\\"col1\\\":\\\"71\\\",\\\"col2\\\":\\\"435\\\",\\\"col3\\\":\\\"xxx\\\",\\\"col4\\\":\\\"330\\\",\\\"col5\\\":\\\"25\\\",\\\"col6\\\":\\\"10\\\"},\\\"row3\\\":{\\\"col0\\\":\\\"350\\\",\\\"col1\\\":\\\"71\\\",\\\"col2\\\":\\\"xxx\\\",\\\"col3\\\":\\\"xxx\\\",\\\"col4\\\":\\\"330\\\",\\\"col5\\\":\\\"25\\\",\\\"col6\\\":\\\"10\\\"},\\\"row4\\\":{\\\"col0\\\":\\\"400\\\",\\\"col1\\\":\\\"71\\\",\\\"col2\\\":\\\"xxx\\\",\\\"col3\\\":\\\"xxx\\\",\\\"col4\\\":\\\"330\\\",\\\"col5\\\":\\\"25\\\",\\\"col6\\\":\\\"10\\\"},\\\"row5\\\":{\\\"col0\\\":\\\"450\\\",\\\"col1\\\":\\\"71\\\",\\\"col2\\\":\\\"xxx\\\",\\\"col3\\\":\\\"xxx\\\",\\\"col4\\\":\\\"330\\\",\\\"col5\\\":\\\"25\\\",\\\"col6\\\":\\\"10\\\"},\\\"row6\\\":{\\\"col0\\\":\\\"500\\\",\\\"col1\\\":\\\"80\\\",\\\"col2\\\":\\\"xxx\\\",\\\"col3\\\":\\\"xxx\\\",\\\"col4\\\":\\\"380\\\",\\\"col5\\\":\\\"25\\\",\\\"col6\\\":\\\"10\\\"},\\\"row7\\\":{\\\"col0\\\":\\\"560\\\",\\\"col1\\\":\\\"80\\\",\\\"col2\\\":\\\"xxx\\\",\\\"col3\\\":\\\"xxx\\\",\\\"col4\\\":\\\"380\\\",\\\"col5\\\":\\\"25\\\",\\\"col6\\\":\\\"10\\\"},\\\"row8\\\":{\\\"col0\\\":\\\"600\\\",\\\"col1\\\":\\\"80\\\",\\\"col2\\\":\\\"xxx\\\",\\\"col3\\\":\\\"xxx\\\",\\\"col4\\\":\\\"380\\\",\\\"col5\\\":\\\"25\\\",\\\"col6\\\":\\\"10\\\"},\\\"row9\\\":{\\\"col0\\\":\\\"630\\\",\\\"col1\\\":\\\"80\\\",\\\"col2\\\":\\\"xxx\\\",\\\"col3\\\":\\\"xxx\\\",\\\"col4\\\":\\\"380\\\",\\\"col5\\\":\\\"25\\\",\\\"col6\\\":\\\"10\\\"},\\\"row10\\\":{\\\"col0\\\":\\\"630\\\",\\\"col1\\\":\\\"90\\\",\\\"col2\\\":\\\"xxx\\\",\\\"col3\\\":\\\"xxx\\\",\\\"col4\\\":\\\"400\\\",\\\"col5\\\":\\\"25\\\",\\\"col6\\\":\\\"10\\\"},\\\"row11\\\":{\\\"col0\\\":\\\"710\\\",\\\"col1\\\":\\\"80\\\",\\\"col2\\\":\\\"xxx\\\",\\\"col3\\\":\\\"xxx\\\",\\\"col4\\\":\\\"375\\\",\\\"col5\\\":\\\"40\\\",\\\"col6\\\":\\\"12\\\"},\\\"row12\\\":{\\\"col0\\\":\\\"710\\\",\\\"col1\\\":\\\"90\\\",\\\"col2\\\":\\\"xxx\\\",\\\"col3\\\":\\\"xxx\\\",\\\"col4\\\":\\\"400\\\",\\\"col5\\\":\\\"40\\\",\\\"col6\\\":\\\"12\\\"}}}\",\"columns\":{\"col0\":{\"heading\":\"Fan Size\",\"width\":\"\",\"align\":\"left\"},\"col1\":{\"heading\":\"Frame\",\"width\":\"\",\"align\":\"left\"},\"col2\":{\"heading\":\"A\",\"width\":\"\",\"align\":\"left\"},\"col3\":{\"heading\":\"B\",\"width\":\"\",\"align\":\"left\"},\"col4\":{\"heading\":\"C\",\"width\":\"\",\"align\":\"left\"},\"col5\":{\"heading\":\"D\",\"width\":\"\",\"align\":\"left\"},\"col6\":{\"heading\":\"E\",\"width\":\"\",\"align\":\"left\"}},\"rows\":{\"row0\":{\"col0\":\"250\",\"col1\":\"71\",\"col2\":\"370\",\"col3\":\"370\",\"col4\":\"330\",\"col5\":\"25\",\"col6\":\"10\"},\"row1\":{\"col0\":\"300\",\"col1\":\"71\",\"col2\":\"420\",\"col3\":\"420\",\"col4\":\"330\",\"col5\":\"25\",\"col6\":\"10\"},\"row2\":{\"col0\":\"315\",\"col1\":\"71\",\"col2\":\"435\",\"col3\":\"xxx\",\"col4\":\"330\",\"col5\":\"25\",\"col6\":\"10\"},\"row3\":{\"col0\":\"350\",\"col1\":\"71\",\"col2\":\"xxx\",\"col3\":\"xxx\",\"col4\":\"330\",\"col5\":\"25\",\"col6\":\"10\"},\"row4\":{\"col0\":\"400\",\"col1\":\"71\",\"col2\":\"xxx\",\"col3\":\"xxx\",\"col4\":\"330\",\"col5\":\"25\",\"col6\":\"10\"},\"row5\":{\"col0\":\"450\",\"col1\":\"71\",\"col2\":\"xxx\",\"col3\":\"xxx\",\"col4\":\"330\",\"col5\":\"25\",\"col6\":\"10\"},\"row6\":{\"col0\":\"500\",\"col1\":\"80\",\"col2\":\"xxx\",\"col3\":\"xxx\",\"col4\":\"380\",\"col5\":\"25\",\"col6\":\"10\"},\"row7\":{\"col0\":\"560\",\"col1\":\"80\",\"col2\":\"xxx\",\"col3\":\"xxx\",\"col4\":\"380\",\"col5\":\"25\",\"col6\":\"10\"},\"row8\":{\"col0\":\"600\",\"col1\":\"80\",\"col2\":\"xxx\",\"col3\":\"xxx\",\"col4\":\"380\",\"col5\":\"25\",\"col6\":\"10\"},\"row9\":{\"col0\":\"630\",\"col1\":\"80\",\"col2\":\"xxx\",\"col3\":\"xxx\",\"col4\":\"380\",\"col5\":\"25\",\"col6\":\"10\"},\"row10\":{\"col0\":\"630\",\"col1\":\"90\",\"col2\":\"xxx\",\"col3\":\"xxx\",\"col4\":\"400\",\"col5\":\"25\",\"col6\":\"10\"},\"row11\":{\"col0\":\"710\",\"col1\":\"80\",\"col2\":\"xxx\",\"col3\":\"xxx\",\"col4\":\"375\",\"col5\":\"40\",\"col6\":\"12\"},\"row12\":{\"col0\":\"710\",\"col1\":\"90\",\"col2\":\"xxx\",\"col3\":\"xxx\",\"col4\":\"400\",\"col5\":\"40\",\"col6\":\"12\"}}}},\"50\":{\"type\":\"4\",\"fields\":{\"dataTable\":\"{\\\"columns\\\":{\\\"col0\\\":{\\\"heading\\\":\\\"Fan Size\\\",\\\"width\\\":\\\"\\\",\\\"align\\\":\\\"left\\\"},\\\"col1\\\":{\\\"heading\\\":\\\"Frame\\\",\\\"width\\\":\\\"\\\",\\\"align\\\":\\\"left\\\"},\\\"col2\\\":{\\\"heading\\\":\\\"A\\\",\\\"width\\\":\\\"\\\",\\\"align\\\":\\\"left\\\"},\\\"col3\\\":{\\\"heading\\\":\\\"B\\\",\\\"width\\\":\\\"\\\",\\\"align\\\":\\\"left\\\"},\\\"col4\\\":{\\\"heading\\\":\\\"C\\\",\\\"width\\\":\\\"\\\",\\\"align\\\":\\\"left\\\"},\\\"col5\\\":{\\\"heading\\\":\\\"D\\\",\\\"width\\\":\\\"\\\",\\\"align\\\":\\\"left\\\"},\\\"col6\\\":{\\\"heading\\\":\\\"E\\\",\\\"width\\\":\\\"\\\",\\\"align\\\":\\\"left\\\"}},\\\"rows\\\":{\\\"row0\\\":{\\\"col0\\\":\\\"xxx\\\",\\\"col1\\\":\\\"xxx\\\",\\\"col2\\\":\\\"xxx\\\",\\\"col3\\\":\\\"xxx\\\",\\\"col4\\\":\\\"xxx\\\",\\\"col5\\\":\\\"xxx\\\",\\\"col6\\\":\\\"xxx\\\"}}}\",\"columns\":{\"col0\":{\"heading\":\"Fan Size\",\"width\":\"\",\"align\":\"left\"},\"col1\":{\"heading\":\"Frame\",\"width\":\"\",\"align\":\"left\"},\"col2\":{\"heading\":\"A\",\"width\":\"\",\"align\":\"left\"},\"col3\":{\"heading\":\"B\",\"width\":\"\",\"align\":\"left\"},\"col4\":{\"heading\":\"C\",\"width\":\"\",\"align\":\"left\"},\"col5\":{\"heading\":\"D\",\"width\":\"\",\"align\":\"left\"},\"col6\":{\"heading\":\"E\",\"width\":\"\",\"align\":\"left\"}},\"rows\":{\"row0\":{\"col0\":\"xxx\",\"col1\":\"xxx\",\"col2\":\"xxx\",\"col3\":\"xxx\",\"col4\":\"xxx\",\"col5\":\"xxx\",\"col6\":\"xxx\"}}}}},\"18\":[\"53\"],\"19\":[\"55\",\"56\"],\"12\":\"Wall or roof mounting where ducting is not required.\",\"11\":\"<p>Plate Mounted Axial fan Phasellus sed sollicitudin nisl. Praesent at euismod dui. Donec hendrerit quam turpis. Curabitur sed pharetra erat, at mollis est. Maecenas vel pharetra ligula, lacinia pellentesque justo. Donec finibus augue eget justo suscipit hendrerit. Integer at nisi vitae nibh commodo condimentum vel nec mauris. Proin tempor ex et tempus fermentum.<\\/p>\",\"16\":{\"48\":{\"type\":\"3\",\"fields\":{\"fd_st_noteText\":\"1. This type of fan can be fitted beneath in LOW PROFILE or VERTICAL JET ROOF COWL as supplied by Victoria Fans.\"}}}}}', '2017-03-03 14:43:27', '2017-03-03 14:43:27', '1bd66109-307a-45c1-a822-437f1dab7a86'),
 ('73', '23', '3', '1', 'en', '2', '', '{\"typeId\":\"3\",\"authorId\":\"1\",\"title\":\"Cylindrical Bifurcated Fans\",\"slug\":\"cylindrical-bifurcated-fans\",\"postDate\":1488211740,\"expiryDate\":null,\"enabled\":1,\"parentId\":\"19\",\"fields\":{\"10\":[\"4\"],\"13\":\"\",\"21\":\"\",\"18\":\"\",\"19\":\"\",\"12\":\"\",\"11\":\"\",\"16\":\"\"}}', '2017-03-03 15:08:16', '2017-03-03 15:08:16', 'b7b84597-6ffd-493a-9fb0-67621db8d951'),
 ('74', '26', '3', '1', 'en', '2', '', '{\"typeId\":\"3\",\"authorId\":\"1\",\"title\":\"External Motor Axial Flow Fans\",\"slug\":\"external-motor-axial-flow-fans\",\"postDate\":1488211800,\"expiryDate\":null,\"enabled\":1,\"parentId\":\"17\",\"fields\":{\"10\":[\"4\"],\"13\":\"\",\"21\":\"\",\"18\":\"\",\"19\":\"\",\"12\":\"\",\"11\":\"\",\"16\":\"\"}}', '2017-03-07 11:51:33', '2017-03-07 11:51:33', '31fd2d31-193b-49f2-8e9c-2d826448fa18'),
 ('75', '24', '3', '1', 'en', '4', '', '{\"typeId\":\"3\",\"authorId\":\"1\",\"title\":\"Long Cased Axial\",\"slug\":\"long-cased-axial-flow-fans\",\"postDate\":1488211740,\"expiryDate\":null,\"enabled\":1,\"parentId\":\"17\",\"fields\":{\"10\":\"\",\"13\":\"\",\"21\":\"\",\"18\":\"\",\"19\":\"\",\"12\":\"\",\"11\":\"\",\"16\":\"\"}}', '2017-03-07 14:42:48', '2017-03-07 14:42:48', 'c178cfb6-c45e-4e51-9eba-feb5b9068ec5'),
 ('76', '25', '3', '1', 'en', '2', '', '{\"typeId\":\"3\",\"authorId\":\"1\",\"title\":\"Short Cased Axial\",\"slug\":\"short-cased-axial-flow-fans\",\"postDate\":1488211800,\"expiryDate\":null,\"enabled\":1,\"parentId\":\"17\",\"fields\":{\"10\":\"\",\"13\":\"\",\"21\":\"\",\"18\":\"\",\"19\":\"\",\"12\":\"\",\"11\":\"\",\"16\":\"\"}}', '2017-03-07 14:42:58', '2017-03-07 14:42:58', 'e41bf5c2-8cda-4191-b350-208c23bb20b4'),
 ('77', '26', '3', '1', 'en', '3', '', '{\"typeId\":\"3\",\"authorId\":\"1\",\"title\":\"External Motor Axial\",\"slug\":\"external-motor-axial-flow-fans\",\"postDate\":1488211800,\"expiryDate\":null,\"enabled\":1,\"parentId\":\"17\",\"fields\":{\"10\":[\"4\"],\"13\":\"\",\"21\":\"\",\"18\":\"\",\"19\":\"\",\"12\":\"\",\"11\":\"\",\"16\":\"\"}}', '2017-03-07 14:43:03', '2017-03-07 14:43:03', '9907481f-ca96-431e-9ade-6f64bc9b3764'),
 ('78', '27', '3', '1', 'en', '2', '', '{\"typeId\":\"3\",\"authorId\":\"1\",\"title\":\"Roof Extract Axial\",\"slug\":\"roof-extract-axial-flow-fans\",\"postDate\":1488211800,\"expiryDate\":null,\"enabled\":1,\"parentId\":\"17\",\"fields\":{\"10\":\"\",\"13\":\"\",\"21\":\"\",\"18\":\"\",\"19\":\"\",\"12\":\"\",\"11\":\"\",\"16\":\"\"}}', '2017-03-07 14:43:08', '2017-03-07 14:43:08', '1b710344-8dcf-41ba-b665-93bf26c8b16c'),
 ('79', '28', '3', '1', 'en', '2', '', '{\"typeId\":\"3\",\"authorId\":\"1\",\"title\":\"Man Cooler Axial\",\"slug\":\"man-cooler-axial-flow-fans\",\"postDate\":1488211800,\"expiryDate\":null,\"enabled\":1,\"parentId\":\"17\",\"fields\":{\"10\":\"\",\"13\":\"\",\"21\":\"\",\"18\":\"\",\"19\":\"\",\"12\":\"\",\"11\":\"\",\"16\":\"\"}}', '2017-03-07 14:43:13', '2017-03-07 14:43:13', '892f6f49-d840-4562-b046-0cf329e9320e'),
 ('80', '22', '3', '1', 'en', '2', '', '{\"typeId\":\"3\",\"authorId\":\"1\",\"title\":\"Conical Bifurcated\",\"slug\":\"conical-bifurcated-fans\",\"postDate\":1488211740,\"expiryDate\":null,\"enabled\":1,\"parentId\":\"19\",\"fields\":{\"10\":\"\",\"13\":\"\",\"21\":\"\",\"18\":\"\",\"19\":\"\",\"12\":\"\",\"11\":\"\",\"16\":\"\"}}', '2017-03-07 14:43:20', '2017-03-07 14:43:20', '8f911a22-0290-49b4-ba15-f000837791dd'),
 ('81', '23', '3', '1', 'en', '3', '', '{\"typeId\":\"3\",\"authorId\":\"1\",\"title\":\"Cylindrical Bifurcated\",\"slug\":\"cylindrical-bifurcated-fans\",\"postDate\":1488211740,\"expiryDate\":null,\"enabled\":1,\"parentId\":\"19\",\"fields\":{\"10\":[\"4\"],\"13\":\"\",\"21\":\"\",\"18\":\"\",\"19\":\"\",\"12\":\"\",\"11\":\"\",\"16\":\"\"}}', '2017-03-07 14:43:25', '2017-03-07 14:43:25', '0facba1f-7519-48cf-8671-17e4519f7b03'),
 ('82', '30', '3', '1', 'en', '3', '', '{\"typeId\":\"3\",\"authorId\":\"1\",\"title\":\"High Pressure Centrifugal Blowers\",\"slug\":\"high-pressure-blowers\",\"postDate\":1488212220,\"expiryDate\":null,\"enabled\":1,\"parentId\":\"20\",\"fields\":{\"10\":\"\",\"13\":\"\",\"21\":\"\",\"18\":\"\",\"19\":\"\",\"12\":\"\",\"11\":\"\",\"16\":\"\"}}', '2017-03-07 14:45:57', '2017-03-07 14:45:57', 'e2c910b7-b18a-4e25-8b7d-edd732c85198'),
 ('83', '26', '3', '1', 'en', '4', '', '{\"typeId\":\"3\",\"authorId\":\"1\",\"title\":\"External Motor Axial\",\"slug\":\"external-motor-axial-flow-fans\",\"postDate\":1488211800,\"expiryDate\":null,\"enabled\":1,\"parentId\":\"17\",\"fields\":{\"10\":[\"4\"],\"13\":\"\",\"21\":\"\",\"18\":[\"54\"],\"19\":\"\",\"12\":\"\",\"11\":\"<p>Quisque posuere, turpis a pharetra mollis, mi ligula consectetur sem, vel semper lacus magna a nulla. Sed erat nibh, dapibus eget hendrerit aliquam, vestibulum at massa. Phasellus varius at erat at lacinia. Mauris quis pulvinar enim.<\\/p>\",\"16\":\"\"}}', '2017-03-07 16:39:55', '2017-03-07 16:39:55', 'c9508e92-8f61-44c1-a02a-2b7ac531f6b2'),
 ('84', '23', '3', '1', 'en', '4', '', '{\"typeId\":\"3\",\"authorId\":\"1\",\"title\":\"Cylindrical Bifurcated\",\"slug\":\"cylindrical-bifurcated-fans\",\"postDate\":1488211740,\"expiryDate\":null,\"enabled\":1,\"parentId\":\"19\",\"fields\":{\"10\":[\"4\"],\"13\":\"\",\"21\":\"\",\"18\":[\"53\"],\"19\":\"\",\"12\":\"\",\"11\":\"<p>Curabitur magna sapien, consectetur eget nulla tincidunt, euismod ultrices mi. Praesent id venenatis felis, at accumsan elit. Vivamus bibendum ullamcorper arcu ut efficitur.<\\/p>\",\"16\":\"\"}}', '2017-03-07 16:40:34', '2017-03-07 16:40:34', 'c2f3d168-2dec-49f5-9e2f-13004479e80a'),
 ('85', '34', '3', '1', 'en', '2', '', '{\"typeId\":\"3\",\"authorId\":\"1\",\"title\":\"Backward Curved Centrifugal Fans\",\"slug\":\"backward-curved-centrifugal-fans\",\"postDate\":1488212280,\"expiryDate\":null,\"enabled\":1,\"parentId\":\"20\",\"fields\":{\"10\":\"\",\"13\":\"\",\"21\":\"\",\"18\":[\"54\"],\"19\":\"\",\"12\":\"\",\"11\":\"<p>urabitur sit amet auctor risus. Donec lobortis bibendum tortor, sit amet aliquam metus consequat sed. Donec pretium faucibus dignissim. Vivamus lectus magna, blandit a dui at, porta dapibus risus.<\\/p>\",\"16\":\"\"}}', '2017-03-07 17:18:55', '2017-03-07 17:18:55', 'f3fa40d7-8c29-4076-99d0-cf482516acb7'),
 ('86', '34', '3', '1', 'en', '3', '', '{\"typeId\":\"3\",\"authorId\":\"1\",\"title\":\"Backward Curved Centrifugal Fans\",\"slug\":\"backward-curved-centrifugal-fans\",\"postDate\":1488212280,\"expiryDate\":null,\"enabled\":1,\"parentId\":\"20\",\"fields\":{\"10\":[\"4\"],\"13\":\"\",\"21\":\"\",\"18\":[\"54\"],\"19\":\"\",\"12\":\"\",\"11\":\"<p>urabitur sit amet auctor risus. Donec lobortis bibendum tortor, sit amet aliquam metus consequat sed. Donec pretium faucibus dignissim. Vivamus lectus magna, blandit a dui at, porta dapibus risus.<\\/p>\",\"16\":\"\"}}', '2017-03-07 17:19:18', '2017-03-07 17:19:18', '58a2d0be-1ac4-4bdb-8439-5e875e4b457b'),
 ('88', '62', '6', '1', 'en', '1', NULL, '{\"typeId\":\"7\",\"authorId\":null,\"title\":\"Company Background\",\"slug\":\"company-background\",\"postDate\":1489068331,\"expiryDate\":null,\"enabled\":1,\"parentId\":null,\"fields\":[]}', '2017-03-09 14:05:31', '2017-03-09 14:05:31', '842f3054-4502-4451-ae73-17d85b83c57a'),
 ('89', '62', '6', '1', 'en', '2', '', '{\"typeId\":null,\"authorId\":null,\"title\":\"Company Background\",\"slug\":\"company-background\",\"postDate\":1489068331,\"expiryDate\":null,\"enabled\":1,\"parentId\":null,\"fields\":{\"32\":\"\",\"29\":\"<p>Since 1984, Victoria Fans Ltd have produced approximately 40,000 fans of all types for projects in both the UK and abroad. We are well respected in the trade and regularly product fans for other fan suppliers.<\\/p>\\r\\n<p>In the UK Victoria fans are sold directly to the \\u2018trade\\u2019 through a network of professional Fans & Heating & Ventilation distributors carefully selected to know both our products and the local area in which the enquirer trades.<\\/p><p>In other parts of the world there is a Victoria Fans agent with considerable expertise and long association with strategic partners in Europe, the Middle East & Far East.<\\/p>\\r\\n<p>Victoria Fans are happy to make dimensional and performance modification to their range of products and can fabricated exact copies of obsolete equipment. We also welcome the opportunity to discuss new or different fan applications with original equipment manufacturers, Consultants or H & V Engineers.<\\/p>\",\"28\":\"<p>Since 1984, Victoria Fans Ltd have produced approximately 40,000 fans of all types for projects in both the UK and abroad. We are well respected in the trade and regularly product fans for other fan suppliers.<\\/p>\",\"27\":\"More about us\",\"31\":\"<p>We produce fans of high quality and can provide Certificates of Conformity and Test Certificates when requested. Fan performance to BS848 and AMCA 210 and ATEX for Explosion proof fans<\\/p>\\r\\n<p>CE Certificates are supplied as appropriate and O & M instructions are available for all the type of fans we supply.<\\/p><p>We are members of The Federation of Environmental Trade Associations Ltd (FETA) and the Fan Manufacturers Association (FMA).<br><\\/p>\",\"30\":\"STANDARDS AND CERTIFICATION\",\"26\":\"Victoria Fans are proud suppliers to over 1000 organisations across 30 Countries\"}}', '2017-03-09 14:14:34', '2017-03-09 14:14:34', 'c687ff6e-3804-42a0-afdf-a8d22e5e8f30'),
 ('90', '17', '3', '1', 'en', '8', '', '{\"typeId\":\"4\",\"authorId\":\"1\",\"title\":\"Axial Flow Fans\",\"slug\":\"axial-flow-fans\",\"postDate\":1488211320,\"expiryDate\":null,\"enabled\":1,\"parentId\":\"\",\"fields\":{\"3\":\"<p>Lorem ipsum dolor sit amet, consectetur adipiscing elit. Nullam at lectus ipsum. Nam vehicula felis a mi commodo, id lacinia nisi ultricies. Nunc ut libero sit amet diam scelerisque gravida.<\\/p>\",\"4\":{\"36\":{\"type\":\"1\",\"fields\":{\"fd_St_Header\":\"Arrangement\",\"fd_st_text\":\"<p>Direct driven Single or Multi stage fans suitable for vertical or horizontal mounting.\\r\\n  <\\/p>\"}},\"37\":{\"type\":\"1\",\"fields\":{\"fd_St_Header\":\"Staging Of Axial Flow Fans\",\"fd_st_text\":\"<p>By running two Long Cased Fans in series with contra-rotating impellers, it is possible to achieve up to three times the pressure of a single stage fan of equal diameter and speed.\\r\\n  <\\/p>\"}},\"38\":{\"type\":\"1\",\"fields\":{\"fd_St_Header\":\"Long Cased Type\",\"fd_st_text\":\"<p>In this instance the casing covers the entire length of the motor and impeller and an inspection door is provided.&nbsp; Essentially for duct mounting where flanges are bolted back and front.\\r\\n  <\\/p>\"}},\"41\":{\"type\":\"1\",\"fields\":{\"fd_St_Header\":\"Short Cased Type\",\"fd_st_text\":\"<p>The casing covers the impeller track and a portion of the motor projects beyond the end of the flange. Best installed at the end of a duct or on Air Conditioning equipment.\\r\\n  <\\/p>\"}},\"42\":{\"type\":\"1\",\"fields\":{\"fd_St_Header\":\"Motors\",\"fd_st_text\":\"<p>In most instances foot mounted TEFC IEC 600034-1.&nbsp; Electric motors are fitted with metric dimensions.&nbsp;&nbsp; The motors are selected to cover the \\u2018peak\\u2019 power absorbed for fan blade pitch angle and speed.&nbsp; Most standard motors have Class \\u2018F\\u2019 insulation and are suitable for operating at temperatures of up to 50\\u00b0C (122\\u00b0F). Higher temperatures available if required.\\r\\n  <\\/p>\\r\\n<p>The standard voltages are 220, 230\\/380, 380, 240\\/215 and 460.&nbsp; Motors can be wound for any voltage and frequency and also for dual voltage.&nbsp; The use of standard foot mounted motors of this type guarantees inter-changeability in most countries of the world with machines of similar speed\\/kw. INVERTER CONTROLLED, FLAMEPROOF, SINGLE PHASE, 2 SPEED AND COMPANY SPECIFICATION MOTORS CAN ALWAYS BE OBTAINED.\\r\\n  <\\/p>\"}},\"43\":{\"type\":\"1\",\"fields\":{\"fd_St_Header\":\"Standard Impellers 250-1250mm Dia\",\"fd_st_text\":\"<p>Impellers have aerofoil section polypropylene blades fitted into a die-cast aluminium hub.&nbsp; Five different blade angles are available and each blade is individually replaceable in the event of breakage.&nbsp; Aluminium blades are also available in selected angles.\\r\\n  <\\/p>\"}},\"44\":{\"type\":\"1\",\"fields\":{\"fd_St_Header\":\"Special Impellers 250-2000mm Dia\",\"fd_st_text\":\"<p>Suspendisse tellus purus, semper vitae leo in, congue euismod lorem. Vivamus ut metus mollis, lobortis augue vel, pharetra ipsum. Vivamus id vulputate urna. Vestibulum ultricies maximus purus tempus convallis. Praesent justo est, aliquam sed pretium non, bibendum ut massa. Lorem ipsum dolor sit amet, consectetur adipiscing elit.<\\/p>\"}},\"new1\":{\"type\":\"1\",\"fields\":{\"fd_St_Header\":\"Fractional Solidity Impellers\",\"fd_st_text\":\"<p>All sizes of impellers can supplied with varying number of blades to suit the application.&nbsp; This has the effect of reducing the static capability of the fan whilst retaining a high efficiency.<\\/p>\"}}},\"25\":[\"59\"],\"7\":\"All Long and Short cased fans can be supplied with 304 or 316 Stainless Steel Casings\"}}', '2017-03-23 15:46:37', '2017-03-23 15:46:37', 'e4158a39-7d69-478d-8abd-d90b1b9a949c'),
 ('91', '17', '3', '1', 'en', '9', '', '{\"typeId\":\"4\",\"authorId\":\"1\",\"title\":\"Axial Flow Fans\",\"slug\":\"axial-flow-fans\",\"postDate\":1488211320,\"expiryDate\":null,\"enabled\":1,\"parentId\":\"\",\"fields\":{\"3\":\"<p>Lorem ipsum dolor sit amet, consectetur adipiscing elit. Nullam at lectus ipsum. Nam vehicula felis a mi commodo, id lacinia nisi ultricies. Nunc ut libero sit amet diam scelerisque gravida.<\\/p>\",\"4\":{\"36\":{\"type\":\"1\",\"fields\":{\"fd_St_Header\":\"Arrangement\",\"fd_st_text\":\"<p>Direct driven Single or Multi stage fans suitable for vertical or horizontal mounting.\\r\\n  <\\/p>\"}},\"37\":{\"type\":\"1\",\"fields\":{\"fd_St_Header\":\"Staging Of Axial Flow Fans\",\"fd_st_text\":\"<p>By running two Long Cased Fans in series with contra-rotating impellers, it is possible to achieve up to three times the pressure of a single stage fan of equal diameter and speed.\\r\\n  <\\/p>\"}},\"38\":{\"type\":\"1\",\"fields\":{\"fd_St_Header\":\"Long Cased Type\",\"fd_st_text\":\"<p>In this instance the casing covers the entire length of the motor and impeller and an inspection door is provided.&nbsp; Essentially for duct mounting where flanges are bolted back and front.\\r\\n  <\\/p>\"}},\"41\":{\"type\":\"1\",\"fields\":{\"fd_St_Header\":\"Short Cased Type\",\"fd_st_text\":\"<p>The casing covers the impeller track and a portion of the motor projects beyond the end of the flange. Best installed at the end of a duct or on Air Conditioning equipment.\\r\\n  <\\/p>\"}},\"42\":{\"type\":\"1\",\"fields\":{\"fd_St_Header\":\"Motors\",\"fd_st_text\":\"<p>In most instances foot mounted TEFC IEC 600034-1.&nbsp; Electric motors are fitted with metric dimensions.&nbsp;&nbsp; The motors are selected to cover the \\u2018peak\\u2019 power absorbed for fan blade pitch angle and speed.&nbsp; Most standard motors have Class \\u2018F\\u2019 insulation and are suitable for operating at temperatures of up to 50\\u00b0C (122\\u00b0F). Higher temperatures available if required.\\r\\n  <\\/p>\\r\\n<p>The standard voltages are 220, 230\\/380, 380, 240\\/215 and 460.&nbsp; Motors can be wound for any voltage and frequency and also for dual voltage.&nbsp; The use of standard foot mounted motors of this type guarantees inter-changeability in most countries of the world with machines of similar speed\\/kw. INVERTER CONTROLLED, FLAMEPROOF, SINGLE PHASE, 2 SPEED AND COMPANY SPECIFICATION MOTORS CAN ALWAYS BE OBTAINED.\\r\\n  <\\/p>\"}},\"43\":{\"type\":\"1\",\"fields\":{\"fd_St_Header\":\"Standard Impellers 250-1250mm Dia\",\"fd_st_text\":\"<p>Impellers have aerofoil section polypropylene blades fitted into a die-cast aluminium hub.&nbsp; Five different blade angles are available and each blade is individually replaceable in the event of breakage.&nbsp; Aluminium blades are also available in selected angles.\\r\\n  <\\/p>\"}},\"44\":{\"type\":\"1\",\"fields\":{\"fd_St_Header\":\"Special Impellers 250-2000mm Dia\",\"fd_st_text\":\"<p>Suspendisse tellus purus, semper vitae leo in, congue euismod lorem. Vivamus ut metus mollis, lobortis augue vel, pharetra ipsum. Vivamus id vulputate urna. Vestibulum ultricies maximus purus tempus convallis. Praesent justo est, aliquam sed pretium non, bibendum ut massa. Lorem ipsum dolor sit amet, consectetur adipiscing elit.<\\/p>\"}},\"63\":{\"type\":\"1\",\"fields\":{\"fd_St_Header\":\"Fractional Solidity Impellers\",\"fd_st_text\":\"<p>All sizes of impellers can supplied with varying number of blades to suit the application.&nbsp; This has the effect of reducing the static capability of the fan whilst retaining a high efficiency.<\\/p>\"}},\"new1\":{\"type\":\"1\",\"fields\":{\"fd_St_Header\":\"Example of Coding\",\"fd_st_text\":\"<p>A typical example of coding is 630\\/9\\/35 indicating :\\r\\n  <\\/p>\\r\\n<ul><li>630 diameter in mm<\\/li><li>9 number of blades<\\/li><li>35 blade angle in degrees<\\/li><\\/ul>\\r\\n\"}},\"new2\":{\"type\":\"1\",\"fields\":{\"fd_St_Header\":\"Extra Features Available\",\"fd_st_text\":\"<p>Mounting feet, flexible connections, AV Mountings, Mating Flanges, Inlet Cones, Guards, Back-draught shutters, Special Paint.&nbsp; Finishes: External Terminal Box.<\\/p>\"}},\"new3\":{\"type\":\"1\",\"fields\":{\"fd_St_Header\":\"Finish\",\"fd_st_text\":\"<ul><li>Standard Fans: Galvanised<\\/li><li>Optional Finishes: Epoxy Resin, Metal Spraying<\\/li><\\/ul>\"}}},\"25\":[\"59\"],\"7\":\"All Long and Short cased fans can be supplied with 304 or 316 Stainless Steel Casings\"}}', '2017-03-23 15:50:37', '2017-03-23 15:50:37', '84b3099f-449c-487a-8d56-123806b56de1'),
 ('92', '17', '3', '1', 'en', '10', '', '{\"typeId\":\"4\",\"authorId\":\"1\",\"title\":\"Axial Flow Fans\",\"slug\":\"axial-flow-fans\",\"postDate\":1488211320,\"expiryDate\":null,\"enabled\":1,\"parentId\":\"\",\"fields\":{\"3\":\"<p>Lorem ipsum dolor sit amet, consectetur adipiscing elit. Nullam at lectus ipsum. Nam vehicula felis a mi commodo, id lacinia nisi ultricies. Nunc ut libero sit amet diam scelerisque gravida.<\\/p>\",\"4\":{\"36\":{\"type\":\"1\",\"fields\":{\"fd_St_Header\":\"Arrangement\",\"fd_st_text\":\"<p>Direct driven Single or Multi stage fans suitable for vertical or horizontal mounting.\\r\\n  <\\/p>\"}},\"37\":{\"type\":\"1\",\"fields\":{\"fd_St_Header\":\"Staging Of Axial Flow Fans\",\"fd_st_text\":\"<p>By running two Long Cased Fans in series with contra-rotating impellers, it is possible to achieve up to three times the pressure of a single stage fan of equal diameter and speed.\\r\\n  <\\/p>\"}},\"38\":{\"type\":\"1\",\"fields\":{\"fd_St_Header\":\"Long Cased Type\",\"fd_st_text\":\"<p>In this instance the casing covers the entire length of the motor and impeller and an inspection door is provided.&nbsp; Essentially for duct mounting where flanges are bolted back and front.\\r\\n  <\\/p>\"}},\"41\":{\"type\":\"1\",\"fields\":{\"fd_St_Header\":\"Short Cased Type\",\"fd_st_text\":\"<p>The casing covers the impeller track and a portion of the motor projects beyond the end of the flange. Best installed at the end of a duct or on Air Conditioning equipment.\\r\\n  <\\/p>\"}},\"42\":{\"type\":\"1\",\"fields\":{\"fd_St_Header\":\"Motors\",\"fd_st_text\":\"<p>In most instances foot mounted TEFC IEC 600034-1.&nbsp; Electric motors are fitted with metric dimensions.&nbsp;&nbsp; The motors are selected to cover the \\u2018peak\\u2019 power absorbed for fan blade pitch angle and speed.&nbsp; Most standard motors have Class \\u2018F\\u2019 insulation and are suitable for operating at temperatures of up to 50\\u00b0C (122\\u00b0F). Higher temperatures available if required.\\r\\n  <\\/p>\\r\\n<p>The standard voltages are 220, 230\\/380, 380, 240\\/215 and 460.&nbsp; Motors can be wound for any voltage and frequency and also for dual voltage.&nbsp; The use of standard foot mounted motors of this type guarantees inter-changeability in most countries of the world with machines of similar speed\\/kw. INVERTER CONTROLLED, FLAMEPROOF, SINGLE PHASE, 2 SPEED AND COMPANY SPECIFICATION MOTORS CAN ALWAYS BE OBTAINED.\\r\\n  <\\/p>\"}},\"43\":{\"type\":\"1\",\"fields\":{\"fd_St_Header\":\"Standard Impellers 250-1250mm Dia\",\"fd_st_text\":\"<p>Impellers have aerofoil section polypropylene blades fitted into a die-cast aluminium hub.&nbsp; Five different blade angles are available and each blade is individually replaceable in the event of breakage.&nbsp; Aluminium blades are also available in selected angles.\\r\\n  <\\/p>\"}},\"44\":{\"type\":\"1\",\"fields\":{\"fd_St_Header\":\"Special Impellers 250-2000mm Dia\",\"fd_st_text\":\"<p>Impellers have aerofoil variable pitch aluminium blades fixed into a die-cast aluminium hub.\\r\\n  <\\/p>\"}},\"63\":{\"type\":\"1\",\"fields\":{\"fd_St_Header\":\"Fractional Solidity Impellers\",\"fd_st_text\":\"<p>All sizes of impellers can supplied with varying number of blades to suit the application.&nbsp; This has the effect of reducing the static capability of the fan whilst retaining a high efficiency.<\\/p>\"}},\"64\":{\"type\":\"1\",\"fields\":{\"fd_St_Header\":\"Example of Coding\",\"fd_st_text\":\"<p>A typical example of coding is 630\\/9\\/35 indicating :\\r\\n  <\\/p>\\r\\n<ul><li>630 diameter in mm<\\/li><li>9 number of blades<\\/li><li>35 blade angle in degrees<\\/li><\\/ul>\"}},\"65\":{\"type\":\"1\",\"fields\":{\"fd_St_Header\":\"Extra Features Available\",\"fd_st_text\":\"<p>Mounting feet, flexible connections, AV Mountings, Mating Flanges, Inlet Cones, Guards, Back-draught shutters, Special Paint.&nbsp; Finishes: External Terminal Box.<\\/p>\"}},\"66\":{\"type\":\"1\",\"fields\":{\"fd_St_Header\":\"Finish\",\"fd_st_text\":\"<ul><li>Standard Fans: Galvanised<\\/li><li>Optional Finishes: Epoxy Resin, Metal Spraying<\\/li><\\/ul>\"}}},\"25\":[\"59\"],\"7\":\"All Long and Short cased fans can be supplied with 304 or 316 Stainless Steel Casings\"}}', '2017-03-23 15:51:14', '2017-03-23 15:51:14', '2f05cbd4-bd4f-4d11-b50a-b2a19aa06113'),
 ('93', '19', '3', '1', 'en', '6', '', '{\"typeId\":\"4\",\"authorId\":\"1\",\"title\":\"Bifurcated Fans\",\"slug\":\"bifurcated-fans\",\"postDate\":1488211620,\"expiryDate\":null,\"enabled\":1,\"parentId\":\"\",\"fields\":{\"3\":\"<p>Aliquam a tortor et nibh interdum egestas. Proin orci erat, mattis a tincidunt nec, efficitur id neque. Suspendisse scelerisque semper vestibulum.<\\/p>\",\"4\":{\"new1\":{\"type\":\"1\",\"fields\":{\"fd_St_Header\":\"Uses\",\"fd_st_text\":\"<p>For exhausting hot gasses, paint fumes (excluding, cellulose), steam, smoke and dust laden air, available in diameters 250-1250mm.<\\/p>\"}},\"new2\":{\"type\":\"1\",\"fields\":{\"fd_St_Header\":\"Fan Type NT\",\"fd_st_text\":\"<p>Normal Temperature \\u2013 upto 80\\u00b0C (176\\u00b0F).&nbsp;&nbsp; Constructed in mild steel with a polypropylene impeller and Class F insulation motor.&nbsp;&nbsp; Special corrosion- resistant finishes available. &nbsp;Standard finish - Galvanised.<\\/p>\"}},\"new3\":{\"type\":\"1\",\"fields\":{\"fd_St_Header\":\"Fan Type HT\",\"fd_st_text\":\"<p>High Temperature&nbsp; - upto 200\\u00b0C (392\\u00b0F).&nbsp; Constructed in mild steel with an aluminium impeller and Class F insulation motor.&nbsp; Special corrosion- resistant finishes available. Standard finish&nbsp; - galvanised.<\\/p>\"}},\"new4\":{\"type\":\"1\",\"fields\":{\"fd_St_Header\":\"Motors\",\"fd_st_text\":\"<p>Standard three or single phase motors can be fitted along with ATEX ZONE 1 or 2 and company specification units when required.<\\/p>\"}},\"new5\":{\"type\":\"1\",\"fields\":{\"fd_St_Header\":\"Plastic Fans\",\"fd_st_text\":\"<p>This range of fans can also be constructed from rigid PVC sheet reinforced with fibreglass and suitable for a wide fans of uses in the chemical industry and in the extraction of acid fumes from industrial processes.&nbsp; Dimensions and performance data as for normal Bifurcated fans.\\r\\n  <\\/p>\\r\\n<p>For exhausting hot gasses, chemical vapours, steam and moisture laden air, available in diameters 250-1000mm.&nbsp; Max temp 60\\u00b0C<\\/p>\"}},\"new6\":{\"type\":\"1\",\"fields\":{\"fd_St_Header\":\"Stainless Steel Fan Type 304\",\"fd_st_text\":\"<p>Ideal for use in the catering industry for air temperature upto 80\\u00b0C (176\\u00b0F).&nbsp; For exhausting warm air and steam.&nbsp; Constructed throughout in stainless steel with a polypropylene impeller and Class \\u2018F\\u2019 standard motor with a stainless steel extended shaft.<\\/p>\"}},\"new7\":{\"type\":\"1\",\"fields\":{\"fd_St_Header\":\"Stainless Steel Fan Type 316\",\"fd_st_text\":\"<p>Uses mainly in the chemical and allied trades.&nbsp; Suitable for most acid vapours upto 80\\u00b0C (176\\u00b0F).&nbsp; Constructed throughout in stainless steel with a polypropylene impeller and Class F standard motor with a stainless steel extended shaft.<\\/p>\"}},\"new8\":{\"type\":\"1\",\"fields\":{\"fd_St_Header\":\"Extra Features Available\",\"fd_st_text\":\"<ul><li>Mounting feet<\\/li><li>flexible connections<\\/li><li>AV Mountings<\\/li><li>Mating Flanges<\\/li><li>Inlet Cones<\\/li><li>Guards<\\/li><li>Back-draught shutters<\\/li><li>Special Paint finishes<\\/li><\\/ul>\"}},\"new9\":{\"type\":\"1\",\"fields\":{\"fd_St_Header\":\"Finish\",\"fd_st_text\":\"<ul><li><strong>Standard Fans:<\\/strong> Galvanised<\\/li><li><strong>Optional Finishes:<\\/strong> Epoxy Resin, Metal Spraying<\\/li><\\/ul>\"}}},\"25\":[\"60\"],\"7\":\"For the foodstuffs and chemical industries these fans can be constructed from stainless steel of aluminium at competitive cost.\"}}', '2017-03-23 16:22:43', '2017-03-23 16:22:43', 'cd1aae24-2a1c-425d-a4df-bed58d56dcb2'),
 ('94', '20', '3', '1', 'en', '6', '', '{\"typeId\":\"4\",\"authorId\":\"1\",\"title\":\"Centrifugal Fans\",\"slug\":\"centrifugal-fans\",\"postDate\":1488211680,\"expiryDate\":null,\"enabled\":1,\"parentId\":\"\",\"fields\":{\"3\":\"<p>Praesent non elit nec sem interdum suscipit quis imperdiet felis. Praesent nulla ligula, consectetur sit amet tortor commodo, tristique viverra ex. Pellentesque laoreet erat sit amet sagittis tempor.<\\/p>\",\"4\":{\"new1\":{\"type\":\"1\",\"fields\":{\"fd_St_Header\":\"Applications\",\"fd_st_text\":\"<p>Engineers must consider the use of Centrifugal Fans instead of Axial fans for some of the following reasons:<\\/p>\\r\\n<ol><ol><li>High Temperature<\\/li><li>Low Noise Levels<\\/li><li>Dust & Fume Extract<\\/li><li>High Static Watergauge<\\/li><\\/ol><\\/ol>\\r\\n\"}},\"new2\":{\"type\":\"1\",\"fields\":{\"fd_St_Header\":\"Types of Centrifugal Fans\",\"fd_st_text\":\"<p>There are different types of Centrifugal Fans covering air volumes from 85 to 100,000m\\u00b3\\/hr and from 25 to 15,000 PA.&nbsp; Each application requires a fan with different characteristics, whether it be the blade design, the width of the casing or even the method of drive.&nbsp; By way of a guide as to which is the best fan for certain projects, we list below information that might assist the potential user.<\\/p><ul><li><b>PADDLE BLADE FANS:&nbsp;<\\/b>This type of fan is used for the conveying of dust, wood and paper refuse, cotton fly etc.&nbsp; Since the blade design prevents \\u2018build up\\u2019 of waste materials, discharge velocities vary dependent upon what is being conveyed in the air stream.&nbsp; Normally in the region of 7-20 mtrs\\/sec.<\\/li><li><b>MULTIVANE OR FORWARD CURVED FANS:&nbsp;<\\/b>Used for general ventilation purposes \\u2013 not good for dust etc.&nbsp; Limited pressure characteristics.&nbsp; Normal discharge velocities 5-13 mts\\/sec<\\/li><li><b>BACKWARD CURVED OR BACKWARD SLOPING FANS:&nbsp;<\\/b>Non overloading power characteristics suitable for very light dust applications (eg clean side of dust collector) where a good efficiency is required.&nbsp; Used for high pressure ventilation systems or where the system resistance could fluctuate.&nbsp; Normal velocities 9-16 mts\\/sec<\\/li><li><b>AEROFOIL FANS:&nbsp;<\\/b>The most efficient of all centrifugals fans, ideally suited to general ventilation projects where there is no possibility of dust contamination.&nbsp; Recommend for high pressure ventilation systems or where the system resistance could fluctuate.&nbsp; Normal discharge velocities 7-15 mts\\/sec.<\\/li><li><b>HIGH PRESSURE BLOWERS:&nbsp;<\\/b>As their name suggests, these fans are applied where the requirement is for high velocities, eg Air Curtains, refuse conveying etc&nbsp; Normal discharge velocities 15-30 mts\\/sec.<\\/li><\\/ul>\\r\\n<p><span><\\/span><\\/p>\"}}},\"25\":[\"59\"],\"7\":\"Since forward curved and paddle blade fans have overloading power characteristics it is important that the static selection pressure is achieved.  Any reduction in the requirements could easily overload the motor.\"}}', '2017-03-23 16:28:11', '2017-03-23 16:28:11', 'ac0444d7-8343-4807-91e2-f942497c8aa1'),
 ('95', '22', '3', '1', 'en', '3', '', '{\"typeId\":\"3\",\"authorId\":\"1\",\"title\":\"Conical Bifurcated\",\"slug\":\"conical-bifurcated-fans\",\"postDate\":1488211740,\"expiryDate\":null,\"enabled\":1,\"parentId\":\"19\",\"fields\":{\"10\":[\"4\",\"5\",\"6\"],\"13\":\"\",\"21\":\"\",\"18\":\"\",\"19\":\"\",\"12\":\"\",\"11\":\"\",\"16\":\"\"}}', '2017-03-23 16:41:02', '2017-03-23 16:41:02', '350acbd5-ed87-4be1-9872-5617167fef9d'),
 ('96', '23', '3', '1', 'en', '5', '', '{\"typeId\":\"3\",\"authorId\":\"1\",\"title\":\"Cylindrical Bifurcated\",\"slug\":\"cylindrical-bifurcated-fans\",\"postDate\":1488211740,\"expiryDate\":null,\"enabled\":1,\"parentId\":\"19\",\"fields\":{\"10\":[\"4\",\"5\",\"6\"],\"13\":\"\",\"21\":\"\",\"18\":[\"53\"],\"19\":\"\",\"12\":\"\",\"11\":\"<p>Curabitur magna sapien, consectetur eget nulla tincidunt, euismod ultrices mi. Praesent id venenatis felis, at accumsan elit. Vivamus bibendum ullamcorper arcu ut efficitur.<\\/p>\",\"16\":\"\"}}', '2017-03-23 16:41:47', '2017-03-23 16:41:47', 'f4f68624-d3f0-45dd-a37e-5fd5aa8ee881'),
 ('97', '18', '3', '1', 'en', '21', '', '{\"typeId\":\"3\",\"authorId\":\"1\",\"title\":\"Plate Mounted Axial\",\"slug\":\"plate-mounted-axial-flow-fan\",\"postDate\":1488211380,\"expiryDate\":null,\"enabled\":1,\"parentId\":\"17\",\"fields\":{\"34\":[\"4\",\"6\"],\"13\":{\"45\":{\"type\":\"2\",\"fields\":{\"fd_st_component_name\":\"Mounting Plate\",\"fd_st_componentText\":\"Fabricated in Steel and finished in Epoxy resin. 304 or 316 Stainless Steel available if required.\\u200b\"}},\"46\":{\"type\":\"2\",\"fields\":{\"fd_st_component_name\":\"Impellers\",\"fd_st_componentText\":\"Aluminium Hub with polypropylene blades. Anti-Static or Aluminium blades available if required\"}},\"47\":{\"type\":\"2\",\"fields\":{\"fd_st_component_name\":\"Motors\",\"fd_st_componentText\":\"Single or 3 phase Class F IP55 as standard with 2 speed, Zone 1 or Zone 2 as optional extras\"}}},\"21\":{\"49\":{\"type\":\"4\",\"fields\":{\"dataTable\":\"{\\\"columns\\\":{\\\"col0\\\":{\\\"heading\\\":\\\"Fan Size\\\",\\\"width\\\":\\\"\\\",\\\"align\\\":\\\"left\\\"},\\\"col1\\\":{\\\"heading\\\":\\\"Frame\\\",\\\"width\\\":\\\"\\\",\\\"align\\\":\\\"left\\\"},\\\"col2\\\":{\\\"heading\\\":\\\"A\\\",\\\"width\\\":\\\"\\\",\\\"align\\\":\\\"left\\\"},\\\"col3\\\":{\\\"heading\\\":\\\"B\\\",\\\"width\\\":\\\"\\\",\\\"align\\\":\\\"left\\\"},\\\"col4\\\":{\\\"heading\\\":\\\"C\\\",\\\"width\\\":\\\"\\\",\\\"align\\\":\\\"left\\\"},\\\"col5\\\":{\\\"heading\\\":\\\"D\\\",\\\"width\\\":\\\"\\\",\\\"align\\\":\\\"left\\\"},\\\"col6\\\":{\\\"heading\\\":\\\"E\\\",\\\"width\\\":\\\"\\\",\\\"align\\\":\\\"left\\\"}},\\\"rows\\\":{\\\"row0\\\":{\\\"col0\\\":\\\"250\\\",\\\"col1\\\":\\\"71\\\",\\\"col2\\\":\\\"370\\\",\\\"col3\\\":\\\"370\\\",\\\"col4\\\":\\\"330\\\",\\\"col5\\\":\\\"25\\\",\\\"col6\\\":\\\"10\\\"},\\\"row1\\\":{\\\"col0\\\":\\\"300\\\",\\\"col1\\\":\\\"71\\\",\\\"col2\\\":\\\"420\\\",\\\"col3\\\":\\\"420\\\",\\\"col4\\\":\\\"330\\\",\\\"col5\\\":\\\"25\\\",\\\"col6\\\":\\\"10\\\"},\\\"row2\\\":{\\\"col0\\\":\\\"315\\\",\\\"col1\\\":\\\"71\\\",\\\"col2\\\":\\\"435\\\",\\\"col3\\\":\\\"xxx\\\",\\\"col4\\\":\\\"330\\\",\\\"col5\\\":\\\"25\\\",\\\"col6\\\":\\\"10\\\"},\\\"row3\\\":{\\\"col0\\\":\\\"350\\\",\\\"col1\\\":\\\"71\\\",\\\"col2\\\":\\\"xxx\\\",\\\"col3\\\":\\\"xxx\\\",\\\"col4\\\":\\\"330\\\",\\\"col5\\\":\\\"25\\\",\\\"col6\\\":\\\"10\\\"},\\\"row4\\\":{\\\"col0\\\":\\\"400\\\",\\\"col1\\\":\\\"71\\\",\\\"col2\\\":\\\"xxx\\\",\\\"col3\\\":\\\"xxx\\\",\\\"col4\\\":\\\"330\\\",\\\"col5\\\":\\\"25\\\",\\\"col6\\\":\\\"10\\\"},\\\"row5\\\":{\\\"col0\\\":\\\"450\\\",\\\"col1\\\":\\\"71\\\",\\\"col2\\\":\\\"xxx\\\",\\\"col3\\\":\\\"xxx\\\",\\\"col4\\\":\\\"330\\\",\\\"col5\\\":\\\"25\\\",\\\"col6\\\":\\\"10\\\"},\\\"row6\\\":{\\\"col0\\\":\\\"500\\\",\\\"col1\\\":\\\"80\\\",\\\"col2\\\":\\\"xxx\\\",\\\"col3\\\":\\\"xxx\\\",\\\"col4\\\":\\\"380\\\",\\\"col5\\\":\\\"25\\\",\\\"col6\\\":\\\"10\\\"},\\\"row7\\\":{\\\"col0\\\":\\\"560\\\",\\\"col1\\\":\\\"80\\\",\\\"col2\\\":\\\"xxx\\\",\\\"col3\\\":\\\"xxx\\\",\\\"col4\\\":\\\"380\\\",\\\"col5\\\":\\\"25\\\",\\\"col6\\\":\\\"10\\\"},\\\"row8\\\":{\\\"col0\\\":\\\"600\\\",\\\"col1\\\":\\\"80\\\",\\\"col2\\\":\\\"xxx\\\",\\\"col3\\\":\\\"xxx\\\",\\\"col4\\\":\\\"380\\\",\\\"col5\\\":\\\"25\\\",\\\"col6\\\":\\\"10\\\"},\\\"row9\\\":{\\\"col0\\\":\\\"630\\\",\\\"col1\\\":\\\"80\\\",\\\"col2\\\":\\\"xxx\\\",\\\"col3\\\":\\\"xxx\\\",\\\"col4\\\":\\\"380\\\",\\\"col5\\\":\\\"25\\\",\\\"col6\\\":\\\"10\\\"},\\\"row10\\\":{\\\"col0\\\":\\\"630\\\",\\\"col1\\\":\\\"90\\\",\\\"col2\\\":\\\"xxx\\\",\\\"col3\\\":\\\"xxx\\\",\\\"col4\\\":\\\"400\\\",\\\"col5\\\":\\\"25\\\",\\\"col6\\\":\\\"10\\\"},\\\"row11\\\":{\\\"col0\\\":\\\"710\\\",\\\"col1\\\":\\\"80\\\",\\\"col2\\\":\\\"xxx\\\",\\\"col3\\\":\\\"xxx\\\",\\\"col4\\\":\\\"375\\\",\\\"col5\\\":\\\"40\\\",\\\"col6\\\":\\\"12\\\"},\\\"row12\\\":{\\\"col0\\\":\\\"710\\\",\\\"col1\\\":\\\"90\\\",\\\"col2\\\":\\\"xxx\\\",\\\"col3\\\":\\\"xxx\\\",\\\"col4\\\":\\\"400\\\",\\\"col5\\\":\\\"40\\\",\\\"col6\\\":\\\"12\\\"}}}\",\"columns\":{\"col0\":{\"heading\":\"Fan Size\",\"width\":\"\",\"align\":\"left\"},\"col1\":{\"heading\":\"Frame\",\"width\":\"\",\"align\":\"left\"},\"col2\":{\"heading\":\"A\",\"width\":\"\",\"align\":\"left\"},\"col3\":{\"heading\":\"B\",\"width\":\"\",\"align\":\"left\"},\"col4\":{\"heading\":\"C\",\"width\":\"\",\"align\":\"left\"},\"col5\":{\"heading\":\"D\",\"width\":\"\",\"align\":\"left\"},\"col6\":{\"heading\":\"E\",\"width\":\"\",\"align\":\"left\"}},\"rows\":{\"row0\":{\"col0\":\"250\",\"col1\":\"71\",\"col2\":\"370\",\"col3\":\"370\",\"col4\":\"330\",\"col5\":\"25\",\"col6\":\"10\"},\"row1\":{\"col0\":\"300\",\"col1\":\"71\",\"col2\":\"420\",\"col3\":\"420\",\"col4\":\"330\",\"col5\":\"25\",\"col6\":\"10\"},\"row2\":{\"col0\":\"315\",\"col1\":\"71\",\"col2\":\"435\",\"col3\":\"xxx\",\"col4\":\"330\",\"col5\":\"25\",\"col6\":\"10\"},\"row3\":{\"col0\":\"350\",\"col1\":\"71\",\"col2\":\"xxx\",\"col3\":\"xxx\",\"col4\":\"330\",\"col5\":\"25\",\"col6\":\"10\"},\"row4\":{\"col0\":\"400\",\"col1\":\"71\",\"col2\":\"xxx\",\"col3\":\"xxx\",\"col4\":\"330\",\"col5\":\"25\",\"col6\":\"10\"},\"row5\":{\"col0\":\"450\",\"col1\":\"71\",\"col2\":\"xxx\",\"col3\":\"xxx\",\"col4\":\"330\",\"col5\":\"25\",\"col6\":\"10\"},\"row6\":{\"col0\":\"500\",\"col1\":\"80\",\"col2\":\"xxx\",\"col3\":\"xxx\",\"col4\":\"380\",\"col5\":\"25\",\"col6\":\"10\"},\"row7\":{\"col0\":\"560\",\"col1\":\"80\",\"col2\":\"xxx\",\"col3\":\"xxx\",\"col4\":\"380\",\"col5\":\"25\",\"col6\":\"10\"},\"row8\":{\"col0\":\"600\",\"col1\":\"80\",\"col2\":\"xxx\",\"col3\":\"xxx\",\"col4\":\"380\",\"col5\":\"25\",\"col6\":\"10\"},\"row9\":{\"col0\":\"630\",\"col1\":\"80\",\"col2\":\"xxx\",\"col3\":\"xxx\",\"col4\":\"380\",\"col5\":\"25\",\"col6\":\"10\"},\"row10\":{\"col0\":\"630\",\"col1\":\"90\",\"col2\":\"xxx\",\"col3\":\"xxx\",\"col4\":\"400\",\"col5\":\"25\",\"col6\":\"10\"},\"row11\":{\"col0\":\"710\",\"col1\":\"80\",\"col2\":\"xxx\",\"col3\":\"xxx\",\"col4\":\"375\",\"col5\":\"40\",\"col6\":\"12\"},\"row12\":{\"col0\":\"710\",\"col1\":\"90\",\"col2\":\"xxx\",\"col3\":\"xxx\",\"col4\":\"400\",\"col5\":\"40\",\"col6\":\"12\"}}}},\"50\":{\"type\":\"4\",\"fields\":{\"dataTable\":\"{\\\"columns\\\":{\\\"col0\\\":{\\\"heading\\\":\\\"Fan Size\\\",\\\"width\\\":\\\"\\\",\\\"align\\\":\\\"left\\\"},\\\"col1\\\":{\\\"heading\\\":\\\"Frame\\\",\\\"width\\\":\\\"\\\",\\\"align\\\":\\\"left\\\"},\\\"col2\\\":{\\\"heading\\\":\\\"A\\\",\\\"width\\\":\\\"\\\",\\\"align\\\":\\\"left\\\"},\\\"col3\\\":{\\\"heading\\\":\\\"B\\\",\\\"width\\\":\\\"\\\",\\\"align\\\":\\\"left\\\"},\\\"col4\\\":{\\\"heading\\\":\\\"C\\\",\\\"width\\\":\\\"\\\",\\\"align\\\":\\\"left\\\"},\\\"col5\\\":{\\\"heading\\\":\\\"D\\\",\\\"width\\\":\\\"\\\",\\\"align\\\":\\\"left\\\"},\\\"col6\\\":{\\\"heading\\\":\\\"E\\\",\\\"width\\\":\\\"\\\",\\\"align\\\":\\\"left\\\"}},\\\"rows\\\":{\\\"row0\\\":{\\\"col0\\\":\\\"xxx\\\",\\\"col1\\\":\\\"xxx\\\",\\\"col2\\\":\\\"xxx\\\",\\\"col3\\\":\\\"xxx\\\",\\\"col4\\\":\\\"xxx\\\",\\\"col5\\\":\\\"xxx\\\",\\\"col6\\\":\\\"xxx\\\"}}}\",\"columns\":{\"col0\":{\"heading\":\"Fan Size\",\"width\":\"\",\"align\":\"left\"},\"col1\":{\"heading\":\"Frame\",\"width\":\"\",\"align\":\"left\"},\"col2\":{\"heading\":\"A\",\"width\":\"\",\"align\":\"left\"},\"col3\":{\"heading\":\"B\",\"width\":\"\",\"align\":\"left\"},\"col4\":{\"heading\":\"C\",\"width\":\"\",\"align\":\"left\"},\"col5\":{\"heading\":\"D\",\"width\":\"\",\"align\":\"left\"},\"col6\":{\"heading\":\"E\",\"width\":\"\",\"align\":\"left\"}},\"rows\":{\"row0\":{\"col0\":\"xxx\",\"col1\":\"xxx\",\"col2\":\"xxx\",\"col3\":\"xxx\",\"col4\":\"xxx\",\"col5\":\"xxx\",\"col6\":\"xxx\"}}}}},\"18\":[\"53\"],\"19\":[\"55\",\"56\"],\"12\":\"Wall or roof mounting where ducting is not required.\",\"11\":\"<p>Plate Mounted Axial fan Phasellus sed sollicitudin nisl. Praesent at euismod dui. Donec hendrerit quam turpis. Curabitur sed pharetra erat, at mollis est. Maecenas vel pharetra ligula, lacinia pellentesque justo. Donec finibus augue eget justo suscipit hendrerit. Integer at nisi vitae nibh commodo condimentum vel nec mauris. Proin tempor ex et tempus fermentum.<\\/p>\",\"16\":{\"48\":{\"type\":\"3\",\"fields\":{\"fd_st_noteText\":\"1. This type of fan can be fitted beneath in LOW PROFILE or VERTICAL JET ROOF COWL as supplied by Victoria Fans.\"}}}}}', '2017-03-24 09:40:54', '2017-03-24 09:40:54', '191ca6a3-38c8-4dbb-a9fa-7d60124c2417'),
 ('98', '18', '3', '1', 'en', '22', '', '{\"typeId\":\"3\",\"authorId\":\"1\",\"title\":\"Plate Mounted Axial\",\"slug\":\"plate-mounted-axial-flow-fan\",\"postDate\":1488211380,\"expiryDate\":null,\"enabled\":1,\"parentId\":\"17\",\"fields\":{\"34\":[\"4\",\"6\"],\"13\":{\"45\":{\"type\":\"2\",\"fields\":{\"fd_st_component_name\":\"Mounting Plate\",\"fd_st_componentText\":\"Fabricated in Steel and finished in Epoxy resin. 304 or 316 Stainless Steel available if required.\\u200b\"}},\"46\":{\"type\":\"2\",\"fields\":{\"fd_st_component_name\":\"Impellers\",\"fd_st_componentText\":\"Aluminium Hub with polypropylene blades. Anti-Static or Aluminium blades available if required\"}},\"47\":{\"type\":\"2\",\"fields\":{\"fd_st_component_name\":\"Motors\",\"fd_st_componentText\":\"Single or 3 phase Class F IP55 as standard with 2 speed, Zone 1 or Zone 2 as optional extras\"}}},\"21\":{\"49\":{\"type\":\"4\",\"fields\":{\"dataTable\":\"{\\\"columns\\\":{\\\"col0\\\":{\\\"heading\\\":\\\"Fan Size\\\",\\\"width\\\":\\\"\\\",\\\"align\\\":\\\"left\\\"},\\\"col1\\\":{\\\"heading\\\":\\\"Frame\\\",\\\"width\\\":\\\"\\\",\\\"align\\\":\\\"left\\\"},\\\"col2\\\":{\\\"heading\\\":\\\"A\\\",\\\"width\\\":\\\"\\\",\\\"align\\\":\\\"left\\\"},\\\"col3\\\":{\\\"heading\\\":\\\"B\\\",\\\"width\\\":\\\"\\\",\\\"align\\\":\\\"left\\\"},\\\"col4\\\":{\\\"heading\\\":\\\"C\\\",\\\"width\\\":\\\"\\\",\\\"align\\\":\\\"left\\\"},\\\"col5\\\":{\\\"heading\\\":\\\"D\\\",\\\"width\\\":\\\"\\\",\\\"align\\\":\\\"left\\\"},\\\"col6\\\":{\\\"heading\\\":\\\"E\\\",\\\"width\\\":\\\"\\\",\\\"align\\\":\\\"left\\\"}},\\\"rows\\\":{\\\"row0\\\":{\\\"col0\\\":\\\"250\\\",\\\"col1\\\":\\\"71\\\",\\\"col2\\\":\\\"370\\\",\\\"col3\\\":\\\"370\\\",\\\"col4\\\":\\\"330\\\",\\\"col5\\\":\\\"25\\\",\\\"col6\\\":\\\"10\\\"},\\\"row1\\\":{\\\"col0\\\":\\\"300\\\",\\\"col1\\\":\\\"71\\\",\\\"col2\\\":\\\"420\\\",\\\"col3\\\":\\\"420\\\",\\\"col4\\\":\\\"330\\\",\\\"col5\\\":\\\"25\\\",\\\"col6\\\":\\\"10\\\"},\\\"row2\\\":{\\\"col0\\\":\\\"315\\\",\\\"col1\\\":\\\"71\\\",\\\"col2\\\":\\\"435\\\",\\\"col3\\\":\\\"xxx\\\",\\\"col4\\\":\\\"330\\\",\\\"col5\\\":\\\"25\\\",\\\"col6\\\":\\\"10\\\"},\\\"row3\\\":{\\\"col0\\\":\\\"350\\\",\\\"col1\\\":\\\"71\\\",\\\"col2\\\":\\\"500\\\",\\\"col3\\\":\\\"500\\\",\\\"col4\\\":\\\"330\\\",\\\"col5\\\":\\\"25\\\",\\\"col6\\\":\\\"10\\\"},\\\"row4\\\":{\\\"col0\\\":\\\"400\\\",\\\"col1\\\":\\\"71\\\",\\\"col2\\\":\\\"550\\\",\\\"col3\\\":\\\"550\\\",\\\"col4\\\":\\\"330\\\",\\\"col5\\\":\\\"25\\\",\\\"col6\\\":\\\"10\\\"},\\\"row5\\\":{\\\"col0\\\":\\\"450\\\",\\\"col1\\\":\\\"71\\\",\\\"col2\\\":\\\"600\\\",\\\"col3\\\":\\\"600\\\",\\\"col4\\\":\\\"330\\\",\\\"col5\\\":\\\"25\\\",\\\"col6\\\":\\\"10\\\"},\\\"row6\\\":{\\\"col0\\\":\\\"500\\\",\\\"col1\\\":\\\"80\\\",\\\"col2\\\":\\\"650\\\",\\\"col3\\\":\\\"650\\\",\\\"col4\\\":\\\"380\\\",\\\"col5\\\":\\\"25\\\",\\\"col6\\\":\\\"10\\\"},\\\"row7\\\":{\\\"col0\\\":\\\"560\\\",\\\"col1\\\":\\\"80\\\",\\\"col2\\\":\\\"710\\\",\\\"col3\\\":\\\"710\\\",\\\"col4\\\":\\\"380\\\",\\\"col5\\\":\\\"25\\\",\\\"col6\\\":\\\"10\\\"},\\\"row8\\\":{\\\"col0\\\":\\\"600\\\",\\\"col1\\\":\\\"80\\\",\\\"col2\\\":\\\"800\\\",\\\"col3\\\":\\\"800\\\",\\\"col4\\\":\\\"380\\\",\\\"col5\\\":\\\"25\\\",\\\"col6\\\":\\\"10\\\"},\\\"row9\\\":{\\\"col0\\\":\\\"630\\\",\\\"col1\\\":\\\"80\\\",\\\"col2\\\":\\\"800\\\",\\\"col3\\\":\\\"800\\\",\\\"col4\\\":\\\"380\\\",\\\"col5\\\":\\\"25\\\",\\\"col6\\\":\\\"10\\\"},\\\"row10\\\":{\\\"col0\\\":\\\"630\\\",\\\"col1\\\":\\\"90\\\",\\\"col2\\\":\\\"800\\\",\\\"col3\\\":\\\"800\\\",\\\"col4\\\":\\\"400\\\",\\\"col5\\\":\\\"25\\\",\\\"col6\\\":\\\"10\\\"},\\\"row11\\\":{\\\"col0\\\":\\\"710\\\",\\\"col1\\\":\\\"80\\\",\\\"col2\\\":\\\"900\\\",\\\"col3\\\":\\\"900\\\",\\\"col4\\\":\\\"375\\\",\\\"col5\\\":\\\"40\\\",\\\"col6\\\":\\\"12\\\"},\\\"row12\\\":{\\\"col0\\\":\\\"710\\\",\\\"col1\\\":\\\"90\\\",\\\"col2\\\":\\\"900\\\",\\\"col3\\\":\\\"900\\\",\\\"col4\\\":\\\"400\\\",\\\"col5\\\":\\\"40\\\",\\\"col6\\\":\\\"12\\\"}}}\",\"columns\":{\"col0\":{\"heading\":\"Fan Size\",\"width\":\"\",\"align\":\"left\"},\"col1\":{\"heading\":\"Frame\",\"width\":\"\",\"align\":\"left\"},\"col2\":{\"heading\":\"A\",\"width\":\"\",\"align\":\"left\"},\"col3\":{\"heading\":\"B\",\"width\":\"\",\"align\":\"left\"},\"col4\":{\"heading\":\"C\",\"width\":\"\",\"align\":\"left\"},\"col5\":{\"heading\":\"D\",\"width\":\"\",\"align\":\"left\"},\"col6\":{\"heading\":\"E\",\"width\":\"\",\"align\":\"left\"}},\"rows\":{\"row0\":{\"col0\":\"250\",\"col1\":\"71\",\"col2\":\"370\",\"col3\":\"370\",\"col4\":\"330\",\"col5\":\"25\",\"col6\":\"10\"},\"row1\":{\"col0\":\"300\",\"col1\":\"71\",\"col2\":\"420\",\"col3\":\"420\",\"col4\":\"330\",\"col5\":\"25\",\"col6\":\"10\"},\"row2\":{\"col0\":\"315\",\"col1\":\"71\",\"col2\":\"435\",\"col3\":\"xxx\",\"col4\":\"330\",\"col5\":\"25\",\"col6\":\"10\"},\"row3\":{\"col0\":\"350\",\"col1\":\"71\",\"col2\":\"500\",\"col3\":\"500\",\"col4\":\"330\",\"col5\":\"25\",\"col6\":\"10\"},\"row4\":{\"col0\":\"400\",\"col1\":\"71\",\"col2\":\"550\",\"col3\":\"550\",\"col4\":\"330\",\"col5\":\"25\",\"col6\":\"10\"},\"row5\":{\"col0\":\"450\",\"col1\":\"71\",\"col2\":\"600\",\"col3\":\"600\",\"col4\":\"330\",\"col5\":\"25\",\"col6\":\"10\"},\"row6\":{\"col0\":\"500\",\"col1\":\"80\",\"col2\":\"650\",\"col3\":\"650\",\"col4\":\"380\",\"col5\":\"25\",\"col6\":\"10\"},\"row7\":{\"col0\":\"560\",\"col1\":\"80\",\"col2\":\"710\",\"col3\":\"710\",\"col4\":\"380\",\"col5\":\"25\",\"col6\":\"10\"},\"row8\":{\"col0\":\"600\",\"col1\":\"80\",\"col2\":\"800\",\"col3\":\"800\",\"col4\":\"380\",\"col5\":\"25\",\"col6\":\"10\"},\"row9\":{\"col0\":\"630\",\"col1\":\"80\",\"col2\":\"800\",\"col3\":\"800\",\"col4\":\"380\",\"col5\":\"25\",\"col6\":\"10\"},\"row10\":{\"col0\":\"630\",\"col1\":\"90\",\"col2\":\"800\",\"col3\":\"800\",\"col4\":\"400\",\"col5\":\"25\",\"col6\":\"10\"},\"row11\":{\"col0\":\"710\",\"col1\":\"80\",\"col2\":\"900\",\"col3\":\"900\",\"col4\":\"375\",\"col5\":\"40\",\"col6\":\"12\"},\"row12\":{\"col0\":\"710\",\"col1\":\"90\",\"col2\":\"900\",\"col3\":\"900\",\"col4\":\"400\",\"col5\":\"40\",\"col6\":\"12\"}}}},\"50\":{\"type\":\"4\",\"fields\":{\"dataTable\":\"{\\\"columns\\\":{\\\"col0\\\":{\\\"heading\\\":\\\"Fan Size\\\",\\\"width\\\":\\\"\\\",\\\"align\\\":\\\"left\\\"},\\\"col1\\\":{\\\"heading\\\":\\\"Frame\\\",\\\"width\\\":\\\"\\\",\\\"align\\\":\\\"left\\\"},\\\"col2\\\":{\\\"heading\\\":\\\"A\\\",\\\"width\\\":\\\"\\\",\\\"align\\\":\\\"left\\\"},\\\"col3\\\":{\\\"heading\\\":\\\"B\\\",\\\"width\\\":\\\"\\\",\\\"align\\\":\\\"left\\\"},\\\"col4\\\":{\\\"heading\\\":\\\"C\\\",\\\"width\\\":\\\"\\\",\\\"align\\\":\\\"left\\\"},\\\"col5\\\":{\\\"heading\\\":\\\"D\\\",\\\"width\\\":\\\"\\\",\\\"align\\\":\\\"left\\\"},\\\"col6\\\":{\\\"heading\\\":\\\"E\\\",\\\"width\\\":\\\"\\\",\\\"align\\\":\\\"left\\\"}},\\\"rows\\\":{\\\"row0\\\":{\\\"col0\\\":\\\"xxx\\\",\\\"col1\\\":\\\"xxx\\\",\\\"col2\\\":\\\"xxx\\\",\\\"col3\\\":\\\"xxx\\\",\\\"col4\\\":\\\"xxx\\\",\\\"col5\\\":\\\"xxx\\\",\\\"col6\\\":\\\"xxx\\\"}}}\",\"columns\":{\"col0\":{\"heading\":\"Fan Size\",\"width\":\"\",\"align\":\"left\"},\"col1\":{\"heading\":\"Frame\",\"width\":\"\",\"align\":\"left\"},\"col2\":{\"heading\":\"A\",\"width\":\"\",\"align\":\"left\"},\"col3\":{\"heading\":\"B\",\"width\":\"\",\"align\":\"left\"},\"col4\":{\"heading\":\"C\",\"width\":\"\",\"align\":\"left\"},\"col5\":{\"heading\":\"D\",\"width\":\"\",\"align\":\"left\"},\"col6\":{\"heading\":\"E\",\"width\":\"\",\"align\":\"left\"}},\"rows\":{\"row0\":{\"col0\":\"xxx\",\"col1\":\"xxx\",\"col2\":\"xxx\",\"col3\":\"xxx\",\"col4\":\"xxx\",\"col5\":\"xxx\",\"col6\":\"xxx\"}}}}},\"18\":[\"53\"],\"19\":[\"55\",\"56\"],\"12\":\"Wall or roof mounting where ducting is not required.\",\"11\":\"<p>Plate Mounted Axial fan Phasellus sed sollicitudin nisl. Praesent at euismod dui. Donec hendrerit quam turpis. Curabitur sed pharetra erat, at mollis est. Maecenas vel pharetra ligula, lacinia pellentesque justo. Donec finibus augue eget justo suscipit hendrerit. Integer at nisi vitae nibh commodo condimentum vel nec mauris. Proin tempor ex et tempus fermentum.<\\/p>\",\"16\":{\"48\":{\"type\":\"3\",\"fields\":{\"fd_st_noteText\":\"1. This type of fan can be fitted beneath in LOW PROFILE or VERTICAL JET ROOF COWL as supplied by Victoria Fans.\"}}}}}', '2017-03-24 11:03:11', '2017-03-24 11:03:11', 'e2f2e2c7-6574-4d18-88ab-e80e7b47ccd5'),
 ('99', '18', '3', '1', 'en', '23', '', '{\"typeId\":\"3\",\"authorId\":\"1\",\"title\":\"Plate Mounted Axial\",\"slug\":\"plate-mounted-axial-flow-fan\",\"postDate\":1488211380,\"expiryDate\":null,\"enabled\":1,\"parentId\":\"17\",\"fields\":{\"34\":[\"4\",\"6\"],\"13\":{\"45\":{\"type\":\"2\",\"fields\":{\"fd_st_component_name\":\"Mounting Plate\",\"fd_st_componentText\":\"Fabricated in Steel and finished in Epoxy resin. 304 or 316 Stainless Steel available if required.\\u200b\"}},\"46\":{\"type\":\"2\",\"fields\":{\"fd_st_component_name\":\"Impellers\",\"fd_st_componentText\":\"Aluminium Hub with polypropylene blades. Anti-Static or Aluminium blades available if required\"}},\"47\":{\"type\":\"2\",\"fields\":{\"fd_st_component_name\":\"Motors\",\"fd_st_componentText\":\"Single or 3 phase Class F IP55 as standard with 2 speed, Zone 1 or Zone 2 as optional extras\"}}},\"21\":{\"49\":{\"type\":\"4\",\"fields\":{\"dataTable\":\"{\\\"columns\\\":{\\\"col0\\\":{\\\"heading\\\":\\\"Fan Size\\\",\\\"width\\\":\\\"\\\",\\\"align\\\":\\\"left\\\"},\\\"col1\\\":{\\\"heading\\\":\\\"Frame\\\",\\\"width\\\":\\\"\\\",\\\"align\\\":\\\"left\\\"},\\\"col2\\\":{\\\"heading\\\":\\\"A\\\",\\\"width\\\":\\\"\\\",\\\"align\\\":\\\"left\\\"},\\\"col3\\\":{\\\"heading\\\":\\\"B\\\",\\\"width\\\":\\\"\\\",\\\"align\\\":\\\"left\\\"},\\\"col4\\\":{\\\"heading\\\":\\\"C\\\",\\\"width\\\":\\\"\\\",\\\"align\\\":\\\"left\\\"},\\\"col5\\\":{\\\"heading\\\":\\\"D\\\",\\\"width\\\":\\\"\\\",\\\"align\\\":\\\"left\\\"},\\\"col6\\\":{\\\"heading\\\":\\\"E\\\",\\\"width\\\":\\\"\\\",\\\"align\\\":\\\"left\\\"}},\\\"rows\\\":{\\\"row0\\\":{\\\"col0\\\":\\\"250\\\",\\\"col1\\\":\\\"71\\\",\\\"col2\\\":\\\"370\\\",\\\"col3\\\":\\\"370\\\",\\\"col4\\\":\\\"330\\\",\\\"col5\\\":\\\"25\\\",\\\"col6\\\":\\\"10\\\"},\\\"row1\\\":{\\\"col0\\\":\\\"300\\\",\\\"col1\\\":\\\"71\\\",\\\"col2\\\":\\\"420\\\",\\\"col3\\\":\\\"420\\\",\\\"col4\\\":\\\"330\\\",\\\"col5\\\":\\\"25\\\",\\\"col6\\\":\\\"10\\\"},\\\"row2\\\":{\\\"col0\\\":\\\"315\\\",\\\"col1\\\":\\\"71\\\",\\\"col2\\\":\\\"435\\\",\\\"col3\\\":\\\"xxx\\\",\\\"col4\\\":\\\"330\\\",\\\"col5\\\":\\\"25\\\",\\\"col6\\\":\\\"10\\\"},\\\"row3\\\":{\\\"col0\\\":\\\"350\\\",\\\"col1\\\":\\\"71\\\",\\\"col2\\\":\\\"500\\\",\\\"col3\\\":\\\"500\\\",\\\"col4\\\":\\\"330\\\",\\\"col5\\\":\\\"25\\\",\\\"col6\\\":\\\"10\\\"},\\\"row4\\\":{\\\"col0\\\":\\\"400\\\",\\\"col1\\\":\\\"71\\\",\\\"col2\\\":\\\"550\\\",\\\"col3\\\":\\\"550\\\",\\\"col4\\\":\\\"330\\\",\\\"col5\\\":\\\"25\\\",\\\"col6\\\":\\\"10\\\"},\\\"row5\\\":{\\\"col0\\\":\\\"450\\\",\\\"col1\\\":\\\"71\\\",\\\"col2\\\":\\\"600\\\",\\\"col3\\\":\\\"600\\\",\\\"col4\\\":\\\"330\\\",\\\"col5\\\":\\\"25\\\",\\\"col6\\\":\\\"10\\\"},\\\"row6\\\":{\\\"col0\\\":\\\"500\\\",\\\"col1\\\":\\\"80\\\",\\\"col2\\\":\\\"650\\\",\\\"col3\\\":\\\"650\\\",\\\"col4\\\":\\\"380\\\",\\\"col5\\\":\\\"25\\\",\\\"col6\\\":\\\"10\\\"},\\\"row7\\\":{\\\"col0\\\":\\\"560\\\",\\\"col1\\\":\\\"80\\\",\\\"col2\\\":\\\"710\\\",\\\"col3\\\":\\\"710\\\",\\\"col4\\\":\\\"380\\\",\\\"col5\\\":\\\"25\\\",\\\"col6\\\":\\\"10\\\"},\\\"row8\\\":{\\\"col0\\\":\\\"600\\\",\\\"col1\\\":\\\"80\\\",\\\"col2\\\":\\\"800\\\",\\\"col3\\\":\\\"800\\\",\\\"col4\\\":\\\"380\\\",\\\"col5\\\":\\\"25\\\",\\\"col6\\\":\\\"10\\\"},\\\"row9\\\":{\\\"col0\\\":\\\"630\\\",\\\"col1\\\":\\\"80\\\",\\\"col2\\\":\\\"800\\\",\\\"col3\\\":\\\"800\\\",\\\"col4\\\":\\\"380\\\",\\\"col5\\\":\\\"25\\\",\\\"col6\\\":\\\"10\\\"},\\\"row10\\\":{\\\"col0\\\":\\\"630\\\",\\\"col1\\\":\\\"90\\\",\\\"col2\\\":\\\"800\\\",\\\"col3\\\":\\\"800\\\",\\\"col4\\\":\\\"400\\\",\\\"col5\\\":\\\"25\\\",\\\"col6\\\":\\\"10\\\"},\\\"row11\\\":{\\\"col0\\\":\\\"710\\\",\\\"col1\\\":\\\"80\\\",\\\"col2\\\":\\\"900\\\",\\\"col3\\\":\\\"900\\\",\\\"col4\\\":\\\"375\\\",\\\"col5\\\":\\\"40\\\",\\\"col6\\\":\\\"12\\\"},\\\"row12\\\":{\\\"col0\\\":\\\"710\\\",\\\"col1\\\":\\\"90\\\",\\\"col2\\\":\\\"900\\\",\\\"col3\\\":\\\"900\\\",\\\"col4\\\":\\\"400\\\",\\\"col5\\\":\\\"40\\\",\\\"col6\\\":\\\"12\\\"}}}\",\"columns\":{\"col0\":{\"heading\":\"Fan Size\",\"width\":\"\",\"align\":\"left\"},\"col1\":{\"heading\":\"Frame\",\"width\":\"\",\"align\":\"left\"},\"col2\":{\"heading\":\"A\",\"width\":\"\",\"align\":\"left\"},\"col3\":{\"heading\":\"B\",\"width\":\"\",\"align\":\"left\"},\"col4\":{\"heading\":\"C\",\"width\":\"\",\"align\":\"left\"},\"col5\":{\"heading\":\"D\",\"width\":\"\",\"align\":\"left\"},\"col6\":{\"heading\":\"E\",\"width\":\"\",\"align\":\"left\"}},\"rows\":{\"row0\":{\"col0\":\"250\",\"col1\":\"71\",\"col2\":\"370\",\"col3\":\"370\",\"col4\":\"330\",\"col5\":\"25\",\"col6\":\"10\"},\"row1\":{\"col0\":\"300\",\"col1\":\"71\",\"col2\":\"420\",\"col3\":\"420\",\"col4\":\"330\",\"col5\":\"25\",\"col6\":\"10\"},\"row2\":{\"col0\":\"315\",\"col1\":\"71\",\"col2\":\"435\",\"col3\":\"xxx\",\"col4\":\"330\",\"col5\":\"25\",\"col6\":\"10\"},\"row3\":{\"col0\":\"350\",\"col1\":\"71\",\"col2\":\"500\",\"col3\":\"500\",\"col4\":\"330\",\"col5\":\"25\",\"col6\":\"10\"},\"row4\":{\"col0\":\"400\",\"col1\":\"71\",\"col2\":\"550\",\"col3\":\"550\",\"col4\":\"330\",\"col5\":\"25\",\"col6\":\"10\"},\"row5\":{\"col0\":\"450\",\"col1\":\"71\",\"col2\":\"600\",\"col3\":\"600\",\"col4\":\"330\",\"col5\":\"25\",\"col6\":\"10\"},\"row6\":{\"col0\":\"500\",\"col1\":\"80\",\"col2\":\"650\",\"col3\":\"650\",\"col4\":\"380\",\"col5\":\"25\",\"col6\":\"10\"},\"row7\":{\"col0\":\"560\",\"col1\":\"80\",\"col2\":\"710\",\"col3\":\"710\",\"col4\":\"380\",\"col5\":\"25\",\"col6\":\"10\"},\"row8\":{\"col0\":\"600\",\"col1\":\"80\",\"col2\":\"800\",\"col3\":\"800\",\"col4\":\"380\",\"col5\":\"25\",\"col6\":\"10\"},\"row9\":{\"col0\":\"630\",\"col1\":\"80\",\"col2\":\"800\",\"col3\":\"800\",\"col4\":\"380\",\"col5\":\"25\",\"col6\":\"10\"},\"row10\":{\"col0\":\"630\",\"col1\":\"90\",\"col2\":\"800\",\"col3\":\"800\",\"col4\":\"400\",\"col5\":\"25\",\"col6\":\"10\"},\"row11\":{\"col0\":\"710\",\"col1\":\"80\",\"col2\":\"900\",\"col3\":\"900\",\"col4\":\"375\",\"col5\":\"40\",\"col6\":\"12\"},\"row12\":{\"col0\":\"710\",\"col1\":\"90\",\"col2\":\"900\",\"col3\":\"900\",\"col4\":\"400\",\"col5\":\"40\",\"col6\":\"12\"}}}},\"50\":{\"type\":\"4\",\"fields\":{\"dataTable\":\"{\\\"columns\\\":{\\\"col0\\\":{\\\"heading\\\":\\\"Fan Size\\\",\\\"width\\\":\\\"\\\",\\\"align\\\":\\\"left\\\"},\\\"col1\\\":{\\\"heading\\\":\\\"Frame\\\",\\\"width\\\":\\\"\\\",\\\"align\\\":\\\"left\\\"},\\\"col2\\\":{\\\"heading\\\":\\\"A\\\",\\\"width\\\":\\\"\\\",\\\"align\\\":\\\"left\\\"},\\\"col3\\\":{\\\"heading\\\":\\\"B\\\",\\\"width\\\":\\\"\\\",\\\"align\\\":\\\"left\\\"},\\\"col4\\\":{\\\"heading\\\":\\\"C\\\",\\\"width\\\":\\\"\\\",\\\"align\\\":\\\"left\\\"},\\\"col5\\\":{\\\"heading\\\":\\\"D\\\",\\\"width\\\":\\\"\\\",\\\"align\\\":\\\"left\\\"},\\\"col6\\\":{\\\"heading\\\":\\\"E\\\",\\\"width\\\":\\\"\\\",\\\"align\\\":\\\"left\\\"}},\\\"rows\\\":{\\\"row0\\\":{\\\"col0\\\":\\\"710\\\",\\\"col1\\\":\\\"100\\\",\\\"col2\\\":\\\"900\\\",\\\"col3\\\":\\\"900\\\",\\\"col4\\\":\\\"445\\\",\\\"col5\\\":\\\"40\\\",\\\"col6\\\":\\\"12\\\"},\\\"row1\\\":{\\\"col0\\\":\\\"800\\\",\\\"col1\\\":\\\"90\\\",\\\"col2\\\":\\\"1000\\\",\\\"col3\\\":\\\"1000\\\",\\\"col4\\\":\\\"415\\\",\\\"col5\\\":\\\"40\\\",\\\"col6\\\":\\\"12\\\"},\\\"row2\\\":{\\\"col0\\\":\\\"800\\\",\\\"col1\\\":\\\"100\\\",\\\"col2\\\":\\\"1000\\\",\\\"col3\\\":\\\"1000\\\",\\\"col4\\\":\\\"460\\\",\\\"col5\\\":\\\"40\\\",\\\"col6\\\":\\\"12\\\"},\\\"row3\\\":{\\\"col0\\\":\\\"800\\\",\\\"col1\\\":\\\"112\\\",\\\"col2\\\":\\\"1000\\\",\\\"col3\\\":\\\"1000\\\",\\\"col4\\\":\\\"460\\\",\\\"col5\\\":\\\"40\\\",\\\"col6\\\":\\\"12\\\"},\\\"row4\\\":{\\\"col0\\\":\\\"900\\\",\\\"col1\\\":\\\"100\\\",\\\"col2\\\":\\\"1100\\\",\\\"col3\\\":\\\"1100\\\",\\\"col4\\\":\\\"460\\\",\\\"col5\\\":\\\"50\\\",\\\"col6\\\":\\\"14\\\"},\\\"row5\\\":{\\\"col0\\\":\\\"900\\\",\\\"col1\\\":\\\"112\\\",\\\"col2\\\":\\\"1100\\\",\\\"col3\\\":\\\"1100\\\",\\\"col4\\\":\\\"465\\\",\\\"col5\\\":\\\"50\\\",\\\"col6\\\":\\\"14\\\"},\\\"row6\\\":{\\\"col0\\\":\\\"900\\\",\\\"col1\\\":\\\"132\\\",\\\"col2\\\":\\\"1100\\\",\\\"col3\\\":\\\"1100\\\",\\\"col4\\\":\\\"540\\\",\\\"col5\\\":\\\"50\\\",\\\"col6\\\":\\\"14\\\"},\\\"row7\\\":{\\\"col0\\\":\\\"1000\\\",\\\"col1\\\":\\\"100\\\",\\\"col2\\\":\\\"1250\\\",\\\"col3\\\":\\\"1250\\\",\\\"col4\\\":\\\"460\\\",\\\"col5\\\":\\\"50\\\",\\\"col6\\\":\\\"14\\\"},\\\"row8\\\":{\\\"col0\\\":\\\"1000\\\",\\\"col1\\\":\\\"112\\\",\\\"col2\\\":\\\"1250\\\",\\\"col3\\\":\\\"1250\\\",\\\"col4\\\":\\\"460\\\",\\\"col5\\\":\\\"50\\\",\\\"col6\\\":\\\"14\\\"},\\\"row9\\\":{\\\"col0\\\":\\\"1000\\\",\\\"col1\\\":\\\"132\\\",\\\"col2\\\":\\\"1250\\\",\\\"col3\\\":\\\"1250\\\",\\\"col4\\\":\\\"465\\\",\\\"col5\\\":\\\"50\\\",\\\"col6\\\":\\\"14\\\"}}}\",\"columns\":{\"col0\":{\"heading\":\"Fan Size\",\"width\":\"\",\"align\":\"left\"},\"col1\":{\"heading\":\"Frame\",\"width\":\"\",\"align\":\"left\"},\"col2\":{\"heading\":\"A\",\"width\":\"\",\"align\":\"left\"},\"col3\":{\"heading\":\"B\",\"width\":\"\",\"align\":\"left\"},\"col4\":{\"heading\":\"C\",\"width\":\"\",\"align\":\"left\"},\"col5\":{\"heading\":\"D\",\"width\":\"\",\"align\":\"left\"},\"col6\":{\"heading\":\"E\",\"width\":\"\",\"align\":\"left\"}},\"rows\":{\"row0\":{\"col0\":\"710\",\"col1\":\"100\",\"col2\":\"900\",\"col3\":\"900\",\"col4\":\"445\",\"col5\":\"40\",\"col6\":\"12\"},\"row1\":{\"col0\":\"800\",\"col1\":\"90\",\"col2\":\"1000\",\"col3\":\"1000\",\"col4\":\"415\",\"col5\":\"40\",\"col6\":\"12\"},\"row2\":{\"col0\":\"800\",\"col1\":\"100\",\"col2\":\"1000\",\"col3\":\"1000\",\"col4\":\"460\",\"col5\":\"40\",\"col6\":\"12\"},\"row3\":{\"col0\":\"800\",\"col1\":\"112\",\"col2\":\"1000\",\"col3\":\"1000\",\"col4\":\"460\",\"col5\":\"40\",\"col6\":\"12\"},\"row4\":{\"col0\":\"900\",\"col1\":\"100\",\"col2\":\"1100\",\"col3\":\"1100\",\"col4\":\"460\",\"col5\":\"50\",\"col6\":\"14\"},\"row5\":{\"col0\":\"900\",\"col1\":\"112\",\"col2\":\"1100\",\"col3\":\"1100\",\"col4\":\"465\",\"col5\":\"50\",\"col6\":\"14\"},\"row6\":{\"col0\":\"900\",\"col1\":\"132\",\"col2\":\"1100\",\"col3\":\"1100\",\"col4\":\"540\",\"col5\":\"50\",\"col6\":\"14\"},\"row7\":{\"col0\":\"1000\",\"col1\":\"100\",\"col2\":\"1250\",\"col3\":\"1250\",\"col4\":\"460\",\"col5\":\"50\",\"col6\":\"14\"},\"row8\":{\"col0\":\"1000\",\"col1\":\"112\",\"col2\":\"1250\",\"col3\":\"1250\",\"col4\":\"460\",\"col5\":\"50\",\"col6\":\"14\"},\"row9\":{\"col0\":\"1000\",\"col1\":\"132\",\"col2\":\"1250\",\"col3\":\"1250\",\"col4\":\"465\",\"col5\":\"50\",\"col6\":\"14\"}}}}},\"18\":[\"53\"],\"19\":[\"55\",\"56\"],\"12\":\"Wall or roof mounting where ducting is not required.\",\"11\":\"<p>Plate Mounted Axial fan Phasellus sed sollicitudin nisl. Praesent at euismod dui. Donec hendrerit quam turpis. Curabitur sed pharetra erat, at mollis est. Maecenas vel pharetra ligula, lacinia pellentesque justo. Donec finibus augue eget justo suscipit hendrerit. Integer at nisi vitae nibh commodo condimentum vel nec mauris. Proin tempor ex et tempus fermentum.<\\/p>\",\"16\":{\"48\":{\"type\":\"3\",\"fields\":{\"fd_st_noteText\":\"1. This type of fan can be fitted beneath in LOW PROFILE or VERTICAL JET ROOF COWL as supplied by Victoria Fans.\"}}}}}', '2017-03-24 11:08:54', '2017-03-24 11:08:54', '010dfe9c-43d2-4366-946d-c68f23ab3649'),
 ('100', '18', '3', '1', 'en', '24', '', '{\"typeId\":\"3\",\"authorId\":\"1\",\"title\":\"Plate Mounted Axial\",\"slug\":\"plate-mounted-axial-flow-fan\",\"postDate\":1488211380,\"expiryDate\":null,\"enabled\":1,\"parentId\":\"17\",\"fields\":{\"34\":[\"4\",\"6\"],\"13\":{\"45\":{\"type\":\"2\",\"fields\":{\"fd_st_component_name\":\"Mounting Plate\",\"fd_st_componentText\":\"Fabricated in Steel and finished in Epoxy resin. 304 or 316 Stainless Steel available if required.\\u200b\"}},\"46\":{\"type\":\"2\",\"fields\":{\"fd_st_component_name\":\"Impellers\",\"fd_st_componentText\":\"Aluminium Hub with polypropylene blades. Anti-Static or Aluminium blades available if required\"}},\"47\":{\"type\":\"2\",\"fields\":{\"fd_st_component_name\":\"Motors\",\"fd_st_componentText\":\"Single or 3 phase Class F IP55 as standard with 2 speed, Zone 1 or Zone 2 as optional extras\"}}},\"21\":{\"49\":{\"type\":\"4\",\"fields\":{\"dataTable\":\"{\\\"columns\\\":{\\\"col0\\\":{\\\"heading\\\":\\\"Fan Size\\\",\\\"width\\\":\\\"\\\",\\\"align\\\":\\\"left\\\"},\\\"col1\\\":{\\\"heading\\\":\\\"Frame\\\",\\\"width\\\":\\\"\\\",\\\"align\\\":\\\"left\\\"},\\\"col2\\\":{\\\"heading\\\":\\\"A\\\",\\\"width\\\":\\\"\\\",\\\"align\\\":\\\"left\\\"},\\\"col3\\\":{\\\"heading\\\":\\\"B\\\",\\\"width\\\":\\\"\\\",\\\"align\\\":\\\"left\\\"},\\\"col4\\\":{\\\"heading\\\":\\\"C\\\",\\\"width\\\":\\\"\\\",\\\"align\\\":\\\"left\\\"},\\\"col5\\\":{\\\"heading\\\":\\\"D\\\",\\\"width\\\":\\\"\\\",\\\"align\\\":\\\"left\\\"},\\\"col6\\\":{\\\"heading\\\":\\\"E\\\",\\\"width\\\":\\\"\\\",\\\"align\\\":\\\"left\\\"}},\\\"rows\\\":{\\\"row0\\\":{\\\"col0\\\":\\\"250\\\",\\\"col1\\\":\\\"71\\\",\\\"col2\\\":\\\"370\\\",\\\"col3\\\":\\\"370\\\",\\\"col4\\\":\\\"330\\\",\\\"col5\\\":\\\"25\\\",\\\"col6\\\":\\\"10\\\"},\\\"row1\\\":{\\\"col0\\\":\\\"300\\\",\\\"col1\\\":\\\"71\\\",\\\"col2\\\":\\\"420\\\",\\\"col3\\\":\\\"420\\\",\\\"col4\\\":\\\"330\\\",\\\"col5\\\":\\\"25\\\",\\\"col6\\\":\\\"10\\\"},\\\"row2\\\":{\\\"col0\\\":\\\"315\\\",\\\"col1\\\":\\\"71\\\",\\\"col2\\\":\\\"435\\\",\\\"col3\\\":\\\"xxx\\\",\\\"col4\\\":\\\"330\\\",\\\"col5\\\":\\\"25\\\",\\\"col6\\\":\\\"10\\\"},\\\"row3\\\":{\\\"col0\\\":\\\"350\\\",\\\"col1\\\":\\\"71\\\",\\\"col2\\\":\\\"500\\\",\\\"col3\\\":\\\"500\\\",\\\"col4\\\":\\\"330\\\",\\\"col5\\\":\\\"25\\\",\\\"col6\\\":\\\"10\\\"},\\\"row4\\\":{\\\"col0\\\":\\\"400\\\",\\\"col1\\\":\\\"71\\\",\\\"col2\\\":\\\"550\\\",\\\"col3\\\":\\\"550\\\",\\\"col4\\\":\\\"330\\\",\\\"col5\\\":\\\"25\\\",\\\"col6\\\":\\\"10\\\"},\\\"row5\\\":{\\\"col0\\\":\\\"450\\\",\\\"col1\\\":\\\"71\\\",\\\"col2\\\":\\\"600\\\",\\\"col3\\\":\\\"600\\\",\\\"col4\\\":\\\"330\\\",\\\"col5\\\":\\\"25\\\",\\\"col6\\\":\\\"10\\\"},\\\"row6\\\":{\\\"col0\\\":\\\"500\\\",\\\"col1\\\":\\\"80\\\",\\\"col2\\\":\\\"650\\\",\\\"col3\\\":\\\"650\\\",\\\"col4\\\":\\\"380\\\",\\\"col5\\\":\\\"25\\\",\\\"col6\\\":\\\"10\\\"},\\\"row7\\\":{\\\"col0\\\":\\\"560\\\",\\\"col1\\\":\\\"80\\\",\\\"col2\\\":\\\"710\\\",\\\"col3\\\":\\\"710\\\",\\\"col4\\\":\\\"380\\\",\\\"col5\\\":\\\"25\\\",\\\"col6\\\":\\\"10\\\"},\\\"row8\\\":{\\\"col0\\\":\\\"600\\\",\\\"col1\\\":\\\"80\\\",\\\"col2\\\":\\\"800\\\",\\\"col3\\\":\\\"800\\\",\\\"col4\\\":\\\"380\\\",\\\"col5\\\":\\\"25\\\",\\\"col6\\\":\\\"10\\\"},\\\"row9\\\":{\\\"col0\\\":\\\"630\\\",\\\"col1\\\":\\\"80\\\",\\\"col2\\\":\\\"800\\\",\\\"col3\\\":\\\"800\\\",\\\"col4\\\":\\\"380\\\",\\\"col5\\\":\\\"25\\\",\\\"col6\\\":\\\"10\\\"},\\\"row10\\\":{\\\"col0\\\":\\\"630\\\",\\\"col1\\\":\\\"90\\\",\\\"col2\\\":\\\"800\\\",\\\"col3\\\":\\\"800\\\",\\\"col4\\\":\\\"400\\\",\\\"col5\\\":\\\"25\\\",\\\"col6\\\":\\\"10\\\"},\\\"row11\\\":{\\\"col0\\\":\\\"710\\\",\\\"col1\\\":\\\"80\\\",\\\"col2\\\":\\\"900\\\",\\\"col3\\\":\\\"900\\\",\\\"col4\\\":\\\"375\\\",\\\"col5\\\":\\\"40\\\",\\\"col6\\\":\\\"12\\\"},\\\"row12\\\":{\\\"col0\\\":\\\"710\\\",\\\"col1\\\":\\\"90\\\",\\\"col2\\\":\\\"900\\\",\\\"col3\\\":\\\"900\\\",\\\"col4\\\":\\\"400\\\",\\\"col5\\\":\\\"40\\\",\\\"col6\\\":\\\"12\\\"}}}\",\"columns\":{\"col0\":{\"heading\":\"Fan Size\",\"width\":\"\",\"align\":\"left\"},\"col1\":{\"heading\":\"Frame\",\"width\":\"\",\"align\":\"left\"},\"col2\":{\"heading\":\"A\",\"width\":\"\",\"align\":\"left\"},\"col3\":{\"heading\":\"B\",\"width\":\"\",\"align\":\"left\"},\"col4\":{\"heading\":\"C\",\"width\":\"\",\"align\":\"left\"},\"col5\":{\"heading\":\"D\",\"width\":\"\",\"align\":\"left\"},\"col6\":{\"heading\":\"E\",\"width\":\"\",\"align\":\"left\"}},\"rows\":{\"row0\":{\"col0\":\"250\",\"col1\":\"71\",\"col2\":\"370\",\"col3\":\"370\",\"col4\":\"330\",\"col5\":\"25\",\"col6\":\"10\"},\"row1\":{\"col0\":\"300\",\"col1\":\"71\",\"col2\":\"420\",\"col3\":\"420\",\"col4\":\"330\",\"col5\":\"25\",\"col6\":\"10\"},\"row2\":{\"col0\":\"315\",\"col1\":\"71\",\"col2\":\"435\",\"col3\":\"xxx\",\"col4\":\"330\",\"col5\":\"25\",\"col6\":\"10\"},\"row3\":{\"col0\":\"350\",\"col1\":\"71\",\"col2\":\"500\",\"col3\":\"500\",\"col4\":\"330\",\"col5\":\"25\",\"col6\":\"10\"},\"row4\":{\"col0\":\"400\",\"col1\":\"71\",\"col2\":\"550\",\"col3\":\"550\",\"col4\":\"330\",\"col5\":\"25\",\"col6\":\"10\"},\"row5\":{\"col0\":\"450\",\"col1\":\"71\",\"col2\":\"600\",\"col3\":\"600\",\"col4\":\"330\",\"col5\":\"25\",\"col6\":\"10\"},\"row6\":{\"col0\":\"500\",\"col1\":\"80\",\"col2\":\"650\",\"col3\":\"650\",\"col4\":\"380\",\"col5\":\"25\",\"col6\":\"10\"},\"row7\":{\"col0\":\"560\",\"col1\":\"80\",\"col2\":\"710\",\"col3\":\"710\",\"col4\":\"380\",\"col5\":\"25\",\"col6\":\"10\"},\"row8\":{\"col0\":\"600\",\"col1\":\"80\",\"col2\":\"800\",\"col3\":\"800\",\"col4\":\"380\",\"col5\":\"25\",\"col6\":\"10\"},\"row9\":{\"col0\":\"630\",\"col1\":\"80\",\"col2\":\"800\",\"col3\":\"800\",\"col4\":\"380\",\"col5\":\"25\",\"col6\":\"10\"},\"row10\":{\"col0\":\"630\",\"col1\":\"90\",\"col2\":\"800\",\"col3\":\"800\",\"col4\":\"400\",\"col5\":\"25\",\"col6\":\"10\"},\"row11\":{\"col0\":\"710\",\"col1\":\"80\",\"col2\":\"900\",\"col3\":\"900\",\"col4\":\"375\",\"col5\":\"40\",\"col6\":\"12\"},\"row12\":{\"col0\":\"710\",\"col1\":\"90\",\"col2\":\"900\",\"col3\":\"900\",\"col4\":\"400\",\"col5\":\"40\",\"col6\":\"12\"}}}},\"50\":{\"type\":\"4\",\"fields\":{\"dataTable\":\"{\\\"columns\\\":{\\\"col0\\\":{\\\"heading\\\":\\\"Fan Size\\\",\\\"width\\\":\\\"\\\",\\\"align\\\":\\\"left\\\"},\\\"col1\\\":{\\\"heading\\\":\\\"Frame\\\",\\\"width\\\":\\\"\\\",\\\"align\\\":\\\"left\\\"},\\\"col2\\\":{\\\"heading\\\":\\\"A\\\",\\\"width\\\":\\\"\\\",\\\"align\\\":\\\"left\\\"},\\\"col3\\\":{\\\"heading\\\":\\\"B\\\",\\\"width\\\":\\\"\\\",\\\"align\\\":\\\"left\\\"},\\\"col4\\\":{\\\"heading\\\":\\\"C\\\",\\\"width\\\":\\\"\\\",\\\"align\\\":\\\"left\\\"},\\\"col5\\\":{\\\"heading\\\":\\\"D\\\",\\\"width\\\":\\\"\\\",\\\"align\\\":\\\"left\\\"},\\\"col6\\\":{\\\"heading\\\":\\\"E\\\",\\\"width\\\":\\\"\\\",\\\"align\\\":\\\"left\\\"}},\\\"rows\\\":{\\\"row0\\\":{\\\"col0\\\":\\\"710\\\",\\\"col1\\\":\\\"100\\\",\\\"col2\\\":\\\"900\\\",\\\"col3\\\":\\\"900\\\",\\\"col4\\\":\\\"445\\\",\\\"col5\\\":\\\"40\\\",\\\"col6\\\":\\\"12\\\"},\\\"row1\\\":{\\\"col0\\\":\\\"800\\\",\\\"col1\\\":\\\"90\\\",\\\"col2\\\":\\\"1000\\\",\\\"col3\\\":\\\"1000\\\",\\\"col4\\\":\\\"415\\\",\\\"col5\\\":\\\"40\\\",\\\"col6\\\":\\\"12\\\"},\\\"row2\\\":{\\\"col0\\\":\\\"800\\\",\\\"col1\\\":\\\"100\\\",\\\"col2\\\":\\\"1000\\\",\\\"col3\\\":\\\"1000\\\",\\\"col4\\\":\\\"460\\\",\\\"col5\\\":\\\"40\\\",\\\"col6\\\":\\\"12\\\"},\\\"row3\\\":{\\\"col0\\\":\\\"800\\\",\\\"col1\\\":\\\"112\\\",\\\"col2\\\":\\\"1000\\\",\\\"col3\\\":\\\"1000\\\",\\\"col4\\\":\\\"460\\\",\\\"col5\\\":\\\"40\\\",\\\"col6\\\":\\\"12\\\"},\\\"row4\\\":{\\\"col0\\\":\\\"900\\\",\\\"col1\\\":\\\"100\\\",\\\"col2\\\":\\\"1100\\\",\\\"col3\\\":\\\"1100\\\",\\\"col4\\\":\\\"460\\\",\\\"col5\\\":\\\"50\\\",\\\"col6\\\":\\\"14\\\"},\\\"row5\\\":{\\\"col0\\\":\\\"900\\\",\\\"col1\\\":\\\"112\\\",\\\"col2\\\":\\\"1100\\\",\\\"col3\\\":\\\"1100\\\",\\\"col4\\\":\\\"465\\\",\\\"col5\\\":\\\"50\\\",\\\"col6\\\":\\\"14\\\"},\\\"row6\\\":{\\\"col0\\\":\\\"900\\\",\\\"col1\\\":\\\"132\\\",\\\"col2\\\":\\\"1100\\\",\\\"col3\\\":\\\"1100\\\",\\\"col4\\\":\\\"540\\\",\\\"col5\\\":\\\"50\\\",\\\"col6\\\":\\\"14\\\"},\\\"row7\\\":{\\\"col0\\\":\\\"1000\\\",\\\"col1\\\":\\\"100\\\",\\\"col2\\\":\\\"1250\\\",\\\"col3\\\":\\\"1250\\\",\\\"col4\\\":\\\"460\\\",\\\"col5\\\":\\\"50\\\",\\\"col6\\\":\\\"14\\\"},\\\"row8\\\":{\\\"col0\\\":\\\"1000\\\",\\\"col1\\\":\\\"112\\\",\\\"col2\\\":\\\"1250\\\",\\\"col3\\\":\\\"1250\\\",\\\"col4\\\":\\\"460\\\",\\\"col5\\\":\\\"50\\\",\\\"col6\\\":\\\"14\\\"},\\\"row9\\\":{\\\"col0\\\":\\\"1000\\\",\\\"col1\\\":\\\"132\\\",\\\"col2\\\":\\\"1250\\\",\\\"col3\\\":\\\"1250\\\",\\\"col4\\\":\\\"465\\\",\\\"col5\\\":\\\"50\\\",\\\"col6\\\":\\\"14\\\"}}}\",\"columns\":{\"col0\":{\"heading\":\"Fan Size\",\"width\":\"\",\"align\":\"left\"},\"col1\":{\"heading\":\"Frame\",\"width\":\"\",\"align\":\"left\"},\"col2\":{\"heading\":\"A\",\"width\":\"\",\"align\":\"left\"},\"col3\":{\"heading\":\"B\",\"width\":\"\",\"align\":\"left\"},\"col4\":{\"heading\":\"C\",\"width\":\"\",\"align\":\"left\"},\"col5\":{\"heading\":\"D\",\"width\":\"\",\"align\":\"left\"},\"col6\":{\"heading\":\"E\",\"width\":\"\",\"align\":\"left\"}},\"rows\":{\"row0\":{\"col0\":\"710\",\"col1\":\"100\",\"col2\":\"900\",\"col3\":\"900\",\"col4\":\"445\",\"col5\":\"40\",\"col6\":\"12\"},\"row1\":{\"col0\":\"800\",\"col1\":\"90\",\"col2\":\"1000\",\"col3\":\"1000\",\"col4\":\"415\",\"col5\":\"40\",\"col6\":\"12\"},\"row2\":{\"col0\":\"800\",\"col1\":\"100\",\"col2\":\"1000\",\"col3\":\"1000\",\"col4\":\"460\",\"col5\":\"40\",\"col6\":\"12\"},\"row3\":{\"col0\":\"800\",\"col1\":\"112\",\"col2\":\"1000\",\"col3\":\"1000\",\"col4\":\"460\",\"col5\":\"40\",\"col6\":\"12\"},\"row4\":{\"col0\":\"900\",\"col1\":\"100\",\"col2\":\"1100\",\"col3\":\"1100\",\"col4\":\"460\",\"col5\":\"50\",\"col6\":\"14\"},\"row5\":{\"col0\":\"900\",\"col1\":\"112\",\"col2\":\"1100\",\"col3\":\"1100\",\"col4\":\"465\",\"col5\":\"50\",\"col6\":\"14\"},\"row6\":{\"col0\":\"900\",\"col1\":\"132\",\"col2\":\"1100\",\"col3\":\"1100\",\"col4\":\"540\",\"col5\":\"50\",\"col6\":\"14\"},\"row7\":{\"col0\":\"1000\",\"col1\":\"100\",\"col2\":\"1250\",\"col3\":\"1250\",\"col4\":\"460\",\"col5\":\"50\",\"col6\":\"14\"},\"row8\":{\"col0\":\"1000\",\"col1\":\"112\",\"col2\":\"1250\",\"col3\":\"1250\",\"col4\":\"460\",\"col5\":\"50\",\"col6\":\"14\"},\"row9\":{\"col0\":\"1000\",\"col1\":\"132\",\"col2\":\"1250\",\"col3\":\"1250\",\"col4\":\"465\",\"col5\":\"50\",\"col6\":\"14\"}}}}},\"18\":[\"53\"],\"19\":[\"55\",\"56\"],\"12\":\"Wall or roof mounting where ducting is not required.\",\"11\":\"<p>Plate Mounted Axial fan Phasellus sed sollicitudin nisl. Praesent at euismod dui. Donec hendrerit quam turpis. Curabitur sed pharetra erat, at mollis est. Maecenas vel pharetra ligula.<\\/p>\",\"16\":{\"48\":{\"type\":\"3\",\"fields\":{\"fd_st_noteText\":\"1. This type of fan can be fitted beneath in LOW PROFILE or VERTICAL JET ROOF COWL as supplied by Victoria Fans.\"}}}}}', '2017-03-24 11:46:36', '2017-03-24 11:46:36', '6b62a812-45ae-4350-a7a7-4dd7bcf63025'),
 ('101', '24', '3', '1', 'en', '5', '', '{\"typeId\":\"3\",\"authorId\":\"1\",\"title\":\"Long Cased Axial\",\"slug\":\"long-cased-axial-flow-fans\",\"postDate\":1488211740,\"expiryDate\":null,\"enabled\":1,\"parentId\":\"17\",\"fields\":{\"34\":\"\",\"13\":\"\",\"21\":\"\",\"18\":[\"54\"],\"19\":\"\",\"12\":\"\",\"11\":\"<p>Long Cased Axial&nbsp;Mauris tristique nunc eu orci sollicitudin ultricies. Duis ultricies eros scelerisque bibendum viverra. Suspendisse volutpat sagittis pretium. Suspendisse porttitor faucibus quam, in dapibus odio semper ac. Pellentesque a sapien tincidunt, consequat tortor sit amet, tempor magna. Nullam blandit vitae lectus id efficitur.<\\/p>\",\"16\":\"\"}}', '2017-03-24 11:47:56', '2017-03-24 11:47:56', '18c6356b-d947-4a25-b30c-ec7a6b0e0f07'),
 ('102', '25', '3', '1', 'en', '3', '', '{\"typeId\":\"3\",\"authorId\":\"1\",\"title\":\"Short Cased Axial\",\"slug\":\"short-cased-axial-flow-fans\",\"postDate\":1488211800,\"expiryDate\":null,\"enabled\":1,\"parentId\":\"17\",\"fields\":{\"34\":\"\",\"13\":\"\",\"21\":\"\",\"18\":[\"53\"],\"19\":\"\",\"12\":\"\",\"11\":\"<p>Short Cased Axial&nbsp;Pellentesque id mollis lacus. Aenean quis urna mauris. Aenean laoreet ipsum non laoreet vehicula. Sed egestas interdum venenatis. Sed vel nisl eu nulla lacinia consectetur.<\\/p>\",\"16\":\"\"}}', '2017-03-24 11:48:39', '2017-03-24 11:48:39', 'aafcf870-20cd-4835-8fd1-ec3d989186bf'),
 ('103', '27', '3', '1', 'en', '3', '', '{\"typeId\":\"3\",\"authorId\":\"1\",\"title\":\"Roof Extract Axial\",\"slug\":\"roof-extract-axial-flow-fans\",\"postDate\":1488211800,\"expiryDate\":null,\"enabled\":1,\"parentId\":\"17\",\"fields\":{\"34\":\"\",\"13\":\"\",\"21\":\"\",\"18\":[\"53\"],\"19\":\"\",\"12\":\"\",\"11\":\"<p>Roof Extract Axial&nbsp;Vestibulum fringilla purus vel odio volutpat, id congue velit pellentesque. Ut ullamcorper, dolor eu mattis tincidunt, dui metus blandit nisi, pharetra tristique ante tortor id elit. Curabitur orci justo, commodo vel suscipit quis, mollis quis magna.<\\/p>\",\"16\":\"\"}}', '2017-03-24 11:49:15', '2017-03-24 11:49:15', '320b46b5-d739-496a-ba63-bd440b542e47'),
 ('104', '28', '3', '1', 'en', '3', '', '{\"typeId\":\"3\",\"authorId\":\"1\",\"title\":\"Man Cooler Axial\",\"slug\":\"man-cooler-axial-flow-fans\",\"postDate\":1488211800,\"expiryDate\":null,\"enabled\":1,\"parentId\":\"17\",\"fields\":{\"34\":\"\",\"13\":\"\",\"21\":\"\",\"18\":[\"54\"],\"19\":\"\",\"12\":\"\",\"11\":\"<p>Man Cooler Axial&nbsp;Vestibulum posuere magna quis egestas gravida. Curabitur cursus leo vel lacinia placerat. Nulla tincidunt imperdiet ante ut tristique. Cras molestie dolor ipsum, eget convallis dui volutpat quis.&nbsp;<\\/p>\",\"16\":\"\"}}', '2017-03-24 11:49:45', '2017-03-24 11:49:45', '76a404f6-93e1-436c-8cb8-94bd4de42644'),
 ('105', '29', '3', '1', 'en', '3', '', '{\"typeId\":\"3\",\"authorId\":\"1\",\"title\":\"Emergency Smoke Extraction\",\"slug\":\"emergency-smoke-extraction-axial-flow-fans\",\"postDate\":1488211860,\"expiryDate\":null,\"enabled\":1,\"parentId\":\"17\",\"fields\":{\"34\":\"\",\"13\":\"\",\"21\":\"\",\"18\":[\"54\"],\"19\":\"\",\"12\":\"\",\"11\":\"<p>Emergency Smoke Extraction&nbsp;Quisque placerat tellus a arcu dictum volutpat. Donec ultrices sagittis nisl, eget ultrices lacus. Curabitur erat justo, placerat ut justo a, tincidunt posuere erat.<\\/p>\",\"16\":\"\"}}', '2017-03-24 11:50:36', '2017-03-24 11:50:36', '47ec05a8-2c0c-4274-9bfb-40a285848d14'),
 ('106', '22', '3', '1', 'en', '4', '', '{\"typeId\":\"3\",\"authorId\":\"1\",\"title\":\"Conical Bifurcated\",\"slug\":\"conical-bifurcated-fans\",\"postDate\":1488211740,\"expiryDate\":null,\"enabled\":1,\"parentId\":\"19\",\"fields\":{\"34\":\"\",\"13\":\"\",\"21\":\"\",\"18\":[\"54\"],\"19\":\"\",\"12\":\"\",\"11\":\"<p>Conical&nbsp;Sed ultrices hendrerit velit non efficitur. Mauris nisl neque, aliquam ut eros eget, tristique mollis nunc. Mauris vitae mi posuere, suscipit eros eget, pellentesque arcu. Pellentesque efficitur mauris a magna congue faucibus.<\\/p>\",\"16\":\"\"}}', '2017-03-24 11:50:58', '2017-03-24 11:50:58', '8ddaabe6-fbbd-4b1a-b28d-2e4fc29e91c4');
INSERT INTO `craft_entryversions` (`id`, `entryId`, `sectionId`, `creatorId`, `locale`, `num`, `notes`, `data`, `dateCreated`, `dateUpdated`, `uid`) VALUES
 ('107', '31', '3', '1', 'en', '2', '', '{\"typeId\":\"3\",\"authorId\":\"1\",\"title\":\"Plate Mounted Axial\",\"slug\":\"product-specification-1\",\"postDate\":1488211380,\"expiryDate\":null,\"enabled\":1,\"parentId\":\"21\",\"fields\":{\"34\":\"\",\"13\":\"\",\"21\":\"\",\"18\":[\"54\"],\"19\":\"\",\"12\":\"\",\"11\":\"<p>Flameproof Plate Mounted Axial&nbsp;Morbi ut dapibus eros, eu vehicula nisl. Integer elementum vestibulum orci. Fusce hendrerit rutrum pharetra. Nam ornare efficitur metus, a vestibulum turpis vulputate vitae. Nulla in ipsum sagittis, pulvinar dui sit amet, commodo nunc.<\\/p>\",\"16\":\"\"}}', '2017-03-24 11:51:45', '2017-03-24 11:51:45', 'e50cd22c-0ff1-4c04-b550-c6d5ac41e706'),
 ('108', '30', '3', '1', 'en', '4', '', '{\"typeId\":\"3\",\"authorId\":\"1\",\"title\":\"High Pressure Centrifugal Blowers\",\"slug\":\"high-pressure-blowers\",\"postDate\":1488212220,\"expiryDate\":null,\"enabled\":1,\"parentId\":\"20\",\"fields\":{\"34\":\"\",\"13\":\"\",\"21\":\"\",\"18\":[\"53\"],\"19\":\"\",\"12\":\"\",\"11\":\"<p>High Pressure Centrifugal Blowers..Fusce volutpat odio vel purus tincidunt semper. Aliquam at maximus mi. Integer congue dapibus congue. Etiam tempus est sit amet erat maximus, vel ultricies tortor vestibulum.&nbsp;&nbsp;<\\/p>\",\"16\":\"\"}}', '2017-03-24 11:52:18', '2017-03-24 11:52:18', '8920101a-38cb-4cc2-aa76-e60267f148ad'),
 ('109', '32', '3', '1', 'en', '3', '', '{\"typeId\":\"3\",\"authorId\":\"1\",\"title\":\"Paddle Bladed Centrifugal Fans\",\"slug\":\"paddle-bladed\",\"postDate\":1488212280,\"expiryDate\":null,\"enabled\":1,\"parentId\":\"20\",\"fields\":{\"34\":\"\",\"13\":\"\",\"21\":\"\",\"18\":[\"54\"],\"19\":\"\",\"12\":\"\",\"11\":\"<p>Paddle&nbsp;Nullam mattis magna quis metus semper viverra non at eros. Vestibulum rhoncus pharetra nibh, at scelerisque turpis elementum quis. Curabitur elit dolor, fringilla quis lacus ac, efficitur lobortis enim.<\\/p>\",\"16\":\"\"}}', '2017-03-24 11:52:44', '2017-03-24 11:52:44', 'c01a739a-28d3-4b5e-bf4e-a8140bcd088b'),
 ('110', '33', '3', '1', 'en', '3', '', '{\"typeId\":\"3\",\"authorId\":\"1\",\"title\":\"Forward Curved Centrifugal Fans\",\"slug\":\"forward-curved\",\"postDate\":1488212280,\"expiryDate\":null,\"enabled\":1,\"parentId\":\"20\",\"fields\":{\"34\":\"\",\"13\":\"\",\"21\":\"\",\"18\":[\"53\"],\"19\":\"\",\"12\":\"\",\"11\":\"<p>Forward&nbsp;Pellentesque tincidunt lacinia semper. Sed lacinia eget est non commodo. Aliquam leo dolor, molestie ac ex at, ultricies consectetur neque. Fusce eget dignissim eros, id mollis est. Aenean at vehicula ante, eu imperdiet lorem.<\\/p>\",\"16\":\"\"}}', '2017-03-24 11:53:11', '2017-03-24 11:53:11', '97ed2ae9-64f1-4ccc-8628-7b0fbc824cf8'),
 ('111', '35', '3', '1', 'en', '2', '', '{\"typeId\":\"3\",\"authorId\":\"1\",\"title\":\"Aerofoil Centrifugal Fans\",\"slug\":\"aerofoil-centrifugal-fans\",\"postDate\":1488212340,\"expiryDate\":null,\"enabled\":1,\"parentId\":\"20\",\"fields\":{\"34\":\"\",\"13\":\"\",\"21\":\"\",\"18\":[\"54\"],\"19\":\"\",\"12\":\"\",\"11\":\"<p>Aerofoil&nbsp;Duis at leo sed mauris aliquam facilisis eu et neque. Mauris ut massa orci. Vestibulum vitae arcu sed lectus sagittis porttitor eget id sapien. Nulla vehicula nibh quis tortor bibendum posuere vitae in diam.<\\/p>\",\"16\":\"\"}}', '2017-03-24 11:53:44', '2017-03-24 11:53:44', '91168341-df33-43b3-a0cb-ca1527cae740'),
 ('112', '21', '3', '1', 'en', '5', '', '{\"typeId\":\"4\",\"authorId\":\"1\",\"title\":\"Flameproof Fans EXD Zone 1 & 2\",\"slug\":\"flameproof-fans\",\"postDate\":1488211680,\"expiryDate\":null,\"enabled\":1,\"parentId\":\"\",\"fields\":{\"3\":\"<p>Morbi quis pulvinar nisi. Proin et magna enim. Donec quis mi vitae diam fringilla placerat et hendrerit massa. Vestibulum sit amet urna posuere diam lacinia egestas.<\\/p>\",\"4\":\"\",\"25\":[\"60\"],\"7\":\"\"}}', '2017-03-27 13:18:34', '2017-03-27 13:18:34', '78ac0f51-d56a-4cba-a87e-42bc6069d347'),
 ('113', '20', '3', '1', 'en', '7', '', '{\"typeId\":\"4\",\"authorId\":\"1\",\"title\":\"Centrifugal Fans\",\"slug\":\"centrifugal-fans\",\"postDate\":1488211680,\"expiryDate\":null,\"enabled\":1,\"parentId\":\"\",\"fields\":{\"3\":\"<p>Praesent non elit nec sem interdum suscipit quis imperdiet felis. Praesent nulla ligula, consectetur sit amet tortor commodo, tristique viverra ex. Pellentesque laoreet erat sit amet sagittis tempor.<\\/p>\",\"4\":{\"76\":{\"type\":\"1\",\"fields\":{\"fd_St_Header\":\"Applications\",\"fd_st_text\":\"<p>Engineers must consider the use of Centrifugal Fans instead of Axial fans for some of the following reasons:<\\/p>\\r\\n<ol><li><ol><li>High Temperature<\\/li><li>Low Noise Levels<\\/li><li>Dust & Fume Extract<\\/li><li>High Static Watergauge<\\/li><\\/ol><\\/li><\\/ol>\"}},\"77\":{\"type\":\"1\",\"fields\":{\"fd_St_Header\":\"Types of Centrifugal Fans\",\"fd_st_text\":\"<p>There are different types of Centrifugal Fans covering air volumes from 85 to 100,000m\\u00b3\\/hr and from 25 to 15,000 PA.&nbsp; Each application requires a fan with different characteristics, whether it be the blade design, the width of the casing or even the method of drive.&nbsp; By way of a guide as to which is the best fan for certain projects, we list below information that might assist the potential user.<\\/p>\"}},\"new1\":{\"type\":\"1\",\"fields\":{\"fd_St_Header\":\"Paddle Blade Fans\",\"fd_st_text\":\"<p>This type of fan is used for the conveying of dust, wood and paper refuse, cotton fly etc.&nbsp; Since the blade design prevents \\u2018build up\\u2019 of waste materials, discharge velocities vary dependent upon what is being conveyed in the air stream.&nbsp; Normally in the region of 7-20 mtrs\\/sec.<\\/p>\"}},\"new2\":{\"type\":\"1\",\"fields\":{\"fd_St_Header\":\"Multivane or Forward Curved Fans\",\"fd_st_text\":\"<p>Used for general ventilation purposes \\u2013 not good for dust etc.&nbsp; Limited pressure characteristics.&nbsp; Normal discharge velocities 5-13 mts\\/sec<\\/p>\"}},\"new3\":{\"type\":\"1\",\"fields\":{\"fd_St_Header\":\"Backward Curved or Backward Sloping Fans\",\"fd_st_text\":\"<p>Non overloading power characteristics suitable for very light dust applications (eg clean side of dust collector) where a good efficiency is required.&nbsp; Used for high pressure ventilation systems or where the system resistance could fluctuate.&nbsp; Normal velocities 9-16 mts\\/sec<\\/p>\"}},\"new4\":{\"type\":\"1\",\"fields\":{\"fd_St_Header\":\"Aerofoil Fans\",\"fd_st_text\":\"<p>The most efficient of all centrifugals fans, ideally suited to general ventilation projects where there is no possibility of dust contamination.&nbsp; Recommend for high pressure ventilation systems or where the system resistance could fluctuate.&nbsp; Normal discharge velocities 7-15 mts\\/sec.<\\/p>\"}},\"new5\":{\"type\":\"1\",\"fields\":{\"fd_St_Header\":\"High Pressure Blowers\",\"fd_st_text\":\"<p>As their name suggests, these fans are applied where the requirement is for high velocities, eg Air Curtains, refuse conveying etc&nbsp; Normal discharge velocities 15-30 mts\\/sec.<\\/p>\"}}},\"25\":[\"59\"],\"7\":\"Since forward curved and paddle blade fans have overloading power characteristics it is important that the static selection pressure is achieved.  Any reduction in the requirements could easily overload the motor.\"}}', '2017-03-27 14:32:13', '2017-03-27 14:32:13', '53810db2-aaf8-4ffd-8c44-3656babdac53'),
 ('114', '29', '3', '1', 'en', '4', '', '{\"typeId\":\"3\",\"authorId\":\"1\",\"title\":\"Emergency Smoke Extraction\",\"slug\":\"emergency-smoke-extraction-axial-flow-fans\",\"postDate\":1488211860,\"expiryDate\":null,\"enabled\":1,\"parentId\":\"17\",\"fields\":{\"34\":[\"6\"],\"13\":\"\",\"21\":\"\",\"18\":[\"54\"],\"19\":\"\",\"12\":\"\",\"11\":\"<p>Emergency Smoke Extraction&nbsp;Quisque placerat tellus a arcu dictum volutpat. Donec ultrices sagittis nisl, eget ultrices lacus. Curabitur erat justo, placerat ut justo a, tincidunt posuere erat.<\\/p>\",\"16\":\"\"}}', '2017-03-27 14:33:35', '2017-03-27 14:33:35', 'fc0c6a55-ac91-4bb9-9997-ffa252759b4b');



DROP TABLE IF EXISTS `craft_fieldgroups`;


--
-- Schema for table `craft_fieldgroups`
--
CREATE TABLE `craft_fieldgroups` (
  `id` int(11) NOT NULL AUTO_INCREMENT,
  `name` varchar(255) COLLATE utf8_unicode_ci NOT NULL,
  `dateCreated` datetime NOT NULL,
  `dateUpdated` datetime NOT NULL,
  `uid` char(36) COLLATE utf8_unicode_ci NOT NULL DEFAULT '0',
  PRIMARY KEY (`id`),
  UNIQUE KEY `craft_fieldgroups_name_unq_idx` (`name`)
) ENGINE=InnoDB AUTO_INCREMENT=5 DEFAULT CHARSET=utf8 COLLATE=utf8_unicode_ci;

--
-- Data for table `craft_fieldgroups`
--

INSERT INTO `craft_fieldgroups` (`id`, `name`, `dateCreated`, `dateUpdated`, `uid`) VALUES
 ('1', 'Default', '2017-02-27 15:05:21', '2017-02-27 15:05:21', '974928bb-eb6a-4e46-8103-487ab15e4c66'),
 ('2', 'Product Information', '2017-02-27 15:25:36', '2017-02-27 15:25:50', '80829250-34bf-44e3-873e-30fd538a844e'),
 ('3', 'Individual Product', '2017-02-28 16:45:48', '2017-02-28 16:45:48', 'e5a1e701-feac-4d3f-b9d9-e8b7f67468fc'),
 ('4', 'Company Background', '2017-03-09 14:07:16', '2017-03-09 14:07:16', '9b094e3b-fb35-468c-9850-bad51e1f29e2');



DROP TABLE IF EXISTS `craft_fieldlayoutfields`;


--
-- Schema for table `craft_fieldlayoutfields`
--
CREATE TABLE `craft_fieldlayoutfields` (
  `id` int(11) NOT NULL AUTO_INCREMENT,
  `layoutId` int(11) NOT NULL,
  `tabId` int(11) NOT NULL,
  `fieldId` int(11) NOT NULL,
  `required` tinyint(1) unsigned NOT NULL DEFAULT '0',
  `sortOrder` smallint(6) unsigned DEFAULT NULL,
  `dateCreated` datetime NOT NULL,
  `dateUpdated` datetime NOT NULL,
  `uid` char(36) COLLATE utf8_unicode_ci NOT NULL DEFAULT '0',
  PRIMARY KEY (`id`),
  UNIQUE KEY `craft_fieldlayoutfields_layoutId_fieldId_unq_idx` (`layoutId`,`fieldId`),
  KEY `craft_fieldlayoutfields_sortOrder_idx` (`sortOrder`),
  KEY `craft_fieldlayoutfields_tabId_fk` (`tabId`),
  KEY `craft_fieldlayoutfields_fieldId_fk` (`fieldId`)
) ENGINE=InnoDB AUTO_INCREMENT=98 DEFAULT CHARSET=utf8 COLLATE=utf8_unicode_ci;

--
-- Data for table `craft_fieldlayoutfields`
--

INSERT INTO `craft_fieldlayoutfields` (`id`, `layoutId`, `tabId`, `fieldId`, `required`, `sortOrder`, `dateCreated`, `dateUpdated`, `uid`) VALUES
 ('2', '5', '2', '1', '1', '1', '2017-02-27 15:05:21', '2017-02-27 15:05:21', '534ce0be-c270-44df-a191-3e5cb740f76d'),
 ('3', '5', '2', '2', '0', '2', '2017-02-27 15:05:21', '2017-02-27 15:05:21', '7f93ffd8-a5ae-44a5-8bfc-9eab05aa7e48'),
 ('36', '26', '18', '5', '0', '1', '2017-02-28 10:39:36', '2017-02-28 10:39:36', 'ba84b37c-4153-4072-86b9-a94e6b2c68dc'),
 ('37', '26', '18', '6', '0', '2', '2017-02-28 10:39:36', '2017-02-28 10:39:36', '17250ab1-41af-41a4-af9e-7334c8f39c87'),
 ('57', '35', '25', '17', '0', '1', '2017-02-28 17:03:33', '2017-02-28 17:03:33', '016a3013-552d-44f2-9054-c14fc0aa5218'),
 ('58', '36', '26', '14', '0', '1', '2017-02-28 17:05:22', '2017-02-28 17:05:22', 'b63ef9f0-fd96-492d-b97d-dc0999b11877'),
 ('59', '36', '26', '15', '0', '2', '2017-02-28 17:05:22', '2017-02-28 17:05:22', 'a650d0eb-b998-42b9-aa05-5bbeabec9b1a'),
 ('71', '43', '31', '22', '0', '1', '2017-03-01 11:01:53', '2017-03-01 11:01:53', '81a079b6-7caf-4e7a-8538-63678be880b2'),
 ('72', '51', '32', '23', '0', '1', '2017-03-01 13:36:39', '2017-03-01 13:36:39', '426467b8-a90e-4b29-bf3a-2668a34d9975'),
 ('73', '54', '33', '24', '0', '1', '2017-03-02 16:59:56', '2017-03-02 16:59:56', '61c8630a-3d79-443d-b099-92b5e73db774'),
 ('74', '55', '34', '3', '0', '1', '2017-03-02 17:16:59', '2017-03-02 17:16:59', 'b05284ae-434a-4f5f-9a5a-3e0576cf0054'),
 ('75', '55', '34', '4', '0', '2', '2017-03-02 17:16:59', '2017-03-02 17:16:59', '847b7584-e5bb-45f9-826c-eb4c99adce81'),
 ('76', '55', '34', '7', '0', '3', '2017-03-02 17:16:59', '2017-03-02 17:16:59', '85a9e586-4926-433d-918e-ffd5d591b07c'),
 ('77', '55', '34', '25', '0', '4', '2017-03-02 17:16:59', '2017-03-02 17:16:59', 'c1015440-7b05-463a-91fe-ca87e0968c8a'),
 ('78', '59', '35', '26', '0', '1', '2017-03-09 14:11:34', '2017-03-09 14:11:34', '75ebc4bd-826d-4666-bc4b-ddfbddeac907'),
 ('79', '59', '35', '27', '0', '2', '2017-03-09 14:11:34', '2017-03-09 14:11:34', '05d07906-7321-4a52-8c06-8ad506dd5661'),
 ('80', '59', '35', '28', '0', '3', '2017-03-09 14:11:34', '2017-03-09 14:11:34', '16fd5c71-a9f8-4f33-b5a9-35f7fc76dae6'),
 ('81', '59', '35', '29', '0', '4', '2017-03-09 14:11:34', '2017-03-09 14:11:34', '907e914a-cf1a-40e0-98cd-0129aa59580b'),
 ('82', '59', '35', '30', '0', '5', '2017-03-09 14:11:34', '2017-03-09 14:11:34', '5028d4eb-7747-47c7-bd0b-e962e239ab27'),
 ('83', '59', '35', '31', '0', '6', '2017-03-09 14:11:34', '2017-03-09 14:11:34', '949b345b-0337-45c9-babb-081f88c52ea6'),
 ('84', '59', '35', '32', '0', '7', '2017-03-09 14:11:34', '2017-03-09 14:11:34', '22e44265-5786-4518-954b-2b5ea18956d9'),
 ('87', '61', '37', '11', '0', '1', '2017-03-24 09:40:36', '2017-03-24 09:40:36', '120fd80c-07bb-450b-a571-84e9dfa3ef81'),
 ('88', '61', '37', '34', '0', '2', '2017-03-24 09:40:36', '2017-03-24 09:40:36', 'd80e0378-528a-409d-8612-815a7a65c8d7'),
 ('89', '61', '37', '18', '0', '3', '2017-03-24 09:40:36', '2017-03-24 09:40:36', '72e64760-2b3a-4dca-9e2a-e861074d3413'),
 ('90', '61', '37', '19', '0', '4', '2017-03-24 09:40:36', '2017-03-24 09:40:36', '294db7d8-70a3-4468-bc18-c71a60aa552e'),
 ('91', '61', '37', '12', '0', '5', '2017-03-24 09:40:36', '2017-03-24 09:40:36', '990a9a8d-4f41-4dc7-812f-42bb322ba90c'),
 ('92', '61', '37', '13', '0', '6', '2017-03-24 09:40:36', '2017-03-24 09:40:36', '682e4a67-f6f8-4a32-9fac-a1f949ca90ae'),
 ('93', '61', '37', '21', '0', '7', '2017-03-24 09:40:36', '2017-03-24 09:40:36', 'b5144794-a65e-4d95-95a4-21309317d218'),
 ('94', '61', '37', '16', '0', '8', '2017-03-24 09:40:36', '2017-03-24 09:40:36', 'c1d4f82c-3bde-4ff2-96c9-436a45ebd60e'),
 ('95', '62', '38', '20', '0', '1', '2017-03-24 16:21:32', '2017-03-24 16:21:32', '46b9508e-c959-4c98-9b30-1847f4980b13'),
 ('96', '62', '38', '4', '0', '2', '2017-03-24 16:21:32', '2017-03-24 16:21:32', '939150ca-5b63-4ce6-b108-7a7f2cc391aa'),
 ('97', '62', '38', '33', '0', '3', '2017-03-24 16:21:32', '2017-03-24 16:21:32', '24dc454f-a096-4c10-8b57-b1f78ad2ffe8');



DROP TABLE IF EXISTS `craft_fieldlayouts`;


--
-- Schema for table `craft_fieldlayouts`
--
CREATE TABLE `craft_fieldlayouts` (
  `id` int(11) NOT NULL AUTO_INCREMENT,
  `type` varchar(150) COLLATE utf8_unicode_ci NOT NULL,
  `dateCreated` datetime NOT NULL,
  `dateUpdated` datetime NOT NULL,
  `uid` char(36) COLLATE utf8_unicode_ci NOT NULL DEFAULT '0',
  PRIMARY KEY (`id`),
  KEY `craft_fieldlayouts_type_idx` (`type`)
) ENGINE=InnoDB AUTO_INCREMENT=63 DEFAULT CHARSET=utf8 COLLATE=utf8_unicode_ci;

--
-- Data for table `craft_fieldlayouts`
--

INSERT INTO `craft_fieldlayouts` (`id`, `type`, `dateCreated`, `dateUpdated`, `uid`) VALUES
 ('1', 'Tag', '2017-02-27 15:05:21', '2017-02-27 15:05:21', 'ea259485-abb3-47b8-af0b-50ccf300cfef'),
 ('5', 'Entry', '2017-02-27 15:05:21', '2017-02-27 15:05:21', '635f37f4-a704-4ee6-92db-0df1243db0d8'),
 ('26', 'SuperTable_Block', '2017-02-28 10:39:36', '2017-02-28 10:39:36', '1f457cc4-b69d-4400-ad16-f1b3abab45d9'),
 ('35', 'SuperTable_Block', '2017-02-28 17:03:33', '2017-02-28 17:03:33', '5e52dc55-9afa-4ad4-b74a-384146438311'),
 ('36', 'SuperTable_Block', '2017-02-28 17:05:22', '2017-02-28 17:05:22', 'a81730a2-9e1a-4ab3-9b12-26eed3884656'),
 ('43', 'SuperTable_Block', '2017-03-01 11:01:53', '2017-03-01 11:01:53', '7e9c3ec5-7553-496a-88c3-e0e478b2c7f4'),
 ('47', 'Asset', '2017-03-01 12:10:52', '2017-03-01 12:10:52', '20aeb073-e502-46c0-939a-31ac4374b5f0'),
 ('48', 'Asset', '2017-03-01 12:10:58', '2017-03-01 12:10:58', '596d524b-18d8-4f24-9342-145e27ae276d'),
 ('51', 'Entry', '2017-03-01 13:36:39', '2017-03-01 13:36:39', 'd15be6c4-5eb9-4084-93ff-ff0ea5e4dbca'),
 ('53', 'Asset', '2017-03-02 16:58:59', '2017-03-02 16:58:59', 'f9e70a22-65f3-4664-8618-2359b08ef178'),
 ('54', 'Entry', '2017-03-02 16:59:56', '2017-03-02 16:59:56', 'df36214b-09ed-4752-85f4-e10b62f77f6f'),
 ('55', 'Entry', '2017-03-02 17:16:59', '2017-03-02 17:16:59', '587737b3-6d22-4cda-9eee-0b6c46c09db5'),
 ('59', 'Entry', '2017-03-09 14:11:34', '2017-03-09 14:11:34', '920834ab-a8d5-4856-a447-3d2411dc0c7f'),
 ('61', 'Entry', '2017-03-24 09:40:36', '2017-03-24 09:40:36', '4b424bb5-07e7-48c7-81ee-894d14549f84'),
 ('62', 'Category', '2017-03-24 16:21:32', '2017-03-24 16:21:32', '468f1703-bd4d-4750-ba8e-29dcff3e13d9');



DROP TABLE IF EXISTS `craft_fieldlayouttabs`;


--
-- Schema for table `craft_fieldlayouttabs`
--
CREATE TABLE `craft_fieldlayouttabs` (
  `id` int(11) NOT NULL AUTO_INCREMENT,
  `layoutId` int(11) NOT NULL,
  `name` varchar(255) COLLATE utf8_unicode_ci NOT NULL,
  `sortOrder` smallint(6) unsigned DEFAULT NULL,
  `dateCreated` datetime NOT NULL,
  `dateUpdated` datetime NOT NULL,
  `uid` char(36) COLLATE utf8_unicode_ci NOT NULL DEFAULT '0',
  PRIMARY KEY (`id`),
  KEY `craft_fieldlayouttabs_sortOrder_idx` (`sortOrder`),
  KEY `craft_fieldlayouttabs_layoutId_fk` (`layoutId`)
) ENGINE=InnoDB AUTO_INCREMENT=39 DEFAULT CHARSET=utf8 COLLATE=utf8_unicode_ci;

--
-- Data for table `craft_fieldlayouttabs`
--

INSERT INTO `craft_fieldlayouttabs` (`id`, `layoutId`, `name`, `sortOrder`, `dateCreated`, `dateUpdated`, `uid`) VALUES
 ('2', '5', 'Content', '1', '2017-02-27 15:05:21', '2017-02-27 15:05:21', '322a24e0-0995-4b19-aeee-300f01b11dde'),
 ('18', '26', 'Content', '1', '2017-02-28 10:39:36', '2017-02-28 10:39:36', '135ecdde-adc9-40c0-b524-44a437af3e3e'),
 ('25', '35', 'Content', '1', '2017-02-28 17:03:33', '2017-02-28 17:03:33', '686ac180-56e2-49da-8d4c-a92ad89776bd'),
 ('26', '36', 'Content', '1', '2017-02-28 17:05:22', '2017-02-28 17:05:22', '3d13f957-bd52-48ee-8ff3-af84847d11e5'),
 ('31', '43', 'Content', '1', '2017-03-01 11:01:53', '2017-03-01 11:01:53', '591c7e56-0049-43dc-afa7-2b04119eb9fe'),
 ('32', '51', 'Products', '1', '2017-03-01 13:36:39', '2017-03-01 13:36:39', '5793e34b-8625-40cc-8581-012dcedad5cf'),
 ('33', '54', 'Content', '1', '2017-03-02 16:59:56', '2017-03-02 16:59:56', '27afa482-dbcc-4974-8ef5-06912eff9cdb'),
 ('34', '55', 'Group Introduction', '1', '2017-03-02 17:16:59', '2017-03-02 17:16:59', 'c6379334-dbef-4bb0-9f96-4bb261bf24f6'),
 ('35', '59', 'Company Background', '1', '2017-03-09 14:11:34', '2017-03-09 14:11:34', '4c5f7cbc-5945-4a46-944c-3a39ed38e4d0'),
 ('37', '61', 'Product Information', '1', '2017-03-24 09:40:36', '2017-03-24 09:40:36', '97eab90d-da6c-46d9-924b-956d8e7c1a9d'),
 ('38', '62', 'Category Overview', '1', '2017-03-24 16:21:32', '2017-03-24 16:21:32', '5f244ad0-20ea-4bf9-a124-063384cbb1f4');



DROP TABLE IF EXISTS `craft_fields`;


--
-- Schema for table `craft_fields`
--
CREATE TABLE `craft_fields` (
  `id` int(11) NOT NULL AUTO_INCREMENT,
  `groupId` int(11) DEFAULT NULL,
  `name` varchar(255) COLLATE utf8_unicode_ci NOT NULL,
  `handle` varchar(58) COLLATE utf8_unicode_ci NOT NULL,
  `context` varchar(255) COLLATE utf8_unicode_ci NOT NULL DEFAULT 'global',
  `instructions` text COLLATE utf8_unicode_ci,
  `translatable` tinyint(1) unsigned NOT NULL DEFAULT '0',
  `type` varchar(150) COLLATE utf8_unicode_ci NOT NULL,
  `settings` text COLLATE utf8_unicode_ci,
  `dateCreated` datetime NOT NULL,
  `dateUpdated` datetime NOT NULL,
  `uid` char(36) COLLATE utf8_unicode_ci NOT NULL DEFAULT '0',
  PRIMARY KEY (`id`),
  UNIQUE KEY `craft_fields_handle_context_unq_idx` (`handle`,`context`),
  KEY `craft_fields_context_idx` (`context`),
  KEY `craft_fields_groupId_fk` (`groupId`)
) ENGINE=InnoDB AUTO_INCREMENT=35 DEFAULT CHARSET=utf8 COLLATE=utf8_unicode_ci;

--
-- Data for table `craft_fields`
--

INSERT INTO `craft_fields` (`id`, `groupId`, `name`, `handle`, `context`, `instructions`, `translatable`, `type`, `settings`, `dateCreated`, `dateUpdated`, `uid`) VALUES
 ('1', '1', 'Body', 'body', 'global', NULL, '1', 'RichText', '{\"configFile\":\"Standard.json\",\"columnType\":\"text\"}', '2017-02-27 15:05:21', '2017-02-27 15:05:21', '762875a6-df63-4da3-a156-a14c6452cecc'),
 ('2', '1', 'Tags', 'tags', 'global', NULL, '0', 'Tags', '{\"source\":\"taggroup:1\"}', '2017-02-27 15:05:21', '2017-02-27 15:05:21', '7c49e264-c6f5-4a8c-b387-23de953852f5'),
 ('3', '2', 'Product Global Short introduction', 'fd_product_global_ShortIntroduction', 'global', '', '0', 'RichText', '{\"configFile\":\"Simple.json\",\"availableAssetSources\":\"*\",\"availableTransforms\":\"*\",\"cleanupHtml\":\"1\",\"purifyHtml\":\"1\",\"columnType\":\"text\"}', '2017-02-27 15:35:22', '2017-02-28 11:16:57', '1bee32c2-e2ab-4583-b625-6eb82f37a359'),
 ('4', '2', 'Product Group Global Specifications', 'fd_st_productGroupGlobalSpecifications', 'global', '', '0', 'SuperTable', '{\"columns\":{\"5\":{\"width\":\"\"},\"6\":{\"width\":\"\"}},\"fieldLayout\":\"row\",\"staticField\":null,\"selectionLabel\":\"Add more information\",\"maxRows\":null}', '2017-02-27 15:41:11', '2017-02-28 10:39:36', '36bc5ee4-9df2-4699-b1a7-06b6ed9b2bd9'),
 ('5', NULL, 'Header', 'fd_St_Header', 'superTableBlockType:1', '', '0', 'PlainText', '{\"placeholder\":\"\",\"maxLength\":\"\",\"multiline\":\"\",\"initialRows\":\"4\"}', '2017-02-27 15:41:11', '2017-02-28 10:39:36', 'af318fe7-7887-45db-a747-8bd1f23642e1'),
 ('6', NULL, 'Text', 'fd_st_text', 'superTableBlockType:1', '', '0', 'RichText', '{\"configFile\":\"Simple.json\",\"availableAssetSources\":\"*\",\"availableTransforms\":\"*\",\"cleanupHtml\":\"1\",\"purifyHtml\":\"1\",\"columnType\":\"text\"}', '2017-02-27 15:41:11', '2017-02-28 10:39:36', '82b3b810-651d-4fac-86cc-1487bbac021c'),
 ('7', '2', 'Special Note', 'fd_specialNote', 'global', '', '0', 'PlainText', '{\"placeholder\":\"\",\"maxLength\":\"\",\"multiline\":\"\",\"initialRows\":\"4\"}', '2017-02-27 15:44:46', '2017-02-27 15:44:46', '2c1698ba-0561-44b0-b8e0-1272b850c2b3'),
 ('11', '3', 'Product Individual Short Summary', 'fd_product_Individual_Short_Summary', 'global', '', '0', 'RichText', '{\"configFile\":\"Simple.json\",\"availableAssetSources\":\"*\",\"availableTransforms\":\"*\",\"cleanupHtml\":\"1\",\"purifyHtml\":\"1\",\"columnType\":\"text\"}', '2017-02-28 11:18:02', '2017-02-28 16:46:20', 'f1e3075d-9f29-4a10-b387-766c0978695e'),
 ('12', '3', 'Positioning', 'fd_positioning', 'global', '', '0', 'PlainText', '{\"placeholder\":\"\",\"maxLength\":\"\",\"multiline\":\"\",\"initialRows\":\"4\"}', '2017-02-28 16:47:22', '2017-02-28 16:47:22', 'a144cfc8-52eb-426f-a3f5-a5f34f09c5eb'),
 ('13', '3', 'Costruction', 'fd_costruction', 'global', '', '0', 'SuperTable', '{\"columns\":{\"14\":{\"width\":\"\"},\"15\":{\"width\":\"\"}},\"fieldLayout\":\"row\",\"staticField\":null,\"selectionLabel\":\"Add another component\",\"maxRows\":null}', '2017-02-28 16:49:16', '2017-02-28 17:05:22', '74469b66-90dd-438f-a2da-29850fd9c882'),
 ('14', NULL, 'Component Name', 'fd_st_component_name', 'superTableBlockType:2', '', '0', 'PlainText', '{\"placeholder\":\"\",\"maxLength\":\"\",\"multiline\":\"\",\"initialRows\":\"4\"}', '2017-02-28 16:49:16', '2017-02-28 17:05:22', 'b4dd7eb4-e693-4764-ba37-51545396f27a'),
 ('15', NULL, 'Component Text', 'fd_st_componentText', 'superTableBlockType:2', '', '0', 'PlainText', '{\"placeholder\":\"\",\"maxLength\":\"\",\"multiline\":\"\",\"initialRows\":\"4\"}', '2017-02-28 16:49:16', '2017-02-28 17:05:22', '86531809-0fd9-46da-9ea0-e97fea77c709'),
 ('16', '3', 'Special Notes', 'fd_st_specialNotes', 'global', '', '0', 'SuperTable', '{\"columns\":{\"17\":{\"width\":\"\"}},\"fieldLayout\":\"row\",\"staticField\":null,\"selectionLabel\":\"Add a note\",\"maxRows\":null}', '2017-02-28 16:51:12', '2017-02-28 17:03:33', '6a40cfae-6b78-41a5-9f4c-c567bd9d9c71'),
 ('17', NULL, 'Note Text', 'fd_st_noteText', 'superTableBlockType:3', '', '0', 'PlainText', '{\"placeholder\":\"\",\"maxLength\":\"\",\"multiline\":\"\",\"initialRows\":\"4\"}', '2017-02-28 16:51:13', '2017-02-28 17:03:33', '851fbe84-b848-4787-a77c-34cf932039f4'),
 ('18', '3', 'Fan Photo', 'fd_fanPhoto', 'global', '', '0', 'Assets', '{\"useSingleFolder\":\"\",\"sources\":[\"folder:2\"],\"defaultUploadLocationSource\":\"2\",\"defaultUploadLocationSubpath\":\"\",\"singleUploadLocationSource\":\"1\",\"singleUploadLocationSubpath\":\"\",\"restrictFiles\":\"\",\"limit\":\"1\",\"viewMode\":\"large\",\"selectionLabel\":\"Add a photo\"}', '2017-02-28 17:00:56', '2017-02-28 17:00:56', 'a99d1f89-fb8c-4a25-9962-0c5a2f509cb0'),
 ('19', '3', 'Fan Tech Drawing', 'fd_fanTechDrawing', 'global', '', '0', 'Assets', '{\"useSingleFolder\":\"\",\"sources\":[\"folder:1\"],\"defaultUploadLocationSource\":\"1\",\"defaultUploadLocationSubpath\":\"\",\"singleUploadLocationSource\":\"1\",\"singleUploadLocationSubpath\":\"\",\"restrictFiles\":\"\",\"limit\":\"2\",\"viewMode\":\"large\",\"selectionLabel\":\"Add a drawing\"}', '2017-02-28 17:01:47', '2017-02-28 17:01:47', '200e453b-bd54-4f36-a1b6-2f21913fd5cc'),
 ('20', '2', 'Category Introduction', 'catFd_categoryIntroduction', 'global', '', '0', 'RichText', '{\"configFile\":\"Simple.json\",\"availableAssetSources\":\"*\",\"availableTransforms\":\"*\",\"cleanupHtml\":\"1\",\"purifyHtml\":\"1\",\"columnType\":\"text\"}', '2017-03-01 10:30:00', '2017-03-01 10:31:10', '6001e521-374a-430a-92be-70b6c6ceb1c4'),
 ('21', '3', 'Data Tables', 'fd_st_dataTables', 'global', '', '0', 'SuperTable', '{\"columns\":{\"22\":{\"width\":\"\"}},\"fieldLayout\":\"row\",\"staticField\":null,\"selectionLabel\":\"Add another Data Table\",\"maxRows\":null}', '2017-03-01 10:46:49', '2017-03-01 11:01:52', '7db1fcdc-70a2-4533-a781-1b7fefd6f0be'),
 ('22', NULL, 'Data Table', 'dataTable', 'superTableBlockType:4', '', '0', 'TableMaker', '{\"columnsLabel\":\"Add Table Columns\",\"columnsInstructions\":\"\",\"columnsAddRowLabel\":\"\",\"rowsLabel\":\"Add Table Rows\",\"rowsInstructions\":\"\",\"rowsAddRowLabel\":\"\"}', '2017-03-01 10:49:06', '2017-03-01 11:01:53', 'e7ec919b-58eb-4d3f-a150-c232579f3653'),
 ('23', '2', 'Product Range Introduction', 'fd_productRangeIntroduction', 'global', '', '0', 'RichText', '{\"configFile\":\"Simple.json\",\"availableAssetSources\":\"*\",\"availableTransforms\":\"*\",\"cleanupHtml\":\"1\",\"purifyHtml\":\"1\",\"columnType\":\"text\"}', '2017-03-01 13:36:10', '2017-03-01 13:38:17', 'abfe2c07-9d06-4665-ba43-b2e3b085bb06'),
 ('24', '1', 'Hero Image', 'fd_heroImage', 'global', '', '0', 'Assets', '{\"useSingleFolder\":\"\",\"sources\":[\"folder:3\"],\"defaultUploadLocationSource\":\"3\",\"defaultUploadLocationSubpath\":\"\",\"singleUploadLocationSource\":\"1\",\"singleUploadLocationSubpath\":\"\",\"restrictFiles\":\"\",\"limit\":\"1\",\"viewMode\":\"large\",\"selectionLabel\":\"\"}', '2017-03-02 16:58:18', '2017-03-02 16:59:24', '90255920-387f-4c37-97b0-b86cb87c6508'),
 ('25', '2', 'Product Group Photo', 'fd_productGroupPhoto', 'global', 'This is the image that appears with the product group on the homepage.', '0', 'Assets', '{\"useSingleFolder\":\"\",\"sources\":[\"folder:2\"],\"defaultUploadLocationSource\":\"2\",\"defaultUploadLocationSubpath\":\"\",\"singleUploadLocationSource\":\"1\",\"singleUploadLocationSubpath\":\"\",\"restrictFiles\":\"\",\"limit\":\"1\",\"viewMode\":\"large\",\"selectionLabel\":\"Add a photo for the homapage\"}', '2017-03-02 17:16:12', '2017-03-02 17:16:12', '2a97afa9-53a0-4d80-a84c-ce50b7d3a88d'),
 ('26', '4', 'Text over map', 'textOverMap', 'global', '', '0', 'PlainText', '{\"placeholder\":\"\",\"maxLength\":\"\",\"multiline\":\"\",\"initialRows\":\"4\"}', '2017-03-09 14:07:45', '2017-03-09 14:07:45', '2f59ecb5-fae8-4f30-9a78-e33390e299d5'),
 ('27', '4', 'Intro Title', 'introTitle', 'global', '', '0', 'PlainText', '{\"placeholder\":\"\",\"maxLength\":\"\",\"multiline\":\"\",\"initialRows\":\"4\"}', '2017-03-09 14:08:22', '2017-03-09 14:08:22', 'c2f82710-6281-4b11-98e7-e554e53b8ec7'),
 ('28', '4', 'Intro Text', 'introText', 'global', '', '0', 'RichText', '{\"configFile\":\"Simple.json\",\"availableAssetSources\":\"*\",\"availableTransforms\":\"*\",\"cleanupHtml\":\"1\",\"purifyHtml\":\"1\",\"columnType\":\"text\"}', '2017-03-09 14:08:40', '2017-03-09 14:08:40', 'a57a2ac4-34cb-4e08-81cd-a71df4f6458e'),
 ('29', '4', 'Expanded Text', 'expandedText', 'global', '', '0', 'RichText', '{\"configFile\":\"Simple.json\",\"availableAssetSources\":\"*\",\"availableTransforms\":\"*\",\"cleanupHtml\":\"1\",\"purifyHtml\":\"1\",\"columnType\":\"text\"}', '2017-03-09 14:09:16', '2017-03-09 14:09:16', '12098827-5de3-4901-9782-8be01b052435'),
 ('30', '4', 'Secondary Title', 'secondaryTitle', 'global', '', '0', 'PlainText', '{\"placeholder\":\"\",\"maxLength\":\"\",\"multiline\":\"\",\"initialRows\":\"4\"}', '2017-03-09 14:09:38', '2017-03-09 14:09:38', '64bab4c5-2431-415e-be4d-a9aad63b08aa'),
 ('31', '4', 'Secondary Text', 'secondaryText', 'global', '', '0', 'RichText', '{\"configFile\":\"\",\"availableAssetSources\":\"*\",\"availableTransforms\":\"*\",\"cleanupHtml\":\"1\",\"purifyHtml\":\"1\",\"columnType\":\"text\"}', '2017-03-09 14:09:54', '2017-03-09 14:09:54', '8d2eb001-baed-45eb-87fc-e2b99f2315d3'),
 ('32', '4', 'Accreditations', 'accreditations', 'global', '', '0', 'Assets', '{\"useSingleFolder\":\"\",\"sources\":\"*\",\"defaultUploadLocationSource\":\"3\",\"defaultUploadLocationSubpath\":\"\",\"singleUploadLocationSource\":\"1\",\"singleUploadLocationSubpath\":\"\",\"restrictFiles\":\"\",\"limit\":\"\",\"viewMode\":\"large\",\"selectionLabel\":\"Add an accreditations\"}', '2017-03-09 14:10:52', '2017-03-09 14:10:53', 'e37206da-e6c5-43c7-b877-e0c8b494846a'),
 ('33', '1', 'Suitable Fans', 'fd_suitableFans', 'global', '', '0', 'Entries', '{\"sources\":[\"section:3\"],\"limit\":\"\",\"selectionLabel\":\"Add a Product\"}', '2017-03-23 16:45:27', '2017-03-23 16:45:35', 'd69ec146-f7fb-4227-a152-5be9f01b6264'),
 ('34', '2', 'Application Suitability', 'fd_applicationSuitability', 'global', '', '0', 'Categories', '{\"source\":\"group:1\",\"limit\":\"\",\"selectionLabel\":\"Select a suitable application\"}', '2017-03-24 09:39:54', '2017-03-24 09:39:54', '7d51174c-6c6f-4597-8a52-11035f32ae52');



DROP TABLE IF EXISTS `craft_globalsets`;


--
-- Schema for table `craft_globalsets`
--
CREATE TABLE `craft_globalsets` (
  `id` int(11) NOT NULL,
  `name` varchar(255) COLLATE utf8_unicode_ci NOT NULL,
  `handle` varchar(255) COLLATE utf8_unicode_ci NOT NULL,
  `fieldLayoutId` int(10) DEFAULT NULL,
  `dateCreated` datetime NOT NULL,
  `dateUpdated` datetime NOT NULL,
  `uid` char(36) COLLATE utf8_unicode_ci NOT NULL DEFAULT '0',
  PRIMARY KEY (`id`),
  UNIQUE KEY `craft_globalsets_name_unq_idx` (`name`),
  UNIQUE KEY `craft_globalsets_handle_unq_idx` (`handle`),
  KEY `craft_globalsets_fieldLayoutId_fk` (`fieldLayoutId`)
) ENGINE=InnoDB DEFAULT CHARSET=utf8 COLLATE=utf8_unicode_ci;

DROP TABLE IF EXISTS `craft_info`;


--
-- Schema for table `craft_info`
--
CREATE TABLE `craft_info` (
  `id` int(11) NOT NULL AUTO_INCREMENT,
  `version` varchar(50) COLLATE utf8_unicode_ci NOT NULL,
  `schemaVersion` varchar(15) COLLATE utf8_unicode_ci NOT NULL,
  `edition` tinyint(1) unsigned NOT NULL DEFAULT '0',
  `siteName` varchar(100) COLLATE utf8_unicode_ci NOT NULL,
  `siteUrl` varchar(255) COLLATE utf8_unicode_ci NOT NULL,
  `timezone` varchar(30) COLLATE utf8_unicode_ci DEFAULT NULL,
  `on` tinyint(1) unsigned NOT NULL DEFAULT '0',
  `maintenance` tinyint(1) unsigned NOT NULL DEFAULT '0',
  `dateCreated` datetime NOT NULL,
  `dateUpdated` datetime NOT NULL,
  `uid` char(36) COLLATE utf8_unicode_ci NOT NULL DEFAULT '0',
  PRIMARY KEY (`id`)
) ENGINE=InnoDB AUTO_INCREMENT=2 DEFAULT CHARSET=utf8 COLLATE=utf8_unicode_ci;

--
-- Data for table `craft_info`
--

INSERT INTO `craft_info` (`id`, `version`, `schemaVersion`, `edition`, `siteName`, `siteUrl`, `timezone`, `on`, `maintenance`, `dateCreated`, `dateUpdated`, `uid`) VALUES
 ('1', '2.6.2964', '2.6.9', '0', 'Victoria Fans', 'http://victoriafans:8888', 'UTC', '1', '0', '2017-02-27 15:05:16', '2017-03-01 12:11:42', '8b31486b-95ab-4914-8ab3-bc912ae14aee');



DROP TABLE IF EXISTS `craft_locales`;


--
-- Schema for table `craft_locales`
--
CREATE TABLE `craft_locales` (
  `locale` char(12) COLLATE utf8_unicode_ci NOT NULL,
  `sortOrder` smallint(6) unsigned DEFAULT NULL,
  `dateCreated` datetime NOT NULL,
  `dateUpdated` datetime NOT NULL,
  `uid` char(36) COLLATE utf8_unicode_ci NOT NULL DEFAULT '0',
  PRIMARY KEY (`locale`),
  KEY `craft_locales_sortOrder_idx` (`sortOrder`)
) ENGINE=InnoDB DEFAULT CHARSET=utf8 COLLATE=utf8_unicode_ci;

--
-- Data for table `craft_locales`
--

INSERT INTO `craft_locales` (`locale`, `sortOrder`, `dateCreated`, `dateUpdated`, `uid`) VALUES
 ('en', '1', '2017-02-27 15:05:16', '2017-02-27 15:05:16', '33f09b38-742d-44f8-a75d-188811b9c44b');



DROP TABLE IF EXISTS `craft_matrixblocks`;


--
-- Schema for table `craft_matrixblocks`
--
CREATE TABLE `craft_matrixblocks` (
  `id` int(11) NOT NULL,
  `ownerId` int(11) NOT NULL,
  `fieldId` int(11) NOT NULL,
  `typeId` int(11) DEFAULT NULL,
  `sortOrder` smallint(6) unsigned DEFAULT NULL,
  `ownerLocale` char(12) COLLATE utf8_unicode_ci DEFAULT NULL,
  `dateCreated` datetime NOT NULL,
  `dateUpdated` datetime NOT NULL,
  `uid` char(36) COLLATE utf8_unicode_ci NOT NULL DEFAULT '0',
  PRIMARY KEY (`id`),
  KEY `craft_matrixblocks_ownerId_idx` (`ownerId`),
  KEY `craft_matrixblocks_fieldId_idx` (`fieldId`),
  KEY `craft_matrixblocks_typeId_idx` (`typeId`),
  KEY `craft_matrixblocks_sortOrder_idx` (`sortOrder`),
  KEY `craft_matrixblocks_ownerLocale_fk` (`ownerLocale`)
) ENGINE=InnoDB DEFAULT CHARSET=utf8 COLLATE=utf8_unicode_ci;

DROP TABLE IF EXISTS `craft_matrixblocktypes`;


--
-- Schema for table `craft_matrixblocktypes`
--
CREATE TABLE `craft_matrixblocktypes` (
  `id` int(11) NOT NULL AUTO_INCREMENT,
  `fieldId` int(11) NOT NULL,
  `fieldLayoutId` int(11) DEFAULT NULL,
  `name` varchar(255) COLLATE utf8_unicode_ci NOT NULL,
  `handle` varchar(255) COLLATE utf8_unicode_ci NOT NULL,
  `sortOrder` smallint(6) unsigned DEFAULT NULL,
  `dateCreated` datetime NOT NULL,
  `dateUpdated` datetime NOT NULL,
  `uid` char(36) COLLATE utf8_unicode_ci NOT NULL DEFAULT '0',
  PRIMARY KEY (`id`),
  UNIQUE KEY `craft_matrixblocktypes_name_fieldId_unq_idx` (`name`,`fieldId`),
  UNIQUE KEY `craft_matrixblocktypes_handle_fieldId_unq_idx` (`handle`,`fieldId`),
  KEY `craft_matrixblocktypes_fieldId_fk` (`fieldId`),
  KEY `craft_matrixblocktypes_fieldLayoutId_fk` (`fieldLayoutId`)
) ENGINE=InnoDB DEFAULT CHARSET=utf8 COLLATE=utf8_unicode_ci;

DROP TABLE IF EXISTS `craft_migrations`;


--
-- Schema for table `craft_migrations`
--
CREATE TABLE `craft_migrations` (
  `id` int(11) NOT NULL AUTO_INCREMENT,
  `pluginId` int(11) DEFAULT NULL,
  `version` varchar(255) COLLATE utf8_unicode_ci NOT NULL,
  `applyTime` datetime NOT NULL,
  `dateCreated` datetime NOT NULL,
  `dateUpdated` datetime NOT NULL,
  `uid` char(36) COLLATE utf8_unicode_ci NOT NULL DEFAULT '0',
  PRIMARY KEY (`id`),
  UNIQUE KEY `craft_migrations_version_unq_idx` (`version`),
  KEY `craft_migrations_pluginId_fk` (`pluginId`)
) ENGINE=InnoDB AUTO_INCREMENT=40 DEFAULT CHARSET=utf8 COLLATE=utf8_unicode_ci;

--
-- Data for table `craft_migrations`
--

INSERT INTO `craft_migrations` (`id`, `pluginId`, `version`, `applyTime`, `dateCreated`, `dateUpdated`, `uid`) VALUES
 ('1', NULL, 'm000000_000000_base', '2017-02-27 15:05:16', '2017-02-27 15:05:16', '2017-02-27 15:05:16', 'acdff7ab-7267-4e5a-b19c-564c239f5963'),
 ('2', NULL, 'm140730_000001_add_filename_and_format_to_transformindex', '2017-02-27 15:05:16', '2017-02-27 15:05:16', '2017-02-27 15:05:16', 'bf1ac8fe-7af5-47e3-b65e-68fda1b2d039'),
 ('3', NULL, 'm140815_000001_add_format_to_transforms', '2017-02-27 15:05:16', '2017-02-27 15:05:16', '2017-02-27 15:05:16', '3e403aa3-f290-4c28-9664-aae8480afcde'),
 ('4', NULL, 'm140822_000001_allow_more_than_128_items_per_field', '2017-02-27 15:05:16', '2017-02-27 15:05:16', '2017-02-27 15:05:16', 'b1f4aaf3-9f3b-499c-86e4-4a25c2a14d0c'),
 ('5', NULL, 'm140829_000001_single_title_formats', '2017-02-27 15:05:16', '2017-02-27 15:05:16', '2017-02-27 15:05:16', 'c07498e6-4753-44b6-b4bd-404316f05c5a'),
 ('6', NULL, 'm140831_000001_extended_cache_keys', '2017-02-27 15:05:16', '2017-02-27 15:05:16', '2017-02-27 15:05:16', '79fd73b6-e168-436f-88e4-e5949fd7eb9b'),
 ('7', NULL, 'm140922_000001_delete_orphaned_matrix_blocks', '2017-02-27 15:05:16', '2017-02-27 15:05:16', '2017-02-27 15:05:16', '4089233f-4126-4440-973f-08c42d798263'),
 ('8', NULL, 'm141008_000001_elements_index_tune', '2017-02-27 15:05:16', '2017-02-27 15:05:16', '2017-02-27 15:05:16', '5a0e2d9a-1a0d-4c7b-9d21-1b160321f9b8'),
 ('9', NULL, 'm141009_000001_assets_source_handle', '2017-02-27 15:05:16', '2017-02-27 15:05:16', '2017-02-27 15:05:16', '0974b5c7-6ea2-4e28-9a78-4555d793fe4f'),
 ('10', NULL, 'm141024_000001_field_layout_tabs', '2017-02-27 15:05:16', '2017-02-27 15:05:16', '2017-02-27 15:05:16', 'a5b3032e-1e70-47b3-a3a2-8eb6c13cd97a'),
 ('11', NULL, 'm141030_000000_plugin_schema_versions', '2017-02-27 15:05:16', '2017-02-27 15:05:16', '2017-02-27 15:05:16', '31191f5e-71a5-4344-b84a-53380e212ceb'),
 ('12', NULL, 'm141030_000001_drop_structure_move_permission', '2017-02-27 15:05:16', '2017-02-27 15:05:16', '2017-02-27 15:05:16', 'e1c53192-5068-40ad-ac83-2f2de9b62148'),
 ('13', NULL, 'm141103_000001_tag_titles', '2017-02-27 15:05:16', '2017-02-27 15:05:16', '2017-02-27 15:05:16', '979ba9e2-513f-4d88-8b7d-15de9490e776'),
 ('14', NULL, 'm141109_000001_user_status_shuffle', '2017-02-27 15:05:16', '2017-02-27 15:05:16', '2017-02-27 15:05:16', 'b59c2a06-3a13-4271-a7bd-e07b6f9443e5'),
 ('15', NULL, 'm141126_000001_user_week_start_day', '2017-02-27 15:05:16', '2017-02-27 15:05:16', '2017-02-27 15:05:16', 'cf8950f7-1933-4a86-a635-793c3092b4f7'),
 ('16', NULL, 'm150210_000001_adjust_user_photo_size', '2017-02-27 15:05:16', '2017-02-27 15:05:16', '2017-02-27 15:05:16', '674fe6f1-eba1-4f2e-8d5f-b3193516a09e'),
 ('17', NULL, 'm150724_000001_adjust_quality_settings', '2017-02-27 15:05:16', '2017-02-27 15:05:16', '2017-02-27 15:05:16', 'd6723a0e-d817-44fd-8779-15e416dc5484'),
 ('18', NULL, 'm150827_000000_element_index_settings', '2017-02-27 15:05:16', '2017-02-27 15:05:16', '2017-02-27 15:05:16', '50d527d5-026a-4be6-ab87-d1613985ed17'),
 ('19', NULL, 'm150918_000001_add_colspan_to_widgets', '2017-02-27 15:05:16', '2017-02-27 15:05:16', '2017-02-27 15:05:16', '732c1d34-080c-4fcd-b950-7161519feded'),
 ('20', NULL, 'm151007_000000_clear_asset_caches', '2017-02-27 15:05:16', '2017-02-27 15:05:16', '2017-02-27 15:05:16', '0f3acdf5-09ae-4af3-9b72-4bac032850a2'),
 ('21', NULL, 'm151109_000000_text_url_formats', '2017-02-27 15:05:16', '2017-02-27 15:05:16', '2017-02-27 15:05:16', '9258bb49-63ce-4ac8-b109-36f3603d39ce'),
 ('22', NULL, 'm151110_000000_move_logo', '2017-02-27 15:05:16', '2017-02-27 15:05:16', '2017-02-27 15:05:16', '6bc76855-04ff-42e0-aafb-9cd7191c52b9'),
 ('23', NULL, 'm151117_000000_adjust_image_widthheight', '2017-02-27 15:05:16', '2017-02-27 15:05:16', '2017-02-27 15:05:16', 'e03d0e0d-7a2f-4f6b-b2ca-65e8dd165453'),
 ('24', NULL, 'm151127_000000_clear_license_key_status', '2017-02-27 15:05:16', '2017-02-27 15:05:16', '2017-02-27 15:05:16', 'b2d01232-e17c-47c1-9cab-2548c0f841f5'),
 ('25', NULL, 'm151127_000000_plugin_license_keys', '2017-02-27 15:05:16', '2017-02-27 15:05:16', '2017-02-27 15:05:16', 'd1da24b6-c3be-490e-a62c-e1e5a7c5b825'),
 ('26', NULL, 'm151130_000000_update_pt_widget_feeds', '2017-02-27 15:05:16', '2017-02-27 15:05:16', '2017-02-27 15:05:16', '5eaf5512-ad17-487d-98c2-87a866a8aeed'),
 ('27', NULL, 'm160114_000000_asset_sources_public_url_default_true', '2017-02-27 15:05:16', '2017-02-27 15:05:16', '2017-02-27 15:05:16', 'b61b0223-b125-44b7-a404-65812124c093'),
 ('28', NULL, 'm160223_000000_sortorder_to_smallint', '2017-02-27 15:05:16', '2017-02-27 15:05:16', '2017-02-27 15:05:16', '3bfc751e-8587-4e74-a240-763a0bf6745f'),
 ('29', NULL, 'm160229_000000_set_default_entry_statuses', '2017-02-27 15:05:16', '2017-02-27 15:05:16', '2017-02-27 15:05:16', '5995db8c-a2e1-411e-8582-83610089dcd4'),
 ('30', NULL, 'm160304_000000_client_permissions', '2017-02-27 15:05:16', '2017-02-27 15:05:16', '2017-02-27 15:05:16', 'b0d6d9cd-f627-4811-a1b5-f82946407c80'),
 ('31', NULL, 'm160322_000000_asset_filesize', '2017-02-27 15:05:16', '2017-02-27 15:05:16', '2017-02-27 15:05:16', '06498023-7f1c-4765-a44c-ee0bc7d4fb69'),
 ('32', NULL, 'm160503_000000_orphaned_fieldlayouts', '2017-02-27 15:05:16', '2017-02-27 15:05:16', '2017-02-27 15:05:16', '72394e32-d355-4ceb-8087-ce9fc66cd7a4'),
 ('33', NULL, 'm160510_000000_tasksettings', '2017-02-27 15:05:16', '2017-02-27 15:05:16', '2017-02-27 15:05:16', '1b07d0b1-bdf0-470a-b117-e300af0309e7'),
 ('34', NULL, 'm160829_000000_pending_user_content_cleanup', '2017-02-27 15:05:16', '2017-02-27 15:05:16', '2017-02-27 15:05:16', 'a137db9f-c654-4fbb-aca9-90a97357b94c'),
 ('35', NULL, 'm160830_000000_asset_index_uri_increase', '2017-02-27 15:05:16', '2017-02-27 15:05:16', '2017-02-27 15:05:16', 'ed7c6553-7e38-4d7c-8a5f-3bd1c70974f4'),
 ('36', NULL, 'm160919_000000_usergroup_handle_title_unique', '2017-02-27 15:05:16', '2017-02-27 15:05:16', '2017-02-27 15:05:16', '6838646e-8350-4e66-9c86-883a594ac43b'),
 ('37', NULL, 'm161108_000000_new_version_format', '2017-02-27 15:05:16', '2017-02-27 15:05:16', '2017-02-27 15:05:16', 'df465281-7c37-4add-8e18-cce974a60f7a'),
 ('38', NULL, 'm161109_000000_index_shuffle', '2017-02-27 15:05:16', '2017-02-27 15:05:16', '2017-02-27 15:05:16', '3963818d-acd8-4284-bb05-10e6ac9710e0'),
 ('39', '1', 'm150901_144609_superTable_fixForContentTables', '2017-02-27 15:38:30', '2017-02-27 15:38:30', '2017-02-27 15:38:30', '36fccf42-8a75-42c0-b05c-d2b822602337');



DROP TABLE IF EXISTS `craft_plugins`;


--
-- Schema for table `craft_plugins`
--
CREATE TABLE `craft_plugins` (
  `id` int(11) NOT NULL AUTO_INCREMENT,
  `class` varchar(150) COLLATE utf8_unicode_ci NOT NULL,
  `version` varchar(15) COLLATE utf8_unicode_ci NOT NULL,
  `schemaVersion` varchar(15) COLLATE utf8_unicode_ci DEFAULT NULL,
  `licenseKey` char(24) COLLATE utf8_unicode_ci DEFAULT NULL,
  `licenseKeyStatus` enum('valid','invalid','mismatched','unknown') COLLATE utf8_unicode_ci NOT NULL DEFAULT 'unknown',
  `enabled` tinyint(1) unsigned NOT NULL DEFAULT '0',
  `settings` text COLLATE utf8_unicode_ci,
  `installDate` datetime NOT NULL,
  `dateCreated` datetime NOT NULL,
  `dateUpdated` datetime NOT NULL,
  `uid` char(36) COLLATE utf8_unicode_ci NOT NULL DEFAULT '0',
  PRIMARY KEY (`id`)
) ENGINE=InnoDB AUTO_INCREMENT=5 DEFAULT CHARSET=utf8 COLLATE=utf8_unicode_ci;

--
-- Data for table `craft_plugins`
--

INSERT INTO `craft_plugins` (`id`, `class`, `version`, `schemaVersion`, `licenseKey`, `licenseKeyStatus`, `enabled`, `settings`, `installDate`, `dateCreated`, `dateUpdated`, `uid`) VALUES
 ('1', 'SuperTable', '1.0.3', '1.0.0', NULL, 'unknown', '1', NULL, '2017-02-27 15:38:30', '2017-02-27 15:38:30', '2017-03-27 09:40:24', 'caec276f-29bf-445a-89dc-7582c58f7a86'),
 ('2', 'TableMaker', '1.0', NULL, NULL, 'unknown', '1', NULL, '2017-03-01 10:37:38', '2017-03-01 10:37:38', '2017-03-27 09:40:24', 'abb1b925-12d9-4c8e-9bf6-b0a2ddcb331c'),
 ('3', 'Printmaker', '1.0.3', '0.0.0.0', NULL, 'unknown', '1', NULL, '2017-03-01 11:12:56', '2017-03-01 11:12:56', '2017-03-27 09:40:24', 'ddcc5789-e055-44b9-8187-a8358a62f8c7'),
 ('4', 'Hacksaw', '1.1.2', NULL, NULL, 'unknown', '1', NULL, '2017-03-24 09:14:57', '2017-03-24 09:14:57', '2017-03-27 09:40:24', '01f7a673-68f6-4552-9a04-a7ff37569c55');



DROP TABLE IF EXISTS `craft_rackspaceaccess`;


--
-- Schema for table `craft_rackspaceaccess`
--
CREATE TABLE `craft_rackspaceaccess` (
  `id` int(11) NOT NULL AUTO_INCREMENT,
  `connectionKey` varchar(255) COLLATE utf8_unicode_ci NOT NULL,
  `token` varchar(255) COLLATE utf8_unicode_ci NOT NULL,
  `storageUrl` varchar(255) COLLATE utf8_unicode_ci NOT NULL,
  `cdnUrl` varchar(255) COLLATE utf8_unicode_ci NOT NULL,
  `dateCreated` datetime NOT NULL,
  `dateUpdated` datetime NOT NULL,
  `uid` char(36) COLLATE utf8_unicode_ci NOT NULL DEFAULT '0',
  PRIMARY KEY (`id`),
  UNIQUE KEY `craft_rackspaceaccess_connectionKey_unq_idx` (`connectionKey`)
) ENGINE=InnoDB DEFAULT CHARSET=utf8 COLLATE=utf8_unicode_ci;

DROP TABLE IF EXISTS `craft_relations`;


--
-- Schema for table `craft_relations`
--
CREATE TABLE `craft_relations` (
  `id` int(11) NOT NULL AUTO_INCREMENT,
  `fieldId` int(11) NOT NULL,
  `sourceId` int(11) NOT NULL,
  `sourceLocale` char(12) COLLATE utf8_unicode_ci DEFAULT NULL,
  `targetId` int(11) NOT NULL,
  `sortOrder` smallint(6) DEFAULT NULL,
  `dateCreated` datetime NOT NULL,
  `dateUpdated` datetime NOT NULL,
  `uid` char(36) COLLATE utf8_unicode_ci NOT NULL DEFAULT '0',
  PRIMARY KEY (`id`),
  UNIQUE KEY `craft_relations_fieldId_sourceId_sourceLocale_targetId_unq_idx` (`fieldId`,`sourceId`,`sourceLocale`,`targetId`),
  KEY `craft_relations_sourceId_fk` (`sourceId`),
  KEY `craft_relations_sourceLocale_fk` (`sourceLocale`),
  KEY `craft_relations_targetId_fk` (`targetId`)
) ENGINE=InnoDB AUTO_INCREMENT=144 DEFAULT CHARSET=utf8 COLLATE=utf8_unicode_ci;

--
-- Data for table `craft_relations`
--

INSERT INTO `craft_relations` (`id`, `fieldId`, `sourceId`, `sourceLocale`, `targetId`, `sortOrder`, `dateCreated`, `dateUpdated`, `uid`) VALUES
 ('38', '24', '2', NULL, '58', '1', '2017-03-02 17:00:07', '2017-03-02 17:00:07', '9f8bddb7-375a-46c3-af92-64d694f7ea07'),
 ('56', '18', '26', NULL, '54', '1', '2017-03-07 16:39:55', '2017-03-07 16:39:55', 'bb8a5af3-16e5-4cdd-80b4-bee4d0d77c6a'),
 ('61', '18', '34', NULL, '54', '1', '2017-03-07 17:19:18', '2017-03-07 17:19:18', 'c58298ed-32a2-4eeb-8a60-c6c185c89fa2'),
 ('65', '25', '17', NULL, '59', '1', '2017-03-23 15:51:14', '2017-03-23 15:51:14', '03361b87-fdea-4161-9dec-8055d94e0474'),
 ('66', '25', '19', NULL, '60', '1', '2017-03-23 16:22:43', '2017-03-23 16:22:43', '55bf5b73-dd11-48f6-84b5-6d2e5e63fdca'),
 ('71', '18', '23', NULL, '53', '1', '2017-03-23 16:41:47', '2017-03-23 16:41:47', '0ce60d3f-6888-42a9-a055-1ac5c40c9bca'),
 ('96', '34', '18', NULL, '4', '1', '2017-03-24 11:46:36', '2017-03-24 11:46:36', '058193b2-e748-4455-8327-5236ae668a14'),
 ('97', '34', '18', NULL, '6', '2', '2017-03-24 11:46:36', '2017-03-24 11:46:36', '5b3e4eda-63cd-4047-8352-24c517314480'),
 ('98', '18', '18', NULL, '53', '1', '2017-03-24 11:46:36', '2017-03-24 11:46:36', '700c9ef6-b195-47d0-aa7c-aa419a8aecc2'),
 ('99', '19', '18', NULL, '55', '1', '2017-03-24 11:46:36', '2017-03-24 11:46:36', '1eca91c6-dab8-4ce8-a2c7-cb9b2056aab9'),
 ('100', '19', '18', NULL, '56', '2', '2017-03-24 11:46:36', '2017-03-24 11:46:36', 'cb8473d6-13de-4a2b-aebf-b2e892d8abef'),
 ('101', '18', '24', NULL, '54', '1', '2017-03-24 11:47:56', '2017-03-24 11:47:56', 'aa384308-9ea0-452e-aa7b-6b8314792a48'),
 ('102', '18', '25', NULL, '53', '1', '2017-03-24 11:48:39', '2017-03-24 11:48:39', '615b0306-75d7-4441-9f49-d41a7c0cf9e2'),
 ('103', '18', '27', NULL, '53', '1', '2017-03-24 11:49:15', '2017-03-24 11:49:15', 'd14ab09e-d639-4a6f-b114-c752d9760b49'),
 ('104', '18', '28', NULL, '54', '1', '2017-03-24 11:49:45', '2017-03-24 11:49:45', '3f87942d-68eb-4906-97e2-d068472c6dcb'),
 ('106', '18', '22', NULL, '54', '1', '2017-03-24 11:50:58', '2017-03-24 11:50:58', '37698a2c-cd49-440e-80b4-9a8b4f188726'),
 ('107', '18', '31', NULL, '54', '1', '2017-03-24 11:51:45', '2017-03-24 11:51:45', '8a1255d6-712b-4071-a18c-b72491705fbe'),
 ('108', '18', '30', NULL, '53', '1', '2017-03-24 11:52:18', '2017-03-24 11:52:18', '52f9e1db-b839-4b98-9be2-7c67ded3bccc'),
 ('109', '18', '32', NULL, '54', '1', '2017-03-24 11:52:44', '2017-03-24 11:52:44', '02468f72-9a89-4a68-8f18-5619fddac396'),
 ('110', '18', '33', NULL, '53', '1', '2017-03-24 11:53:11', '2017-03-24 11:53:11', '9efe6471-9921-48b9-92fa-b230ffd02e5a'),
 ('111', '18', '35', NULL, '54', '1', '2017-03-24 11:53:44', '2017-03-24 11:53:44', '42e10811-d5f9-446a-aadb-2d555a607ad9'),
 ('115', '25', '21', NULL, '60', '1', '2017-03-27 13:18:34', '2017-03-27 13:18:34', '9b9c935f-f62b-425f-9d5c-8039c1561586'),
 ('116', '33', '4', NULL, '18', '1', '2017-03-27 13:19:30', '2017-03-27 13:19:30', 'e9b0492a-cce4-4c97-88c9-764e7ddd5956'),
 ('117', '33', '4', NULL, '24', '2', '2017-03-27 13:19:30', '2017-03-27 13:19:30', '6f7493ba-fb5f-44d8-a2f2-f55f33792676'),
 ('118', '33', '4', NULL, '25', '3', '2017-03-27 13:19:30', '2017-03-27 13:19:30', '0925651c-a7ec-436d-9d51-c46b3432cfe8'),
 ('119', '33', '5', NULL, '24', '1', '2017-03-27 13:20:45', '2017-03-27 13:20:45', '7af52309-1a24-4b25-8e18-80d2d2c78ec6'),
 ('120', '33', '5', NULL, '22', '2', '2017-03-27 13:20:45', '2017-03-27 13:20:45', 'fb2e59f8-5d19-4425-9442-335dcedd7a72'),
 ('121', '33', '5', NULL, '18', '3', '2017-03-27 13:20:45', '2017-03-27 13:20:45', '7ff705f0-f371-4238-b2eb-08cbb17069bb'),
 ('122', '33', '5', NULL, '23', '4', '2017-03-27 13:20:45', '2017-03-27 13:20:45', '4b190088-7fcd-4729-8187-a218206ce717'),
 ('129', '33', '7', NULL, '27', '1', '2017-03-27 14:23:23', '2017-03-27 14:23:23', '2394721b-b480-46e4-a62f-d987e40c832b'),
 ('130', '33', '7', NULL, '18', '2', '2017-03-27 14:23:23', '2017-03-27 14:23:23', '15125e95-492a-409e-ab9b-cf6f9dd179a8'),
 ('131', '33', '7', NULL, '29', '3', '2017-03-27 14:23:23', '2017-03-27 14:23:23', 'cc6cb923-92a4-420d-9389-e17d1b3fc09c'),
 ('132', '25', '20', NULL, '59', '1', '2017-03-27 14:32:13', '2017-03-27 14:32:13', '77cebf25-345b-49c7-a479-113ab638966c'),
 ('133', '34', '29', NULL, '6', '1', '2017-03-27 14:33:35', '2017-03-27 14:33:35', 'a74bfb30-8ba3-48e1-89e9-ea1b5b746b5d'),
 ('134', '18', '29', NULL, '54', '1', '2017-03-27 14:33:35', '2017-03-27 14:33:35', 'cc0983b1-3e9f-4301-975b-7ba5b4d4775f'),
 ('135', '33', '8', NULL, '18', '1', '2017-03-27 14:37:56', '2017-03-27 14:37:56', 'fbc7fcc8-7e68-438e-8630-136533c1300e'),
 ('136', '33', '8', NULL, '24', '2', '2017-03-27 14:37:56', '2017-03-27 14:37:56', '80ac1288-d45d-4efd-a9f2-c50e0aa45640'),
 ('137', '33', '8', NULL, '25', '3', '2017-03-27 14:37:56', '2017-03-27 14:37:56', 'c3def571-9c37-4f30-b097-e2e811ccdd1a'),
 ('138', '33', '8', NULL, '26', '4', '2017-03-27 14:37:56', '2017-03-27 14:37:56', '339d8d77-bfae-448e-8b75-726e2fe5f9c8'),
 ('139', '33', '8', NULL, '27', '5', '2017-03-27 14:37:56', '2017-03-27 14:37:56', 'f18c092e-f7cf-49e6-9163-289ebeae0d47'),
 ('140', '33', '8', NULL, '28', '6', '2017-03-27 14:37:56', '2017-03-27 14:37:56', '01318bfc-afea-438a-bb5b-940fdda36f3b'),
 ('141', '33', '8', NULL, '29', '7', '2017-03-27 14:37:56', '2017-03-27 14:37:56', '3240af88-8a42-491f-8af1-625f01bff28c'),
 ('142', '33', '8', NULL, '22', '8', '2017-03-27 14:37:56', '2017-03-27 14:37:56', '2ee40ce0-27cc-4609-b990-9586f359d71a'),
 ('143', '33', '8', NULL, '23', '9', '2017-03-27 14:37:56', '2017-03-27 14:37:56', '44ca5abe-5147-4d64-bfbd-4cd829803a58');



DROP TABLE IF EXISTS `craft_routes`;


--
-- Schema for table `craft_routes`
--
CREATE TABLE `craft_routes` (
  `id` int(11) NOT NULL AUTO_INCREMENT,
  `locale` char(12) COLLATE utf8_unicode_ci DEFAULT NULL,
  `urlParts` varchar(255) COLLATE utf8_unicode_ci NOT NULL,
  `urlPattern` varchar(255) COLLATE utf8_unicode_ci NOT NULL,
  `template` varchar(255) COLLATE utf8_unicode_ci NOT NULL,
  `sortOrder` smallint(6) unsigned DEFAULT NULL,
  `dateCreated` datetime NOT NULL,
  `dateUpdated` datetime NOT NULL,
  `uid` char(36) COLLATE utf8_unicode_ci NOT NULL DEFAULT '0',
  PRIMARY KEY (`id`),
  UNIQUE KEY `craft_routes_urlPattern_unq_idx` (`urlPattern`),
  KEY `craft_routes_locale_idx` (`locale`)
) ENGINE=InnoDB DEFAULT CHARSET=utf8 COLLATE=utf8_unicode_ci;

DROP TABLE IF EXISTS `craft_searchindex`;


--
-- Schema for table `craft_searchindex`
--
CREATE TABLE `craft_searchindex` (
  `elementId` int(11) NOT NULL,
  `attribute` varchar(25) COLLATE utf8_unicode_ci NOT NULL,
  `fieldId` int(11) NOT NULL,
  `locale` char(12) COLLATE utf8_unicode_ci NOT NULL,
  `keywords` text COLLATE utf8_unicode_ci NOT NULL,
  PRIMARY KEY (`elementId`,`attribute`,`fieldId`,`locale`),
  FULLTEXT KEY `craft_searchindex_keywords_idx` (`keywords`)
) ENGINE=MyISAM DEFAULT CHARSET=utf8 COLLATE=utf8_unicode_ci;

--
-- Data for table `craft_searchindex`
--

INSERT INTO `craft_searchindex` (`elementId`, `attribute`, `fieldId`, `locale`, `keywords`) VALUES
 ('1', 'username', '0', 'en', ' admin '),
 ('1', 'firstname', '0', 'en', ''),
 ('1', 'lastname', '0', 'en', ''),
 ('1', 'fullname', '0', 'en', ''),
 ('1', 'email', '0', 'en', ' wearemechanised gmail com '),
 ('1', 'slug', '0', 'en', ''),
 ('2', 'slug', '0', 'en', ' homepage '),
 ('2', 'title', '0', 'en', ' welcome to victoriafans '),
 ('2', 'field', '1', 'en', ' it s true this site doesn t have a whole lot of content yet but don t worry our web developers have just installed the cms and they re setting things up for the content editors this very moment soon victoriafans will be an oasis of fresh perspectives sharp analyses and astute opinions that will keep you coming back again and again '),
 ('3', 'field', '1', 'en', ' craft is the cms that s powering victoriafans it s beautiful powerful flexible and easy to use and it s made by pixel tonic we can t wait to dive in and see what it s capable of this is even more captivating content which you couldn t see on the news index page because it was entered after a page break and the news index template only likes to show the content on the first page craft a nice alternative to word if you re making a website '),
 ('3', 'field', '2', 'en', ''),
 ('3', 'slug', '0', 'en', ' we just installed craft '),
 ('3', 'title', '0', 'en', ' we just installed craft '),
 ('4', 'slug', '0', 'en', ' warm air extraction '),
 ('4', 'title', '0', 'en', ' general ventilation '),
 ('5', 'slug', '0', 'en', ' fume control '),
 ('5', 'title', '0', 'en', ' fume control '),
 ('6', 'slug', '0', 'en', ' emergency smoke extraction '),
 ('6', 'title', '0', 'en', ' emergency smoke extraction '),
 ('7', 'slug', '0', 'en', ' roof extract fans '),
 ('7', 'title', '0', 'en', ' roof extract fans '),
 ('8', 'slug', '0', 'en', ' axial and bifurcated fan accessories '),
 ('8', 'title', '0', 'en', ' axial and bifurcated fan accessories '),
 ('16', 'field', '5', 'en', ''),
 ('20', 'field', '3', 'en', ' praesent non elit nec sem interdum suscipit quis imperdiet felis praesent nulla ligula consectetur sit amet tortor commodo tristique viverra ex pellentesque laoreet erat sit amet sagittis tempor '),
 ('20', 'slug', '0', 'en', ' centrifugal fans '),
 ('19', 'title', '0', 'en', ' bifurcated fans '),
 ('19', 'slug', '0', 'en', ' bifurcated fans '),
 ('19', 'field', '7', 'en', ' for the foodstuffs and chemical industries these fans can be constructed from stainless steel of aluminium at competitive cost '),
 ('19', 'field', '4', 'en', ' uses for exhausting hot gasses paint fumes excluding cellulose steam smoke and dust laden air available in diameters 250 1250mm fan type nt normal temperature upto 80 c 176 f constructed in mild steel with a polypropylene impeller and class f insulation motor special corrosion resistant finishes available standard finish galvanised fan type ht high temperature upto 200 c 392 f constructed in mild steel with an aluminium impeller and class f insulation motor special corrosion resistant finishes available standard finish galvanised motors standard three or single phase motors can be fitted along with atex zone 1 or 2 and company specification units when required plastic fans this range of fans can also be constructed from rigid pvc sheet reinforced with fibreglass and suitable for a wide fans of uses in the chemical industry and in the extraction of acid fumes from industrial processes dimensions and performance data as for normal bifurcated fans for exhausting hot gasses chemical vapours steam and moisture laden air available in diameters 250 1000mm max temp 60 c stainless steel fan type 304 ideal for use in the catering industry for air temperature upto 80 c 176 f for exhausting warm air and steam constructed throughout in stainless steel with a polypropylene impeller and class f standard motor with a stainless steel extended shaft stainless steel fan type 316 uses mainly in the chemical and allied trades suitable for most acid vapours upto 80 c 176 f constructed throughout in stainless steel with a polypropylene impeller and class f standard motor with a stainless steel extended shaft extra features available mounting feetflexible connectionsav mountingsmating flangesinlet conesguardsback draught shuttersspecial paint finishes finish standard fans galvanisedoptional finishes epoxy resin metal spraying '),
 ('18', 'title', '0', 'en', ' plate mounted axial '),
 ('18', 'slug', '0', 'en', ' plate mounted axial flow fan '),
 ('16', 'field', '6', 'en', ''),
 ('16', 'slug', '0', 'en', ''),
 ('18', 'field', '3', 'en', ' this is all about the plate mounted axial fan '),
 ('17', 'field', '4', 'en', ' arrangement direct driven single or multi stage fans suitable for vertical or horizontal mounting staging of axial flow fans by running two long cased fans in series with contra rotating impellers it is possible to achieve up to three times the pressure of a single stage fan of equal diameter and speed long cased type in this instance the casing covers the entire length of the motor and impeller and an inspection door is provided essentially for duct mounting where flanges are bolted back and front short cased type the casing covers the impeller track and a portion of the motor projects beyond the end of the flange best installed at the end of a duct or on air conditioning equipment motors in most instances foot mounted tefc iec 600034 1 electric motors are fitted with metric dimensions the motors are selected to cover the peak power absorbed for fan blade pitch angle and speed most standard motors have class f insulation and are suitable for operating at temperatures of up to 50 c 122 f higher temperatures available if required the standard voltages are 220 230 380 380 240 215 and 460 motors can be wound for any voltage and frequency and also for dual voltage the use of standard foot mounted motors of this type guarantees inter changeability in most countries of the world with machines of similar speed kw inverter controlled flameproof single phase 2 speed and company specification motors can always be obtained standard impellers 250 1250mm dia impellers have aerofoil section polypropylene blades fitted into a die cast aluminium hub five different blade angles are available and each blade is individually replaceable in the event of breakage aluminium blades are also available in selected angles special impellers 250 2000mm dia impellers have aerofoil variable pitch aluminium blades fixed into a die cast aluminium hub fractional solidity impellers all sizes of impellers can supplied with varying number of blades to suit the application this has the effect of reducing the static capability of the fan whilst retaining a high efficiency example of coding a typical example of coding is 630 9 35 indicating 630 diameter in mm9 number of blades35 blade angle in degrees extra features available mounting feet flexible connections av mountings mating flanges inlet cones guards back draught shutters special paint finishes external terminal box finish standard fans galvanisedoptional finishes epoxy resin metal spraying '),
 ('17', 'field', '7', 'en', ' all long and short cased fans can be supplied with 304 or 316 stainless steel casings '),
 ('17', 'slug', '0', 'en', ' axial flow fans '),
 ('17', 'title', '0', 'en', ' axial flow fans '),
 ('18', 'field', '9', 'en', ' plate mounted axial '),
 ('20', 'title', '0', 'en', ' centrifugal fans '),
 ('21', 'field', '4', 'en', ''),
 ('21', 'field', '7', 'en', ''),
 ('21', 'slug', '0', 'en', ' flameproof fans '),
 ('21', 'title', '0', 'en', ' flameproof fans exd zone 1 2 '),
 ('20', 'field', '4', 'en', ' applications engineers must consider the use of centrifugal fans instead of axial fans for some of the following reasons high temperaturelow noise levelsdust fume extracthigh static watergauge types of centrifugal fans there are different types of centrifugal fans covering air volumes from 85 to 100 000m hr and from 25 to 15 000 pa each application requires a fan with different characteristics whether it be the blade design the width of the casing or even the method of drive by way of a guide as to which is the best fan for certain projects we list below information that might assist the potential user paddle blade fans this type of fan is used for the conveying of dust wood and paper refuse cotton fly etc since the blade design prevents build up of waste materials discharge velocities vary dependent upon what is being conveyed in the air stream normally in the region of 7 20 mtrs sec multivane or forward curved fans used for general ventilation purposes not good for dust etc limited pressure characteristics normal discharge velocities 5 13 mts sec backward curved or backward sloping fans non overloading power characteristics suitable for very light dust applications eg clean side of dust collector where a good efficiency is required used for high pressure ventilation systems or where the system resistance could fluctuate normal velocities 9 16 mts sec aerofoil fans the most efficient of all centrifugals fans ideally suited to general ventilation projects where there is no possibility of dust contamination recommend for high pressure ventilation systems or where the system resistance could fluctuate normal discharge velocities 7 15 mts sec high pressure blowers as their name suggests these fans are applied where the requirement is for high velocities eg air curtains refuse conveying etc normal discharge velocities 15 30 mts sec '),
 ('20', 'field', '7', 'en', ' since forward curved and paddle blade fans have overloading power characteristics it is important that the static selection pressure is achieved any reduction in the requirements could easily overload the motor '),
 ('22', 'field', '3', 'en', ''),
 ('22', 'slug', '0', 'en', ' conical bifurcated fans '),
 ('22', 'title', '0', 'en', ' conical bifurcated '),
 ('23', 'field', '3', 'en', ''),
 ('23', 'slug', '0', 'en', ' cylindrical bifurcated fans '),
 ('23', 'title', '0', 'en', ' cylindrical bifurcated '),
 ('24', 'field', '3', 'en', ''),
 ('24', 'slug', '0', 'en', ' long cased axial flow fans '),
 ('24', 'title', '0', 'en', ' long cased axial '),
 ('25', 'field', '3', 'en', ''),
 ('25', 'slug', '0', 'en', ' short cased axial flow fans '),
 ('25', 'title', '0', 'en', ' short cased axial '),
 ('26', 'field', '3', 'en', ''),
 ('26', 'slug', '0', 'en', ' external motor axial flow fans '),
 ('26', 'title', '0', 'en', ' external motor axial '),
 ('27', 'field', '3', 'en', ''),
 ('27', 'slug', '0', 'en', ' roof extract axial flow fans '),
 ('27', 'title', '0', 'en', ' roof extract axial '),
 ('28', 'field', '3', 'en', ''),
 ('28', 'slug', '0', 'en', ' man cooler axial flow fans '),
 ('28', 'title', '0', 'en', ' man cooler axial '),
 ('29', 'field', '3', 'en', ''),
 ('29', 'slug', '0', 'en', ' emergency smoke extraction axial flow fans '),
 ('29', 'title', '0', 'en', ' emergency smoke extraction '),
 ('30', 'field', '3', 'en', ''),
 ('30', 'slug', '0', 'en', ' high pressure blowers '),
 ('30', 'title', '0', 'en', ' high pressure centrifugal blowers '),
 ('31', 'field', '3', 'en', ''),
 ('31', 'slug', '0', 'en', ' product specification 1 '),
 ('31', 'title', '0', 'en', ' plate mounted axial '),
 ('32', 'field', '3', 'en', ''),
 ('32', 'slug', '0', 'en', ' paddle bladed '),
 ('32', 'title', '0', 'en', ' paddle bladed centrifugal fans '),
 ('33', 'field', '3', 'en', ''),
 ('33', 'slug', '0', 'en', ' forward curved '),
 ('33', 'title', '0', 'en', ' forward curved centrifugal fans '),
 ('34', 'field', '3', 'en', ''),
 ('34', 'slug', '0', 'en', ' backward curved centrifugal fans '),
 ('34', 'title', '0', 'en', ' backward curved centrifugal fans '),
 ('35', 'field', '3', 'en', ''),
 ('35', 'slug', '0', 'en', ' aerofoil centrifugal fans '),
 ('35', 'title', '0', 'en', ' aerofoil centrifugal fans '),
 ('18', 'field', '10', 'en', ' warm air extraction roof extract fans '),
 ('17', 'field', '3', 'en', ' lorem ipsum dolor sit amet consectetur adipiscing elit nullam at lectus ipsum nam vehicula felis a mi commodo id lacinia nisi ultricies nunc ut libero sit amet diam scelerisque gravida '),
 ('19', 'field', '3', 'en', ' aliquam a tortor et nibh interdum egestas proin orci erat mattis a tincidunt nec efficitur id neque suspendisse scelerisque semper vestibulum '),
 ('21', 'field', '3', 'en', ' morbi quis pulvinar nisi proin et magna enim donec quis mi vitae diam fringilla placerat et hendrerit massa vestibulum sit amet urna posuere diam lacinia egestas '),
 ('22', 'field', '10', 'en', ' warm air extraction fume control emergency smoke extraction '),
 ('23', 'field', '10', 'en', ' warm air extraction fume control emergency smoke extraction '),
 ('24', 'field', '10', 'en', ''),
 ('25', 'field', '10', 'en', ''),
 ('26', 'field', '10', 'en', ' warm air extraction '),
 ('27', 'field', '10', 'en', ''),
 ('28', 'field', '10', 'en', '');
INSERT INTO `craft_searchindex` (`elementId`, `attribute`, `fieldId`, `locale`, `keywords`) VALUES
 ('29', 'field', '10', 'en', ''),
 ('30', 'field', '10', 'en', ''),
 ('31', 'field', '10', 'en', ''),
 ('32', 'field', '10', 'en', ''),
 ('33', 'field', '10', 'en', ''),
 ('34', 'field', '10', 'en', ' warm air extraction '),
 ('35', 'field', '10', 'en', ''),
 ('64', 'field', '5', 'en', ' example of coding '),
 ('64', 'field', '6', 'en', ' a typical example of coding is 630 9 35 indicating 630 diameter in mm9 number of blades35 blade angle in degrees '),
 ('64', 'slug', '0', 'en', ''),
 ('65', 'field', '5', 'en', ' extra features available '),
 ('65', 'field', '6', 'en', ' mounting feet flexible connections av mountings mating flanges inlet cones guards back draught shutters special paint finishes external terminal box '),
 ('65', 'slug', '0', 'en', ''),
 ('66', 'field', '5', 'en', ' finish '),
 ('36', 'field', '5', 'en', ' arrangement '),
 ('36', 'field', '6', 'en', ' direct driven single or multi stage fans suitable for vertical or horizontal mounting '),
 ('72', 'field', '5', 'en', ' stainless steel fan type 304 '),
 ('72', 'field', '6', 'en', ' ideal for use in the catering industry for air temperature upto 80 c 176 f for exhausting warm air and steam constructed throughout in stainless steel with a polypropylene impeller and class f standard motor with a stainless steel extended shaft '),
 ('72', 'slug', '0', 'en', ''),
 ('73', 'field', '5', 'en', ' stainless steel fan type 316 '),
 ('36', 'slug', '0', 'en', ''),
 ('37', 'field', '5', 'en', ' staging of axial flow fans '),
 ('37', 'field', '6', 'en', ' by running two long cased fans in series with contra rotating impellers it is possible to achieve up to three times the pressure of a single stage fan of equal diameter and speed '),
 ('70', 'slug', '0', 'en', ''),
 ('71', 'field', '5', 'en', ' plastic fans '),
 ('71', 'field', '6', 'en', ' this range of fans can also be constructed from rigid pvc sheet reinforced with fibreglass and suitable for a wide fans of uses in the chemical industry and in the extraction of acid fumes from industrial processes dimensions and performance data as for normal bifurcated fans for exhausting hot gasses chemical vapours steam and moisture laden air available in diameters 250 1000mm max temp 60 c '),
 ('71', 'slug', '0', 'en', ''),
 ('37', 'slug', '0', 'en', ''),
 ('38', 'field', '5', 'en', ' long cased type '),
 ('38', 'field', '6', 'en', ' in this instance the casing covers the entire length of the motor and impeller and an inspection door is provided essentially for duct mounting where flanges are bolted back and front '),
 ('63', 'slug', '0', 'en', ''),
 ('38', 'slug', '0', 'en', ''),
 ('68', 'slug', '0', 'en', ''),
 ('69', 'field', '5', 'en', ' fan type ht '),
 ('69', 'field', '6', 'en', ' high temperature upto 200 c 392 f constructed in mild steel with an aluminium impeller and class f insulation motor special corrosion resistant finishes available standard finish galvanised '),
 ('69', 'slug', '0', 'en', ''),
 ('70', 'field', '5', 'en', ' motors '),
 ('70', 'field', '6', 'en', ' standard three or single phase motors can be fitted along with atex zone 1 or 2 and company specification units when required '),
 ('67', 'field', '5', 'en', ' uses '),
 ('67', 'field', '6', 'en', ' for exhausting hot gasses paint fumes excluding cellulose steam smoke and dust laden air available in diameters 250 1250mm '),
 ('67', 'slug', '0', 'en', ''),
 ('68', 'field', '5', 'en', ' fan type nt '),
 ('68', 'field', '6', 'en', ' normal temperature upto 80 c 176 f constructed in mild steel with a polypropylene impeller and class f insulation motor special corrosion resistant finishes available standard finish galvanised '),
 ('66', 'field', '6', 'en', ' standard fans galvanisedoptional finishes epoxy resin metal spraying '),
 ('66', 'slug', '0', 'en', ''),
 ('41', 'field', '5', 'en', ' short cased type '),
 ('41', 'field', '6', 'en', ' the casing covers the impeller track and a portion of the motor projects beyond the end of the flange best installed at the end of a duct or on air conditioning equipment '),
 ('41', 'slug', '0', 'en', ''),
 ('42', 'field', '5', 'en', ' motors '),
 ('42', 'field', '6', 'en', ' in most instances foot mounted tefc iec 600034 1 electric motors are fitted with metric dimensions the motors are selected to cover the peak power absorbed for fan blade pitch angle and speed most standard motors have class f insulation and are suitable for operating at temperatures of up to 50 c 122 f higher temperatures available if required the standard voltages are 220 230 380 380 240 215 and 460 motors can be wound for any voltage and frequency and also for dual voltage the use of standard foot mounted motors of this type guarantees inter changeability in most countries of the world with machines of similar speed kw inverter controlled flameproof single phase 2 speed and company specification motors can always be obtained '),
 ('42', 'slug', '0', 'en', ''),
 ('43', 'field', '5', 'en', ' standard impellers 250 1250mm dia '),
 ('43', 'field', '6', 'en', ' impellers have aerofoil section polypropylene blades fitted into a die cast aluminium hub five different blade angles are available and each blade is individually replaceable in the event of breakage aluminium blades are also available in selected angles '),
 ('63', 'field', '5', 'en', ' fractional solidity impellers '),
 ('63', 'field', '6', 'en', ' all sizes of impellers can supplied with varying number of blades to suit the application this has the effect of reducing the static capability of the fan whilst retaining a high efficiency '),
 ('43', 'slug', '0', 'en', ''),
 ('44', 'field', '5', 'en', ' special impellers 250 2000mm dia '),
 ('44', 'field', '6', 'en', ' impellers have aerofoil variable pitch aluminium blades fixed into a die cast aluminium hub '),
 ('44', 'slug', '0', 'en', ''),
 ('18', 'field', '11', 'en', ' plate mounted axial fan phasellus sed sollicitudin nisl praesent at euismod dui donec hendrerit quam turpis curabitur sed pharetra erat at mollis est maecenas vel pharetra ligula '),
 ('24', 'field', '11', 'en', ' long cased axial mauris tristique nunc eu orci sollicitudin ultricies duis ultricies eros scelerisque bibendum viverra suspendisse volutpat sagittis pretium suspendisse porttitor faucibus quam in dapibus odio semper ac pellentesque a sapien tincidunt consequat tortor sit amet tempor magna nullam blandit vitae lectus id efficitur '),
 ('18', 'field', '18', 'en', ' pos1 '),
 ('18', 'field', '19', 'en', ' draw1 draw2 '),
 ('18', 'field', '12', 'en', ' wall or roof mounting where ducting is not required '),
 ('18', 'field', '13', 'en', ' mounting plate fabricated in steel and finished in epoxy resin 304 or 316 stainless steel available if required ​ impellers aluminium hub with polypropylene blades anti static or aluminium blades available if required motors single or 3 phase class f ip55 as standard with 2 speed zone 1 or zone 2 as optional extras '),
 ('18', 'field', '16', 'en', ' 1 this type of fan can be fitted beneath in low profile or vertical jet roof cowl as supplied by victoria fans '),
 ('45', 'field', '14', 'en', ' mounting plate '),
 ('45', 'field', '15', 'en', ' fabricated in steel and finished in epoxy resin 304 or 316 stainless steel available if required ​ '),
 ('45', 'slug', '0', 'en', ''),
 ('46', 'field', '14', 'en', ' impellers '),
 ('46', 'field', '15', 'en', ' aluminium hub with polypropylene blades anti static or aluminium blades available if required '),
 ('46', 'slug', '0', 'en', ''),
 ('47', 'field', '14', 'en', ' motors '),
 ('47', 'field', '15', 'en', ' single or 3 phase class f ip55 as standard with 2 speed zone 1 or zone 2 as optional extras '),
 ('47', 'slug', '0', 'en', ''),
 ('48', 'field', '17', 'en', ' 1 this type of fan can be fitted beneath in low profile or vertical jet roof cowl as supplied by victoria fans '),
 ('48', 'slug', '0', 'en', ''),
 ('4', 'field', '20', 'en', ' this is warm air extraction lorem ipsum dolor sit amet consectetur adipisicing elit ipsam minus totam in explicabo voluptate quas consequatur mollitia ducimus adipisci aliquid animi vero veritatis fugit enim commodi optio itaque nisi fugit '),
 ('18', 'field', '21', 'en', ' fan size left frame left a left b left c left d left e left 250 71 370 370 330 25 10 300 71 420 420 330 25 10 315 71 435 xxx 330 25 10 350 71 500 500 330 25 10 400 71 550 550 330 25 10 450 71 600 600 330 25 10 500 80 650 650 380 25 10 560 80 710 710 380 25 10 600 80 800 800 380 25 10 630 80 800 800 380 25 10 630 90 800 800 400 25 10 710 80 900 900 375 40 12 710 90 900 900 400 40 12 fan sizeframeabcde 25071370370330251030071420420330251031571435xxx3302510350715005003302510400715505503302510450716006003302510500806506503802510560807107103802510600808008003802510630808008003802510630908008004002510710809009003754012710909009004004012 fan size left frame left a left b left c left d left e left 710 100 900 900 445 40 12 800 90 1000 1000 415 40 12 800 100 1000 1000 460 40 12 800 112 1000 1000 460 40 12 900 100 1100 1100 460 50 14 900 112 1100 1100 465 50 14 900 132 1100 1100 540 50 14 1000 100 1250 1250 460 50 14 1000 112 1250 1250 460 50 14 1000 132 1250 1250 465 50 14 fan sizeframeabcde 710100900900445401280090100010004154012800100100010004604012800112100010004604012900100110011004605014900112110011004655014900132110011005405014100010012501250460501410001121250125046050141000132125012504655014 '),
 ('49', 'field', '22', 'en', ' fan size left frame left a left b left c left d left e left 250 71 370 370 330 25 10 300 71 420 420 330 25 10 315 71 435 xxx 330 25 10 350 71 500 500 330 25 10 400 71 550 550 330 25 10 450 71 600 600 330 25 10 500 80 650 650 380 25 10 560 80 710 710 380 25 10 600 80 800 800 380 25 10 630 80 800 800 380 25 10 630 90 800 800 400 25 10 710 80 900 900 375 40 12 710 90 900 900 400 40 12 fan sizeframeabcde 25071370370330251030071420420330251031571435xxx3302510350715005003302510400715505503302510450716006003302510500806506503802510560807107103802510600808008003802510630808008003802510630908008004002510710809009003754012710909009004004012 '),
 ('49', 'slug', '0', 'en', ''),
 ('50', 'field', '22', 'en', ' fan size left frame left a left b left c left d left e left 710 100 900 900 445 40 12 800 90 1000 1000 415 40 12 800 100 1000 1000 460 40 12 800 112 1000 1000 460 40 12 900 100 1100 1100 460 50 14 900 112 1100 1100 465 50 14 900 132 1100 1100 540 50 14 1000 100 1250 1250 460 50 14 1000 112 1250 1250 460 50 14 1000 132 1250 1250 465 50 14 fan sizeframeabcde 710100900900445401280090100010004154012800100100010004604012800112100010004604012900100110011004605014900112110011004655014900132110011005405014100010012501250460501410001121250125046050141000132125012504655014 '),
 ('50', 'slug', '0', 'en', ''),
 ('56', 'filename', '0', 'en', ' draw2 jpg '),
 ('55', 'title', '0', 'en', ' draw1 '),
 ('55', 'slug', '0', 'en', ' draw1 '),
 ('55', 'kind', '0', 'en', ' image '),
 ('55', 'extension', '0', 'en', ' jpg '),
 ('55', 'filename', '0', 'en', ' draw1 jpg '),
 ('53', 'filename', '0', 'en', ' pos1 jpg '),
 ('53', 'extension', '0', 'en', ' jpg '),
 ('53', 'kind', '0', 'en', ' image '),
 ('53', 'slug', '0', 'en', ' pos1 '),
 ('53', 'title', '0', 'en', ' pos1 '),
 ('54', 'filename', '0', 'en', ' pos2 jpg '),
 ('54', 'extension', '0', 'en', ' jpg '),
 ('54', 'kind', '0', 'en', ' image '),
 ('54', 'slug', '0', 'en', ' pos2 '),
 ('54', 'title', '0', 'en', ' pos2 '),
 ('56', 'extension', '0', 'en', ' jpg ');
INSERT INTO `craft_searchindex` (`elementId`, `attribute`, `fieldId`, `locale`, `keywords`) VALUES
 ('56', 'kind', '0', 'en', ' image '),
 ('56', 'slug', '0', 'en', ' draw2 '),
 ('56', 'title', '0', 'en', ' draw2 '),
 ('57', 'slug', '0', 'en', ' product range '),
 ('57', 'title', '0', 'en', ' product range '),
 ('57', 'field', '23', 'en', ' curabitur convallis arcu a posuere viverra justo erat consequat mauris vel dapibus ex purus rhoncus erat etiam egestas purus nibh eu tincidunt nisl elementum in suspendisse potenti phasellus molestie viverra quam ut suscipit massa eleifend id orci varius natoque penatibus et magnis dis parturient montes nascetur ridiculus mus maecenas volutpat sodales pellentesque donec ullamcorper urna mauris ut semper mi sagittis vel pellentesque habitant morbi tristique senectus et netus et malesuada fames ac turpis egestas '),
 ('58', 'filename', '0', 'en', ' hero1 jpg '),
 ('58', 'extension', '0', 'en', ' jpg '),
 ('58', 'kind', '0', 'en', ' image '),
 ('58', 'slug', '0', 'en', ' hero1 '),
 ('58', 'title', '0', 'en', ' hero1 '),
 ('2', 'field', '24', 'en', ' hero1 '),
 ('59', 'filename', '0', 'en', ' pos3 jpg '),
 ('59', 'extension', '0', 'en', ' jpg '),
 ('59', 'kind', '0', 'en', ' image '),
 ('59', 'slug', '0', 'en', ' pos3 '),
 ('59', 'title', '0', 'en', ' pos3 '),
 ('60', 'filename', '0', 'en', ' pos4 jpg '),
 ('60', 'extension', '0', 'en', ' jpg '),
 ('60', 'kind', '0', 'en', ' image '),
 ('60', 'slug', '0', 'en', ' pos4 '),
 ('60', 'title', '0', 'en', ' pos4 '),
 ('17', 'field', '25', 'en', ' pos3 '),
 ('19', 'field', '25', 'en', ' pos4 '),
 ('21', 'field', '25', 'en', ' pos4 '),
 ('20', 'field', '25', 'en', ' pos3 '),
 ('29', 'field', '11', 'en', ' emergency smoke extraction quisque placerat tellus a arcu dictum volutpat donec ultrices sagittis nisl eget ultrices lacus curabitur erat justo placerat ut justo a tincidunt posuere erat '),
 ('29', 'field', '18', 'en', ' pos2 '),
 ('29', 'field', '19', 'en', ''),
 ('29', 'field', '12', 'en', ''),
 ('29', 'field', '13', 'en', ''),
 ('29', 'field', '21', 'en', ''),
 ('29', 'field', '16', 'en', ''),
 ('23', 'field', '11', 'en', ' curabitur magna sapien consectetur eget nulla tincidunt euismod ultrices mi praesent id venenatis felis at accumsan elit vivamus bibendum ullamcorper arcu ut efficitur '),
 ('23', 'field', '18', 'en', ' pos1 '),
 ('23', 'field', '19', 'en', ''),
 ('23', 'field', '12', 'en', ''),
 ('23', 'field', '13', 'en', ''),
 ('23', 'field', '21', 'en', ''),
 ('23', 'field', '16', 'en', ''),
 ('26', 'field', '11', 'en', ' quisque posuere turpis a pharetra mollis mi ligula consectetur sem vel semper lacus magna a nulla sed erat nibh dapibus eget hendrerit aliquam vestibulum at massa phasellus varius at erat at lacinia mauris quis pulvinar enim '),
 ('26', 'field', '18', 'en', ' pos2 '),
 ('26', 'field', '19', 'en', ''),
 ('26', 'field', '12', 'en', ''),
 ('26', 'field', '13', 'en', ''),
 ('26', 'field', '21', 'en', ''),
 ('26', 'field', '16', 'en', ''),
 ('24', 'field', '18', 'en', ' pos2 '),
 ('24', 'field', '19', 'en', ''),
 ('24', 'field', '12', 'en', ''),
 ('24', 'field', '13', 'en', ''),
 ('24', 'field', '21', 'en', ''),
 ('24', 'field', '16', 'en', ''),
 ('25', 'field', '11', 'en', ' short cased axial pellentesque id mollis lacus aenean quis urna mauris aenean laoreet ipsum non laoreet vehicula sed egestas interdum venenatis sed vel nisl eu nulla lacinia consectetur '),
 ('25', 'field', '18', 'en', ' pos1 '),
 ('25', 'field', '19', 'en', ''),
 ('25', 'field', '12', 'en', ''),
 ('25', 'field', '13', 'en', ''),
 ('25', 'field', '21', 'en', ''),
 ('25', 'field', '16', 'en', ''),
 ('27', 'field', '11', 'en', ' roof extract axial vestibulum fringilla purus vel odio volutpat id congue velit pellentesque ut ullamcorper dolor eu mattis tincidunt dui metus blandit nisi pharetra tristique ante tortor id elit curabitur orci justo commodo vel suscipit quis mollis quis magna '),
 ('27', 'field', '18', 'en', ' pos1 '),
 ('27', 'field', '19', 'en', ''),
 ('27', 'field', '12', 'en', ''),
 ('27', 'field', '13', 'en', ''),
 ('27', 'field', '21', 'en', ''),
 ('27', 'field', '16', 'en', ''),
 ('28', 'field', '11', 'en', ' man cooler axial vestibulum posuere magna quis egestas gravida curabitur cursus leo vel lacinia placerat nulla tincidunt imperdiet ante ut tristique cras molestie dolor ipsum eget convallis dui volutpat quis '),
 ('28', 'field', '18', 'en', ' pos2 '),
 ('28', 'field', '19', 'en', ''),
 ('28', 'field', '12', 'en', ''),
 ('28', 'field', '13', 'en', ''),
 ('28', 'field', '21', 'en', ''),
 ('28', 'field', '16', 'en', ''),
 ('22', 'field', '11', 'en', ' conical sed ultrices hendrerit velit non efficitur mauris nisl neque aliquam ut eros eget tristique mollis nunc mauris vitae mi posuere suscipit eros eget pellentesque arcu pellentesque efficitur mauris a magna congue faucibus '),
 ('22', 'field', '18', 'en', ' pos2 '),
 ('22', 'field', '19', 'en', ''),
 ('22', 'field', '12', 'en', ''),
 ('22', 'field', '13', 'en', ''),
 ('22', 'field', '21', 'en', ''),
 ('22', 'field', '16', 'en', ''),
 ('30', 'field', '11', 'en', ' high pressure centrifugal blowers fusce volutpat odio vel purus tincidunt semper aliquam at maximus mi integer congue dapibus congue etiam tempus est sit amet erat maximus vel ultricies tortor vestibulum '),
 ('30', 'field', '18', 'en', ' pos1 '),
 ('30', 'field', '19', 'en', ''),
 ('30', 'field', '12', 'en', ''),
 ('30', 'field', '13', 'en', ''),
 ('30', 'field', '21', 'en', ''),
 ('30', 'field', '16', 'en', ''),
 ('34', 'field', '11', 'en', ' urabitur sit amet auctor risus donec lobortis bibendum tortor sit amet aliquam metus consequat sed donec pretium faucibus dignissim vivamus lectus magna blandit a dui at porta dapibus risus '),
 ('34', 'field', '18', 'en', ' pos2 '),
 ('34', 'field', '19', 'en', ''),
 ('34', 'field', '12', 'en', ''),
 ('34', 'field', '13', 'en', ''),
 ('34', 'field', '21', 'en', ''),
 ('34', 'field', '16', 'en', ''),
 ('62', 'slug', '0', 'en', ' company background '),
 ('62', 'title', '0', 'en', ' company background '),
 ('62', 'field', '26', 'en', ' victoria fans are proud suppliers to over 1000 organisations across 30 countries '),
 ('62', 'field', '27', 'en', ' more about us '),
 ('62', 'field', '28', 'en', ' since 1984 victoria fans ltd have produced approximately 40 000 fans of all types for projects in both the uk and abroad we are well respected in the trade and regularly product fans for other fan suppliers ');
INSERT INTO `craft_searchindex` (`elementId`, `attribute`, `fieldId`, `locale`, `keywords`) VALUES
 ('62', 'field', '29', 'en', ' since 1984 victoria fans ltd have produced approximately 40 000 fans of all types for projects in both the uk and abroad we are well respected in the trade and regularly product fans for other fan suppliers in the uk victoria fans are sold directly to the trade through a network of professional fans heating ventilation distributors carefully selected to know both our products and the local area in which the enquirer trades in other parts of the world there is a victoria fans agent with considerable expertise and long association with strategic partners in europe the middle east far east victoria fans are happy to make dimensional and performance modification to their range of products and can fabricated exact copies of obsolete equipment we also welcome the opportunity to discuss new or different fan applications with original equipment manufacturers consultants or h v engineers '),
 ('62', 'field', '30', 'en', ' standards and certification '),
 ('62', 'field', '31', 'en', ' we produce fans of high quality and can provide certificates of conformity and test certificates when requested fan performance to bs848 and amca 210 and atex for explosion proof fans ce certificates are supplied as appropriate and o m instructions are available for all the type of fans we supply we are members of the federation of environmental trade associations ltd feta and the fan manufacturers association fma '),
 ('62', 'field', '32', 'en', ''),
 ('73', 'field', '6', 'en', ' uses mainly in the chemical and allied trades suitable for most acid vapours upto 80 c 176 f constructed throughout in stainless steel with a polypropylene impeller and class f standard motor with a stainless steel extended shaft '),
 ('73', 'slug', '0', 'en', ''),
 ('74', 'field', '5', 'en', ' extra features available '),
 ('74', 'field', '6', 'en', ' mounting feetflexible connectionsav mountingsmating flangesinlet conesguardsback draught shuttersspecial paint finishes '),
 ('74', 'slug', '0', 'en', ''),
 ('75', 'field', '5', 'en', ' finish '),
 ('75', 'field', '6', 'en', ' standard fans galvanisedoptional finishes epoxy resin metal spraying '),
 ('75', 'slug', '0', 'en', ''),
 ('76', 'field', '5', 'en', ' applications '),
 ('76', 'field', '6', 'en', ' engineers must consider the use of centrifugal fans instead of axial fans for some of the following reasons high temperaturelow noise levelsdust fume extracthigh static watergauge '),
 ('76', 'slug', '0', 'en', ''),
 ('77', 'field', '5', 'en', ' types of centrifugal fans '),
 ('77', 'field', '6', 'en', ' there are different types of centrifugal fans covering air volumes from 85 to 100 000m hr and from 25 to 15 000 pa each application requires a fan with different characteristics whether it be the blade design the width of the casing or even the method of drive by way of a guide as to which is the best fan for certain projects we list below information that might assist the potential user '),
 ('88', 'field', '5', 'en', ' paddle blade fans '),
 ('88', 'field', '6', 'en', ' this type of fan is used for the conveying of dust wood and paper refuse cotton fly etc since the blade design prevents build up of waste materials discharge velocities vary dependent upon what is being conveyed in the air stream normally in the region of 7 20 mtrs sec '),
 ('88', 'slug', '0', 'en', ''),
 ('89', 'field', '5', 'en', ' multivane or forward curved fans '),
 ('89', 'field', '6', 'en', ' used for general ventilation purposes not good for dust etc limited pressure characteristics normal discharge velocities 5 13 mts sec '),
 ('89', 'slug', '0', 'en', ''),
 ('90', 'field', '5', 'en', ' backward curved or backward sloping fans '),
 ('90', 'field', '6', 'en', ' non overloading power characteristics suitable for very light dust applications eg clean side of dust collector where a good efficiency is required used for high pressure ventilation systems or where the system resistance could fluctuate normal velocities 9 16 mts sec '),
 ('90', 'slug', '0', 'en', ''),
 ('91', 'field', '5', 'en', ' aerofoil fans '),
 ('91', 'field', '6', 'en', ' the most efficient of all centrifugals fans ideally suited to general ventilation projects where there is no possibility of dust contamination recommend for high pressure ventilation systems or where the system resistance could fluctuate normal discharge velocities 7 15 mts sec '),
 ('77', 'slug', '0', 'en', ''),
 ('6', 'field', '20', 'en', ' in the event of a fire in densely populated buildings such as hospitals stores sports centres and shopping malls it is essential that adequate emergency smoke ventilation is provided this not only keeps escapes routes clear but also minimises damage to buildings and contents and assists the fire service in fighting fire the type of fan can be used as part of a roof extract unit incorporating a victoria fabricated steel vertical jet roof extract cowl '),
 ('4', 'field', '4', 'en', ''),
 ('6', 'field', '4', 'en', ' impellers dynamically balanced aluminium aerofoil section or steel or stainless steel for higher temperatures fan casing victoria standard short or long casing to suit application heavy gauge fabricated steel welded construction galvanised or epoxy coated after manufacture diameters from 250 1600mm terminal box connection one of the most important aspects of smoke extract units is the provision of a suitable cable material that will not perish with heat and that will continue to power the motors at elevated temperatures emergency smoke roof extract fans incorporating axials fans as described above and vertical jet roof cowls fabricated in steel and finished in powder epoxy polyester resin with galvanised steel backdraught shutters provides an ideal terminal device for a smoke extract duct to bs 7346 certification 300 c 2hrs bsen 12101 3400 c 2hrs bs 7346 '),
 ('7', 'field', '20', 'en', ' as their suggests this range of fans is used on flat or sloping roofs and is suitable for exhausting warm and contaminated air up to a maximum ambient temperatures of 60 c using an axial or propeller type fan upto 600 c using axials or bifurcated fans air volumes from 0 5 50m sec both low profile and vertical jet models can be fitted with single or three phase motor in tefc or flameproof enclosures '),
 ('7', 'field', '33', 'en', ' roof extract axial plate mounted axial emergency smoke extraction '),
 ('4', 'field', '33', 'en', ' plate mounted axial long cased axial short cased axial '),
 ('18', 'field', '34', 'en', ' warm air extraction emergency smoke extraction '),
 ('24', 'field', '34', 'en', ''),
 ('25', 'field', '34', 'en', ''),
 ('27', 'field', '34', 'en', ''),
 ('28', 'field', '34', 'en', ''),
 ('29', 'field', '34', 'en', ' emergency smoke extraction '),
 ('22', 'field', '34', 'en', ''),
 ('31', 'field', '11', 'en', ' flameproof plate mounted axial morbi ut dapibus eros eu vehicula nisl integer elementum vestibulum orci fusce hendrerit rutrum pharetra nam ornare efficitur metus a vestibulum turpis vulputate vitae nulla in ipsum sagittis pulvinar dui sit amet commodo nunc '),
 ('31', 'field', '34', 'en', ''),
 ('31', 'field', '18', 'en', ' pos2 '),
 ('31', 'field', '19', 'en', ''),
 ('31', 'field', '12', 'en', ''),
 ('31', 'field', '13', 'en', ''),
 ('31', 'field', '21', 'en', ''),
 ('31', 'field', '16', 'en', ''),
 ('30', 'field', '34', 'en', ''),
 ('32', 'field', '11', 'en', ' paddle nullam mattis magna quis metus semper viverra non at eros vestibulum rhoncus pharetra nibh at scelerisque turpis elementum quis curabitur elit dolor fringilla quis lacus ac efficitur lobortis enim '),
 ('32', 'field', '34', 'en', ''),
 ('32', 'field', '18', 'en', ' pos2 '),
 ('32', 'field', '19', 'en', ''),
 ('32', 'field', '12', 'en', ''),
 ('32', 'field', '13', 'en', ''),
 ('32', 'field', '21', 'en', ''),
 ('32', 'field', '16', 'en', ''),
 ('33', 'field', '11', 'en', ' forward pellentesque tincidunt lacinia semper sed lacinia eget est non commodo aliquam leo dolor molestie ac ex at ultricies consectetur neque fusce eget dignissim eros id mollis est aenean at vehicula ante eu imperdiet lorem '),
 ('33', 'field', '34', 'en', ''),
 ('33', 'field', '18', 'en', ' pos1 '),
 ('33', 'field', '19', 'en', ''),
 ('33', 'field', '12', 'en', ''),
 ('33', 'field', '13', 'en', ''),
 ('33', 'field', '21', 'en', ''),
 ('33', 'field', '16', 'en', ''),
 ('35', 'field', '11', 'en', ' aerofoil duis at leo sed mauris aliquam facilisis eu et neque mauris ut massa orci vestibulum vitae arcu sed lectus sagittis porttitor eget id sapien nulla vehicula nibh quis tortor bibendum posuere vitae in diam '),
 ('35', 'field', '34', 'en', ''),
 ('35', 'field', '18', 'en', ' pos2 '),
 ('35', 'field', '19', 'en', ''),
 ('35', 'field', '12', 'en', ''),
 ('35', 'field', '13', 'en', ''),
 ('35', 'field', '21', 'en', ''),
 ('35', 'field', '16', 'en', ''),
 ('6', 'field', '33', 'en', ''),
 ('78', 'field', '5', 'en', ' impellers '),
 ('78', 'field', '6', 'en', ' dynamically balanced aluminium aerofoil section or steel or stainless steel for higher temperatures '),
 ('78', 'slug', '0', 'en', ''),
 ('79', 'field', '5', 'en', ' fan casing '),
 ('79', 'field', '6', 'en', ' victoria standard short or long casing to suit application heavy gauge fabricated steel welded construction galvanised or epoxy coated after manufacture diameters from 250 1600mm '),
 ('79', 'slug', '0', 'en', ''),
 ('80', 'field', '5', 'en', ' terminal box connection '),
 ('80', 'field', '6', 'en', ' one of the most important aspects of smoke extract units is the provision of a suitable cable material that will not perish with heat and that will continue to power the motors at elevated temperatures '),
 ('80', 'slug', '0', 'en', ''),
 ('81', 'field', '5', 'en', ' emergency smoke roof extract fans '),
 ('81', 'field', '6', 'en', ' incorporating axials fans as described above and vertical jet roof cowls fabricated in steel and finished in powder epoxy polyester resin with galvanised steel backdraught shutters provides an ideal terminal device for a smoke extract duct '),
 ('81', 'slug', '0', 'en', ''),
 ('82', 'field', '5', 'en', ' to bs 7346 certification '),
 ('82', 'field', '6', 'en', ' 300 c 2hrs bsen 12101 3400 c 2hrs bs 7346 '),
 ('82', 'slug', '0', 'en', ''),
 ('5', 'field', '20', 'en', ''),
 ('5', 'field', '4', 'en', ''),
 ('5', 'field', '33', 'en', ' long cased axial conical bifurcated plate mounted axial cylindrical bifurcated '),
 ('7', 'field', '4', 'en', ' standard construction fabricated mild steel base and cowl epoxy polyester resin coated after manufacture standard colour being ral 1013 the vertical jet unit is fitted with backdraught shutters the low profile unit can be fitted with backdraught shutters if required the standard units are fitted with victoria plate mounted axial fans with epoxy coating they can be fitted with long casings if required for duct mounting special construction all victoria fan roof units can be fabricated in stainless steel or aluminium if required silencers silencers may also be fitted to any of the fans used in victoria roof units run and standby motors can be fitted if required roof units for input low profile design only by removing the backdraught shutters victoria low profile units can be used to input to give general ventilation special sizes victoria roof units can be fabricated to suit non standard roof openings if required '),
 ('83', 'field', '5', 'en', ' standard construction '),
 ('83', 'field', '6', 'en', ' fabricated mild steel base and cowl epoxy polyester resin coated after manufacture standard colour being ral 1013 the vertical jet unit is fitted with backdraught shutters the low profile unit can be fitted with backdraught shutters if required the standard units are fitted with victoria plate mounted axial fans with epoxy coating they can be fitted with long casings if required for duct mounting '),
 ('83', 'slug', '0', 'en', ''),
 ('84', 'field', '5', 'en', ' special construction '),
 ('84', 'field', '6', 'en', ' all victoria fan roof units can be fabricated in stainless steel or aluminium if required ');
INSERT INTO `craft_searchindex` (`elementId`, `attribute`, `fieldId`, `locale`, `keywords`) VALUES
 ('84', 'slug', '0', 'en', ''),
 ('85', 'field', '5', 'en', ' silencers '),
 ('85', 'field', '6', 'en', ' silencers may also be fitted to any of the fans used in victoria roof units run and standby motors can be fitted if required '),
 ('85', 'slug', '0', 'en', ''),
 ('86', 'field', '5', 'en', ' roof units for input low profile design only '),
 ('86', 'field', '6', 'en', ' by removing the backdraught shutters victoria low profile units can be used to input to give general ventilation '),
 ('86', 'slug', '0', 'en', ''),
 ('87', 'field', '5', 'en', ' special sizes '),
 ('87', 'field', '6', 'en', ' victoria roof units can be fabricated to suit non standard roof openings if required '),
 ('87', 'slug', '0', 'en', ''),
 ('91', 'slug', '0', 'en', ''),
 ('92', 'field', '5', 'en', ' high pressure blowers '),
 ('92', 'field', '6', 'en', ' as their name suggests these fans are applied where the requirement is for high velocities eg air curtains refuse conveying etc normal discharge velocities 15 30 mts sec '),
 ('92', 'slug', '0', 'en', ''),
 ('8', 'field', '20', 'en', ''),
 ('8', 'field', '4', 'en', ' silencers in both commercial and industrial applications the use of duct mounted silencers to reduce noise emission from fans is become more commonplace as increasing legislation calls for better and more comfortable working environments at victoria industrial fans we have a special acoustic service whereby engineers and consultants can call upon our expertise in selecting the correct method of acoustic treatment to give guaranteed noise levels in hospitals offices factories etc simply call our office for more details quite the most commonly used silencers are what is known as cylindrical stt and pod stp type silencers the tabulation shows the pressure losses through pod type silencers the losses through cylindrical silencers are considerably less the length of the silencer is a function of its diameter i e 1 x diameter long or 2 x diameter long obviously the longer the attenuator the greater the pressure drop and the greater the acoustic performance pod type silencers give better attenuation that cylindrical type silencers finish standard silencers galvanised sheet optional extras melinex lining for steam high humidity hospital and food industries epoxy coating stainless steel construction '),
 ('8', 'field', '33', 'en', ' plate mounted axial long cased axial short cased axial external motor axial roof extract axial man cooler axial emergency smoke extraction conical bifurcated cylindrical bifurcated '),
 ('93', 'field', '5', 'en', ' silencers '),
 ('93', 'field', '6', 'en', ' in both commercial and industrial applications the use of duct mounted silencers to reduce noise emission from fans is become more commonplace as increasing legislation calls for better and more comfortable working environments at victoria industrial fans we have a special acoustic service whereby engineers and consultants can call upon our expertise in selecting the correct method of acoustic treatment to give guaranteed noise levels in hospitals offices factories etc simply call our office for more details quite the most commonly used silencers are what is known as cylindrical stt and pod stp type silencers the tabulation shows the pressure losses through pod type silencers the losses through cylindrical silencers are considerably less the length of the silencer is a function of its diameter i e 1 x diameter long or 2 x diameter long obviously the longer the attenuator the greater the pressure drop and the greater the acoustic performance pod type silencers give better attenuation that cylindrical type silencers '),
 ('93', 'slug', '0', 'en', ''),
 ('94', 'field', '5', 'en', ' finish '),
 ('94', 'field', '6', 'en', ' standard silencers galvanised sheet '),
 ('94', 'slug', '0', 'en', ''),
 ('95', 'field', '5', 'en', ' optional extras '),
 ('95', 'field', '6', 'en', ' melinex lining for steam high humidity hospital and food industries epoxy coating stainless steel construction '),
 ('95', 'slug', '0', 'en', '');



DROP TABLE IF EXISTS `craft_sections`;


--
-- Schema for table `craft_sections`
--
CREATE TABLE `craft_sections` (
  `id` int(11) NOT NULL AUTO_INCREMENT,
  `structureId` int(11) DEFAULT NULL,
  `name` varchar(255) COLLATE utf8_unicode_ci NOT NULL,
  `handle` varchar(255) COLLATE utf8_unicode_ci NOT NULL,
  `type` enum('single','channel','structure') COLLATE utf8_unicode_ci NOT NULL DEFAULT 'channel',
  `hasUrls` tinyint(1) unsigned NOT NULL DEFAULT '1',
  `template` varchar(500) COLLATE utf8_unicode_ci DEFAULT NULL,
  `enableVersioning` tinyint(1) unsigned NOT NULL DEFAULT '0',
  `dateCreated` datetime NOT NULL,
  `dateUpdated` datetime NOT NULL,
  `uid` char(36) COLLATE utf8_unicode_ci NOT NULL DEFAULT '0',
  PRIMARY KEY (`id`),
  UNIQUE KEY `craft_sections_name_unq_idx` (`name`),
  UNIQUE KEY `craft_sections_handle_unq_idx` (`handle`),
  KEY `craft_sections_structureId_fk` (`structureId`)
) ENGINE=InnoDB AUTO_INCREMENT=7 DEFAULT CHARSET=utf8 COLLATE=utf8_unicode_ci;

--
-- Data for table `craft_sections`
--

INSERT INTO `craft_sections` (`id`, `structureId`, `name`, `handle`, `type`, `hasUrls`, `template`, `enableVersioning`, `dateCreated`, `dateUpdated`, `uid`) VALUES
 ('1', NULL, 'Homepage', 'homepage', 'single', '1', 'index', '1', '2017-02-27 15:05:21', '2017-02-27 15:05:21', 'dbebcef7-1cfd-47c7-9152-04b4046d893e'),
 ('2', NULL, 'News', 'news', 'channel', '1', 'news/_entry', '1', '2017-02-27 15:05:21', '2017-02-27 15:05:21', '5ec5be4f-7d6a-4f4c-9f8b-549639179370'),
 ('3', '3', 'Product Specifications', 'productSpecifications', 'structure', '1', 'products/_entry', '1', '2017-02-27 15:32:41', '2017-02-28 09:49:11', 'c2f1f492-f8d4-42ba-ac19-6fc8ef262ebb'),
 ('4', NULL, 'Product Range', 'productRange', 'single', '1', 'products/product-range', '1', '2017-03-01 13:02:16', '2017-03-01 13:10:21', '778fb516-89fb-4cac-b9fa-845dd321a2ff'),
 ('6', NULL, 'Company Background', 'companyBackground', 'single', '1', 'about_us', '1', '2017-03-09 14:05:31', '2017-03-09 14:05:31', '9f0ca6fc-a0e3-4002-8974-6454e2259cdc');



DROP TABLE IF EXISTS `craft_sections_i18n`;


--
-- Schema for table `craft_sections_i18n`
--
CREATE TABLE `craft_sections_i18n` (
  `id` int(11) NOT NULL AUTO_INCREMENT,
  `sectionId` int(11) NOT NULL,
  `locale` char(12) COLLATE utf8_unicode_ci NOT NULL,
  `enabledByDefault` tinyint(1) unsigned NOT NULL DEFAULT '1',
  `urlFormat` text COLLATE utf8_unicode_ci,
  `nestedUrlFormat` text COLLATE utf8_unicode_ci,
  `dateCreated` datetime NOT NULL,
  `dateUpdated` datetime NOT NULL,
  `uid` char(36) COLLATE utf8_unicode_ci NOT NULL DEFAULT '0',
  PRIMARY KEY (`id`),
  UNIQUE KEY `craft_sections_i18n_sectionId_locale_unq_idx` (`sectionId`,`locale`),
  KEY `craft_sections_i18n_locale_fk` (`locale`)
) ENGINE=InnoDB AUTO_INCREMENT=7 DEFAULT CHARSET=utf8 COLLATE=utf8_unicode_ci;

--
-- Data for table `craft_sections_i18n`
--

INSERT INTO `craft_sections_i18n` (`id`, `sectionId`, `locale`, `enabledByDefault`, `urlFormat`, `nestedUrlFormat`, `dateCreated`, `dateUpdated`, `uid`) VALUES
 ('1', '1', 'en', '1', '__home__', NULL, '2017-02-27 15:05:21', '2017-02-27 15:05:21', '16a028fa-9933-45d5-8807-cbb810b4a98f'),
 ('2', '2', 'en', '1', 'news/{postDate.year}/{slug}', NULL, '2017-02-27 15:05:21', '2017-02-27 15:05:21', '89433a06-d87e-4a76-91df-0ebca39536e9'),
 ('3', '3', 'en', '1', '{slug}', '{parent.uri}/{slug}', '2017-02-27 15:32:41', '2017-02-27 18:27:30', 'b0ca4775-af06-4704-9c57-f4fd269e424e'),
 ('4', '4', 'en', '1', 'product-range', NULL, '2017-03-01 13:02:16', '2017-03-01 13:02:16', '674e6660-61bc-4b73-88cc-dbe043ca36a7'),
 ('6', '6', 'en', '1', 'company-background', NULL, '2017-03-09 14:05:31', '2017-03-09 14:05:31', '8805a791-6b4f-4ba1-abb7-2123a9be37c7');



DROP TABLE IF EXISTS `craft_sessions`;


--
-- Schema for table `craft_sessions`
--
CREATE TABLE `craft_sessions` (
  `id` int(11) NOT NULL AUTO_INCREMENT,
  `userId` int(11) NOT NULL,
  `token` char(100) COLLATE utf8_unicode_ci NOT NULL,
  `dateCreated` datetime NOT NULL,
  `dateUpdated` datetime NOT NULL,
  `uid` char(36) COLLATE utf8_unicode_ci NOT NULL DEFAULT '0',
  PRIMARY KEY (`id`),
  KEY `craft_sessions_uid_idx` (`uid`),
  KEY `craft_sessions_token_idx` (`token`),
  KEY `craft_sessions_dateUpdated_idx` (`dateUpdated`),
  KEY `craft_sessions_userId_fk` (`userId`)
) ENGINE=InnoDB AUTO_INCREMENT=14 DEFAULT CHARSET=utf8 COLLATE=utf8_unicode_ci;

DROP TABLE IF EXISTS `craft_shunnedmessages`;


--
-- Schema for table `craft_shunnedmessages`
--
CREATE TABLE `craft_shunnedmessages` (
  `id` int(11) NOT NULL AUTO_INCREMENT,
  `userId` int(11) NOT NULL,
  `message` varchar(255) COLLATE utf8_unicode_ci NOT NULL,
  `expiryDate` datetime DEFAULT NULL,
  `dateCreated` datetime NOT NULL,
  `dateUpdated` datetime NOT NULL,
  `uid` char(36) COLLATE utf8_unicode_ci NOT NULL DEFAULT '0',
  PRIMARY KEY (`id`),
  UNIQUE KEY `craft_shunnedmessages_userId_message_unq_idx` (`userId`,`message`)
) ENGINE=InnoDB DEFAULT CHARSET=utf8 COLLATE=utf8_unicode_ci;

DROP TABLE IF EXISTS `craft_structureelements`;


--
-- Schema for table `craft_structureelements`
--
CREATE TABLE `craft_structureelements` (
  `id` int(11) NOT NULL AUTO_INCREMENT,
  `structureId` int(11) NOT NULL,
  `elementId` int(11) DEFAULT NULL,
  `root` int(11) unsigned DEFAULT NULL,
  `lft` int(11) unsigned NOT NULL,
  `rgt` int(11) unsigned NOT NULL,
  `level` smallint(6) unsigned NOT NULL,
  `dateCreated` datetime NOT NULL,
  `dateUpdated` datetime NOT NULL,
  `uid` char(36) COLLATE utf8_unicode_ci NOT NULL DEFAULT '0',
  PRIMARY KEY (`id`),
  UNIQUE KEY `craft_structureelements_structureId_elementId_unq_idx` (`structureId`,`elementId`),
  KEY `craft_structureelements_root_idx` (`root`),
  KEY `craft_structureelements_lft_idx` (`lft`),
  KEY `craft_structureelements_rgt_idx` (`rgt`),
  KEY `craft_structureelements_level_idx` (`level`),
  KEY `craft_structureelements_elementId_fk` (`elementId`)
) ENGINE=InnoDB AUTO_INCREMENT=35 DEFAULT CHARSET=utf8 COLLATE=utf8_unicode_ci;

--
-- Data for table `craft_structureelements`
--

INSERT INTO `craft_structureelements` (`id`, `structureId`, `elementId`, `root`, `lft`, `rgt`, `level`, `dateCreated`, `dateUpdated`, `uid`) VALUES
 ('1', '1', NULL, '1', '1', '12', '0', '2017-02-27 15:10:36', '2017-02-27 15:10:36', '1a1c4659-c65b-423e-a5f4-25e736d93e5d'),
 ('2', '1', '4', '1', '2', '3', '1', '2017-02-27 15:10:36', '2017-02-27 15:10:36', '43c865f7-cec4-4e08-84b3-3f98faf1d88a'),
 ('3', '1', '5', '1', '4', '5', '1', '2017-02-27 15:10:49', '2017-02-27 15:10:49', '77385393-a1f4-4c48-a204-bad39c9f1e8d'),
 ('4', '1', '6', '1', '6', '7', '1', '2017-02-27 15:11:01', '2017-02-27 15:11:01', '5aa004f4-3841-4367-9450-70e9f94b6342'),
 ('5', '1', '7', '1', '8', '9', '1', '2017-02-27 15:11:11', '2017-02-27 15:11:11', '0713fef6-36f3-44d8-baaf-7ae9d2b851a5'),
 ('6', '1', '8', '1', '10', '11', '1', '2017-02-27 15:11:20', '2017-02-27 15:11:20', '38f01051-ed72-407b-9948-a4c051dbb5a0'),
 ('7', '2', NULL, '7', '1', '2', '0', '2017-02-27 15:21:41', '2017-02-27 15:21:41', '7790f570-db9e-4ee7-9d71-0af7b58f129a'),
 ('13', '3', NULL, '13', '1', '40', '0', '2017-02-27 15:33:07', '2017-02-27 15:33:07', 'e926f4d5-8f95-4631-8040-e144a731e96a'),
 ('16', '3', '17', '13', '2', '17', '1', '2017-02-27 16:02:49', '2017-02-27 16:02:49', 'ec5d54ba-6e1d-4b81-b55f-8f491cb101d6'),
 ('17', '3', '18', '13', '3', '4', '2', '2017-02-27 16:03:13', '2017-02-27 16:03:13', '8796eb49-dfda-402a-8674-153b93aab4fc'),
 ('18', '3', '19', '13', '18', '23', '1', '2017-02-27 16:07:43', '2017-02-27 16:07:43', 'c3c90f1e-2bd5-42d1-b6b1-2233500e7dd8'),
 ('19', '3', '20', '13', '28', '39', '1', '2017-02-27 16:08:02', '2017-02-27 16:08:02', '79924c95-231d-4437-8815-a7ab2d75c5e8'),
 ('20', '3', '21', '13', '24', '27', '1', '2017-02-27 16:08:22', '2017-02-27 16:08:22', 'd3dc0217-a774-4f0d-8bdb-0d4ea31d21bf'),
 ('21', '3', '22', '13', '19', '20', '2', '2017-02-27 16:09:02', '2017-02-27 16:09:02', '4e15b7ad-a92d-4200-ba02-b0d0c16e17b4'),
 ('22', '3', '23', '13', '21', '22', '2', '2017-02-27 16:09:23', '2017-02-27 16:09:23', '8bfebed1-6f6f-4a34-b0ca-62862719cb4a'),
 ('23', '3', '24', '13', '5', '6', '2', '2017-02-27 16:09:41', '2017-02-27 16:09:41', '394abff9-a7b5-4770-8701-75c388615d33'),
 ('24', '3', '25', '13', '7', '8', '2', '2017-02-27 16:10:05', '2017-02-27 16:10:05', 'a1446415-0d85-4ac8-89b7-432055dd92d1'),
 ('25', '3', '26', '13', '9', '10', '2', '2017-02-27 16:10:20', '2017-02-27 16:10:20', '890b009c-c2b6-495f-b9d4-7f7e8b86a964'),
 ('26', '3', '27', '13', '11', '12', '2', '2017-02-27 16:10:40', '2017-02-27 16:10:40', '764b80f0-0944-4a6c-9645-f7b7161f8059'),
 ('27', '3', '28', '13', '13', '14', '2', '2017-02-27 16:10:56', '2017-02-27 16:10:56', '4e69b00e-7404-4e6c-b0ca-b79a292de284'),
 ('28', '3', '29', '13', '15', '16', '2', '2017-02-27 16:11:17', '2017-02-27 16:11:17', 'c20f68f9-cea8-46a5-bb04-31f819d24579'),
 ('29', '3', '30', '13', '29', '30', '2', '2017-02-27 16:17:30', '2017-02-27 16:17:30', 'ec04028c-cfa9-4364-bb52-8ed39af3d101'),
 ('30', '3', '31', '13', '25', '26', '2', '2017-02-27 16:17:46', '2017-02-27 16:17:46', '29516edb-b7b3-44bb-bfbc-9de070e7d992'),
 ('31', '3', '32', '13', '31', '32', '2', '2017-02-27 16:18:09', '2017-02-27 16:18:09', '8e4a3311-2a4b-4e3e-a05f-50c70fc1883c'),
 ('32', '3', '33', '13', '33', '34', '2', '2017-02-27 16:18:18', '2017-02-27 16:18:18', '24f5e7b9-ee4e-46c9-a5cb-6c368809335d'),
 ('33', '3', '34', '13', '35', '36', '2', '2017-02-27 16:18:46', '2017-02-27 16:18:46', '640d4d97-69e5-488f-ab83-a1b7458587ed'),
 ('34', '3', '35', '13', '37', '38', '2', '2017-02-27 16:19:40', '2017-02-27 16:19:40', '6ec54f5e-428d-422d-8522-c91089e438e0');



DROP TABLE IF EXISTS `craft_structures`;


--
-- Schema for table `craft_structures`
--
CREATE TABLE `craft_structures` (
  `id` int(11) NOT NULL AUTO_INCREMENT,
  `maxLevels` smallint(6) unsigned DEFAULT NULL,
  `dateCreated` datetime NOT NULL,
  `dateUpdated` datetime NOT NULL,
  `uid` char(36) COLLATE utf8_unicode_ci NOT NULL DEFAULT '0',
  PRIMARY KEY (`id`)
) ENGINE=InnoDB AUTO_INCREMENT=4 DEFAULT CHARSET=utf8 COLLATE=utf8_unicode_ci;

--
-- Data for table `craft_structures`
--

INSERT INTO `craft_structures` (`id`, `maxLevels`, `dateCreated`, `dateUpdated`, `uid`) VALUES
 ('1', NULL, '2017-02-27 15:10:11', '2017-03-24 16:21:32', '45c016d3-252f-47b9-bf34-413f81cf7c38'),
 ('2', '2', '2017-02-27 15:20:19', '2017-02-27 15:27:40', '6c326f5f-4a2d-4f04-9482-c4b644ea8f10'),
 ('3', NULL, '2017-02-27 15:32:41', '2017-02-28 09:49:11', 'aeb45b34-33b3-43eb-9402-a4c2151bd931');



DROP TABLE IF EXISTS `craft_supertableblocks`;


--
-- Schema for table `craft_supertableblocks`
--
CREATE TABLE `craft_supertableblocks` (
  `id` int(11) NOT NULL,
  `ownerId` int(11) NOT NULL,
  `fieldId` int(11) NOT NULL,
  `typeId` int(11) DEFAULT NULL,
  `sortOrder` smallint(6) unsigned DEFAULT NULL,
  `ownerLocale` char(12) COLLATE utf8_unicode_ci DEFAULT NULL,
  `dateCreated` datetime NOT NULL,
  `dateUpdated` datetime NOT NULL,
  `uid` char(36) COLLATE utf8_unicode_ci NOT NULL DEFAULT '0',
  PRIMARY KEY (`id`),
  KEY `craft_supertableblocks_ownerId_idx` (`ownerId`),
  KEY `craft_supertableblocks_fieldId_idx` (`fieldId`),
  KEY `craft_supertableblocks_typeId_idx` (`typeId`),
  KEY `craft_supertableblocks_sortOrder_idx` (`sortOrder`),
  KEY `craft_supertableblocks_ownerLocale_fk` (`ownerLocale`)
) ENGINE=InnoDB DEFAULT CHARSET=utf8 COLLATE=utf8_unicode_ci;

--
-- Data for table `craft_supertableblocks`
--

INSERT INTO `craft_supertableblocks` (`id`, `ownerId`, `fieldId`, `typeId`, `sortOrder`, `ownerLocale`, `dateCreated`, `dateUpdated`, `uid`) VALUES
 ('36', '17', '4', '1', '1', NULL, '2017-02-28 10:02:46', '2017-03-23 15:51:14', '3bff071b-803b-4f8f-8d5c-7c647a994509'),
 ('37', '17', '4', '1', '2', NULL, '2017-02-28 10:02:46', '2017-03-23 15:51:14', 'cb2bdd3e-91ea-46c2-b389-36f4c5b3ea65'),
 ('38', '17', '4', '1', '3', NULL, '2017-02-28 10:02:46', '2017-03-23 15:51:14', 'dbe5997d-5b4f-495d-b0ef-813965670cc1'),
 ('41', '17', '4', '1', '4', NULL, '2017-02-28 10:05:05', '2017-03-23 15:51:14', 'e5832b12-db1a-470e-82b3-e81b6816960a'),
 ('42', '17', '4', '1', '5', NULL, '2017-02-28 10:05:05', '2017-03-23 15:51:14', 'ed1acdd6-f8dd-4867-9945-63deb367676e'),
 ('43', '17', '4', '1', '6', NULL, '2017-02-28 10:05:05', '2017-03-23 15:51:14', '215bc2bb-f343-4149-93aa-258599d835a5'),
 ('44', '17', '4', '1', '7', NULL, '2017-02-28 10:05:05', '2017-03-23 15:51:14', 'ec513dab-e74b-47e5-bc9e-67406043b3c7'),
 ('45', '18', '13', '2', '1', NULL, '2017-02-28 17:05:42', '2017-03-24 11:46:36', 'a957cc80-82a8-41df-bda9-9d1d802b5ac0'),
 ('46', '18', '13', '2', '2', NULL, '2017-02-28 17:07:33', '2017-03-24 11:46:36', 'e1f2d51d-5efe-4bec-a252-68d753572edd'),
 ('47', '18', '13', '2', '3', NULL, '2017-02-28 17:07:33', '2017-03-24 11:46:36', '3a8d8af1-71bd-4c10-9236-5bc60416befb'),
 ('48', '18', '16', '3', '1', NULL, '2017-02-28 17:15:35', '2017-03-24 11:46:36', '181eb04d-af17-4ada-b9e8-ee936e083518'),
 ('49', '18', '21', '4', '1', NULL, '2017-03-01 10:51:25', '2017-03-24 11:46:36', '55bd8998-fb83-4c21-a798-1a5b05dd0754'),
 ('50', '18', '21', '4', '2', NULL, '2017-03-01 11:07:54', '2017-03-24 11:46:36', '9e6c6888-dad4-4bc6-8d66-38360ebb81f9'),
 ('63', '17', '4', '1', '8', NULL, '2017-03-23 15:46:37', '2017-03-23 15:51:14', 'c4a34dc5-756f-4df1-b60c-c1ba1ac287fb'),
 ('64', '17', '4', '1', '9', NULL, '2017-03-23 15:50:37', '2017-03-23 15:51:14', '34c27186-05b6-4805-9caf-03c9aa8791a0'),
 ('65', '17', '4', '1', '10', NULL, '2017-03-23 15:50:37', '2017-03-23 15:51:14', 'b7ea5324-b83f-4675-a3de-54e691ab2976'),
 ('66', '17', '4', '1', '11', NULL, '2017-03-23 15:50:37', '2017-03-23 15:51:14', '14407a96-1179-486e-a874-1071c5b8df4f'),
 ('67', '19', '4', '1', '1', NULL, '2017-03-23 16:22:43', '2017-03-23 16:22:43', '861d0c25-cd40-48f9-9943-53804a74c2a2'),
 ('68', '19', '4', '1', '2', NULL, '2017-03-23 16:22:43', '2017-03-23 16:22:43', '52833075-3d78-4aef-8044-536b35d2e599'),
 ('69', '19', '4', '1', '3', NULL, '2017-03-23 16:22:43', '2017-03-23 16:22:43', 'aabbf072-7771-4ffa-8682-84d7d0994bd5'),
 ('70', '19', '4', '1', '4', NULL, '2017-03-23 16:22:43', '2017-03-23 16:22:43', '082df4e2-9479-4305-9b86-78932b22b556'),
 ('71', '19', '4', '1', '5', NULL, '2017-03-23 16:22:43', '2017-03-23 16:22:43', '4ae9c486-c58a-45f1-a4ca-9ee369b90f90'),
 ('72', '19', '4', '1', '6', NULL, '2017-03-23 16:22:43', '2017-03-23 16:22:43', 'bbf16ab7-afdb-44c4-9c16-e0254f1673b8'),
 ('73', '19', '4', '1', '7', NULL, '2017-03-23 16:22:43', '2017-03-23 16:22:43', '2f00d6ad-0098-489e-b279-5cc933329fa6'),
 ('74', '19', '4', '1', '8', NULL, '2017-03-23 16:22:43', '2017-03-23 16:22:43', '0605d3d3-b517-4c33-bae5-494e1e5d91bb'),
 ('75', '19', '4', '1', '9', NULL, '2017-03-23 16:22:43', '2017-03-23 16:22:43', '28ca37c4-94f1-44cf-abeb-c5786ab4a936'),
 ('76', '20', '4', '1', '1', NULL, '2017-03-23 16:28:11', '2017-03-27 14:32:13', 'd60fe19a-3fc1-4163-8ce5-5873d3d68786'),
 ('77', '20', '4', '1', '2', NULL, '2017-03-23 16:28:11', '2017-03-27 14:32:13', '72a20f21-b02d-4fb8-89de-b7df9ad6eaf1'),
 ('78', '6', '4', '1', '1', NULL, '2017-03-24 16:24:44', '2017-03-24 16:26:53', 'bd23fb6a-d404-41c7-89dc-334969c290c6'),
 ('79', '6', '4', '1', '2', NULL, '2017-03-24 16:24:44', '2017-03-24 16:26:53', 'bde03431-4675-42c4-9293-4fdfd729eef9'),
 ('80', '6', '4', '1', '3', NULL, '2017-03-24 16:24:44', '2017-03-24 16:26:53', 'cc1bda92-e784-413f-8dbf-24c72e8ba327'),
 ('81', '6', '4', '1', '4', NULL, '2017-03-24 16:24:44', '2017-03-24 16:26:53', '1a8361d7-6e3d-47a1-bc41-9e8c31829a5e'),
 ('82', '6', '4', '1', '5', NULL, '2017-03-24 16:24:44', '2017-03-24 16:26:53', 'a007332b-f5e7-4ade-b50c-24b496dd6505'),
 ('83', '7', '4', '1', '1', NULL, '2017-03-27 14:19:34', '2017-03-27 14:23:23', 'c3cbb66e-b378-4074-8329-b148151f65bb'),
 ('84', '7', '4', '1', '2', NULL, '2017-03-27 14:23:23', '2017-03-27 14:23:23', '5bd9ff3c-7369-4de7-8423-0dd640f58570'),
 ('85', '7', '4', '1', '3', NULL, '2017-03-27 14:23:23', '2017-03-27 14:23:23', '631efa54-4890-403d-b61b-d83b97eb1058'),
 ('86', '7', '4', '1', '4', NULL, '2017-03-27 14:23:23', '2017-03-27 14:23:23', '89c1cc50-5e25-4ead-b437-21233e3f01e7'),
 ('87', '7', '4', '1', '5', NULL, '2017-03-27 14:23:23', '2017-03-27 14:23:23', '03cad685-0365-4211-808c-2e0a6e2cc8ff'),
 ('88', '20', '4', '1', '3', NULL, '2017-03-27 14:32:13', '2017-03-27 14:32:13', 'c376cc43-dc1a-4630-a27f-0f9ae4608d51'),
 ('89', '20', '4', '1', '4', NULL, '2017-03-27 14:32:13', '2017-03-27 14:32:13', '91fae03d-8426-48d8-9bf1-a8f1940886d0'),
 ('90', '20', '4', '1', '5', NULL, '2017-03-27 14:32:13', '2017-03-27 14:32:13', '0ed37188-470c-4bd5-8b06-bf89c065459c'),
 ('91', '20', '4', '1', '6', NULL, '2017-03-27 14:32:13', '2017-03-27 14:32:13', '326302b5-fe12-45fa-b384-23206d259bd1'),
 ('92', '20', '4', '1', '7', NULL, '2017-03-27 14:32:13', '2017-03-27 14:32:13', '92bf76ab-3a4e-4713-9402-de3d2226b097'),
 ('93', '8', '4', '1', '1', NULL, '2017-03-27 14:37:01', '2017-03-27 14:37:56', '7f3d0c9a-0d2c-4978-a6e0-2267b961fed9'),
 ('94', '8', '4', '1', '2', NULL, '2017-03-27 14:37:02', '2017-03-27 14:37:56', '5effec62-7612-47e5-b673-8847f9b46406'),
 ('95', '8', '4', '1', '3', NULL, '2017-03-27 14:37:02', '2017-03-27 14:37:56', '25c9c960-bf14-4a97-b707-00301467880e');



DROP TABLE IF EXISTS `craft_supertableblocktypes`;


--
-- Schema for table `craft_supertableblocktypes`
--
CREATE TABLE `craft_supertableblocktypes` (
  `id` int(11) NOT NULL AUTO_INCREMENT,
  `fieldId` int(11) NOT NULL,
  `fieldLayoutId` int(11) DEFAULT NULL,
  `dateCreated` datetime NOT NULL,
  `dateUpdated` datetime NOT NULL,
  `uid` char(36) COLLATE utf8_unicode_ci NOT NULL DEFAULT '0',
  PRIMARY KEY (`id`),
  KEY `craft_supertableblocktypes_fieldId_fk` (`fieldId`),
  KEY `craft_supertableblocktypes_fieldLayoutId_fk` (`fieldLayoutId`)
) ENGINE=InnoDB AUTO_INCREMENT=5 DEFAULT CHARSET=utf8 COLLATE=utf8_unicode_ci;

--
-- Data for table `craft_supertableblocktypes`
--

INSERT INTO `craft_supertableblocktypes` (`id`, `fieldId`, `fieldLayoutId`, `dateCreated`, `dateUpdated`, `uid`) VALUES
 ('1', '4', '26', '2017-02-27 15:41:11', '2017-02-28 10:39:36', '3381a675-90f1-4cf2-924f-4ac2537c460b'),
 ('2', '13', '36', '2017-02-28 16:49:16', '2017-02-28 17:05:22', '31533fe2-23c1-4c59-98dd-15a1641153e4'),
 ('3', '16', '35', '2017-02-28 16:51:13', '2017-02-28 17:03:33', '5543734e-141e-41f4-ba94-04dddf8d2e87'),
 ('4', '21', '43', '2017-03-01 10:49:06', '2017-03-01 11:01:53', '4344a890-9100-43bf-abfa-b163ecc712db');



DROP TABLE IF EXISTS `craft_supertablecontent_fd_costruction`;


--
-- Schema for table `craft_supertablecontent_fd_costruction`
--
CREATE TABLE `craft_supertablecontent_fd_costruction` (
  `id` int(11) NOT NULL AUTO_INCREMENT,
  `elementId` int(11) NOT NULL,
  `locale` char(12) COLLATE utf8_unicode_ci NOT NULL,
  `field_fd_st_component_name` text COLLATE utf8_unicode_ci,
  `field_fd_st_componentText` text COLLATE utf8_unicode_ci,
  `dateCreated` datetime NOT NULL,
  `dateUpdated` datetime NOT NULL,
  `uid` char(36) COLLATE utf8_unicode_ci NOT NULL DEFAULT '0',
  PRIMARY KEY (`id`),
  UNIQUE KEY `craft_supertablecontent_fd_costruction_elementId_locale_unq_idx` (`elementId`,`locale`),
  KEY `craft_supertablecontent_fd_costruction_locale_fk` (`locale`)
) ENGINE=InnoDB AUTO_INCREMENT=4 DEFAULT CHARSET=utf8 COLLATE=utf8_unicode_ci;

--
-- Data for table `craft_supertablecontent_fd_costruction`
--

INSERT INTO `craft_supertablecontent_fd_costruction` (`id`, `elementId`, `locale`, `field_fd_st_component_name`, `field_fd_st_componentText`, `dateCreated`, `dateUpdated`, `uid`) VALUES
 ('1', '45', 'en', 'Mounting Plate', 'Fabricated in Steel and finished in Epoxy resin. 304 or 316 Stainless Steel available if required.​', '2017-02-28 17:05:42', '2017-03-24 11:46:36', 'e16154f4-e64b-48f2-987b-64db14822f74'),
 ('2', '46', 'en', 'Impellers', 'Aluminium Hub with polypropylene blades. Anti-Static or Aluminium blades available if required', '2017-02-28 17:07:33', '2017-03-24 11:46:36', 'db59111d-43c3-4adf-a59f-24ba80fa8b2f'),
 ('3', '47', 'en', 'Motors', 'Single or 3 phase Class F IP55 as standard with 2 speed, Zone 1 or Zone 2 as optional extras', '2017-02-28 17:07:33', '2017-03-24 11:46:36', '291d1aad-5969-4597-acd8-c1e401bee368');



DROP TABLE IF EXISTS `craft_supertablecontent_fd_st_datatables`;


--
-- Schema for table `craft_supertablecontent_fd_st_datatables`
--
CREATE TABLE `craft_supertablecontent_fd_st_datatables` (
  `id` int(11) NOT NULL AUTO_INCREMENT,
  `elementId` int(11) NOT NULL,
  `locale` char(12) COLLATE utf8_unicode_ci NOT NULL,
  `field_dataTable` text COLLATE utf8_unicode_ci,
  `dateCreated` datetime NOT NULL,
  `dateUpdated` datetime NOT NULL,
  `uid` char(36) COLLATE utf8_unicode_ci NOT NULL DEFAULT '0',
  PRIMARY KEY (`id`),
  UNIQUE KEY `craft_supertablecontent_fd_st_datatables_elementId_locale_unq_id` (`elementId`,`locale`),
  KEY `craft_supertablecontent_fd_st_datatables_locale_idx` (`locale`)
) ENGINE=InnoDB AUTO_INCREMENT=3 DEFAULT CHARSET=utf8 COLLATE=utf8_unicode_ci;

--
-- Data for table `craft_supertablecontent_fd_st_datatables`
--

INSERT INTO `craft_supertablecontent_fd_st_datatables` (`id`, `elementId`, `locale`, `field_dataTable`, `dateCreated`, `dateUpdated`, `uid`) VALUES
 ('1', '49', 'en', '{\"columns\":[{\"heading\":\"Fan Size\",\"width\":\"\",\"align\":\"left\"},{\"heading\":\"Frame\",\"width\":\"\",\"align\":\"left\"},{\"heading\":\"A\",\"width\":\"\",\"align\":\"left\"},{\"heading\":\"B\",\"width\":\"\",\"align\":\"left\"},{\"heading\":\"C\",\"width\":\"\",\"align\":\"left\"},{\"heading\":\"D\",\"width\":\"\",\"align\":\"left\"},{\"heading\":\"E\",\"width\":\"\",\"align\":\"left\"}],\"rows\":[[\"250\",\"71\",\"370\",\"370\",\"330\",\"25\",\"10\"],[\"300\",\"71\",\"420\",\"420\",\"330\",\"25\",\"10\"],[\"315\",\"71\",\"435\",\"xxx\",\"330\",\"25\",\"10\"],[\"350\",\"71\",\"500\",\"500\",\"330\",\"25\",\"10\"],[\"400\",\"71\",\"550\",\"550\",\"330\",\"25\",\"10\"],[\"450\",\"71\",\"600\",\"600\",\"330\",\"25\",\"10\"],[\"500\",\"80\",\"650\",\"650\",\"380\",\"25\",\"10\"],[\"560\",\"80\",\"710\",\"710\",\"380\",\"25\",\"10\"],[\"600\",\"80\",\"800\",\"800\",\"380\",\"25\",\"10\"],[\"630\",\"80\",\"800\",\"800\",\"380\",\"25\",\"10\"],[\"630\",\"90\",\"800\",\"800\",\"400\",\"25\",\"10\"],[\"710\",\"80\",\"900\",\"900\",\"375\",\"40\",\"12\"],[\"710\",\"90\",\"900\",\"900\",\"400\",\"40\",\"12\"]]}', '2017-03-01 10:51:25', '2017-03-24 11:46:36', '896de62e-0d44-4976-82a9-31333787ce01'),
 ('2', '50', 'en', '{\"columns\":[{\"heading\":\"Fan Size\",\"width\":\"\",\"align\":\"left\"},{\"heading\":\"Frame\",\"width\":\"\",\"align\":\"left\"},{\"heading\":\"A\",\"width\":\"\",\"align\":\"left\"},{\"heading\":\"B\",\"width\":\"\",\"align\":\"left\"},{\"heading\":\"C\",\"width\":\"\",\"align\":\"left\"},{\"heading\":\"D\",\"width\":\"\",\"align\":\"left\"},{\"heading\":\"E\",\"width\":\"\",\"align\":\"left\"}],\"rows\":[[\"710\",\"100\",\"900\",\"900\",\"445\",\"40\",\"12\"],[\"800\",\"90\",\"1000\",\"1000\",\"415\",\"40\",\"12\"],[\"800\",\"100\",\"1000\",\"1000\",\"460\",\"40\",\"12\"],[\"800\",\"112\",\"1000\",\"1000\",\"460\",\"40\",\"12\"],[\"900\",\"100\",\"1100\",\"1100\",\"460\",\"50\",\"14\"],[\"900\",\"112\",\"1100\",\"1100\",\"465\",\"50\",\"14\"],[\"900\",\"132\",\"1100\",\"1100\",\"540\",\"50\",\"14\"],[\"1000\",\"100\",\"1250\",\"1250\",\"460\",\"50\",\"14\"],[\"1000\",\"112\",\"1250\",\"1250\",\"460\",\"50\",\"14\"],[\"1000\",\"132\",\"1250\",\"1250\",\"465\",\"50\",\"14\"]]}', '2017-03-01 11:07:54', '2017-03-24 11:46:36', 'd0ca027d-85b8-4ae9-ad81-c9f8b42b8e08');



DROP TABLE IF EXISTS `craft_supertablecontent_fd_st_productgroupglobalspecifications`;


--
-- Schema for table `craft_supertablecontent_fd_st_productgroupglobalspecifications`
--
CREATE TABLE `craft_supertablecontent_fd_st_productgroupglobalspecifications` (
  `id` int(11) NOT NULL AUTO_INCREMENT,
  `elementId` int(11) NOT NULL,
  `locale` char(12) COLLATE utf8_unicode_ci NOT NULL,
  `field_fd_St_Header` text COLLATE utf8_unicode_ci,
  `field_fd_st_text` text COLLATE utf8_unicode_ci,
  `dateCreated` datetime NOT NULL,
  `dateUpdated` datetime NOT NULL,
  `uid` char(36) COLLATE utf8_unicode_ci NOT NULL DEFAULT '0',
  PRIMARY KEY (`id`),
  UNIQUE KEY `craf_supertableco_f_s_productgroupglobalspeci_elemen_loca_un_id` (`elementId`,`locale`),
  KEY `craf_supertableconte_fd_st_productgroupglobalspecificat_local_fk` (`locale`)
) ENGINE=InnoDB AUTO_INCREMENT=44 DEFAULT CHARSET=utf8 COLLATE=utf8_unicode_ci;

--
-- Data for table `craft_supertablecontent_fd_st_productgroupglobalspecifications`
--

INSERT INTO `craft_supertablecontent_fd_st_productgroupglobalspecifications` (`id`, `elementId`, `locale`, `field_fd_St_Header`, `field_fd_st_text`, `dateCreated`, `dateUpdated`, `uid`) VALUES
 ('1', '16', 'en', '', '', '2017-02-27 15:56:17', '2017-02-27 15:58:41', '7c4a1e6b-6109-47fb-96bc-d76829b02bdf'),
 ('2', '36', 'en', 'Arrangement', '<p>Direct driven Single or Multi stage fans suitable for vertical or horizontal mounting.\n  </p>', '2017-02-28 10:02:46', '2017-03-23 15:51:14', 'fb2fed84-a697-494c-84c1-71ba026bd5c6'),
 ('3', '37', 'en', 'Staging Of Axial Flow Fans', '<p>By running two Long Cased Fans in series with contra-rotating impellers, it is possible to achieve up to three times the pressure of a single stage fan of equal diameter and speed.\n  </p>', '2017-02-28 10:02:46', '2017-03-23 15:51:14', '83a109c8-0cb9-4fb5-9df4-8cc5da041861'),
 ('4', '38', 'en', 'Long Cased Type', '<p>In this instance the casing covers the entire length of the motor and impeller and an inspection door is provided.  Essentially for duct mounting where flanges are bolted back and front.\n  </p>', '2017-02-28 10:02:46', '2017-03-23 15:51:14', '01a5cd9b-f00d-479e-b16a-97d298e8f62f'),
 ('7', '41', 'en', 'Short Cased Type', '<p>The casing covers the impeller track and a portion of the motor projects beyond the end of the flange. Best installed at the end of a duct or on Air Conditioning equipment.\n  </p>', '2017-02-28 10:05:05', '2017-03-23 15:51:14', '8409fe76-342c-474d-ad4f-fb68e38ac287'),
 ('8', '42', 'en', 'Motors', '<p>In most instances foot mounted TEFC IEC 600034-1.  Electric motors are fitted with metric dimensions.   The motors are selected to cover the ‘peak’ power absorbed for fan blade pitch angle and speed.  Most standard motors have Class ‘F’ insulation and are suitable for operating at temperatures of up to 50°C (122°F). Higher temperatures available if required.\n  </p>\n<p>The standard voltages are 220, 230/380, 380, 240/215 and 460.  Motors can be wound for any voltage and frequency and also for dual voltage.  The use of standard foot mounted motors of this type guarantees inter-changeability in most countries of the world with machines of similar speed/kw. INVERTER CONTROLLED, FLAMEPROOF, SINGLE PHASE, 2 SPEED AND COMPANY SPECIFICATION MOTORS CAN ALWAYS BE OBTAINED.\n  </p>', '2017-02-28 10:05:05', '2017-03-23 15:51:14', '5e2a543c-a863-4736-92a4-47f543080faf'),
 ('9', '43', 'en', 'Standard Impellers 250-1250mm Dia', '<p>Impellers have aerofoil section polypropylene blades fitted into a die-cast aluminium hub.  Five different blade angles are available and each blade is individually replaceable in the event of breakage.  Aluminium blades are also available in selected angles.\n  </p>', '2017-02-28 10:05:05', '2017-03-23 15:51:14', '2d06bb2e-0d08-47ba-a4b0-4a72ff1f7048'),
 ('10', '44', 'en', 'Special Impellers 250-2000mm Dia', '<p>Impellers have aerofoil variable pitch aluminium blades fixed into a die-cast aluminium hub.\n  </p>', '2017-02-28 10:05:05', '2017-03-23 15:51:14', '5cd2b294-1b8e-4f81-8dd4-3b02a01dc2bb'),
 ('11', '63', 'en', 'Fractional Solidity Impellers', '<p>All sizes of impellers can supplied with varying number of blades to suit the application.  This has the effect of reducing the static capability of the fan whilst retaining a high efficiency.</p>', '2017-03-23 15:46:37', '2017-03-23 15:51:14', '1e88e680-0ecf-4d9b-b087-cb7813eb73e0'),
 ('12', '64', 'en', 'Example of Coding', '<p>A typical example of coding is 630/9/35 indicating :\n  </p>\n<ul><li>630 diameter in mm</li><li>9 number of blades</li><li>35 blade angle in degrees</li></ul>', '2017-03-23 15:50:37', '2017-03-23 15:51:14', '0e531de0-b0c3-4a61-9c9b-6b1ce1434a68'),
 ('13', '65', 'en', 'Extra Features Available', '<p>Mounting feet, flexible connections, AV Mountings, Mating Flanges, Inlet Cones, Guards, Back-draught shutters, Special Paint.  Finishes: External Terminal Box.</p>', '2017-03-23 15:50:37', '2017-03-23 15:51:14', '15276184-c433-48ba-ae11-f50da8c004fb'),
 ('14', '66', 'en', 'Finish', '<ul><li>Standard Fans: Galvanised</li><li>Optional Finishes: Epoxy Resin, Metal Spraying</li></ul>', '2017-03-23 15:50:37', '2017-03-23 15:51:14', '2d14a8dc-cb64-42c3-8c8f-c6b7e6a99e02'),
 ('15', '67', 'en', 'Uses', '<p>For exhausting hot gasses, paint fumes (excluding, cellulose), steam, smoke and dust laden air, available in diameters 250-1250mm.</p>', '2017-03-23 16:22:43', '2017-03-23 16:22:43', '06f95625-bc43-4406-ac6b-591a93f7beba'),
 ('16', '68', 'en', 'Fan Type NT', '<p>Normal Temperature – upto 80°C (176°F).   Constructed in mild steel with a polypropylene impeller and Class F insulation motor.   Special corrosion- resistant finishes available.  Standard finish - Galvanised.</p>', '2017-03-23 16:22:43', '2017-03-23 16:22:43', '823b53ea-c0db-42b2-9c0f-671ac3dd01f2'),
 ('17', '69', 'en', 'Fan Type HT', '<p>High Temperature  - upto 200°C (392°F).  Constructed in mild steel with an aluminium impeller and Class F insulation motor.  Special corrosion- resistant finishes available. Standard finish  - galvanised.</p>', '2017-03-23 16:22:43', '2017-03-23 16:22:43', '5c376ea3-a6f3-4383-9734-eed2b42d5c50'),
 ('18', '70', 'en', 'Motors', '<p>Standard three or single phase motors can be fitted along with ATEX ZONE 1 or 2 and company specification units when required.</p>', '2017-03-23 16:22:43', '2017-03-23 16:22:43', 'b8d224af-cd3c-4e88-b0a2-4665aeecf7fb'),
 ('19', '71', 'en', 'Plastic Fans', '<p>This range of fans can also be constructed from rigid PVC sheet reinforced with fibreglass and suitable for a wide fans of uses in the chemical industry and in the extraction of acid fumes from industrial processes.  Dimensions and performance data as for normal Bifurcated fans.\n  </p>\n<p>For exhausting hot gasses, chemical vapours, steam and moisture laden air, available in diameters 250-1000mm.  Max temp 60°C</p>', '2017-03-23 16:22:43', '2017-03-23 16:22:43', '8fae0c6b-9f7c-4e82-b875-69d9dfa271f6'),
 ('20', '72', 'en', 'Stainless Steel Fan Type 304', '<p>Ideal for use in the catering industry for air temperature upto 80°C (176°F).  For exhausting warm air and steam.  Constructed throughout in stainless steel with a polypropylene impeller and Class ‘F’ standard motor with a stainless steel extended shaft.</p>', '2017-03-23 16:22:43', '2017-03-23 16:22:43', '93379613-80a5-4fdc-a745-3b69e52d6bc7'),
 ('21', '73', 'en', 'Stainless Steel Fan Type 316', '<p>Uses mainly in the chemical and allied trades.  Suitable for most acid vapours upto 80°C (176°F).  Constructed throughout in stainless steel with a polypropylene impeller and Class F standard motor with a stainless steel extended shaft.</p>', '2017-03-23 16:22:43', '2017-03-23 16:22:43', 'c2cf7b46-287a-43c1-a570-86949f9b781e'),
 ('22', '74', 'en', 'Extra Features Available', '<ul><li>Mounting feet</li><li>flexible connections</li><li>AV Mountings</li><li>Mating Flanges</li><li>Inlet Cones</li><li>Guards</li><li>Back-draught shutters</li><li>Special Paint finishes</li></ul>', '2017-03-23 16:22:43', '2017-03-23 16:22:43', 'f073afbf-c367-4d3f-b807-319b6c9f1319'),
 ('23', '75', 'en', 'Finish', '<ul><li><strong>Standard Fans:</strong> Galvanised</li><li><strong>Optional Finishes:</strong> Epoxy Resin, Metal Spraying</li></ul>', '2017-03-23 16:22:43', '2017-03-23 16:22:43', '94239eed-56eb-4e3e-a5e0-4c68f9278045'),
 ('24', '76', 'en', 'Applications', '<p>Engineers must consider the use of Centrifugal Fans instead of Axial fans for some of the following reasons:</p>\n<ol><li><ol><li>High Temperature</li><li>Low Noise Levels</li><li>Dust &amp; Fume Extract</li><li>High Static Watergauge</li></ol></li></ol>', '2017-03-23 16:28:11', '2017-03-27 14:32:13', '16be3d1f-c697-4f5d-bdf7-9c0bf61755b7'),
 ('25', '77', 'en', 'Types of Centrifugal Fans', '<p>There are different types of Centrifugal Fans covering air volumes from 85 to 100,000m³/hr and from 25 to 15,000 PA.  Each application requires a fan with different characteristics, whether it be the blade design, the width of the casing or even the method of drive.  By way of a guide as to which is the best fan for certain projects, we list below information that might assist the potential user.</p>', '2017-03-23 16:28:11', '2017-03-27 14:32:13', '9b7d4300-df8b-4eb1-abd1-39f720ce4c1f'),
 ('26', '78', 'en', 'Impellers', '<p>Dynamically balanced aluminium aerofoil section or steel or stainless steel for higher temperatures.</p>', '2017-03-24 16:24:44', '2017-03-24 16:26:53', 'ca1ed596-2dd0-46bd-acd4-ca0491de7d51'),
 ('27', '79', 'en', 'Fan Casing', '<p>Victoria standard short or long casing to suit application, heavy gauge fabricated steel welded construction galvanised or epoxy coated after manufacture.  Diameters from 250-1600mm</p>', '2017-03-24 16:24:44', '2017-03-24 16:26:53', 'a20f9a37-516e-49c9-96b3-01142b9065e3'),
 ('28', '80', 'en', 'Terminal Box Connection', '<p>One of the most important aspects of smoke extract units is the provision of a suitable cable material that will not perish with heat and that will continue to power the motors at elevated temperatures.</p>', '2017-03-24 16:24:44', '2017-03-24 16:26:53', 'cfe74ecf-236b-4434-9865-1304ddd3739c'),
 ('29', '81', 'en', 'Emergency Smoke Roof Extract Fans', '<p>Incorporating axials fans as described above and Vertical Jet Roof Cowls.  Fabricated in steel and finished in powder epoxy polyester resin with galvanised steel backdraught shutters. Provides an ideal terminal device for a smoke extract duct.</p>', '2017-03-24 16:24:44', '2017-03-24 16:26:53', '3378d3e4-7c6f-4d21-b6b8-6029fae6348a'),
 ('30', '82', 'en', 'To BS 7346 Certification', '<ul><li>300°C/2hrs                            BSEN 12101-3</li><li>400°C/2hrs                            BS 7346</li></ul>', '2017-03-24 16:24:44', '2017-03-24 16:26:53', '01a71214-abfd-42b8-91e5-7db16c6d2869'),
 ('31', '83', 'en', 'Standard Construction', '<p>Fabricated mild steel base and cowl epoxy polyester resin coated after manufacture, standard colour being RAL 1013</p>\n<p>The VERTICAL JET unit is fitted with backdraught shutters.</p>\n<p>The LOW PROFILE unit can be fitted with backdraught shutters if required.</p>\n<p>The standard units are fitted with Victoria Plate Mounted Axial Fans with epoxy coating.</p>\n<p>They can be fitted with Long Casings if required for duct mounting.</p>', '2017-03-27 14:19:34', '2017-03-27 14:23:23', '31900682-df86-4aec-bed3-58091e876409'),
 ('32', '84', 'en', 'Special Construction', '<p>All Victoria Fan Roof Units can be fabricated in stainless steel or aluminium if required.</p>', '2017-03-27 14:23:23', '2017-03-27 14:23:23', '59f77736-e7cc-4f65-9060-c549e4224712'),
 ('33', '85', 'en', 'Silencers', '<p>Silencers may also be fitted to any of the fans used in Victoria Roof Units.</p><p><b>Run and Standby</b> motors can be fitted if required.</p>', '2017-03-27 14:23:23', '2017-03-27 14:23:23', 'e881e5b6-325a-41a7-91a7-74948e09161c'),
 ('34', '86', 'en', 'Roof Units for Input (Low Profile Design only)', '<p>By removing the backdraught shutters Victoria Low Profile Units can be used to Input to give general ventilation.</p>', '2017-03-27 14:23:23', '2017-03-27 14:23:23', '7a2896e5-486d-4c3c-b600-5da01e610d4e'),
 ('35', '87', 'en', 'Special Sizes', '<p>Victoria Roof Units can be fabricated to suit non standard roof openings if required.</p>', '2017-03-27 14:23:23', '2017-03-27 14:23:23', 'a29126fa-7d69-4606-87e1-b59674dddeba'),
 ('36', '88', 'en', 'Paddle Blade Fans', '<p>This type of fan is used for the conveying of dust, wood and paper refuse, cotton fly etc.  Since the blade design prevents ‘build up’ of waste materials, discharge velocities vary dependent upon what is being conveyed in the air stream.  Normally in the region of 7-20 mtrs/sec.</p>', '2017-03-27 14:32:13', '2017-03-27 14:32:13', '67196566-bc6d-4866-b42c-464647cd31d6'),
 ('37', '89', 'en', 'Multivane or Forward Curved Fans', '<p>Used for general ventilation purposes – not good for dust etc.  Limited pressure characteristics.  Normal discharge velocities 5-13 mts/sec</p>', '2017-03-27 14:32:13', '2017-03-27 14:32:13', '18837f28-b4d2-4ce8-b15b-e783e5273902'),
 ('38', '90', 'en', 'Backward Curved or Backward Sloping Fans', '<p>Non overloading power characteristics suitable for very light dust applications (eg clean side of dust collector) where a good efficiency is required.  Used for high pressure ventilation systems or where the system resistance could fluctuate.  Normal velocities 9-16 mts/sec</p>', '2017-03-27 14:32:13', '2017-03-27 14:32:13', 'bb114a6c-7485-40fb-b2e1-3092b4971753'),
 ('39', '91', 'en', 'Aerofoil Fans', '<p>The most efficient of all centrifugals fans, ideally suited to general ventilation projects where there is no possibility of dust contamination.  Recommend for high pressure ventilation systems or where the system resistance could fluctuate.  Normal discharge velocities 7-15 mts/sec.</p>', '2017-03-27 14:32:13', '2017-03-27 14:32:13', 'ab38e2b7-f35c-4d3d-9f5f-5be5a48135b9'),
 ('40', '92', 'en', 'High Pressure Blowers', '<p>As their name suggests, these fans are applied where the requirement is for high velocities, eg Air Curtains, refuse conveying etc  Normal discharge velocities 15-30 mts/sec.</p>', '2017-03-27 14:32:13', '2017-03-27 14:32:13', '471681b6-1b30-41b1-aa29-08a18facfc3c'),
 ('41', '93', 'en', 'Silencers', '<p>In both commercial and industrial applications the use of duct mounted silencers to reduce noise emission from fans is become more commonplace as increasing legislation calls for better and more comfortable working environments.\n  </p>\n<p>At Victoria Industrial Fans we have a special acoustic service whereby engineers and consultants can call upon our expertise in selecting the correct method of acoustic treatment to give guaranteed noise levels in hospitals, offices, factories, etc.  Simply call our office for more details.\n  </p>\n<p>Quite the most commonly used silencers are what is known as CYLINDRICAL (STT) and POD (STP) type silencers.  The tabulation shows the pressure losses*\n  </p>\n<p>*Through POD type silencers.  The losses through CYLINDRICAL silencers are considerably less.\n  </p>\n<p>The length of the silencer is a function of its diameter i.e. 1 x diameter long or 2 x diameter long.  Obviously the longer the attenuator the greater the pressure drop and the greater the acoustic performance.\n  </p>\n<p>POD type silencers give better attenuation that CYLINDRICAL type silencers.</p>', '2017-03-27 14:37:01', '2017-03-27 14:37:56', '82851151-d24e-4806-bc47-a5327bf72231'),
 ('42', '94', 'en', 'Finish', '<p>Standard Silencers – galvanised sheet.</p>', '2017-03-27 14:37:01', '2017-03-27 14:37:56', 'ec81eed3-cc1a-4888-aba0-56ee7424c990'),
 ('43', '95', 'en', 'Optional Extras', '<p>Melinex lining for steam/high humidity/hospital and food industries.  Epoxy coating, Stainless steel construction.</p>', '2017-03-27 14:37:02', '2017-03-27 14:37:56', '01debd2d-6cd6-459c-99f6-1935fface6e2');



DROP TABLE IF EXISTS `craft_supertablecontent_fd_st_specialnotes`;


--
-- Schema for table `craft_supertablecontent_fd_st_specialnotes`
--
CREATE TABLE `craft_supertablecontent_fd_st_specialnotes` (
  `id` int(11) NOT NULL AUTO_INCREMENT,
  `elementId` int(11) NOT NULL,
  `locale` char(12) COLLATE utf8_unicode_ci NOT NULL,
  `field_fd_st_noteText` text COLLATE utf8_unicode_ci,
  `dateCreated` datetime NOT NULL,
  `dateUpdated` datetime NOT NULL,
  `uid` char(36) COLLATE utf8_unicode_ci NOT NULL DEFAULT '0',
  PRIMARY KEY (`id`),
  UNIQUE KEY `craft_supertableconten_fd_st_specialnote_elementId_locale_unq_id` (`elementId`,`locale`),
  KEY `craft_supertablecontent_fd_st_specialnotes_locale_fk` (`locale`)
) ENGINE=InnoDB AUTO_INCREMENT=2 DEFAULT CHARSET=utf8 COLLATE=utf8_unicode_ci;

--
-- Data for table `craft_supertablecontent_fd_st_specialnotes`
--

INSERT INTO `craft_supertablecontent_fd_st_specialnotes` (`id`, `elementId`, `locale`, `field_fd_st_noteText`, `dateCreated`, `dateUpdated`, `uid`) VALUES
 ('1', '48', 'en', '1. This type of fan can be fitted beneath in LOW PROFILE or VERTICAL JET ROOF COWL as supplied by Victoria Fans.', '2017-02-28 17:15:35', '2017-03-24 11:46:36', 'e15118c3-8e39-47c4-82a0-43b43caf6778');



DROP TABLE IF EXISTS `craft_systemsettings`;


--
-- Schema for table `craft_systemsettings`
--
CREATE TABLE `craft_systemsettings` (
  `id` int(11) NOT NULL AUTO_INCREMENT,
  `category` varchar(15) COLLATE utf8_unicode_ci NOT NULL,
  `settings` text COLLATE utf8_unicode_ci,
  `dateCreated` datetime NOT NULL,
  `dateUpdated` datetime NOT NULL,
  `uid` char(36) COLLATE utf8_unicode_ci NOT NULL DEFAULT '0',
  PRIMARY KEY (`id`),
  UNIQUE KEY `craft_systemsettings_category_unq_idx` (`category`)
) ENGINE=InnoDB AUTO_INCREMENT=2 DEFAULT CHARSET=utf8 COLLATE=utf8_unicode_ci;

--
-- Data for table `craft_systemsettings`
--

INSERT INTO `craft_systemsettings` (`id`, `category`, `settings`, `dateCreated`, `dateUpdated`, `uid`) VALUES
 ('1', 'email', '{\"protocol\":\"php\",\"emailAddress\":\"wearemechanised@gmail.com\",\"senderName\":\"Victoria Fans\"}', '2017-02-27 15:05:21', '2017-02-27 15:05:21', '5d7a2a28-cb11-45f7-b792-c261921c1fe9');



DROP TABLE IF EXISTS `craft_taggroups`;


--
-- Schema for table `craft_taggroups`
--
CREATE TABLE `craft_taggroups` (
  `id` int(11) NOT NULL AUTO_INCREMENT,
  `name` varchar(255) COLLATE utf8_unicode_ci NOT NULL,
  `handle` varchar(255) COLLATE utf8_unicode_ci NOT NULL,
  `fieldLayoutId` int(10) DEFAULT NULL,
  `dateCreated` datetime NOT NULL,
  `dateUpdated` datetime NOT NULL,
  `uid` char(36) COLLATE utf8_unicode_ci NOT NULL DEFAULT '0',
  PRIMARY KEY (`id`),
  UNIQUE KEY `craft_taggroups_name_unq_idx` (`name`),
  UNIQUE KEY `craft_taggroups_handle_unq_idx` (`handle`),
  KEY `craft_taggroups_fieldLayoutId_fk` (`fieldLayoutId`)
) ENGINE=InnoDB AUTO_INCREMENT=2 DEFAULT CHARSET=utf8 COLLATE=utf8_unicode_ci;

--
-- Data for table `craft_taggroups`
--

INSERT INTO `craft_taggroups` (`id`, `name`, `handle`, `fieldLayoutId`, `dateCreated`, `dateUpdated`, `uid`) VALUES
 ('1', 'Default', 'default', '1', '2017-02-27 15:05:21', '2017-02-27 15:05:21', '1e82de78-a29a-47bb-b626-f2b0ca8b4dca');



DROP TABLE IF EXISTS `craft_tags`;


--
-- Schema for table `craft_tags`
--
CREATE TABLE `craft_tags` (
  `id` int(11) NOT NULL,
  `groupId` int(11) NOT NULL,
  `dateCreated` datetime NOT NULL,
  `dateUpdated` datetime NOT NULL,
  `uid` char(36) COLLATE utf8_unicode_ci NOT NULL DEFAULT '0',
  PRIMARY KEY (`id`),
  KEY `craft_tags_groupId_fk` (`groupId`)
) ENGINE=InnoDB DEFAULT CHARSET=utf8 COLLATE=utf8_unicode_ci;

DROP TABLE IF EXISTS `craft_tasks`;


--
-- Schema for table `craft_tasks`
--
CREATE TABLE `craft_tasks` (
  `id` int(11) NOT NULL AUTO_INCREMENT,
  `root` int(11) unsigned DEFAULT NULL,
  `lft` int(11) unsigned NOT NULL,
  `rgt` int(11) unsigned NOT NULL,
  `level` smallint(6) unsigned NOT NULL,
  `currentStep` int(11) unsigned DEFAULT NULL,
  `totalSteps` int(11) unsigned DEFAULT NULL,
  `status` enum('pending','error','running') COLLATE utf8_unicode_ci DEFAULT NULL,
  `type` varchar(150) COLLATE utf8_unicode_ci NOT NULL,
  `description` varchar(255) COLLATE utf8_unicode_ci DEFAULT NULL,
  `settings` mediumtext COLLATE utf8_unicode_ci,
  `dateCreated` datetime NOT NULL,
  `dateUpdated` datetime NOT NULL,
  `uid` char(36) COLLATE utf8_unicode_ci NOT NULL DEFAULT '0',
  PRIMARY KEY (`id`),
  KEY `craft_tasks_root_idx` (`root`),
  KEY `craft_tasks_lft_idx` (`lft`),
  KEY `craft_tasks_rgt_idx` (`rgt`),
  KEY `craft_tasks_level_idx` (`level`)
) ENGINE=InnoDB AUTO_INCREMENT=16 DEFAULT CHARSET=utf8 COLLATE=utf8_unicode_ci;

DROP TABLE IF EXISTS `craft_templatecachecriteria`;


--
-- Schema for table `craft_templatecachecriteria`
--
CREATE TABLE `craft_templatecachecriteria` (
  `id` int(11) NOT NULL AUTO_INCREMENT,
  `cacheId` int(11) NOT NULL,
  `type` varchar(150) COLLATE utf8_unicode_ci NOT NULL,
  `criteria` text COLLATE utf8_unicode_ci NOT NULL,
  PRIMARY KEY (`id`),
  KEY `craft_templatecachecriteria_cacheId_fk` (`cacheId`),
  KEY `craft_templatecachecriteria_type_idx` (`type`)
) ENGINE=InnoDB DEFAULT CHARSET=utf8 COLLATE=utf8_unicode_ci;

DROP TABLE IF EXISTS `craft_templatecacheelements`;


--
-- Schema for table `craft_templatecacheelements`
--
CREATE TABLE `craft_templatecacheelements` (
  `cacheId` int(11) NOT NULL,
  `elementId` int(11) NOT NULL,
  KEY `craft_templatecacheelements_cacheId_fk` (`cacheId`),
  KEY `craft_templatecacheelements_elementId_fk` (`elementId`)
) ENGINE=InnoDB DEFAULT CHARSET=utf8 COLLATE=utf8_unicode_ci;

DROP TABLE IF EXISTS `craft_templatecaches`;


--
-- Schema for table `craft_templatecaches`
--
CREATE TABLE `craft_templatecaches` (
  `id` int(11) NOT NULL AUTO_INCREMENT,
  `cacheKey` varchar(255) COLLATE utf8_unicode_ci NOT NULL,
  `locale` char(12) COLLATE utf8_unicode_ci NOT NULL,
  `path` varchar(255) COLLATE utf8_unicode_ci DEFAULT NULL,
  `expiryDate` datetime NOT NULL,
  `body` mediumtext COLLATE utf8_unicode_ci NOT NULL,
  PRIMARY KEY (`id`),
  KEY `craft_templatecaches_expiryDate_cacheKey_locale_path_idx` (`expiryDate`,`cacheKey`,`locale`,`path`),
  KEY `craft_templatecaches_locale_fk` (`locale`)
) ENGINE=InnoDB DEFAULT CHARSET=utf8 COLLATE=utf8_unicode_ci;

DROP TABLE IF EXISTS `craft_tokens`;


--
-- Schema for table `craft_tokens`
--
CREATE TABLE `craft_tokens` (
  `id` int(11) NOT NULL AUTO_INCREMENT,
  `token` char(32) COLLATE utf8_unicode_ci NOT NULL,
  `route` text COLLATE utf8_unicode_ci,
  `usageLimit` tinyint(3) unsigned DEFAULT NULL,
  `usageCount` tinyint(3) unsigned DEFAULT NULL,
  `expiryDate` datetime NOT NULL,
  `dateCreated` datetime NOT NULL,
  `dateUpdated` datetime NOT NULL,
  `uid` char(36) COLLATE utf8_unicode_ci NOT NULL DEFAULT '0',
  PRIMARY KEY (`id`),
  UNIQUE KEY `craft_tokens_token_unq_idx` (`token`),
  KEY `craft_tokens_expiryDate_idx` (`expiryDate`)
) ENGINE=InnoDB DEFAULT CHARSET=utf8 COLLATE=utf8_unicode_ci;

DROP TABLE IF EXISTS `craft_usergroups`;


--
-- Schema for table `craft_usergroups`
--
CREATE TABLE `craft_usergroups` (
  `id` int(11) NOT NULL AUTO_INCREMENT,
  `name` varchar(255) COLLATE utf8_unicode_ci NOT NULL,
  `handle` varchar(255) COLLATE utf8_unicode_ci NOT NULL,
  `dateCreated` datetime NOT NULL,
  `dateUpdated` datetime NOT NULL,
  `uid` char(36) COLLATE utf8_unicode_ci NOT NULL DEFAULT '0',
  PRIMARY KEY (`id`),
  UNIQUE KEY `craft_usergroups_name_unq_idx` (`name`),
  UNIQUE KEY `craft_usergroups_handle_unq_idx` (`handle`)
) ENGINE=InnoDB DEFAULT CHARSET=utf8 COLLATE=utf8_unicode_ci;

DROP TABLE IF EXISTS `craft_usergroups_users`;


--
-- Schema for table `craft_usergroups_users`
--
CREATE TABLE `craft_usergroups_users` (
  `id` int(11) NOT NULL AUTO_INCREMENT,
  `groupId` int(11) NOT NULL,
  `userId` int(11) NOT NULL,
  `dateCreated` datetime NOT NULL,
  `dateUpdated` datetime NOT NULL,
  `uid` char(36) COLLATE utf8_unicode_ci NOT NULL DEFAULT '0',
  PRIMARY KEY (`id`),
  UNIQUE KEY `craft_usergroups_users_groupId_userId_unq_idx` (`groupId`,`userId`),
  KEY `craft_usergroups_users_userId_fk` (`userId`)
) ENGINE=InnoDB DEFAULT CHARSET=utf8 COLLATE=utf8_unicode_ci;

DROP TABLE IF EXISTS `craft_userpermissions`;


--
-- Schema for table `craft_userpermissions`
--
CREATE TABLE `craft_userpermissions` (
  `id` int(11) NOT NULL AUTO_INCREMENT,
  `name` varchar(255) COLLATE utf8_unicode_ci NOT NULL,
  `dateCreated` datetime NOT NULL,
  `dateUpdated` datetime NOT NULL,
  `uid` char(36) COLLATE utf8_unicode_ci NOT NULL DEFAULT '0',
  PRIMARY KEY (`id`),
  UNIQUE KEY `craft_userpermissions_name_unq_idx` (`name`)
) ENGINE=InnoDB DEFAULT CHARSET=utf8 COLLATE=utf8_unicode_ci;

DROP TABLE IF EXISTS `craft_userpermissions_usergroups`;


--
-- Schema for table `craft_userpermissions_usergroups`
--
CREATE TABLE `craft_userpermissions_usergroups` (
  `id` int(11) NOT NULL AUTO_INCREMENT,
  `permissionId` int(11) NOT NULL,
  `groupId` int(11) NOT NULL,
  `dateCreated` datetime NOT NULL,
  `dateUpdated` datetime NOT NULL,
  `uid` char(36) COLLATE utf8_unicode_ci NOT NULL DEFAULT '0',
  PRIMARY KEY (`id`),
  UNIQUE KEY `craft_userpermissions_usergroups_permissionId_groupId_unq_idx` (`permissionId`,`groupId`),
  KEY `craft_userpermissions_usergroups_groupId_fk` (`groupId`)
) ENGINE=InnoDB DEFAULT CHARSET=utf8 COLLATE=utf8_unicode_ci;

DROP TABLE IF EXISTS `craft_userpermissions_users`;


--
-- Schema for table `craft_userpermissions_users`
--
CREATE TABLE `craft_userpermissions_users` (
  `id` int(11) NOT NULL AUTO_INCREMENT,
  `permissionId` int(11) NOT NULL,
  `userId` int(11) NOT NULL,
  `dateCreated` datetime NOT NULL,
  `dateUpdated` datetime NOT NULL,
  `uid` char(36) COLLATE utf8_unicode_ci NOT NULL DEFAULT '0',
  PRIMARY KEY (`id`),
  UNIQUE KEY `craft_userpermissions_users_permissionId_userId_unq_idx` (`permissionId`,`userId`),
  KEY `craft_userpermissions_users_userId_fk` (`userId`)
) ENGINE=InnoDB DEFAULT CHARSET=utf8 COLLATE=utf8_unicode_ci;

DROP TABLE IF EXISTS `craft_users`;


--
-- Schema for table `craft_users`
--
CREATE TABLE `craft_users` (
  `id` int(11) NOT NULL,
  `username` varchar(100) COLLATE utf8_unicode_ci NOT NULL,
  `photo` varchar(100) COLLATE utf8_unicode_ci DEFAULT NULL,
  `firstName` varchar(100) COLLATE utf8_unicode_ci DEFAULT NULL,
  `lastName` varchar(100) COLLATE utf8_unicode_ci DEFAULT NULL,
  `email` varchar(255) COLLATE utf8_unicode_ci NOT NULL,
  `password` char(255) COLLATE utf8_unicode_ci DEFAULT NULL,
  `preferredLocale` char(12) COLLATE utf8_unicode_ci DEFAULT NULL,
  `weekStartDay` tinyint(1) unsigned NOT NULL DEFAULT '0',
  `admin` tinyint(1) unsigned NOT NULL DEFAULT '0',
  `client` tinyint(1) unsigned NOT NULL DEFAULT '0',
  `locked` tinyint(1) unsigned NOT NULL DEFAULT '0',
  `suspended` tinyint(1) unsigned NOT NULL DEFAULT '0',
  `pending` tinyint(1) unsigned NOT NULL DEFAULT '0',
  `archived` tinyint(1) unsigned NOT NULL DEFAULT '0',
  `lastLoginDate` datetime DEFAULT NULL,
  `lastLoginAttemptIPAddress` varchar(45) COLLATE utf8_unicode_ci DEFAULT NULL,
  `invalidLoginWindowStart` datetime DEFAULT NULL,
  `invalidLoginCount` tinyint(4) unsigned DEFAULT NULL,
  `lastInvalidLoginDate` datetime DEFAULT NULL,
  `lockoutDate` datetime DEFAULT NULL,
  `verificationCode` char(100) COLLATE utf8_unicode_ci DEFAULT NULL,
  `verificationCodeIssuedDate` datetime DEFAULT NULL,
  `unverifiedEmail` varchar(255) COLLATE utf8_unicode_ci DEFAULT NULL,
  `passwordResetRequired` tinyint(1) unsigned NOT NULL DEFAULT '0',
  `lastPasswordChangeDate` datetime DEFAULT NULL,
  `dateCreated` datetime NOT NULL,
  `dateUpdated` datetime NOT NULL,
  `uid` char(36) COLLATE utf8_unicode_ci NOT NULL DEFAULT '0',
  PRIMARY KEY (`id`),
  UNIQUE KEY `craft_users_username_unq_idx` (`username`),
  UNIQUE KEY `craft_users_email_unq_idx` (`email`),
  KEY `craft_users_verificationCode_idx` (`verificationCode`),
  KEY `craft_users_uid_idx` (`uid`),
  KEY `craft_users_preferredLocale_fk` (`preferredLocale`)
) ENGINE=InnoDB DEFAULT CHARSET=utf8 COLLATE=utf8_unicode_ci;

--
-- Data for table `craft_users`
--

INSERT INTO `craft_users` (`id`, `username`, `photo`, `firstName`, `lastName`, `email`, `password`, `preferredLocale`, `weekStartDay`, `admin`, `client`, `locked`, `suspended`, `pending`, `archived`, `lastLoginDate`, `lastLoginAttemptIPAddress`, `invalidLoginWindowStart`, `invalidLoginCount`, `lastInvalidLoginDate`, `lockoutDate`, `verificationCode`, `verificationCodeIssuedDate`, `unverifiedEmail`, `passwordResetRequired`, `lastPasswordChangeDate`, `dateCreated`, `dateUpdated`, `uid`) VALUES
 ('1', 'Admin', NULL, NULL, NULL, 'wearemechanised@gmail.com', '$2y$13$H8JiQiXXr7CvCShXrZrYMeNRj17jZRXEB6f3g1FP0jHz3CE4gRej2', NULL, '0', '1', '0', '0', '0', '0', '0', '2017-03-27 13:15:04', '::1', NULL, NULL, '2017-03-05 13:46:37', NULL, NULL, NULL, NULL, '0', '2017-02-27 15:05:18', '2017-02-27 15:05:18', '2017-03-27 13:15:04', '84ae2a63-402b-419d-9890-5f33752b1dbe');



DROP TABLE IF EXISTS `craft_widgets`;


--
-- Schema for table `craft_widgets`
--
CREATE TABLE `craft_widgets` (
  `id` int(11) NOT NULL AUTO_INCREMENT,
  `userId` int(11) NOT NULL,
  `type` varchar(150) COLLATE utf8_unicode_ci NOT NULL,
  `sortOrder` smallint(6) unsigned DEFAULT NULL,
  `colspan` tinyint(4) unsigned DEFAULT NULL,
  `settings` text COLLATE utf8_unicode_ci,
  `enabled` tinyint(1) unsigned NOT NULL DEFAULT '1',
  `dateCreated` datetime NOT NULL,
  `dateUpdated` datetime NOT NULL,
  `uid` char(36) COLLATE utf8_unicode_ci NOT NULL DEFAULT '0',
  PRIMARY KEY (`id`),
  KEY `craft_widgets_userId_fk` (`userId`)
) ENGINE=InnoDB AUTO_INCREMENT=5 DEFAULT CHARSET=utf8 COLLATE=utf8_unicode_ci;

--
-- Data for table `craft_widgets`
--

INSERT INTO `craft_widgets` (`id`, `userId`, `type`, `sortOrder`, `colspan`, `settings`, `enabled`, `dateCreated`, `dateUpdated`, `uid`) VALUES
 ('1', '1', 'RecentEntries', '1', NULL, NULL, '1', '2017-02-27 15:06:13', '2017-02-27 15:06:13', '97da852a-49f9-4db3-852f-f1641a519585'),
 ('2', '1', 'GetHelp', '2', NULL, NULL, '1', '2017-02-27 15:06:13', '2017-02-27 15:06:13', 'e7144c8b-824d-4edf-a62c-fc5c0edcb1b7'),
 ('3', '1', 'Updates', '3', NULL, NULL, '1', '2017-02-27 15:06:13', '2017-02-27 15:06:13', '71a4e792-122b-41c9-a523-c2a0e8724967'),
 ('4', '1', 'Feed', '4', NULL, '{\"url\":\"https:\\/\\/craftcms.com\\/news.rss\",\"title\":\"Craft News\"}', '1', '2017-02-27 15:06:13', '2017-02-27 15:06:13', '50f755c1-d311-4be4-b693-377ba5f3bf01');


--
-- Constraints for tables
--


--
-- Constraints for table `craft_assetfiles`
--
ALTER TABLE `craft_assetfiles`
	ADD CONSTRAINT `craft_assetfiles_folderId_fk` FOREIGN KEY (`folderId`) REFERENCES `craft_assetfolders` (`id`) ON DELETE CASCADE,
	ADD CONSTRAINT `craft_assetfiles_id_fk` FOREIGN KEY (`id`) REFERENCES `craft_elements` (`id`) ON DELETE CASCADE,
	ADD CONSTRAINT `craft_assetfiles_sourceId_fk` FOREIGN KEY (`sourceId`) REFERENCES `craft_assetsources` (`id`) ON DELETE CASCADE;

--
-- Constraints for table `craft_assetfolders`
--
ALTER TABLE `craft_assetfolders`
	ADD CONSTRAINT `craft_assetfolders_parentId_fk` FOREIGN KEY (`parentId`) REFERENCES `craft_assetfolders` (`id`) ON DELETE CASCADE,
	ADD CONSTRAINT `craft_assetfolders_sourceId_fk` FOREIGN KEY (`sourceId`) REFERENCES `craft_assetsources` (`id`) ON DELETE CASCADE;

--
-- Constraints for table `craft_assetindexdata`
--
ALTER TABLE `craft_assetindexdata`
	ADD CONSTRAINT `craft_assetindexdata_sourceId_fk` FOREIGN KEY (`sourceId`) REFERENCES `craft_assetsources` (`id`) ON DELETE CASCADE;

--
-- Constraints for table `craft_assetsources`
--
ALTER TABLE `craft_assetsources`
	ADD CONSTRAINT `craft_assetsources_fieldLayoutId_fk` FOREIGN KEY (`fieldLayoutId`) REFERENCES `craft_fieldlayouts` (`id`) ON DELETE SET NULL;

--
-- Constraints for table `craft_categories`
--
ALTER TABLE `craft_categories`
	ADD CONSTRAINT `craft_categories_groupId_fk` FOREIGN KEY (`groupId`) REFERENCES `craft_categorygroups` (`id`) ON DELETE CASCADE,
	ADD CONSTRAINT `craft_categories_id_fk` FOREIGN KEY (`id`) REFERENCES `craft_elements` (`id`) ON DELETE CASCADE;

--
-- Constraints for table `craft_categorygroups`
--
ALTER TABLE `craft_categorygroups`
	ADD CONSTRAINT `craft_categorygroups_fieldLayoutId_fk` FOREIGN KEY (`fieldLayoutId`) REFERENCES `craft_fieldlayouts` (`id`) ON DELETE SET NULL,
	ADD CONSTRAINT `craft_categorygroups_structureId_fk` FOREIGN KEY (`structureId`) REFERENCES `craft_structures` (`id`) ON DELETE CASCADE;

--
-- Constraints for table `craft_categorygroups_i18n`
--
ALTER TABLE `craft_categorygroups_i18n`
	ADD CONSTRAINT `craft_categorygroups_i18n_groupId_fk` FOREIGN KEY (`groupId`) REFERENCES `craft_categorygroups` (`id`) ON DELETE CASCADE,
	ADD CONSTRAINT `craft_categorygroups_i18n_locale_fk` FOREIGN KEY (`locale`) REFERENCES `craft_locales` (`locale`) ON DELETE CASCADE ON UPDATE CASCADE;

--
-- Constraints for table `craft_content`
--
ALTER TABLE `craft_content`
	ADD CONSTRAINT `craft_content_elementId_fk` FOREIGN KEY (`elementId`) REFERENCES `craft_elements` (`id`) ON DELETE CASCADE,
	ADD CONSTRAINT `craft_content_locale_fk` FOREIGN KEY (`locale`) REFERENCES `craft_locales` (`locale`) ON DELETE CASCADE ON UPDATE CASCADE;

--
-- Constraints for table `craft_elements_i18n`
--
ALTER TABLE `craft_elements_i18n`
	ADD CONSTRAINT `craft_elements_i18n_elementId_fk` FOREIGN KEY (`elementId`) REFERENCES `craft_elements` (`id`) ON DELETE CASCADE,
	ADD CONSTRAINT `craft_elements_i18n_locale_fk` FOREIGN KEY (`locale`) REFERENCES `craft_locales` (`locale`) ON DELETE CASCADE ON UPDATE CASCADE;

--
-- Constraints for table `craft_emailmessages`
--
ALTER TABLE `craft_emailmessages`
	ADD CONSTRAINT `craft_emailmessages_locale_fk` FOREIGN KEY (`locale`) REFERENCES `craft_locales` (`locale`) ON DELETE CASCADE ON UPDATE CASCADE;

--
-- Constraints for table `craft_entries`
--
ALTER TABLE `craft_entries`
	ADD CONSTRAINT `craft_entries_authorId_fk` FOREIGN KEY (`authorId`) REFERENCES `craft_users` (`id`) ON DELETE CASCADE,
	ADD CONSTRAINT `craft_entries_id_fk` FOREIGN KEY (`id`) REFERENCES `craft_elements` (`id`) ON DELETE CASCADE,
	ADD CONSTRAINT `craft_entries_sectionId_fk` FOREIGN KEY (`sectionId`) REFERENCES `craft_sections` (`id`) ON DELETE CASCADE,
	ADD CONSTRAINT `craft_entries_typeId_fk` FOREIGN KEY (`typeId`) REFERENCES `craft_entrytypes` (`id`) ON DELETE CASCADE;

--
-- Constraints for table `craft_entrydrafts`
--
ALTER TABLE `craft_entrydrafts`
	ADD CONSTRAINT `craft_entrydrafts_creatorId_fk` FOREIGN KEY (`creatorId`) REFERENCES `craft_users` (`id`) ON DELETE CASCADE,
	ADD CONSTRAINT `craft_entrydrafts_entryId_fk` FOREIGN KEY (`entryId`) REFERENCES `craft_entries` (`id`) ON DELETE CASCADE,
	ADD CONSTRAINT `craft_entrydrafts_locale_fk` FOREIGN KEY (`locale`) REFERENCES `craft_locales` (`locale`) ON DELETE CASCADE ON UPDATE CASCADE,
	ADD CONSTRAINT `craft_entrydrafts_sectionId_fk` FOREIGN KEY (`sectionId`) REFERENCES `craft_sections` (`id`) ON DELETE CASCADE;

--
-- Constraints for table `craft_entrytypes`
--
ALTER TABLE `craft_entrytypes`
	ADD CONSTRAINT `craft_entrytypes_fieldLayoutId_fk` FOREIGN KEY (`fieldLayoutId`) REFERENCES `craft_fieldlayouts` (`id`) ON DELETE SET NULL,
	ADD CONSTRAINT `craft_entrytypes_sectionId_fk` FOREIGN KEY (`sectionId`) REFERENCES `craft_sections` (`id`) ON DELETE CASCADE;

--
-- Constraints for table `craft_entryversions`
--
ALTER TABLE `craft_entryversions`
	ADD CONSTRAINT `craft_entryversions_creatorId_fk` FOREIGN KEY (`creatorId`) REFERENCES `craft_users` (`id`) ON DELETE SET NULL,
	ADD CONSTRAINT `craft_entryversions_entryId_fk` FOREIGN KEY (`entryId`) REFERENCES `craft_entries` (`id`) ON DELETE CASCADE,
	ADD CONSTRAINT `craft_entryversions_locale_fk` FOREIGN KEY (`locale`) REFERENCES `craft_locales` (`locale`) ON DELETE CASCADE ON UPDATE CASCADE,
	ADD CONSTRAINT `craft_entryversions_sectionId_fk` FOREIGN KEY (`sectionId`) REFERENCES `craft_sections` (`id`) ON DELETE CASCADE;

--
-- Constraints for table `craft_fieldlayoutfields`
--
ALTER TABLE `craft_fieldlayoutfields`
	ADD CONSTRAINT `craft_fieldlayoutfields_fieldId_fk` FOREIGN KEY (`fieldId`) REFERENCES `craft_fields` (`id`) ON DELETE CASCADE,
	ADD CONSTRAINT `craft_fieldlayoutfields_layoutId_fk` FOREIGN KEY (`layoutId`) REFERENCES `craft_fieldlayouts` (`id`) ON DELETE CASCADE,
	ADD CONSTRAINT `craft_fieldlayoutfields_tabId_fk` FOREIGN KEY (`tabId`) REFERENCES `craft_fieldlayouttabs` (`id`) ON DELETE CASCADE;

--
-- Constraints for table `craft_fieldlayouttabs`
--
ALTER TABLE `craft_fieldlayouttabs`
	ADD CONSTRAINT `craft_fieldlayouttabs_layoutId_fk` FOREIGN KEY (`layoutId`) REFERENCES `craft_fieldlayouts` (`id`) ON DELETE CASCADE;

--
-- Constraints for table `craft_fields`
--
ALTER TABLE `craft_fields`
	ADD CONSTRAINT `craft_fields_groupId_fk` FOREIGN KEY (`groupId`) REFERENCES `craft_fieldgroups` (`id`) ON DELETE CASCADE;

--
-- Constraints for table `craft_globalsets`
--
ALTER TABLE `craft_globalsets`
	ADD CONSTRAINT `craft_globalsets_fieldLayoutId_fk` FOREIGN KEY (`fieldLayoutId`) REFERENCES `craft_fieldlayouts` (`id`) ON DELETE SET NULL,
	ADD CONSTRAINT `craft_globalsets_id_fk` FOREIGN KEY (`id`) REFERENCES `craft_elements` (`id`) ON DELETE CASCADE;

--
-- Constraints for table `craft_matrixblocks`
--
ALTER TABLE `craft_matrixblocks`
	ADD CONSTRAINT `craft_matrixblocks_fieldId_fk` FOREIGN KEY (`fieldId`) REFERENCES `craft_fields` (`id`) ON DELETE CASCADE,
	ADD CONSTRAINT `craft_matrixblocks_id_fk` FOREIGN KEY (`id`) REFERENCES `craft_elements` (`id`) ON DELETE CASCADE,
	ADD CONSTRAINT `craft_matrixblocks_ownerId_fk` FOREIGN KEY (`ownerId`) REFERENCES `craft_elements` (`id`) ON DELETE CASCADE,
	ADD CONSTRAINT `craft_matrixblocks_ownerLocale_fk` FOREIGN KEY (`ownerLocale`) REFERENCES `craft_locales` (`locale`) ON DELETE CASCADE ON UPDATE CASCADE,
	ADD CONSTRAINT `craft_matrixblocks_typeId_fk` FOREIGN KEY (`typeId`) REFERENCES `craft_matrixblocktypes` (`id`) ON DELETE CASCADE;

--
-- Constraints for table `craft_matrixblocktypes`
--
ALTER TABLE `craft_matrixblocktypes`
	ADD CONSTRAINT `craft_matrixblocktypes_fieldId_fk` FOREIGN KEY (`fieldId`) REFERENCES `craft_fields` (`id`) ON DELETE CASCADE,
	ADD CONSTRAINT `craft_matrixblocktypes_fieldLayoutId_fk` FOREIGN KEY (`fieldLayoutId`) REFERENCES `craft_fieldlayouts` (`id`) ON DELETE SET NULL;

--
-- Constraints for table `craft_migrations`
--
ALTER TABLE `craft_migrations`
	ADD CONSTRAINT `craft_migrations_pluginId_fk` FOREIGN KEY (`pluginId`) REFERENCES `craft_plugins` (`id`) ON DELETE CASCADE;

--
-- Constraints for table `craft_relations`
--
ALTER TABLE `craft_relations`
	ADD CONSTRAINT `craft_relations_fieldId_fk` FOREIGN KEY (`fieldId`) REFERENCES `craft_fields` (`id`) ON DELETE CASCADE,
	ADD CONSTRAINT `craft_relations_sourceId_fk` FOREIGN KEY (`sourceId`) REFERENCES `craft_elements` (`id`) ON DELETE CASCADE,
	ADD CONSTRAINT `craft_relations_sourceLocale_fk` FOREIGN KEY (`sourceLocale`) REFERENCES `craft_locales` (`locale`) ON DELETE CASCADE ON UPDATE CASCADE,
	ADD CONSTRAINT `craft_relations_targetId_fk` FOREIGN KEY (`targetId`) REFERENCES `craft_elements` (`id`) ON DELETE CASCADE;

--
-- Constraints for table `craft_routes`
--
ALTER TABLE `craft_routes`
	ADD CONSTRAINT `craft_routes_locale_fk` FOREIGN KEY (`locale`) REFERENCES `craft_locales` (`locale`) ON DELETE CASCADE ON UPDATE CASCADE;

--
-- Constraints for table `craft_sections`
--
ALTER TABLE `craft_sections`
	ADD CONSTRAINT `craft_sections_structureId_fk` FOREIGN KEY (`structureId`) REFERENCES `craft_structures` (`id`) ON DELETE SET NULL;

--
-- Constraints for table `craft_sections_i18n`
--
ALTER TABLE `craft_sections_i18n`
	ADD CONSTRAINT `craft_sections_i18n_locale_fk` FOREIGN KEY (`locale`) REFERENCES `craft_locales` (`locale`) ON DELETE CASCADE ON UPDATE CASCADE,
	ADD CONSTRAINT `craft_sections_i18n_sectionId_fk` FOREIGN KEY (`sectionId`) REFERENCES `craft_sections` (`id`) ON DELETE CASCADE;

--
-- Constraints for table `craft_sessions`
--
ALTER TABLE `craft_sessions`
	ADD CONSTRAINT `craft_sessions_userId_fk` FOREIGN KEY (`userId`) REFERENCES `craft_users` (`id`) ON DELETE CASCADE;

--
-- Constraints for table `craft_shunnedmessages`
--
ALTER TABLE `craft_shunnedmessages`
	ADD CONSTRAINT `craft_shunnedmessages_userId_fk` FOREIGN KEY (`userId`) REFERENCES `craft_users` (`id`) ON DELETE CASCADE;

--
-- Constraints for table `craft_structureelements`
--
ALTER TABLE `craft_structureelements`
	ADD CONSTRAINT `craft_structureelements_elementId_fk` FOREIGN KEY (`elementId`) REFERENCES `craft_elements` (`id`) ON DELETE CASCADE,
	ADD CONSTRAINT `craft_structureelements_structureId_fk` FOREIGN KEY (`structureId`) REFERENCES `craft_structures` (`id`) ON DELETE CASCADE;

--
-- Constraints for table `craft_supertableblocks`
--
ALTER TABLE `craft_supertableblocks`
	ADD CONSTRAINT `craft_supertableblocks_fieldId_fk` FOREIGN KEY (`fieldId`) REFERENCES `craft_fields` (`id`) ON DELETE CASCADE,
	ADD CONSTRAINT `craft_supertableblocks_id_fk` FOREIGN KEY (`id`) REFERENCES `craft_elements` (`id`) ON DELETE CASCADE,
	ADD CONSTRAINT `craft_supertableblocks_ownerId_fk` FOREIGN KEY (`ownerId`) REFERENCES `craft_elements` (`id`) ON DELETE CASCADE,
	ADD CONSTRAINT `craft_supertableblocks_ownerLocale_fk` FOREIGN KEY (`ownerLocale`) REFERENCES `craft_locales` (`locale`) ON DELETE CASCADE ON UPDATE CASCADE,
	ADD CONSTRAINT `craft_supertableblocks_typeId_fk` FOREIGN KEY (`typeId`) REFERENCES `craft_supertableblocktypes` (`id`) ON DELETE CASCADE;

--
-- Constraints for table `craft_supertableblocktypes`
--
ALTER TABLE `craft_supertableblocktypes`
	ADD CONSTRAINT `craft_supertableblocktypes_fieldId_fk` FOREIGN KEY (`fieldId`) REFERENCES `craft_fields` (`id`) ON DELETE CASCADE,
	ADD CONSTRAINT `craft_supertableblocktypes_fieldLayoutId_fk` FOREIGN KEY (`fieldLayoutId`) REFERENCES `craft_fieldlayouts` (`id`) ON DELETE SET NULL;

--
-- Constraints for table `craft_supertablecontent_fd_costruction`
--
ALTER TABLE `craft_supertablecontent_fd_costruction`
	ADD CONSTRAINT `craft_supertablecontent_fd_costruction_elementId_fk` FOREIGN KEY (`elementId`) REFERENCES `craft_elements` (`id`) ON DELETE CASCADE,
	ADD CONSTRAINT `craft_supertablecontent_fd_costruction_locale_fk` FOREIGN KEY (`locale`) REFERENCES `craft_locales` (`locale`) ON DELETE CASCADE ON UPDATE CASCADE;

--
-- Constraints for table `craft_supertablecontent_fd_st_datatables`
--
ALTER TABLE `craft_supertablecontent_fd_st_datatables`
	ADD CONSTRAINT `craft_supertablecontent_fd_st_datatables_elementId_fk` FOREIGN KEY (`elementId`) REFERENCES `craft_elements` (`id`) ON DELETE CASCADE,
	ADD CONSTRAINT `craft_supertablecontent_fd_st_datatables_locale_fk` FOREIGN KEY (`locale`) REFERENCES `craft_locales` (`locale`) ON DELETE CASCADE ON UPDATE CASCADE;

--
-- Constraints for table `craft_supertablecontent_fd_st_productgroupglobalspecifications`
--
ALTER TABLE `craft_supertablecontent_fd_st_productgroupglobalspecifications`
	ADD CONSTRAINT `craf_supertableconte_fd_st_productgroupglobalspecificat_local_fk` FOREIGN KEY (`locale`) REFERENCES `craft_locales` (`locale`) ON DELETE CASCADE ON UPDATE CASCADE,
	ADD CONSTRAINT `craf_supertablecont_fd_st_productgroupglobalspecifica_elementI_f` FOREIGN KEY (`elementId`) REFERENCES `craft_elements` (`id`) ON DELETE CASCADE;

--
-- Constraints for table `craft_supertablecontent_fd_st_specialnotes`
--
ALTER TABLE `craft_supertablecontent_fd_st_specialnotes`
	ADD CONSTRAINT `craft_supertablecontent_fd_st_specialnotes_elementId_fk` FOREIGN KEY (`elementId`) REFERENCES `craft_elements` (`id`) ON DELETE CASCADE,
	ADD CONSTRAINT `craft_supertablecontent_fd_st_specialnotes_locale_fk` FOREIGN KEY (`locale`) REFERENCES `craft_locales` (`locale`) ON DELETE CASCADE ON UPDATE CASCADE;

--
-- Constraints for table `craft_taggroups`
--
ALTER TABLE `craft_taggroups`
	ADD CONSTRAINT `craft_taggroups_fieldLayoutId_fk` FOREIGN KEY (`fieldLayoutId`) REFERENCES `craft_fieldlayouts` (`id`) ON DELETE SET NULL;

--
-- Constraints for table `craft_tags`
--
ALTER TABLE `craft_tags`
	ADD CONSTRAINT `craft_tags_groupId_fk` FOREIGN KEY (`groupId`) REFERENCES `craft_taggroups` (`id`) ON DELETE CASCADE,
	ADD CONSTRAINT `craft_tags_id_fk` FOREIGN KEY (`id`) REFERENCES `craft_elements` (`id`) ON DELETE CASCADE;

--
-- Constraints for table `craft_templatecachecriteria`
--
ALTER TABLE `craft_templatecachecriteria`
	ADD CONSTRAINT `craft_templatecachecriteria_cacheId_fk` FOREIGN KEY (`cacheId`) REFERENCES `craft_templatecaches` (`id`) ON DELETE CASCADE;

--
-- Constraints for table `craft_templatecacheelements`
--
ALTER TABLE `craft_templatecacheelements`
	ADD CONSTRAINT `craft_templatecacheelements_cacheId_fk` FOREIGN KEY (`cacheId`) REFERENCES `craft_templatecaches` (`id`) ON DELETE CASCADE,
	ADD CONSTRAINT `craft_templatecacheelements_elementId_fk` FOREIGN KEY (`elementId`) REFERENCES `craft_elements` (`id`) ON DELETE CASCADE;

--
-- Constraints for table `craft_templatecaches`
--
ALTER TABLE `craft_templatecaches`
	ADD CONSTRAINT `craft_templatecaches_locale_fk` FOREIGN KEY (`locale`) REFERENCES `craft_locales` (`locale`) ON DELETE CASCADE ON UPDATE CASCADE;

--
-- Constraints for table `craft_usergroups_users`
--
ALTER TABLE `craft_usergroups_users`
	ADD CONSTRAINT `craft_usergroups_users_groupId_fk` FOREIGN KEY (`groupId`) REFERENCES `craft_usergroups` (`id`) ON DELETE CASCADE,
	ADD CONSTRAINT `craft_usergroups_users_userId_fk` FOREIGN KEY (`userId`) REFERENCES `craft_users` (`id`) ON DELETE CASCADE;

--
-- Constraints for table `craft_userpermissions_usergroups`
--
ALTER TABLE `craft_userpermissions_usergroups`
	ADD CONSTRAINT `craft_userpermissions_usergroups_groupId_fk` FOREIGN KEY (`groupId`) REFERENCES `craft_usergroups` (`id`) ON DELETE CASCADE,
	ADD CONSTRAINT `craft_userpermissions_usergroups_permissionId_fk` FOREIGN KEY (`permissionId`) REFERENCES `craft_userpermissions` (`id`) ON DELETE CASCADE;

--
-- Constraints for table `craft_userpermissions_users`
--
ALTER TABLE `craft_userpermissions_users`
	ADD CONSTRAINT `craft_userpermissions_users_permissionId_fk` FOREIGN KEY (`permissionId`) REFERENCES `craft_userpermissions` (`id`) ON DELETE CASCADE,
	ADD CONSTRAINT `craft_userpermissions_users_userId_fk` FOREIGN KEY (`userId`) REFERENCES `craft_users` (`id`) ON DELETE CASCADE;

--
-- Constraints for table `craft_users`
--
ALTER TABLE `craft_users`
	ADD CONSTRAINT `craft_users_id_fk` FOREIGN KEY (`id`) REFERENCES `craft_elements` (`id`) ON DELETE CASCADE,
	ADD CONSTRAINT `craft_users_preferredLocale_fk` FOREIGN KEY (`preferredLocale`) REFERENCES `craft_locales` (`locale`) ON DELETE SET NULL ON UPDATE CASCADE;

--
-- Constraints for table `craft_widgets`
--
ALTER TABLE `craft_widgets`
	ADD CONSTRAINT `craft_widgets_userId_fk` FOREIGN KEY (`userId`) REFERENCES `craft_users` (`id`) ON DELETE CASCADE;

SET FOREIGN_KEY_CHECKS = 1;
